{"textures":{"0":"modelengine:entity/snail"},"elements":[{"name":"cube","from":[6.8599997,8.0,6.2],"to":[9.139999,9.2,12.8],"rotation":{"angle":0.0,"axis":"x","origin":[8.0,8.0,8.0]},"faces":{"down":{"uv":[2.0,5.5,1.0,8.25],"rotation":0,"texture":"#0","tintindex":0},"east":{"uv":[5.75,0.75,8.5,1.25],"rotation":0,"texture":"#0","tintindex":0},"north":{"uv":[5.75,3.25,6.75,3.75],"rotation":0,"texture":"#0","tintindex":0},"south":{"uv":[5.75,3.75,6.75,4.25],"rotation":0,"texture":"#0","tintindex":0},"up":{"uv":[1.0,8.25,0.0,5.5],"rotation":0,"texture":"#0","tintindex":0},"west":{"uv":[5.75,1.25,8.5,1.75],"rotation":0,"texture":"#0","tintindex":0}}}],"display":{"head":{"translation":[0.0,-6.4,0.0],"rotation":[0.0,0.0,0.0],"scale":[3.8095,3.8095,3.8095]}}}