{"textures":{"0":"modelengine:entity/snail"},"elements":[{"name":"cube","from":[6.8,8.0,3.1999998],"to":[9.2,9.8,8.0],"rotation":{"angle":0.0,"axis":"x","origin":[8.0,8.9,5.6]},"faces":{"down":{"uv":[4.0,5.5,3.0,7.5],"rotation":0,"texture":"#0","tintindex":0},"east":{"uv":[4.0,5.5,6.0,6.25],"rotation":0,"texture":"#0","tintindex":0},"north":{"uv":[5.75,1.75,6.75,2.5],"rotation":0,"texture":"#0","tintindex":0},"south":{"uv":[5.75,2.5,6.75,3.25],"rotation":0,"texture":"#0","tintindex":0},"up":{"uv":[3.0,7.5,2.0,5.5],"rotation":0,"texture":"#0","tintindex":0},"west":{"uv":[5.75,0.0,7.75,0.75],"rotation":0,"texture":"#0","tintindex":0}}}],"display":{"head":{"translation":[0.0,-6.4,0.0],"rotation":[0.0,0.0,0.0],"scale":[3.8095,3.8095,3.8095]}}}