{"textures":{"0":"modelengine:entity/snail"},"elements":[{"name":"cube","from":[7.7,8.0,7.7],"to":[8.3,12.2,8.3],"rotation":{"angle":0.0,"axis":"x","origin":[8.0,8.0,8.0]},"faces":{"down":{"uv":[6.0,5.0,5.75,5.25],"rotation":0,"texture":"#0","tintindex":0},"east":{"uv":[4.5,6.25,4.75,8.0],"rotation":0,"texture":"#0","tintindex":0},"north":{"uv":[6.25,4.25,6.5,6.0],"rotation":0,"texture":"#0","tintindex":0},"south":{"uv":[4.75,6.25,5.0,8.0],"rotation":0,"texture":"#0","tintindex":0},"up":{"uv":[6.0,5.0,5.75,4.75],"rotation":0,"texture":"#0","tintindex":0},"west":{"uv":[5.0,6.25,5.25,8.0],"rotation":0,"texture":"#0","tintindex":0}}}],"display":{"head":{"translation":[0.0,-6.4,0.0],"rotation":[0.0,0.0,0.0],"scale":[3.8095,3.8095,3.8095]}}}