{"textures":{"0":"modelengine:entity/snail"},"elements":[{"name":"cube","from":[6.2,7.1,6.5],"to":[9.8,13.7,13.1],"rotation":{"angle":0.0,"axis":"y","origin":[8.0,10.4,9.8]},"faces":{"down":{"uv":[5.75,2.75,4.25,5.5],"rotation":0,"texture":"#0","tintindex":0},"east":{"uv":[0.0,0.0,2.75,2.75],"rotation":0,"texture":"#0","tintindex":0},"north":{"uv":[2.75,0.0,4.25,2.75],"rotation":0,"texture":"#0","tintindex":0},"south":{"uv":[2.75,2.75,4.25,5.5],"rotation":0,"texture":"#0","tintindex":0},"up":{"uv":[5.75,2.75,4.25,0.0],"rotation":0,"texture":"#0","tintindex":0},"west":{"uv":[0.0,2.75,2.75,5.5],"rotation":0,"texture":"#0","tintindex":0}}}],"display":{"head":{"translation":[0.0,-6.4,0.0],"rotation":[0.0,0.0,0.0],"scale":[3.8095,3.8095,3.8095]}}}