{"textures":{"0":"modelengine:entity/khrell"},"elements":[{"name":"belly","from":[4.845312,0.5974953,6.5802464],"to":[11.145313,8.517496,10.630247],"rotation":{"angle":0.0,"axis":"x","origin":[7.9953127,11.457496,9.580246]},"faces":{"down":{"uv":[10.0625,9.6875,9.4375,10.0625],"rotation":0,"texture":"#0","tintindex":0},"east":{"uv":[8.4375,10.0625,8.8125,10.875],"rotation":0,"texture":"#0","tintindex":0},"north":{"uv":[8.8125,10.0625,9.4375,10.875],"rotation":0,"texture":"#0","tintindex":0},"south":{"uv":[9.8125,10.0625,10.4375,10.875],"rotation":0,"texture":"#0","tintindex":0},"up":{"uv":[9.4375,10.0625,8.8125,9.6875],"rotation":0,"texture":"#0","tintindex":0},"west":{"uv":[9.4375,10.0625,9.8125,10.875],"rotation":0,"texture":"#0","tintindex":0}}},{"name":"belly_2d","from":[4.6953125,0.44749546,2.3802464],"to":[11.295313,8.667496,10.780247],"rotation":{"angle":0.0,"axis":"x","origin":[7.9953127,11.457496,9.580246]},"faces":{"down":{"uv":[9.1875,4.3125,8.5,5.1875],"rotation":0,"texture":"#0","tintindex":0},"east":{"uv":[6.9375,5.1875,7.8125,6.0],"rotation":0,"texture":"#0","tintindex":0},"north":{"uv":[7.8125,5.1875,8.5,6.0],"rotation":0,"texture":"#0","tintindex":0},"south":{"uv":[9.375,5.1875,10.0625,6.0],"rotation":0,"texture":"#0","tintindex":0},"up":{"uv":[8.5,5.1875,7.8125,4.3125],"rotation":0,"texture":"#0","tintindex":0},"west":{"uv":[8.5,5.1875,9.375,6.0],"rotation":0,"texture":"#0","tintindex":0}}},{"name":"belly_spine","from":[7.3953123,-0.0025045872,8.980247],"to":[8.595312,8.517496,12.685246],"rotation":{"angle":0.0,"axis":"x","origin":[7.9953127,11.457496,9.580246]},"faces":{"down":{"uv":[3.1875,4.3125,3.0625,4.6875],"rotation":0,"texture":"#0","tintindex":0},"east":{"uv":[2.5625,4.6875,2.9375,5.5625],"rotation":0,"texture":"#0","tintindex":0},"north":{"uv":[2.9375,4.6875,3.0625,5.5625],"rotation":0,"texture":"#0","tintindex":0},"south":{"uv":[3.4375,4.6875,3.5625,5.5625],"rotation":0,"texture":"#0","tintindex":0},"up":{"uv":[3.0625,4.6875,2.9375,4.3125],"rotation":0,"texture":"#0","tintindex":0},"west":{"uv":[3.0625,4.6875,3.4375,5.5625],"rotation":0,"texture":"#0","tintindex":0}}},{"name":"belly_spine_2d","from":[7.9953127,-0.0025045872,12.580247],"to":[7.9953127,8.937495,14.785247],"rotation":{"angle":0.0,"axis":"x","origin":[7.9953127,11.457496,9.580246]},"faces":{"down":{"uv":[3.0625,1.875,3.0625,2.0625],"rotation":0,"texture":"#0","tintindex":0},"east":{"uv":[3.25,2.0625,3.0625,2.9375],"rotation":0,"texture":"#0","tintindex":0},"north":{"uv":[3.0625,2.0625,3.0625,2.9375],"rotation":0,"texture":"#0","tintindex":0},"south":{"uv":[3.25,2.0625,3.25,2.9375],"rotation":0,"texture":"#0","tintindex":0},"up":{"uv":[3.0625,2.0625,3.0625,1.875],"rotation":0,"texture":"#0","tintindex":0},"west":{"uv":[3.0625,2.0625,3.25,2.9375],"rotation":0,"texture":"#0","tintindex":0}}},{"name":"r_hip","from":[10.395313,-1.2025046,5.9802465],"to":[13.6953125,5.3974953,11.230247],"rotation":{"angle":-22.5,"axis":"z","origin":[11.4453125,2.6974955,8.680246]},"faces":{"down":{"uv":[4.875,10.375,4.5625,10.875],"rotation":0,"texture":"#0","tintindex":0},"east":{"uv":[3.75,10.875,4.25,11.5625],"rotation":0,"texture":"#0","tintindex":0},"north":{"uv":[4.25,10.875,4.5625,11.5625],"rotation":0,"texture":"#0","tintindex":0},"south":{"uv":[5.0625,10.875,5.375,11.5625],"rotation":0,"texture":"#0","tintindex":0},"up":{"uv":[4.5625,10.875,4.25,10.375],"rotation":0,"texture":"#0","tintindex":0},"west":{"uv":[4.5625,10.875,5.0625,11.5625],"rotation":0,"texture":"#0","tintindex":0}}},{"name":"r_hip_2d","from":[10.245313,-1.3525047,1.7802469],"to":[13.845313,5.547496,11.380247],"rotation":{"angle":-22.5,"axis":"z","origin":[11.4453125,2.6974955,8.680246]},"faces":{"down":{"uv":[10.375,6.0,10.0,7.0],"rotation":0,"texture":"#0","tintindex":0},"east":{"uv":[8.625,7.0,9.625,7.6875],"rotation":0,"texture":"#0","tintindex":0},"north":{"uv":[9.625,7.0,10.0,7.6875],"rotation":0,"texture":"#0","tintindex":0},"south":{"uv":[11.0,7.0,11.375,7.6875],"rotation":0,"texture":"#0","tintindex":0},"up":{"uv":[10.0,7.0,9.625,6.0],"rotation":0,"texture":"#0","tintindex":0},"west":{"uv":[10.0,7.0,11.0,7.6875],"rotation":0,"texture":"#0","tintindex":0}}},{"name":"l_hip","from":[2.2953124,-1.2025046,5.9802465],"to":[5.595312,5.3974953,11.230247],"rotation":{"angle":22.5,"axis":"z","origin":[4.5453124,2.6974955,8.680246]},"faces":{"down":{"uv":[3.25,10.375,2.9375,10.875],"rotation":0,"texture":"#0","tintindex":0},"east":{"uv":[2.125,10.875,2.625,11.5625],"rotation":0,"texture":"#0","tintindex":0},"north":{"uv":[2.625,10.875,2.9375,11.5625],"rotation":0,"texture":"#0","tintindex":0},"south":{"uv":[3.4375,10.875,3.75,11.5625],"rotation":0,"texture":"#0","tintindex":0},"up":{"uv":[2.9375,10.875,2.625,10.375],"rotation":0,"texture":"#0","tintindex":0},"west":{"uv":[2.9375,10.875,3.4375,11.5625],"rotation":0,"texture":"#0","tintindex":0}}},{"name":"l_hip_2d","from":[2.1453123,-1.3525047,1.7802469],"to":[5.7453127,5.547496,11.380247],"rotation":{"angle":22.5,"axis":"z","origin":[4.5453124,2.6974955,8.680246]},"faces":{"down":{"uv":[10.3125,8.0,9.9375,9.0],"rotation":0,"texture":"#0","tintindex":0},"east":{"uv":[8.5625,9.0,9.5625,9.6875],"rotation":0,"texture":"#0","tintindex":0},"north":{"uv":[9.5625,9.0,9.9375,9.6875],"rotation":0,"texture":"#0","tintindex":0},"south":{"uv":[10.9375,9.0,11.3125,9.6875],"rotation":0,"texture":"#0","tintindex":0},"up":{"uv":[9.9375,9.0,9.5625,8.0],"rotation":0,"texture":"#0","tintindex":0},"west":{"uv":[9.9375,9.0,10.9375,9.6875],"rotation":0,"texture":"#0","tintindex":0}}},{"name":"chest","from":[3.0453124,7.940524,2.5799303],"to":[12.9453125,17.060524,7.199931],"rotation":{"angle":-22.5,"axis":"x","origin":[7.6953125,17.240524,8.144931]},"faces":{"down":{"uv":[8.0,9.0,7.0,9.4375],"rotation":0,"texture":"#0","tintindex":0},"east":{"uv":[5.5625,9.4375,6.0,10.375],"rotation":0,"texture":"#0","tintindex":0},"north":{"uv":[6.0,9.4375,7.0,10.375],"rotation":0,"texture":"#0","tintindex":0},"south":{"uv":[7.4375,9.4375,8.4375,10.375],"rotation":0,"texture":"#0","tintindex":0},"up":{"uv":[7.0,9.4375,6.0,9.0],"rotation":0,"texture":"#0","tintindex":0},"west":{"uv":[7.0,9.4375,7.4375,10.375],"rotation":0,"texture":"#0","tintindex":0}}},{"name":"chest_2d","from":[2.8953123,7.1305237,-1.8000693],"to":[13.095313,17.210526,7.349931],"rotation":{"angle":-22.5,"axis":"x","origin":[7.6953125,17.240524,8.144931]},"faces":{"down":{"uv":[3.0,6.5625,1.9375,7.4375],"rotation":0,"texture":"#0","tintindex":0},"east":{"uv":[0.0,7.4375,0.875,8.375],"rotation":0,"texture":"#0","tintindex":0},"north":{"uv":[0.875,7.4375,1.9375,8.375],"rotation":0,"texture":"#0","tintindex":0},"south":{"uv":[2.8125,7.4375,3.875,8.375],"rotation":0,"texture":"#0","tintindex":0},"up":{"uv":[1.9375,7.4375,0.875,6.5625],"rotation":0,"texture":"#0","tintindex":0},"west":{"uv":[1.9375,7.4375,2.8125,8.375],"rotation":0,"texture":"#0","tintindex":0}}},{"name":"chest_spine","from":[6.9453125,7.4455247,3.5999305],"to":[9.1953125,19.460526,8.999931],"rotation":{"angle":-22.5,"axis":"x","origin":[7.6953125,17.240524,8.144931]},"faces":{"down":{"uv":[4.375,0.0,4.1875,0.5625],"rotation":0,"texture":"#0","tintindex":0},"east":{"uv":[3.4375,0.5625,4.0,1.8125],"rotation":0,"texture":"#0","tintindex":0},"north":{"uv":[4.0,0.5625,4.1875,1.8125],"rotation":0,"texture":"#0","tintindex":0},"south":{"uv":[4.75,0.5625,4.9375,1.8125],"rotation":0,"texture":"#0","tintindex":0},"up":{"uv":[4.1875,0.5625,4.0,0.0],"rotation":0,"texture":"#0","tintindex":0},"west":{"uv":[4.1875,0.5625,4.75,1.8125],"rotation":0,"texture":"#0","tintindex":0}}},{"name":"chest_spine_2d","from":[7.9953127,7.025524,8.999931],"to":[7.9953127,19.460526,11.099932],"rotation":{"angle":-22.5,"axis":"x","origin":[7.6953125,17.240524,8.144931]},"faces":{"down":{"uv":[2.6875,1.875,2.6875,2.0625],"rotation":0,"texture":"#0","tintindex":0},"east":{"uv":[2.875,2.0625,2.6875,3.3125],"rotation":0,"texture":"#0","tintindex":0},"north":{"uv":[2.6875,2.0625,2.6875,3.3125],"rotation":0,"texture":"#0","tintindex":0},"south":{"uv":[2.875,2.0625,2.875,3.3125],"rotation":0,"texture":"#0","tintindex":0},"up":{"uv":[2.6875,2.0625,2.6875,1.875],"rotation":0,"texture":"#0","tintindex":0},"west":{"uv":[2.6875,2.0625,2.875,3.3125],"rotation":0,"texture":"#0","tintindex":0}}},{"name":"l_shoulder","from":[0.34531212,10.640524,4.3799305],"to":[6.0453124,17.660524,8.099931],"rotation":{"angle":-22.5,"axis":"x","origin":[7.6953125,17.240524,8.144931]},"faces":{"down":{"uv":[11.8125,7.6875,11.25,8.0625],"rotation":0,"texture":"#0","tintindex":0},"east":{"uv":[10.3125,8.0625,10.6875,8.75],"rotation":0,"texture":"#0","tintindex":0},"north":{"uv":[10.6875,8.0625,11.25,8.75],"rotation":0,"texture":"#0","tintindex":0},"south":{"uv":[11.625,8.0625,12.1875,8.75],"rotation":0,"texture":"#0","tintindex":0},"up":{"uv":[11.25,8.0625,10.6875,7.6875],"rotation":0,"texture":"#0","tintindex":0},"west":{"uv":[11.25,8.0625,11.625,8.75],"rotation":0,"texture":"#0","tintindex":0}}},{"name":"l_shoulder_2d","from":[0.19531226,10.490524,0.17993021],"to":[6.4953127,17.810524,8.249931],"rotation":{"angle":-22.5,"axis":"x","origin":[7.6953125,17.240524,8.144931]},"faces":{"down":{"uv":[10.5,0.0,9.875,0.8125],"rotation":0,"texture":"#0","tintindex":0},"east":{"uv":[8.4375,0.8125,9.25,1.5625],"rotation":0,"texture":"#0","tintindex":0},"north":{"uv":[9.25,0.8125,9.875,1.5625],"rotation":0,"texture":"#0","tintindex":0},"south":{"uv":[10.6875,0.8125,11.3125,1.5625],"rotation":0,"texture":"#0","tintindex":0},"up":{"uv":[9.875,0.8125,9.25,0.0],"rotation":0,"texture":"#0","tintindex":0},"west":{"uv":[9.875,0.8125,10.6875,1.5625],"rotation":0,"texture":"#0","tintindex":0}}},{"name":"r_shoulder","from":[9.9453125,10.640524,4.3799305],"to":[15.645313,17.660524,8.099931],"rotation":{"angle":-22.5,"axis":"x","origin":[8.295313,17.240524,8.144931]},"faces":{"down":{"uv":[11.4375,2.25,10.875,2.625],"rotation":0,"texture":"#0","tintindex":0},"east":{"uv":[9.9375,2.625,10.3125,3.3125],"rotation":0,"texture":"#0","tintindex":0},"north":{"uv":[10.3125,2.625,10.875,3.3125],"rotation":0,"texture":"#0","tintindex":0},"south":{"uv":[11.25,2.625,11.8125,3.3125],"rotation":0,"texture":"#0","tintindex":0},"up":{"uv":[10.875,2.625,10.3125,2.25],"rotation":0,"texture":"#0","tintindex":0},"west":{"uv":[10.875,2.625,11.25,3.3125],"rotation":0,"texture":"#0","tintindex":0}}},{"name":"r_shoulder_2d","from":[9.495313,10.490524,0.17993021],"to":[15.795313,17.810524,8.249931],"rotation":{"angle":-22.5,"axis":"x","origin":[8.295313,17.240524,8.144931]},"faces":{"down":{"uv":[12.75,0.0,13.375,0.8125],"rotation":0,"texture":"#0","tintindex":0},"east":{"uv":[13.5625,0.8125,12.75,1.5625],"rotation":0,"texture":"#0","tintindex":0},"north":{"uv":[12.75,0.8125,12.125,1.5625],"rotation":0,"texture":"#0","tintindex":0},"south":{"uv":[14.1875,0.8125,13.5625,1.5625],"rotation":0,"texture":"#0","tintindex":0},"up":{"uv":[12.125,0.8125,12.75,0.0],"rotation":0,"texture":"#0","tintindex":0},"west":{"uv":[12.125,0.8125,11.3125,1.5625],"rotation":0,"texture":"#0","tintindex":0}}}],"display":{"head":{"translation":[0.0,-6.4,0.0],"rotation":[0.0,0.0,0.0],"scale":[3.8095,3.8095,3.8095]}}}