{"textures":{"0":"modelengine:entity/khrell"},"elements":[{"name":"head","from":[5.0,6.1733923,0.30916023],"to":[11.0,12.773393,9.30916],"rotation":{"angle":0.0,"axis":"x","origin":[7.7,7.553392,6.1141605]},"faces":{"down":{"uv":[8.625,7.375,8.0,8.3125],"rotation":0,"texture":"#0","tintindex":0},"east":{"uv":[6.4375,8.3125,7.375,9.0],"rotation":0,"texture":"#0","tintindex":0},"north":{"uv":[7.375,8.3125,8.0,9.0],"rotation":0,"texture":"#0","tintindex":0},"south":{"uv":[8.9375,8.3125,9.5625,9.0],"rotation":0,"texture":"#0","tintindex":0},"up":{"uv":[8.0,8.3125,7.375,7.375],"rotation":0,"texture":"#0","tintindex":0},"west":{"uv":[8.0,8.3125,8.9375,9.0],"rotation":0,"texture":"#0","tintindex":0}}},{"name":"head_2d","from":[4.85,1.8833914,0.24916005],"to":[11.15,12.923392,9.459161],"rotation":{"angle":0.0,"axis":"x","origin":[7.7,7.553392,6.1141605]},"faces":{"down":{"uv":[2.1875,0.0,1.5625,0.9375],"rotation":0,"texture":"#0","tintindex":0},"east":{"uv":[0.0,0.9375,0.9375,2.0625],"rotation":0,"texture":"#0","tintindex":0},"north":{"uv":[0.9375,0.9375,1.5625,2.0625],"rotation":0,"texture":"#0","tintindex":0},"south":{"uv":[2.5,0.9375,3.125,2.0625],"rotation":0,"texture":"#0","tintindex":0},"up":{"uv":[1.5625,0.9375,0.9375,0.0],"rotation":0,"texture":"#0","tintindex":0},"west":{"uv":[1.5625,0.9375,2.5,2.0625],"rotation":0,"texture":"#0","tintindex":0}}}],"display":{"head":{"translation":[0.0,-6.4,0.0],"rotation":[0.0,0.0,0.0],"scale":[3.8095,3.8095,3.8095]}}}