{"textures":{"0":"modelengine:entity/khrell"},"elements":[{"name":"l_foot","from":[5.75,6.35,5.3],"to":[9.950001,8.45,13.55],"rotation":{"angle":0.0,"axis":"x","origin":[8.0,1.6999998,6.8]},"faces":{"down":{"uv":[5.125,2.25,4.6875,3.0625],"rotation":0,"texture":"#0","tintindex":0},"east":{"uv":[3.4375,3.0625,4.25,3.25],"rotation":0,"texture":"#0","tintindex":0},"north":{"uv":[4.25,3.0625,4.6875,3.25],"rotation":0,"texture":"#0","tintindex":0},"south":{"uv":[5.5,3.0625,5.9375,3.25],"rotation":0,"texture":"#0","tintindex":0},"up":{"uv":[4.6875,3.0625,4.25,2.25],"rotation":0,"texture":"#0","tintindex":0},"west":{"uv":[4.6875,3.0625,5.5,3.25],"rotation":0,"texture":"#0","tintindex":0}}}],"display":{"head":{"translation":[0.0,-6.4,0.0],"rotation":[0.0,0.0,0.0],"scale":[3.8095,3.8095,3.8095]}}}