{"textures":{"0":"modelengine:entity/khrell"},"elements":[{"name":"l_biceps","from":[5.5187454,4.8226414,-1.0948324],"to":[9.118746,8.842642,12.225168],"rotation":{"angle":-22.5,"axis":"x","origin":[7.0187464,6.2326407,4.065168]},"faces":{"down":{"uv":[6.0,6.5625,5.625,7.9375],"rotation":0,"texture":"#0","tintindex":0},"east":{"uv":[3.875,7.9375,5.25,8.3125],"rotation":0,"texture":"#0","tintindex":0},"north":{"uv":[5.25,7.9375,5.625,8.3125],"rotation":0,"texture":"#0","tintindex":0},"south":{"uv":[7.0,7.9375,7.375,8.3125],"rotation":0,"texture":"#0","tintindex":0},"up":{"uv":[5.625,7.9375,5.25,6.5625],"rotation":0,"texture":"#0","tintindex":0},"west":{"uv":[5.625,7.9375,7.0,8.3125],"rotation":0,"texture":"#0","tintindex":0}}},{"name":"l_biceps_2d","from":[5.368746,4.6726418,-5.444833],"to":[9.268746,8.992642,12.375168],"rotation":{"angle":-22.5,"axis":"x","origin":[7.0187464,6.2326407,4.065168]},"faces":{"down":{"uv":[6.9375,4.3125,6.5625,6.125],"rotation":0,"texture":"#0","tintindex":0},"east":{"uv":[4.375,6.125,6.1875,6.5625],"rotation":0,"texture":"#0","tintindex":0},"north":{"uv":[6.1875,6.125,6.5625,6.5625],"rotation":0,"texture":"#0","tintindex":0},"south":{"uv":[8.375,6.125,8.75,6.5625],"rotation":0,"texture":"#0","tintindex":0},"up":{"uv":[6.5625,6.125,6.1875,4.3125],"rotation":0,"texture":"#0","tintindex":0},"west":{"uv":[6.5625,6.125,8.375,6.5625],"rotation":0,"texture":"#0","tintindex":0}}}],"display":{"head":{"translation":[0.0,-6.4,0.0],"rotation":[0.0,0.0,0.0],"scale":[3.8095,3.8095,3.8095]}}}