{"textures":{"0":"modelengine:entity/khrell"},"elements":[{"name":"l_arm","from":[6.499999,7.4705195,-3.6282563],"to":[9.5,10.29052,15.676744],"rotation":{"angle":0.0,"axis":"x","origin":[8.0,8.068525,7.5261145]},"faces":{"down":{"uv":[6.0625,0.0,5.75,2.0],"rotation":0,"texture":"#0","tintindex":0},"east":{"uv":[3.4375,2.0,5.4375,2.25],"rotation":0,"texture":"#0","tintindex":0},"north":{"uv":[5.4375,2.0,5.75,2.25],"rotation":0,"texture":"#0","tintindex":0},"south":{"uv":[7.75,2.0,8.0625,2.25],"rotation":0,"texture":"#0","tintindex":0},"up":{"uv":[5.75,2.0,5.4375,0.0],"rotation":0,"texture":"#0","tintindex":0},"west":{"uv":[5.75,2.0,7.75,2.25],"rotation":0,"texture":"#0","tintindex":0}}},{"name":"l_sword","from":[8.0,6.24052,-1.9782562],"to":[8.0,8.760519,27.676743],"rotation":{"angle":0.0,"axis":"x","origin":[8.0,8.068525,7.5261145]},"faces":{"down":{"uv":[3.0625,0.375,3.0625,3.4375],"rotation":0,"texture":"#0","tintindex":0},"east":{"uv":[6.125,3.4375,3.0625,3.6875],"rotation":0,"texture":"#0","tintindex":0},"north":{"uv":[3.0625,3.4375,3.0625,3.6875],"rotation":0,"texture":"#0","tintindex":0},"south":{"uv":[6.125,3.4375,6.125,3.6875],"rotation":0,"texture":"#0","tintindex":0},"up":{"uv":[3.0625,3.4375,3.0625,0.375],"rotation":0,"texture":"#0","tintindex":0},"west":{"uv":[3.0625,3.4375,6.125,3.6875],"rotation":0,"texture":"#0","tintindex":0}}}],"display":{"head":{"translation":[0.0,-6.4,0.0],"rotation":[0.0,0.0,0.0],"scale":[3.8095,3.8095,3.8095]}}}