{"textures":{"0":"modelengine:entity/khrell"},"elements":[{"name":"l_shin","from":[6.5,2.8999999,5.57],"to":[9.5,17.3,9.470001],"rotation":{"angle":0.0,"axis":"x","origin":[8.0,11.0,6.47]},"faces":{"down":{"uv":[11.0,4.1875,10.6875,4.5],"rotation":0,"texture":"#0","tintindex":0},"east":{"uv":[10.0625,4.5,10.375,5.9375],"rotation":0,"texture":"#0","tintindex":0},"north":{"uv":[10.375,4.5,10.6875,5.9375],"rotation":0,"texture":"#0","tintindex":0},"south":{"uv":[11.0,4.5,11.3125,5.9375],"rotation":0,"texture":"#0","tintindex":0},"up":{"uv":[10.6875,4.5,10.375,4.1875],"rotation":0,"texture":"#0","tintindex":0},"west":{"uv":[10.6875,4.5,11.0,5.9375],"rotation":0,"texture":"#0","tintindex":0}}}],"display":{"head":{"translation":[0.0,-6.4,0.0],"rotation":[0.0,0.0,0.0],"scale":[3.8095,3.8095,3.8095]}}}