{"textures":{"0":"modelengine:entity/khrell"},"elements":[{"name":"l_thigh","from":[4.8434286,3.4012923,5.895236],"to":[8.443429,14.201293,10.545237],"rotation":{"angle":0.0,"axis":"x","origin":[6.943429,7.9012923,7.8452363]},"faces":{"down":{"uv":[7.25,0.0,6.875,0.4375],"rotation":0,"texture":"#0","tintindex":0},"east":{"uv":[6.0625,0.4375,6.5,1.5625],"rotation":0,"texture":"#0","tintindex":0},"north":{"uv":[6.5,0.4375,6.875,1.5625],"rotation":0,"texture":"#0","tintindex":0},"south":{"uv":[7.3125,0.4375,7.6875,1.5625],"rotation":0,"texture":"#0","tintindex":0},"up":{"uv":[6.875,0.4375,6.5,0.0],"rotation":0,"texture":"#0","tintindex":0},"west":{"uv":[6.875,0.4375,7.3125,1.5625],"rotation":0,"texture":"#0","tintindex":0}}},{"name":"l_thigh_2d","from":[4.6934285,3.2512922,1.6952361],"to":[8.593429,14.351293,10.695236],"rotation":{"angle":0.0,"axis":"x","origin":[6.943429,7.9012923,7.8452363]},"faces":{"down":{"uv":[1.6875,8.375,1.3125,9.3125],"rotation":0,"texture":"#0","tintindex":0},"east":{"uv":[0.0,9.3125,0.9375,10.4375],"rotation":0,"texture":"#0","tintindex":0},"north":{"uv":[0.9375,9.3125,1.3125,10.4375],"rotation":0,"texture":"#0","tintindex":0},"south":{"uv":[2.25,9.3125,2.625,10.4375],"rotation":0,"texture":"#0","tintindex":0},"up":{"uv":[1.3125,9.3125,0.9375,8.375],"rotation":0,"texture":"#0","tintindex":0},"west":{"uv":[1.3125,9.3125,2.25,10.4375],"rotation":0,"texture":"#0","tintindex":0}}}],"display":{"head":{"translation":[0.0,-6.4,0.0],"rotation":[0.0,0.0,0.0],"scale":[3.8095,3.8095,3.8095]}}}