{"textures":{"0":"modelengine:entity/khrell"},"elements":[{"name":"l_hand","from":[5.8999996,6.8899994,3.7475],"to":[10.1,9.110001,10.452499],"rotation":{"angle":0.0,"axis":"x","origin":[8.0,7.7,7.0999985]},"faces":{"down":{"uv":[4.5625,6.5625,4.125,7.25],"rotation":0,"texture":"#0","tintindex":0},"east":{"uv":[3.0,7.25,3.6875,7.4375],"rotation":0,"texture":"#0","tintindex":0},"north":{"uv":[3.6875,7.25,4.125,7.4375],"rotation":0,"texture":"#0","tintindex":0},"south":{"uv":[4.8125,7.25,5.25,7.4375],"rotation":0,"texture":"#0","tintindex":0},"up":{"uv":[4.125,7.25,3.6875,6.5625],"rotation":0,"texture":"#0","tintindex":0},"west":{"uv":[4.125,7.25,4.8125,7.4375],"rotation":0,"texture":"#0","tintindex":0}}}],"display":{"head":{"translation":[0.0,-6.4,0.0],"rotation":[0.0,0.0,0.0],"scale":[3.8095,3.8095,3.8095]}}}