{"textures":{"0":"modelengine:entity/khrell"},"elements":[{"name":"cube","from":[3.1999998,8.0,-8.8],"to":[12.8,17.6,0.7999997],"rotation":{"angle":0.0,"axis":"x","origin":[8.0,8.0,8.0]},"faces":{"down":{"uv":[3.0,1.0,2.0,2.0],"rotation":0,"texture":"#0","tintindex":0},"east":{"uv":[0.0,2.0,1.0,3.0],"rotation":0,"texture":"#0","tintindex":0},"north":{"uv":[1.0,2.0,2.0,3.0],"rotation":0,"texture":"#0","tintindex":0},"south":{"uv":[3.0,2.0,4.0,3.0],"rotation":0,"texture":"#0","tintindex":0},"up":{"uv":[2.0,2.0,1.0,1.0],"rotation":0,"texture":"#0","tintindex":0},"west":{"uv":[2.0,2.0,3.0,3.0],"rotation":0,"texture":"#0","tintindex":0}}},{"name":"cube","from":[3.1999998,17.6,-8.8],"to":[12.8,27.2,0.7999997],"rotation":{"angle":0.0,"axis":"x","origin":[8.0,8.0,8.0]},"faces":{"down":{"uv":[3.0,1.0,2.0,2.0],"rotation":0,"texture":"#0","tintindex":0},"east":{"uv":[0.0,2.0,1.0,3.0],"rotation":0,"texture":"#0","tintindex":0},"north":{"uv":[1.0,2.0,2.0,3.0],"rotation":0,"texture":"#0","tintindex":0},"south":{"uv":[3.0,2.0,4.0,3.0],"rotation":0,"texture":"#0","tintindex":0},"up":{"uv":[2.0,2.0,1.0,1.0],"rotation":0,"texture":"#0","tintindex":0},"west":{"uv":[2.0,2.0,3.0,3.0],"rotation":0,"texture":"#0","tintindex":0}}}],"display":{"head":{"translation":[0.0,-6.4,0.0],"rotation":[0.0,0.0,0.0],"scale":[3.8095,3.8095,3.8095]}}}