{"textures":{"0":"modelengine:entity/khrell"},"elements":[{"name":"r_foot","from":[6.05,6.35,5.3],"to":[10.25,8.45,13.55],"rotation":{"angle":0.0,"axis":"x","origin":[8.0,1.6999998,6.8]},"faces":{"down":{"uv":[1.6875,2.0625,1.25,2.875],"rotation":0,"texture":"#0","tintindex":0},"east":{"uv":[0.0,2.875,0.8125,3.0625],"rotation":0,"texture":"#0","tintindex":0},"north":{"uv":[0.8125,2.875,1.25,3.0625],"rotation":0,"texture":"#0","tintindex":0},"south":{"uv":[2.0625,2.875,2.5,3.0625],"rotation":0,"texture":"#0","tintindex":0},"up":{"uv":[1.25,2.875,0.8125,2.0625],"rotation":0,"texture":"#0","tintindex":0},"west":{"uv":[1.25,2.875,2.0625,3.0625],"rotation":0,"texture":"#0","tintindex":0}}}],"display":{"head":{"translation":[0.0,-6.4,0.0],"rotation":[0.0,0.0,0.0],"scale":[3.8095,3.8095,3.8095]}}}