{"textures":{"0":"modelengine:entity/khrell"},"elements":[{"name":"r_biceps","from":[6.8812532,4.8226414,-1.0948324],"to":[10.481255,8.842642,12.225168],"rotation":{"angle":-22.5,"axis":"x","origin":[8.981254,6.2326407,4.065168]},"faces":{"down":{"uv":[4.6875,4.3125,4.3125,5.6875],"rotation":0,"texture":"#0","tintindex":0},"east":{"uv":[2.5625,5.6875,3.9375,6.0625],"rotation":0,"texture":"#0","tintindex":0},"north":{"uv":[3.9375,5.6875,4.3125,6.0625],"rotation":0,"texture":"#0","tintindex":0},"south":{"uv":[5.6875,5.6875,6.0625,6.0625],"rotation":0,"texture":"#0","tintindex":0},"up":{"uv":[4.3125,5.6875,3.9375,4.3125],"rotation":0,"texture":"#0","tintindex":0},"west":{"uv":[4.3125,5.6875,5.6875,6.0625],"rotation":0,"texture":"#0","tintindex":0}}},{"name":"r_biceps_2d","from":[6.7312536,4.6726418,-5.444833],"to":[10.631254,8.992642,12.375168],"rotation":{"angle":-22.5,"axis":"x","origin":[8.981254,6.2326407,4.065168]},"faces":{"down":{"uv":[2.5625,4.3125,2.1875,6.125],"rotation":0,"texture":"#0","tintindex":0},"east":{"uv":[0.0,6.125,1.8125,6.5625],"rotation":0,"texture":"#0","tintindex":0},"north":{"uv":[1.8125,6.125,2.1875,6.5625],"rotation":0,"texture":"#0","tintindex":0},"south":{"uv":[4.0,6.125,4.375,6.5625],"rotation":0,"texture":"#0","tintindex":0},"up":{"uv":[2.1875,6.125,1.8125,4.3125],"rotation":0,"texture":"#0","tintindex":0},"west":{"uv":[2.1875,6.125,4.0,6.5625],"rotation":0,"texture":"#0","tintindex":0}}}],"display":{"head":{"translation":[0.0,-6.4,0.0],"rotation":[0.0,0.0,0.0],"scale":[3.8095,3.8095,3.8095]}}}