{"textures":{"0":"modelengine:entity/khrell"},"elements":[{"name":"r_arm","from":[7.25,5.9892287,10.98904],"to":[8.75,8.9678,23.064041],"rotation":{"angle":0.0,"axis":"x","origin":[8.0,7.532086,17.026539]},"faces":{"down":{"uv":[8.4375,0.5,8.25,2.25],"rotation":0,"texture":"#0","tintindex":0},"east":{"uv":[6.3125,2.25,8.0625,2.625],"rotation":0,"texture":"#0","tintindex":0},"north":{"uv":[8.0625,2.25,8.25,2.625],"rotation":0,"texture":"#0","tintindex":0},"south":{"uv":[10.0,2.25,10.1875,2.625],"rotation":0,"texture":"#0","tintindex":0},"up":{"uv":[8.25,2.25,8.0625,0.5],"rotation":0,"texture":"#0","tintindex":0},"west":{"uv":[8.25,2.25,10.0,2.625],"rotation":0,"texture":"#0","tintindex":0}}},{"name":"r_sword","from":[7.785714,6.8410583,-11.714285],"to":[8.214285,8.105343,11.0],"rotation":{"angle":0.0,"axis":"x","origin":[8.0,7.5267715,4.785713]},"faces":{"down":{"uv":[3.4375,0.0,3.375,3.3125],"rotation":0,"texture":"#0","tintindex":0},"east":{"uv":[0.0,3.3125,3.3125,3.4375],"rotation":0,"texture":"#0","tintindex":0},"north":{"uv":[3.3125,3.3125,3.375,3.4375],"rotation":0,"texture":"#0","tintindex":0},"south":{"uv":[6.6875,3.3125,6.75,3.4375],"rotation":0,"texture":"#0","tintindex":0},"up":{"uv":[3.375,3.3125,3.3125,0.0],"rotation":0,"texture":"#0","tintindex":0},"west":{"uv":[3.375,3.3125,6.6875,3.4375],"rotation":0,"texture":"#0","tintindex":0}}},{"name":"r_sword_2d","from":[8.0,5.9839153,-16.0],"to":[8.0,8.962486,11.0],"rotation":{"angle":0.0,"axis":"x","origin":[8.0,7.5267715,4.785713]},"faces":{"down":{"uv":[3.9375,0.0,3.9375,3.9375],"rotation":0,"texture":"#0","tintindex":0},"east":{"uv":[7.875,3.9375,3.9375,4.3125],"rotation":0,"texture":"#0","tintindex":0},"north":{"uv":[3.9375,3.9375,3.9375,4.3125],"rotation":0,"texture":"#0","tintindex":0},"south":{"uv":[7.875,3.9375,7.875,4.3125],"rotation":0,"texture":"#0","tintindex":0},"up":{"uv":[3.9375,3.9375,3.9375,0.0],"rotation":0,"texture":"#0","tintindex":0},"west":{"uv":[3.9375,3.9375,7.875,4.3125],"rotation":0,"texture":"#0","tintindex":0}}}],"display":{"head":{"translation":[0.0,-6.4,-32.808327],"rotation":[0.0,0.0,0.0],"scale":[3.7333333,3.7333333,3.7333333]}}}