{"textures":{"0":"modelengine:entity/khrell"},"elements":[{"name":"r_shin","from":[6.95,2.8999999,5.57],"to":[9.05,17.3,9.470001],"rotation":{"angle":0.0,"axis":"x","origin":[8.0,11.0,6.47]},"faces":{"down":{"uv":[6.0625,10.375,5.875,10.6875],"rotation":0,"texture":"#0","tintindex":0},"east":{"uv":[5.375,10.6875,5.6875,12.125],"rotation":0,"texture":"#0","tintindex":0},"north":{"uv":[5.6875,10.6875,5.875,12.125],"rotation":0,"texture":"#0","tintindex":0},"south":{"uv":[6.1875,10.6875,6.375,12.125],"rotation":0,"texture":"#0","tintindex":0},"up":{"uv":[5.875,10.6875,5.6875,10.375],"rotation":0,"texture":"#0","tintindex":0},"west":{"uv":[5.875,10.6875,6.1875,12.125],"rotation":0,"texture":"#0","tintindex":0}}}],"display":{"head":{"translation":[0.0,-6.4,0.0],"rotation":[0.0,0.0,0.0],"scale":[3.8095,3.8095,3.8095]}}}