{"textures":{"0":"modelengine:entity/khrell"},"elements":[{"name":"r_thigh","from":[7.556571,3.4012923,5.895236],"to":[11.156571,14.201293,10.545237],"rotation":{"angle":0.0,"axis":"x","origin":[9.056571,7.9012923,7.8452363]},"faces":{"down":{"uv":[1.1875,4.3125,0.8125,4.75],"rotation":0,"texture":"#0","tintindex":0},"east":{"uv":[0.0,4.75,0.4375,5.875],"rotation":0,"texture":"#0","tintindex":0},"north":{"uv":[0.4375,4.75,0.8125,5.875],"rotation":0,"texture":"#0","tintindex":0},"south":{"uv":[1.25,4.75,1.625,5.875],"rotation":0,"texture":"#0","tintindex":0},"up":{"uv":[0.8125,4.75,0.4375,4.3125],"rotation":0,"texture":"#0","tintindex":0},"west":{"uv":[0.8125,4.75,1.25,5.875],"rotation":0,"texture":"#0","tintindex":0}}},{"name":"r_thigh_2d","from":[7.4065714,3.2512922,1.6952361],"to":[11.306571,14.351293,10.695236],"rotation":{"angle":0.0,"axis":"x","origin":[9.056571,7.9012923,7.8452363]},"faces":{"down":{"uv":[4.625,8.3125,4.25,9.25],"rotation":0,"texture":"#0","tintindex":0},"east":{"uv":[2.9375,9.25,3.875,10.375],"rotation":0,"texture":"#0","tintindex":0},"north":{"uv":[3.875,9.25,4.25,10.375],"rotation":0,"texture":"#0","tintindex":0},"south":{"uv":[5.1875,9.25,5.5625,10.375],"rotation":0,"texture":"#0","tintindex":0},"up":{"uv":[4.25,9.25,3.875,8.3125],"rotation":0,"texture":"#0","tintindex":0},"west":{"uv":[4.25,9.25,5.1875,10.375],"rotation":0,"texture":"#0","tintindex":0}}}],"display":{"head":{"translation":[0.0,-6.4,0.0],"rotation":[0.0,0.0,0.0],"scale":[3.8095,3.8095,3.8095]}}}