{"textures":{"0":"modelengine:entity/ice_titan"},"elements":[{"name":"bone2","from":[-7.462001,14.432747,-12.604001],"to":[2.0275993,25.05275,10.579998],"rotation":{"angle":-22.5,"axis":"x","origin":[8.0,8.387863,-2.4523792]},"faces":{"down":{"uv":[2.890625,5.203125,2.734375,5.59375],"rotation":0,"texture":"#0","tintindex":0},"east":{"uv":[2.1875,5.59375,2.578125,5.765625],"rotation":0,"texture":"#0","tintindex":0},"north":{"uv":[2.578125,5.59375,2.734375,5.765625],"rotation":0,"texture":"#0","tintindex":0},"south":{"uv":[3.125,5.59375,3.28125,5.765625],"rotation":0,"texture":"#0","tintindex":0},"up":{"uv":[2.734375,5.59375,2.578125,5.203125],"rotation":0,"texture":"#0","tintindex":0},"west":{"uv":[2.734375,5.59375,3.125,5.765625],"rotation":0,"texture":"#0","tintindex":0}}},{"name":"bone2","from":[-2.0620008,12.362749,-9.274002],"to":[7.4276,22.982746,13.91],"rotation":{"angle":-22.5,"axis":"x","origin":[8.0,8.387863,-2.4523792]},"faces":{"down":{"uv":[1.796875,5.203125,1.640625,5.59375],"rotation":0,"texture":"#0","tintindex":0},"east":{"uv":[1.09375,5.59375,1.484375,5.765625],"rotation":0,"texture":"#0","tintindex":0},"north":{"uv":[1.484375,5.59375,1.640625,5.765625],"rotation":0,"texture":"#0","tintindex":0},"south":{"uv":[2.03125,5.59375,2.1875,5.765625],"rotation":0,"texture":"#0","tintindex":0},"up":{"uv":[1.640625,5.59375,1.484375,5.203125],"rotation":0,"texture":"#0","tintindex":0},"west":{"uv":[1.640625,5.59375,2.03125,5.765625],"rotation":0,"texture":"#0","tintindex":0}}},{"name":"bone2","from":[-7.2820015,6.062749,3.3259993],"to":[2.2075996,16.682747,26.510002],"rotation":{"angle":-22.5,"axis":"x","origin":[8.0,8.387863,-2.4523792]},"faces":{"down":{"uv":[7.265625,4.640625,7.109375,5.03125],"rotation":0,"texture":"#0","tintindex":0},"east":{"uv":[6.5625,5.03125,6.953125,5.203125],"rotation":0,"texture":"#0","tintindex":0},"north":{"uv":[6.953125,5.03125,7.109375,5.203125],"rotation":0,"texture":"#0","tintindex":0},"south":{"uv":[7.5,5.03125,7.65625,5.203125],"rotation":0,"texture":"#0","tintindex":0},"up":{"uv":[7.109375,5.03125,6.953125,4.640625],"rotation":0,"texture":"#0","tintindex":0},"west":{"uv":[7.109375,5.03125,7.5,5.203125],"rotation":0,"texture":"#0","tintindex":0}}},{"name":"bone2","from":[-10.882002,9.392746,3.3259993],"to":[-1.3924007,20.012749,26.510002],"rotation":{"angle":-22.5,"axis":"x","origin":[8.0,8.387863,-2.4523792]},"faces":{"down":{"uv":[5.078125,4.640625,4.921875,5.03125],"rotation":0,"texture":"#0","tintindex":0},"east":{"uv":[4.375,5.03125,4.765625,5.203125],"rotation":0,"texture":"#0","tintindex":0},"north":{"uv":[4.765625,5.03125,4.921875,5.203125],"rotation":0,"texture":"#0","tintindex":0},"south":{"uv":[5.3125,5.03125,5.46875,5.203125],"rotation":0,"texture":"#0","tintindex":0},"up":{"uv":[4.921875,5.03125,4.765625,4.640625],"rotation":0,"texture":"#0","tintindex":0},"west":{"uv":[4.921875,5.03125,5.3125,5.203125],"rotation":0,"texture":"#0","tintindex":0}}},{"name":"bone2","from":[-1.7920003,3.0927482,8.815998],"to":[7.6975994,13.712749,32.0],"rotation":{"angle":-22.5,"axis":"x","origin":[8.0,8.387863,-2.4523792]},"faces":{"down":{"uv":[3.984375,4.640625,3.828125,5.03125],"rotation":0,"texture":"#0","tintindex":0},"east":{"uv":[3.28125,5.03125,3.671875,5.203125],"rotation":0,"texture":"#0","tintindex":0},"north":{"uv":[3.671875,5.03125,3.828125,5.203125],"rotation":0,"texture":"#0","tintindex":0},"south":{"uv":[4.21875,5.03125,4.375,5.203125],"rotation":0,"texture":"#0","tintindex":0},"up":{"uv":[3.828125,5.03125,3.671875,4.640625],"rotation":0,"texture":"#0","tintindex":0},"west":{"uv":[3.828125,5.03125,4.21875,5.203125],"rotation":0,"texture":"#0","tintindex":0}}},{"name":"bone2","from":[0.18799949,7.682747,0.17599869],"to":[9.6776,18.30275,23.36],"rotation":{"angle":-22.5,"axis":"x","origin":[8.0,8.387863,-2.4523792]},"faces":{"down":{"uv":[6.171875,4.640625,6.015625,5.03125],"rotation":0,"texture":"#0","tintindex":0},"east":{"uv":[5.46875,5.03125,5.859375,5.203125],"rotation":0,"texture":"#0","tintindex":0},"north":{"uv":[5.859375,5.03125,6.015625,5.203125],"rotation":0,"texture":"#0","tintindex":0},"south":{"uv":[6.40625,5.03125,6.5625,5.203125],"rotation":0,"texture":"#0","tintindex":0},"up":{"uv":[6.015625,5.03125,5.859375,4.640625],"rotation":0,"texture":"#0","tintindex":0},"west":{"uv":[6.015625,5.03125,6.40625,5.203125],"rotation":0,"texture":"#0","tintindex":0}}},{"name":"bone2","from":[-6.1120005,9.932747,-5.854001],"to":[3.3775995,20.55275,17.329998],"rotation":{"angle":-22.5,"axis":"x","origin":[8.0,8.387863,-2.4523792]},"faces":{"down":{"uv":[0.703125,5.203125,0.546875,5.59375],"rotation":0,"texture":"#0","tintindex":0},"east":{"uv":[0.0,5.59375,0.390625,5.765625],"rotation":0,"texture":"#0","tintindex":0},"north":{"uv":[0.390625,5.59375,0.546875,5.765625],"rotation":0,"texture":"#0","tintindex":0},"south":{"uv":[0.9375,5.59375,1.09375,5.765625],"rotation":0,"texture":"#0","tintindex":0},"up":{"uv":[0.546875,5.59375,0.390625,5.203125],"rotation":0,"texture":"#0","tintindex":0},"west":{"uv":[0.546875,5.59375,0.9375,5.765625],"rotation":0,"texture":"#0","tintindex":0}}}],"display":{"head":{"translation":[0.0,-6.4,39.123894],"rotation":[0.0,0.0,0.0],"scale":[3.8095,3.8095,3.8095]}}}