{"textures":{"0":"modelengine:entity/ice_titan"},"elements":[{"name":"bone7","from":[7.515872,2.2346518,4.3045425],"to":[10.0358715,5.834652,18.34454],"rotation":{"angle":-22.5,"axis":"y","origin":[11.222408,7.6375704,8.997431]},"faces":{"down":{"uv":[2.921875,8.15625,2.953125,8.390625],"rotation":0,"texture":"#0","tintindex":0},"east":{"uv":[3.15625,8.390625,2.921875,8.453125],"rotation":0,"texture":"#0","tintindex":0},"north":{"uv":[2.921875,8.390625,2.890625,8.453125],"rotation":0,"texture":"#0","tintindex":0},"south":{"uv":[3.1875,8.390625,3.15625,8.453125],"rotation":0,"texture":"#0","tintindex":0},"up":{"uv":[2.890625,8.390625,2.921875,8.15625],"rotation":0,"texture":"#0","tintindex":0},"west":{"uv":[2.890625,8.390625,2.65625,8.453125],"rotation":0,"texture":"#0","tintindex":0}}},{"name":"bone7","from":[7.245872,5.834652,5.1145415],"to":[12.555873,9.434654,18.34454],"rotation":{"angle":-22.5,"axis":"y","origin":[11.222408,7.6375704,8.997431]},"faces":{"down":{"uv":[7.359375,7.828125,7.4375,8.046875],"rotation":0,"texture":"#0","tintindex":0},"east":{"uv":[7.578125,8.046875,7.359375,8.109375],"rotation":0,"texture":"#0","tintindex":0},"north":{"uv":[7.359375,8.046875,7.28125,8.109375],"rotation":0,"texture":"#0","tintindex":0},"south":{"uv":[7.65625,8.046875,7.578125,8.109375],"rotation":0,"texture":"#0","tintindex":0},"up":{"uv":[7.28125,8.046875,7.359375,7.828125],"rotation":0,"texture":"#0","tintindex":0},"west":{"uv":[7.28125,8.046875,7.0625,8.109375],"rotation":0,"texture":"#0","tintindex":0}}},{"name":"bone7","from":[7.145078,8.619423,9.967707],"to":[8.135078,11.139421,11.137705],"rotation":{"angle":22.5,"axis":"z","origin":[10.007408,8.88336,10.347431]},"faces":{"down":{"uv":[3.96875,9.78125,3.984375,9.796875],"rotation":0,"texture":"#0","tintindex":0},"east":{"uv":[3.984375,9.796875,3.96875,9.828125],"rotation":0,"texture":"#0","tintindex":0},"north":{"uv":[3.96875,9.796875,3.953125,9.828125],"rotation":0,"texture":"#0","tintindex":0},"south":{"uv":[4.0,9.796875,3.984375,9.828125],"rotation":0,"texture":"#0","tintindex":0},"up":{"uv":[3.953125,9.796875,3.96875,9.78125],"rotation":0,"texture":"#0","tintindex":0},"west":{"uv":[3.953125,9.796875,3.9375,9.828125],"rotation":0,"texture":"#0","tintindex":0}}},{"name":"bone7","from":[6.927644,9.870991,11.528571],"to":[7.917644,12.390993,12.698569],"rotation":{"angle":22.5,"axis":"z","origin":[10.007408,8.88336,10.347431]},"faces":{"down":{"uv":[3.96875,9.734375,3.984375,9.75],"rotation":0,"texture":"#0","tintindex":0},"east":{"uv":[3.984375,9.75,3.96875,9.78125],"rotation":0,"texture":"#0","tintindex":0},"north":{"uv":[3.96875,9.75,3.953125,9.78125],"rotation":0,"texture":"#0","tintindex":0},"south":{"uv":[4.0,9.75,3.984375,9.78125],"rotation":0,"texture":"#0","tintindex":0},"up":{"uv":[3.953125,9.75,3.96875,9.734375],"rotation":0,"texture":"#0","tintindex":0},"west":{"uv":[3.953125,9.75,3.9375,9.78125],"rotation":0,"texture":"#0","tintindex":0}}},{"name":"bone7","from":[7.685078,9.24942,8.1677065],"to":[8.675077,11.7694235,9.337705],"rotation":{"angle":22.5,"axis":"z","origin":[10.547408,9.513363,8.54743]},"faces":{"down":{"uv":[3.96875,9.6875,3.984375,9.703125],"rotation":0,"texture":"#0","tintindex":0},"east":{"uv":[3.984375,9.703125,3.96875,9.734375],"rotation":0,"texture":"#0","tintindex":0},"north":{"uv":[3.96875,9.703125,3.953125,9.734375],"rotation":0,"texture":"#0","tintindex":0},"south":{"uv":[4.0,9.703125,3.984375,9.734375],"rotation":0,"texture":"#0","tintindex":0},"up":{"uv":[3.953125,9.703125,3.96875,9.6875],"rotation":0,"texture":"#0","tintindex":0},"west":{"uv":[3.953125,9.703125,3.9375,9.734375],"rotation":0,"texture":"#0","tintindex":0}}},{"name":"bone7","from":[7.795382,7.8951263,6.3466997],"to":[9.325382,12.215125,7.7867002],"rotation":{"angle":22.5,"axis":"z","origin":[8.560383,10.055126,7.066702]},"faces":{"down":{"uv":[3.78125,9.640625,3.796875,9.65625],"rotation":0,"texture":"#0","tintindex":0},"east":{"uv":[3.796875,9.65625,3.78125,9.71875],"rotation":0,"texture":"#0","tintindex":0},"north":{"uv":[3.78125,9.65625,3.765625,9.71875],"rotation":0,"texture":"#0","tintindex":0},"south":{"uv":[3.8125,9.65625,3.796875,9.71875],"rotation":0,"texture":"#0","tintindex":0},"up":{"uv":[3.765625,9.65625,3.78125,9.640625],"rotation":0,"texture":"#0","tintindex":0},"west":{"uv":[3.765625,9.65625,3.75,9.71875],"rotation":0,"texture":"#0","tintindex":0}}},{"name":"bone7","from":[8.900078,9.069423,4.792706],"to":[9.800077,11.589421,5.692706],"rotation":{"angle":22.5,"axis":"z","origin":[11.177408,9.333361,4.94743]},"faces":{"down":{"uv":[3.96875,9.640625,3.984375,9.65625],"rotation":0,"texture":"#0","tintindex":0},"east":{"uv":[3.984375,9.65625,3.96875,9.6875],"rotation":0,"texture":"#0","tintindex":0},"north":{"uv":[3.96875,9.65625,3.953125,9.6875],"rotation":0,"texture":"#0","tintindex":0},"south":{"uv":[4.0,9.65625,3.984375,9.6875],"rotation":0,"texture":"#0","tintindex":0},"up":{"uv":[3.953125,9.65625,3.96875,9.640625],"rotation":0,"texture":"#0","tintindex":0},"west":{"uv":[3.953125,9.65625,3.9375,9.6875],"rotation":0,"texture":"#0","tintindex":0}}}],"display":{"head":{"translation":[0.0,-6.4,0.0],"rotation":[0.0,0.0,0.0],"scale":[3.8095,3.8095,3.8095]}}}