{"textures":{"0":"modelengine:entity/ice_titan"},"elements":[{"name":"bone","from":[3.6711917,4.518112,3.6995986],"to":[11.1411915,11.718112,11.169601],"rotation":{"angle":-45.0,"axis":"y","origin":[8.0,8.387858,8.027232]},"faces":{"down":{"uv":[5.625,8.515625,5.5,8.640625],"rotation":0,"texture":"#0","tintindex":0},"east":{"uv":[5.25,8.640625,5.375,8.765625],"rotation":0,"texture":"#0","tintindex":0},"north":{"uv":[5.375,8.640625,5.5,8.765625],"rotation":0,"texture":"#0","tintindex":0},"south":{"uv":[5.625,8.640625,5.75,8.765625],"rotation":0,"texture":"#0","tintindex":0},"up":{"uv":[5.5,8.640625,5.375,8.515625],"rotation":0,"texture":"#0","tintindex":0},"west":{"uv":[5.5,8.640625,5.625,8.765625],"rotation":0,"texture":"#0","tintindex":0}}},{"name":"bone","from":[3.6711917,11.718112,3.6995986],"to":[6.641192,15.318112,6.6696014],"rotation":{"angle":-45.0,"axis":"y","origin":[8.0,8.387858,8.027232]},"faces":{"down":{"uv":[2.484375,9.640625,2.4375,9.6875],"rotation":0,"texture":"#0","tintindex":0},"east":{"uv":[2.34375,9.6875,2.390625,9.75],"rotation":0,"texture":"#0","tintindex":0},"north":{"uv":[2.390625,9.6875,2.4375,9.75],"rotation":0,"texture":"#0","tintindex":0},"south":{"uv":[2.484375,9.6875,2.53125,9.75],"rotation":0,"texture":"#0","tintindex":0},"up":{"uv":[2.4375,9.6875,2.390625,9.640625],"rotation":0,"texture":"#0","tintindex":0},"west":{"uv":[2.4375,9.6875,2.484375,9.75],"rotation":0,"texture":"#0","tintindex":0}}},{"name":"bone","from":[3.6711917,3.618112,3.6995986],"to":[5.516192,4.518112,5.5446014],"rotation":{"angle":-45.0,"axis":"y","origin":[8.0,8.387858,8.027232]},"faces":{"down":{"uv":[3.71875,9.703125,3.6875,9.734375],"rotation":0,"texture":"#0","tintindex":0},"east":{"uv":[3.625,9.734375,3.65625,9.75],"rotation":0,"texture":"#0","tintindex":0},"north":{"uv":[3.65625,9.734375,3.6875,9.75],"rotation":0,"texture":"#0","tintindex":0},"south":{"uv":[3.71875,9.734375,3.75,9.75],"rotation":0,"texture":"#0","tintindex":0},"up":{"uv":[3.6875,9.734375,3.65625,9.703125],"rotation":0,"texture":"#0","tintindex":0},"west":{"uv":[3.6875,9.734375,3.71875,9.75],"rotation":0,"texture":"#0","tintindex":0}}}],"display":{"head":{"translation":[0.0,-6.4,0.0],"rotation":[0.0,0.0,0.0],"scale":[3.8095,3.8095,3.8095]}}}