{"textures":{"0":"modelengine:entity/ice_titan"},"elements":[{"name":"bone3","from":[7.370546,5.497049,1.8372877],"to":[15.470546,9.817047,10.927284],"rotation":{"angle":0.0,"axis":"x","origin":[14.1204195,-42.419296,73.18641]},"faces":{"down":{"uv":[7.34375,8.15625,7.203125,8.3125],"rotation":0,"texture":"#0","tintindex":0},"east":{"uv":[6.90625,8.3125,7.0625,8.375],"rotation":0,"texture":"#0","tintindex":0},"north":{"uv":[7.0625,8.3125,7.203125,8.375],"rotation":0,"texture":"#0","tintindex":0},"south":{"uv":[7.359375,8.3125,7.5,8.375],"rotation":0,"texture":"#0","tintindex":0},"up":{"uv":[7.203125,8.3125,7.0625,8.15625],"rotation":0,"texture":"#0","tintindex":0},"west":{"uv":[7.203125,8.3125,7.359375,8.375],"rotation":0,"texture":"#0","tintindex":0}}},{"name":"bone3","from":[5.4442997,8.051521,8.678108],"to":[9.404301,9.401522,9.9381075],"rotation":{"angle":-22.5,"axis":"y","origin":[9.22418,9.547049,11.444114]},"faces":{"down":{"uv":[3.578125,9.703125,3.515625,9.71875],"rotation":0,"texture":"#0","tintindex":0},"east":{"uv":[3.4375,9.71875,3.453125,9.734375],"rotation":0,"texture":"#0","tintindex":0},"north":{"uv":[3.453125,9.71875,3.515625,9.734375],"rotation":0,"texture":"#0","tintindex":0},"south":{"uv":[3.53125,9.71875,3.59375,9.734375],"rotation":0,"texture":"#0","tintindex":0},"up":{"uv":[3.515625,9.71875,3.453125,9.703125],"rotation":0,"texture":"#0","tintindex":0},"west":{"uv":[3.515625,9.71875,3.53125,9.734375],"rotation":0,"texture":"#0","tintindex":0}}},{"name":"bone3","from":[5.529224,4.2370453,1.8372877],"to":[10.209224,7.297049,10.657286],"rotation":{"angle":-22.5,"axis":"y","origin":[9.759224,4.957048,6.382286]},"faces":{"down":{"uv":[0.296875,9.296875,0.21875,9.4375],"rotation":0,"texture":"#0","tintindex":0},"east":{"uv":[0.0,9.4375,0.140625,9.484375],"rotation":0,"texture":"#0","tintindex":0},"north":{"uv":[0.140625,9.4375,0.21875,9.484375],"rotation":0,"texture":"#0","tintindex":0},"south":{"uv":[0.359375,9.4375,0.4375,9.484375],"rotation":0,"texture":"#0","tintindex":0},"up":{"uv":[0.21875,9.4375,0.140625,9.296875],"rotation":0,"texture":"#0","tintindex":0},"west":{"uv":[0.21875,9.4375,0.359375,9.484375],"rotation":0,"texture":"#0","tintindex":0}}},{"name":"bone3","from":[5.71418,7.3870454,6.8991146],"to":[9.674181,10.807049,14.639116],"rotation":{"angle":-22.5,"axis":"y","origin":[9.22418,9.547049,11.444114]},"faces":{"down":{"uv":[2.6875,9.296875,2.625,9.421875],"rotation":0,"texture":"#0","tintindex":0},"east":{"uv":[2.4375,9.421875,2.5625,9.46875],"rotation":0,"texture":"#0","tintindex":0},"north":{"uv":[2.5625,9.421875,2.625,9.46875],"rotation":0,"texture":"#0","tintindex":0},"south":{"uv":[2.75,9.421875,2.8125,9.46875],"rotation":0,"texture":"#0","tintindex":0},"up":{"uv":[2.625,9.421875,2.5625,9.296875],"rotation":0,"texture":"#0","tintindex":0},"west":{"uv":[2.625,9.421875,2.75,9.46875],"rotation":0,"texture":"#0","tintindex":0}}},{"name":"bone3","from":[5.979224,9.575078,2.4960508],"to":[10.299224,11.735082,9.516049],"rotation":{"angle":-22.5,"axis":"x","origin":[9.849224,11.735082,7.401048]},"faces":{"down":{"uv":[3.046875,9.453125,2.984375,9.5625],"rotation":0,"texture":"#0","tintindex":0},"east":{"uv":[2.8125,9.5625,2.921875,9.59375],"rotation":0,"texture":"#0","tintindex":0},"north":{"uv":[2.921875,9.5625,2.984375,9.59375],"rotation":0,"texture":"#0","tintindex":0},"south":{"uv":[3.09375,9.5625,3.15625,9.59375],"rotation":0,"texture":"#0","tintindex":0},"up":{"uv":[2.984375,9.5625,2.921875,9.453125],"rotation":0,"texture":"#0","tintindex":0},"west":{"uv":[2.984375,9.5625,3.09375,9.59375],"rotation":0,"texture":"#0","tintindex":0}}},{"name":"bone3","from":[6.0692234,6.2024856,1.058888],"to":[10.299224,8.362485,3.48889],"rotation":{"angle":-45.0,"axis":"x","origin":[9.849224,8.362485,1.3738889]},"faces":{"down":{"uv":[3.40625,9.75,3.34375,9.78125],"rotation":0,"texture":"#0","tintindex":0},"east":{"uv":[3.25,9.78125,3.28125,9.8125],"rotation":0,"texture":"#0","tintindex":0},"north":{"uv":[3.28125,9.78125,3.34375,9.8125],"rotation":0,"texture":"#0","tintindex":0},"south":{"uv":[3.375,9.78125,3.4375,9.8125],"rotation":0,"texture":"#0","tintindex":0},"up":{"uv":[3.34375,9.78125,3.28125,9.75],"rotation":0,"texture":"#0","tintindex":0},"west":{"uv":[3.34375,9.78125,3.375,9.8125],"rotation":0,"texture":"#0","tintindex":0}}},{"name":"bone3","from":[4.179223,4.1750774,6.276048],"to":[8.139223,9.125078,15.36605],"rotation":{"angle":-22.5,"axis":"x","origin":[8.139223,8.765079,12.9810505]},"faces":{"down":{"uv":[5.53125,8.984375,5.46875,9.140625],"rotation":0,"texture":"#0","tintindex":0},"east":{"uv":[5.25,9.140625,5.40625,9.21875],"rotation":0,"texture":"#0","tintindex":0},"north":{"uv":[5.40625,9.140625,5.46875,9.21875],"rotation":0,"texture":"#0","tintindex":0},"south":{"uv":[5.625,9.140625,5.6875,9.21875],"rotation":0,"texture":"#0","tintindex":0},"up":{"uv":[5.46875,9.140625,5.40625,8.984375],"rotation":0,"texture":"#0","tintindex":0},"west":{"uv":[5.46875,9.140625,5.625,9.21875],"rotation":0,"texture":"#0","tintindex":0}}},{"name":"bone3","from":[3.7341797,9.637045,8.699115],"to":[10.30418,12.607048,15.899116],"rotation":{"angle":-22.5,"axis":"y","origin":[8.14418,12.517047,13.244113]},"faces":{"down":{"uv":[7.15625,8.984375,7.046875,9.109375],"rotation":0,"texture":"#0","tintindex":0},"east":{"uv":[6.8125,9.109375,6.9375,9.15625],"rotation":0,"texture":"#0","tintindex":0},"north":{"uv":[6.9375,9.109375,7.046875,9.15625],"rotation":0,"texture":"#0","tintindex":0},"south":{"uv":[7.171875,9.109375,7.28125,9.15625],"rotation":0,"texture":"#0","tintindex":0},"up":{"uv":[7.046875,9.109375,6.9375,8.984375],"rotation":0,"texture":"#0","tintindex":0},"west":{"uv":[7.046875,9.109375,7.171875,9.15625],"rotation":0,"texture":"#0","tintindex":0}}}],"display":{"head":{"translation":[0.0,-6.4,0.0],"rotation":[0.0,0.0,0.0],"scale":[3.8095,3.8095,3.8095]}}}