{"textures":{"0":"modelengine:entity/ice_titan"},"elements":[{"name":"bone4","from":[0.529454,5.497049,1.8372877],"to":[8.629454,9.817047,10.927284],"rotation":{"angle":0.0,"axis":"x","origin":[1.8795799,-42.419296,73.18641]},"faces":{"down":{"uv":[0.4375,8.515625,0.296875,8.671875],"rotation":0,"texture":"#0","tintindex":0},"east":{"uv":[0.0,8.671875,0.15625,8.734375],"rotation":0,"texture":"#0","tintindex":0},"north":{"uv":[0.15625,8.671875,0.296875,8.734375],"rotation":0,"texture":"#0","tintindex":0},"south":{"uv":[0.453125,8.671875,0.59375,8.734375],"rotation":0,"texture":"#0","tintindex":0},"up":{"uv":[0.296875,8.671875,0.15625,8.515625],"rotation":0,"texture":"#0","tintindex":0},"west":{"uv":[0.296875,8.671875,0.453125,8.734375],"rotation":0,"texture":"#0","tintindex":0}}},{"name":"bone4","from":[6.5947704,8.0515995,8.677266],"to":[10.5547695,9.4016,9.937269],"rotation":{"angle":22.5,"axis":"y","origin":[6.7758203,9.547049,11.444114]},"faces":{"down":{"uv":[3.578125,9.734375,3.515625,9.75],"rotation":0,"texture":"#0","tintindex":0},"east":{"uv":[3.4375,9.75,3.453125,9.765625],"rotation":0,"texture":"#0","tintindex":0},"north":{"uv":[3.453125,9.75,3.515625,9.765625],"rotation":0,"texture":"#0","tintindex":0},"south":{"uv":[3.53125,9.75,3.59375,9.765625],"rotation":0,"texture":"#0","tintindex":0},"up":{"uv":[3.515625,9.75,3.453125,9.734375],"rotation":0,"texture":"#0","tintindex":0},"west":{"uv":[3.515625,9.75,3.53125,9.765625],"rotation":0,"texture":"#0","tintindex":0}}},{"name":"bone4","from":[5.7907763,4.2370453,1.8372877],"to":[10.470776,7.297049,10.657286],"rotation":{"angle":22.5,"axis":"y","origin":[6.240776,4.957048,6.382286]},"faces":{"down":{"uv":[0.734375,9.296875,0.65625,9.4375],"rotation":0,"texture":"#0","tintindex":0},"east":{"uv":[0.4375,9.4375,0.578125,9.484375],"rotation":0,"texture":"#0","tintindex":0},"north":{"uv":[0.578125,9.4375,0.65625,9.484375],"rotation":0,"texture":"#0","tintindex":0},"south":{"uv":[0.796875,9.4375,0.875,9.484375],"rotation":0,"texture":"#0","tintindex":0},"up":{"uv":[0.65625,9.4375,0.578125,9.296875],"rotation":0,"texture":"#0","tintindex":0},"west":{"uv":[0.65625,9.4375,0.796875,9.484375],"rotation":0,"texture":"#0","tintindex":0}}},{"name":"bone4","from":[6.32582,7.3870454,6.8991146],"to":[10.28582,10.807049,14.639116],"rotation":{"angle":22.5,"axis":"y","origin":[6.7758203,9.547049,11.444114]},"faces":{"down":{"uv":[2.6875,9.46875,2.625,9.59375],"rotation":0,"texture":"#0","tintindex":0},"east":{"uv":[2.4375,9.59375,2.5625,9.640625],"rotation":0,"texture":"#0","tintindex":0},"north":{"uv":[2.5625,9.59375,2.625,9.640625],"rotation":0,"texture":"#0","tintindex":0},"south":{"uv":[2.75,9.59375,2.8125,9.640625],"rotation":0,"texture":"#0","tintindex":0},"up":{"uv":[2.625,9.59375,2.5625,9.46875],"rotation":0,"texture":"#0","tintindex":0},"west":{"uv":[2.625,9.59375,2.75,9.640625],"rotation":0,"texture":"#0","tintindex":0}}},{"name":"bone4","from":[5.700776,9.575078,2.4960508],"to":[10.020777,11.735082,9.516049],"rotation":{"angle":-22.5,"axis":"x","origin":[6.150776,11.735082,7.401048]},"faces":{"down":{"uv":[3.421875,9.296875,3.359375,9.40625],"rotation":0,"texture":"#0","tintindex":0},"east":{"uv":[3.1875,9.40625,3.296875,9.4375],"rotation":0,"texture":"#0","tintindex":0},"north":{"uv":[3.296875,9.40625,3.359375,9.4375],"rotation":0,"texture":"#0","tintindex":0},"south":{"uv":[3.46875,9.40625,3.53125,9.4375],"rotation":0,"texture":"#0","tintindex":0},"up":{"uv":[3.359375,9.40625,3.296875,9.296875],"rotation":0,"texture":"#0","tintindex":0},"west":{"uv":[3.359375,9.40625,3.46875,9.4375],"rotation":0,"texture":"#0","tintindex":0}}},{"name":"bone4","from":[5.700776,6.2024856,1.058888],"to":[9.930777,8.362485,3.48889],"rotation":{"angle":-45.0,"axis":"x","origin":[6.150776,8.362485,1.3738889]},"faces":{"down":{"uv":[3.59375,9.640625,3.53125,9.671875],"rotation":0,"texture":"#0","tintindex":0},"east":{"uv":[3.4375,9.671875,3.46875,9.703125],"rotation":0,"texture":"#0","tintindex":0},"north":{"uv":[3.46875,9.671875,3.53125,9.703125],"rotation":0,"texture":"#0","tintindex":0},"south":{"uv":[3.5625,9.671875,3.625,9.703125],"rotation":0,"texture":"#0","tintindex":0},"up":{"uv":[3.53125,9.671875,3.46875,9.640625],"rotation":0,"texture":"#0","tintindex":0},"west":{"uv":[3.53125,9.671875,3.5625,9.703125],"rotation":0,"texture":"#0","tintindex":0}}},{"name":"bone4","from":[7.8607764,4.1750774,6.276048],"to":[11.820777,9.125078,15.36605],"rotation":{"angle":-22.5,"axis":"x","origin":[7.8607764,8.765079,12.9810505]},"faces":{"down":{"uv":[5.96875,8.984375,5.90625,9.140625],"rotation":0,"texture":"#0","tintindex":0},"east":{"uv":[5.6875,9.140625,5.84375,9.21875],"rotation":0,"texture":"#0","tintindex":0},"north":{"uv":[5.84375,9.140625,5.90625,9.21875],"rotation":0,"texture":"#0","tintindex":0},"south":{"uv":[6.0625,9.140625,6.125,9.21875],"rotation":0,"texture":"#0","tintindex":0},"up":{"uv":[5.90625,9.140625,5.84375,8.984375],"rotation":0,"texture":"#0","tintindex":0},"west":{"uv":[5.90625,9.140625,6.0625,9.21875],"rotation":0,"texture":"#0","tintindex":0}}},{"name":"bone4","from":[5.69582,9.637045,8.699115],"to":[12.2658205,12.607048,15.899116],"rotation":{"angle":22.5,"axis":"y","origin":[7.8558197,12.517047,13.244113]},"faces":{"down":{"uv":[7.625,8.984375,7.515625,9.109375],"rotation":0,"texture":"#0","tintindex":0},"east":{"uv":[7.28125,9.109375,7.40625,9.15625],"rotation":0,"texture":"#0","tintindex":0},"north":{"uv":[7.40625,9.109375,7.515625,9.15625],"rotation":0,"texture":"#0","tintindex":0},"south":{"uv":[7.640625,9.109375,7.75,9.15625],"rotation":0,"texture":"#0","tintindex":0},"up":{"uv":[7.515625,9.109375,7.40625,8.984375],"rotation":0,"texture":"#0","tintindex":0},"west":{"uv":[7.515625,9.109375,7.640625,9.15625],"rotation":0,"texture":"#0","tintindex":0}}}],"display":{"head":{"translation":[0.0,-6.4,0.0],"rotation":[0.0,0.0,0.0],"scale":[3.8095,3.8095,3.8095]}}}