{"textures":{"0":"modelengine:entity/ice_titan"},"elements":[{"name":"bone6","from":[1.3809494,7.882515,4.54691],"to":[8.49095,11.482515,15.706909],"rotation":{"angle":22.5,"axis":"y","origin":[7.27595,9.682515,9.451912]},"faces":{"down":{"uv":[1.40625,8.15625,1.296875,8.34375],"rotation":0,"texture":"#0","tintindex":0},"east":{"uv":[1.0,8.34375,1.1875,8.40625],"rotation":0,"texture":"#0","tintindex":0},"north":{"uv":[1.1875,8.34375,1.296875,8.40625],"rotation":0,"texture":"#0","tintindex":0},"south":{"uv":[1.484375,8.34375,1.59375,8.40625],"rotation":0,"texture":"#0","tintindex":0},"up":{"uv":[1.296875,8.34375,1.1875,8.15625],"rotation":0,"texture":"#0","tintindex":0},"west":{"uv":[1.296875,8.34375,1.484375,8.40625],"rotation":0,"texture":"#0","tintindex":0}}},{"name":"bone6","from":[6.1681395,6.9389677,3.7938428],"to":[7.1581397,9.458966,5.233844],"rotation":{"angle":22.5,"axis":"z","origin":[7.1409497,8.1525135,3.6019118]},"faces":{"down":{"uv":[3.921875,9.78125,3.90625,9.796875],"rotation":0,"texture":"#0","tintindex":0},"east":{"uv":[3.875,9.796875,3.890625,9.828125],"rotation":0,"texture":"#0","tintindex":0},"north":{"uv":[3.890625,9.796875,3.90625,9.828125],"rotation":0,"texture":"#0","tintindex":0},"south":{"uv":[3.921875,9.796875,3.9375,9.828125],"rotation":0,"texture":"#0","tintindex":0},"up":{"uv":[3.90625,9.796875,3.890625,9.78125],"rotation":0,"texture":"#0","tintindex":0},"west":{"uv":[3.90625,9.796875,3.921875,9.828125],"rotation":0,"texture":"#0","tintindex":0}}},{"name":"bone6","from":[6.7809496,6.892514,7.516908],"to":[7.77095,9.412512,8.686911],"rotation":{"angle":22.5,"axis":"z","origin":[8.130949,8.1525135,7.9219103]},"faces":{"down":{"uv":[3.921875,9.734375,3.90625,9.75],"rotation":0,"texture":"#0","tintindex":0},"east":{"uv":[3.875,9.75,3.890625,9.78125],"rotation":0,"texture":"#0","tintindex":0},"north":{"uv":[3.890625,9.75,3.90625,9.78125],"rotation":0,"texture":"#0","tintindex":0},"south":{"uv":[3.921875,9.75,3.9375,9.78125],"rotation":0,"texture":"#0","tintindex":0},"up":{"uv":[3.90625,9.75,3.890625,9.734375],"rotation":0,"texture":"#0","tintindex":0},"west":{"uv":[3.90625,9.75,3.921875,9.78125],"rotation":0,"texture":"#0","tintindex":0}}},{"name":"bone6","from":[7.4109497,6.712512,9.136911],"to":[8.4009495,9.232515,10.30691],"rotation":{"angle":22.5,"axis":"z","origin":[8.76095,7.972516,9.541908]},"faces":{"down":{"uv":[3.921875,9.6875,3.90625,9.703125],"rotation":0,"texture":"#0","tintindex":0},"east":{"uv":[3.875,9.703125,3.890625,9.734375],"rotation":0,"texture":"#0","tintindex":0},"north":{"uv":[3.890625,9.703125,3.90625,9.734375],"rotation":0,"texture":"#0","tintindex":0},"south":{"uv":[3.921875,9.703125,3.9375,9.734375],"rotation":0,"texture":"#0","tintindex":0},"up":{"uv":[3.90625,9.703125,3.890625,9.6875],"rotation":0,"texture":"#0","tintindex":0},"west":{"uv":[3.90625,9.703125,3.921875,9.734375],"rotation":0,"texture":"#0","tintindex":0}}},{"name":"bone6","from":[7.9509497,7.342514,10.936911],"to":[8.94095,9.862513,12.10691],"rotation":{"angle":22.5,"axis":"z","origin":[9.300949,8.602513,11.341908]},"faces":{"down":{"uv":[3.921875,9.640625,3.90625,9.65625],"rotation":0,"texture":"#0","tintindex":0},"east":{"uv":[3.875,9.65625,3.890625,9.6875],"rotation":0,"texture":"#0","tintindex":0},"north":{"uv":[3.890625,9.65625,3.90625,9.6875],"rotation":0,"texture":"#0","tintindex":0},"south":{"uv":[3.921875,9.65625,3.9375,9.6875],"rotation":0,"texture":"#0","tintindex":0},"up":{"uv":[3.90625,9.65625,3.890625,9.640625],"rotation":0,"texture":"#0","tintindex":0},"west":{"uv":[3.90625,9.65625,3.921875,9.6875],"rotation":0,"texture":"#0","tintindex":0}}},{"name":"bone6","from":[5.430949,5.767514,5.626912],"to":[6.96095,9.412512,7.066908],"rotation":{"angle":22.5,"axis":"z","origin":[7.59095,8.1525135,6.12191]},"faces":{"down":{"uv":[3.671875,9.75,3.65625,9.765625],"rotation":0,"texture":"#0","tintindex":0},"east":{"uv":[3.625,9.765625,3.640625,9.828125],"rotation":0,"texture":"#0","tintindex":0},"north":{"uv":[3.640625,9.765625,3.65625,9.828125],"rotation":0,"texture":"#0","tintindex":0},"south":{"uv":[3.671875,9.765625,3.6875,9.828125],"rotation":0,"texture":"#0","tintindex":0},"up":{"uv":[3.65625,9.765625,3.640625,9.75],"rotation":0,"texture":"#0","tintindex":0},"west":{"uv":[3.65625,9.765625,3.671875,9.828125],"rotation":0,"texture":"#0","tintindex":0}}}],"display":{"head":{"translation":[0.0,-6.4,0.0],"rotation":[0.0,0.0,0.0],"scale":[3.8095,3.8095,3.8095]}}}