{"textures":{"0":"modelengine:entity/ice_titan"},"elements":[{"name":"bone8","from":[5.9641275,2.2346518,4.3045425],"to":[8.484128,5.834652,18.34454],"rotation":{"angle":22.5,"axis":"y","origin":[4.7775917,7.6375704,8.997431]},"faces":{"down":{"uv":[2.953125,8.15625,2.921875,8.390625],"rotation":0,"texture":"#0","tintindex":0},"east":{"uv":[2.65625,8.390625,2.890625,8.453125],"rotation":0,"texture":"#0","tintindex":0},"north":{"uv":[2.890625,8.390625,2.921875,8.453125],"rotation":0,"texture":"#0","tintindex":0},"south":{"uv":[3.15625,8.390625,3.1875,8.453125],"rotation":0,"texture":"#0","tintindex":0},"up":{"uv":[2.921875,8.390625,2.890625,8.15625],"rotation":0,"texture":"#0","tintindex":0},"west":{"uv":[2.921875,8.390625,3.15625,8.453125],"rotation":0,"texture":"#0","tintindex":0}}},{"name":"bone8","from":[3.4441278,5.834652,5.1145415],"to":[8.7541275,9.434654,18.34454],"rotation":{"angle":22.5,"axis":"y","origin":[4.7775917,7.6375704,8.997431]},"faces":{"down":{"uv":[7.4375,7.828125,7.359375,8.046875],"rotation":0,"texture":"#0","tintindex":0},"east":{"uv":[7.0625,8.046875,7.28125,8.109375],"rotation":0,"texture":"#0","tintindex":0},"north":{"uv":[7.28125,8.046875,7.359375,8.109375],"rotation":0,"texture":"#0","tintindex":0},"south":{"uv":[7.578125,8.046875,7.65625,8.109375],"rotation":0,"texture":"#0","tintindex":0},"up":{"uv":[7.359375,8.046875,7.28125,7.828125],"rotation":0,"texture":"#0","tintindex":0},"west":{"uv":[7.359375,8.046875,7.578125,8.109375],"rotation":0,"texture":"#0","tintindex":0}}},{"name":"bone8","from":[7.864922,8.619423,9.967707],"to":[8.854921,11.139421,11.137705],"rotation":{"angle":-22.5,"axis":"z","origin":[5.992592,8.88336,10.347431]},"faces":{"down":{"uv":[3.984375,9.78125,3.96875,9.796875],"rotation":0,"texture":"#0","tintindex":0},"east":{"uv":[3.9375,9.796875,3.953125,9.828125],"rotation":0,"texture":"#0","tintindex":0},"north":{"uv":[3.953125,9.796875,3.96875,9.828125],"rotation":0,"texture":"#0","tintindex":0},"south":{"uv":[3.984375,9.796875,4.0,9.828125],"rotation":0,"texture":"#0","tintindex":0},"up":{"uv":[3.96875,9.796875,3.953125,9.78125],"rotation":0,"texture":"#0","tintindex":0},"west":{"uv":[3.96875,9.796875,3.984375,9.828125],"rotation":0,"texture":"#0","tintindex":0}}},{"name":"bone8","from":[8.082356,9.870991,11.528571],"to":[9.072356,12.390993,12.698569],"rotation":{"angle":-22.5,"axis":"z","origin":[5.992592,8.88336,10.347431]},"faces":{"down":{"uv":[3.984375,9.734375,3.96875,9.75],"rotation":0,"texture":"#0","tintindex":0},"east":{"uv":[3.9375,9.75,3.953125,9.78125],"rotation":0,"texture":"#0","tintindex":0},"north":{"uv":[3.953125,9.75,3.96875,9.78125],"rotation":0,"texture":"#0","tintindex":0},"south":{"uv":[3.984375,9.75,4.0,9.78125],"rotation":0,"texture":"#0","tintindex":0},"up":{"uv":[3.96875,9.75,3.953125,9.734375],"rotation":0,"texture":"#0","tintindex":0},"west":{"uv":[3.96875,9.75,3.984375,9.78125],"rotation":0,"texture":"#0","tintindex":0}}},{"name":"bone8","from":[7.324922,9.24942,8.1677065],"to":[8.314922,11.7694235,9.337705],"rotation":{"angle":-22.5,"axis":"z","origin":[5.452592,9.513363,8.54743]},"faces":{"down":{"uv":[3.984375,9.6875,3.96875,9.703125],"rotation":0,"texture":"#0","tintindex":0},"east":{"uv":[3.9375,9.703125,3.953125,9.734375],"rotation":0,"texture":"#0","tintindex":0},"north":{"uv":[3.953125,9.703125,3.96875,9.734375],"rotation":0,"texture":"#0","tintindex":0},"south":{"uv":[3.984375,9.703125,4.0,9.734375],"rotation":0,"texture":"#0","tintindex":0},"up":{"uv":[3.96875,9.703125,3.953125,9.6875],"rotation":0,"texture":"#0","tintindex":0},"west":{"uv":[3.96875,9.703125,3.984375,9.734375],"rotation":0,"texture":"#0","tintindex":0}}},{"name":"bone8","from":[6.674618,7.8951263,6.3466997],"to":[8.204618,12.215125,7.7867002],"rotation":{"angle":-22.5,"axis":"z","origin":[7.4396176,10.055126,7.066702]},"faces":{"down":{"uv":[3.796875,9.640625,3.78125,9.65625],"rotation":0,"texture":"#0","tintindex":0},"east":{"uv":[3.75,9.65625,3.765625,9.71875],"rotation":0,"texture":"#0","tintindex":0},"north":{"uv":[3.765625,9.65625,3.78125,9.71875],"rotation":0,"texture":"#0","tintindex":0},"south":{"uv":[3.796875,9.65625,3.8125,9.71875],"rotation":0,"texture":"#0","tintindex":0},"up":{"uv":[3.78125,9.65625,3.765625,9.640625],"rotation":0,"texture":"#0","tintindex":0},"west":{"uv":[3.78125,9.65625,3.796875,9.71875],"rotation":0,"texture":"#0","tintindex":0}}},{"name":"bone8","from":[6.1999216,9.069423,4.792706],"to":[7.099922,11.589421,5.692706],"rotation":{"angle":-22.5,"axis":"z","origin":[4.822592,9.333361,4.94743]},"faces":{"down":{"uv":[3.984375,9.640625,3.96875,9.65625],"rotation":0,"texture":"#0","tintindex":0},"east":{"uv":[3.9375,9.65625,3.953125,9.6875],"rotation":0,"texture":"#0","tintindex":0},"north":{"uv":[3.953125,9.65625,3.96875,9.6875],"rotation":0,"texture":"#0","tintindex":0},"south":{"uv":[3.984375,9.65625,4.0,9.6875],"rotation":0,"texture":"#0","tintindex":0},"up":{"uv":[3.96875,9.65625,3.953125,9.640625],"rotation":0,"texture":"#0","tintindex":0},"west":{"uv":[3.96875,9.65625,3.984375,9.6875],"rotation":0,"texture":"#0","tintindex":0}}}],"display":{"head":{"translation":[0.0,-6.4,0.0],"rotation":[0.0,0.0,0.0],"scale":[3.8095,3.8095,3.8095]}}}