{"textures":{"0":"modelengine:entity/ice_titan"},"elements":[{"name":"group3","from":[13.655498,-3.5772238,6.141807],"to":[20.704296,10.707577,20.844212],"rotation":{"angle":22.5,"axis":"z","origin":[8.320297,-3.0804243,15.33621]},"faces":{"down":{"uv":[0.359375,7.34375,0.46875,7.59375],"rotation":0,"texture":"#0","tintindex":0},"east":{"uv":[0.609375,7.59375,0.359375,7.828125],"rotation":0,"texture":"#0","tintindex":0},"north":{"uv":[0.359375,7.59375,0.25,7.828125],"rotation":0,"texture":"#0","tintindex":0},"south":{"uv":[0.71875,7.59375,0.609375,7.828125],"rotation":0,"texture":"#0","tintindex":0},"up":{"uv":[0.25,7.59375,0.359375,7.34375],"rotation":0,"texture":"#0","tintindex":0},"west":{"uv":[0.25,7.59375,0.0,7.828125],"rotation":0,"texture":"#0","tintindex":0}}},{"name":"group3","from":[-0.3629036,-1.0212221,6.141807],"to":[10.170696,10.916376,19.901012],"rotation":{"angle":0.0,"axis":"x","origin":[23.26961,-40.357616,60.788727]},"faces":{"down":{"uv":[4.21875,6.90625,4.390625,7.140625],"rotation":0,"texture":"#0","tintindex":0},"east":{"uv":[4.453125,7.140625,4.21875,7.34375],"rotation":0,"texture":"#0","tintindex":0},"north":{"uv":[4.21875,7.140625,4.046875,7.34375],"rotation":0,"texture":"#0","tintindex":0},"south":{"uv":[4.625,7.140625,4.453125,7.34375],"rotation":0,"texture":"#0","tintindex":0},"up":{"uv":[4.046875,7.140625,4.21875,6.90625],"rotation":0,"texture":"#0","tintindex":0},"west":{"uv":[4.046875,7.140625,3.8125,7.34375],"rotation":0,"texture":"#0","tintindex":0}}},{"name":"group3","from":[-5.6621046,0.08757758,6.1202097],"to":[1.5954962,9.303574,16.60341],"rotation":{"angle":-22.5,"axis":"x","origin":[12.582697,10.282776,13.493011]},"faces":{"down":{"uv":[5.515625,7.828125,5.640625,8.0],"rotation":0,"texture":"#0","tintindex":0},"east":{"uv":[5.6875,8.0,5.515625,8.15625],"rotation":0,"texture":"#0","tintindex":0},"north":{"uv":[5.515625,8.0,5.390625,8.15625],"rotation":0,"texture":"#0","tintindex":0},"south":{"uv":[5.8125,8.0,5.6875,8.15625],"rotation":0,"texture":"#0","tintindex":0},"up":{"uv":[5.390625,8.0,5.515625,7.828125],"rotation":0,"texture":"#0","tintindex":0},"west":{"uv":[5.390625,8.0,5.21875,8.15625],"rotation":0,"texture":"#0","tintindex":0}}},{"name":"group3","from":[-10.648781,-1.5322742,7.597619],"to":[-2.2175808,6.186125,17.620022],"rotation":{"angle":-45.0,"axis":"z","origin":[-6.4331827,2.3269255,12.608818]},"faces":{"down":{"uv":[4.90625,7.828125,5.046875,8.0],"rotation":0,"texture":"#0","tintindex":0},"east":{"uv":[5.078125,8.0,4.90625,8.125],"rotation":0,"texture":"#0","tintindex":0},"north":{"uv":[4.90625,8.0,4.765625,8.125],"rotation":0,"texture":"#0","tintindex":0},"south":{"uv":[5.21875,8.0,5.078125,8.125],"rotation":0,"texture":"#0","tintindex":0},"up":{"uv":[4.765625,8.0,4.90625,7.828125],"rotation":0,"texture":"#0","tintindex":0},"west":{"uv":[4.765625,8.0,4.59375,8.125],"rotation":0,"texture":"#0","tintindex":0}}},{"name":"group3","from":[-13.457451,-6.5364256,6.317593],"to":[-5.739047,2.9099746,14.496791],"rotation":{"angle":22.5,"axis":"x","origin":[1.2161522,-2.5044246,10.083194]},"faces":{"down":{"uv":[3.453125,8.15625,3.578125,8.296875],"rotation":0,"texture":"#0","tintindex":0},"east":{"uv":[3.59375,8.296875,3.453125,8.453125],"rotation":0,"texture":"#0","tintindex":0},"north":{"uv":[3.453125,8.296875,3.328125,8.453125],"rotation":0,"texture":"#0","tintindex":0},"south":{"uv":[3.71875,8.296875,3.59375,8.453125],"rotation":0,"texture":"#0","tintindex":0},"up":{"uv":[3.328125,8.296875,3.453125,8.15625],"rotation":0,"texture":"#0","tintindex":0},"west":{"uv":[3.328125,8.296875,3.1875,8.453125],"rotation":0,"texture":"#0","tintindex":0}}},{"name":"group3","from":[-14.703049,-12.220603,2.9993324],"to":[-8.251846,-2.5438013,11.480934],"rotation":{"angle":22.5,"axis":"x","origin":[-12.053448,-6.1726017,6.1097317]},"faces":{"down":{"uv":[2.0625,8.515625,2.171875,8.65625],"rotation":0,"texture":"#0","tintindex":0},"east":{"uv":[2.203125,8.65625,2.0625,8.8125],"rotation":0,"texture":"#0","tintindex":0},"north":{"uv":[2.0625,8.65625,1.953125,8.8125],"rotation":0,"texture":"#0","tintindex":0},"south":{"uv":[2.3125,8.65625,2.203125,8.8125],"rotation":0,"texture":"#0","tintindex":0},"up":{"uv":[1.953125,8.65625,2.0625,8.515625],"rotation":0,"texture":"#0","tintindex":0},"west":{"uv":[1.953125,8.65625,1.8125,8.8125],"rotation":0,"texture":"#0","tintindex":0}}},{"name":"group3","from":[-14.1270485,-13.182027,-5.238408],"to":[-8.7126465,-6.9612255,4.5535913],"rotation":{"angle":-22.5,"axis":"x","origin":[-10.843845,-10.071625,0.98238945]},"faces":{"down":{"uv":[5.0,8.515625,5.09375,8.671875],"rotation":0,"texture":"#0","tintindex":0},"east":{"uv":[5.15625,8.671875,5.0,8.765625],"rotation":0,"texture":"#0","tintindex":0},"north":{"uv":[5.0,8.671875,4.90625,8.765625],"rotation":0,"texture":"#0","tintindex":0},"south":{"uv":[5.25,8.671875,5.15625,8.765625],"rotation":0,"texture":"#0","tintindex":0},"up":{"uv":[4.90625,8.671875,5.0,8.515625],"rotation":0,"texture":"#0","tintindex":0},"west":{"uv":[4.90625,8.671875,4.75,8.765625],"rotation":0,"texture":"#0","tintindex":0}}},{"name":"group3","from":[-11.707848,-13.758025,-12.15041],"to":[-7.560647,-8.919626,-2.473608],"rotation":{"angle":-22.5,"axis":"y","origin":[-9.058247,-11.338824,-6.6208086]},"faces":{"down":{"uv":[5.03125,8.984375,5.09375,9.140625],"rotation":0,"texture":"#0","tintindex":0},"east":{"uv":[5.1875,9.140625,5.03125,9.21875],"rotation":0,"texture":"#0","tintindex":0},"north":{"uv":[5.03125,9.140625,4.96875,9.21875],"rotation":0,"texture":"#0","tintindex":0},"south":{"uv":[5.25,9.140625,5.1875,9.21875],"rotation":0,"texture":"#0","tintindex":0},"up":{"uv":[4.96875,9.140625,5.03125,8.984375],"rotation":0,"texture":"#0","tintindex":0},"west":{"uv":[4.96875,9.140625,4.8125,9.21875],"rotation":0,"texture":"#0","tintindex":0}}},{"name":"group3","from":[-16.0,-11.914824,-16.0],"to":[-13.004803,-8.919626,-12.889599],"rotation":{"angle":-22.5,"axis":"y","origin":[-13.638405,-10.935624,6.6944013]},"faces":{"down":{"uv":[3.0,9.640625,3.046875,9.6875],"rotation":0,"texture":"#0","tintindex":0},"east":{"uv":[3.046875,9.6875,3.0,9.734375],"rotation":0,"texture":"#0","tintindex":0},"north":{"uv":[3.0,9.6875,2.953125,9.734375],"rotation":0,"texture":"#0","tintindex":0},"south":{"uv":[3.09375,9.6875,3.046875,9.734375],"rotation":0,"texture":"#0","tintindex":0},"up":{"uv":[2.953125,9.6875,3.0,9.640625],"rotation":0,"texture":"#0","tintindex":0},"west":{"uv":[2.953125,9.6875,2.90625,9.734375],"rotation":0,"texture":"#0","tintindex":0}}}],"display":{"head":{"translation":[-28.927423,-6.4,-30.674417],"rotation":[0.0,0.0,0.0],"scale":[3.8095,3.8095,3.8095]}}}