{"textures":{"0":"modelengine:entity/ice_titan"},"elements":[{"name":"leftfinger_a","from":[7.465274,4.6243567,-0.42704272],"to":[13.081274,11.059357,10.615957],"rotation":{"angle":-22.5,"axis":"y","origin":[10.273273,7.8418574,3.4339583]},"faces":{"down":{"uv":[7.9375,7.828125,8.03125,8.015625],"rotation":0,"texture":"#0","tintindex":0},"east":{"uv":[8.125,8.015625,7.9375,8.125],"rotation":0,"texture":"#0","tintindex":0},"north":{"uv":[7.9375,8.015625,7.84375,8.125],"rotation":0,"texture":"#0","tintindex":0},"south":{"uv":[8.21875,8.015625,8.125,8.125],"rotation":0,"texture":"#0","tintindex":0},"up":{"uv":[7.84375,8.015625,7.9375,7.828125],"rotation":0,"texture":"#0","tintindex":0},"west":{"uv":[7.84375,8.015625,7.65625,8.125],"rotation":0,"texture":"#0","tintindex":0}}},{"name":"leftfinger_a","from":[12.028275,7.666358,-2.7670436],"to":[15.889275,11.527358,2.0299582],"rotation":{"angle":-22.5,"axis":"y","origin":[13.666274,10.883858,-5.5750437]},"faces":{"down":{"uv":[4.546875,9.4375,4.609375,9.515625],"rotation":0,"texture":"#0","tintindex":0},"east":{"uv":[4.625,9.515625,4.546875,9.578125],"rotation":0,"texture":"#0","tintindex":0},"north":{"uv":[4.546875,9.515625,4.484375,9.578125],"rotation":0,"texture":"#0","tintindex":0},"south":{"uv":[4.6875,9.515625,4.625,9.578125],"rotation":0,"texture":"#0","tintindex":0},"up":{"uv":[4.484375,9.515625,4.546875,9.4375],"rotation":0,"texture":"#0","tintindex":0},"west":{"uv":[4.484375,9.515625,4.40625,9.578125],"rotation":0,"texture":"#0","tintindex":0}}},{"name":"leftfinger_a","from":[12.613274,4.6243567,-5.224045],"to":[15.187274,10.825357,-2.0650449],"rotation":{"angle":-22.5,"axis":"y","origin":[13.666274,10.883858,-5.5750437]},"faces":{"down":{"uv":[2.265625,9.640625,2.296875,9.6875],"rotation":0,"texture":"#0","tintindex":0},"east":{"uv":[2.3125,9.6875,2.265625,9.78125],"rotation":0,"texture":"#0","tintindex":0},"north":{"uv":[2.265625,9.6875,2.234375,9.78125],"rotation":0,"texture":"#0","tintindex":0},"south":{"uv":[2.34375,9.6875,2.3125,9.78125],"rotation":0,"texture":"#0","tintindex":0},"up":{"uv":[2.234375,9.6875,2.265625,9.640625],"rotation":0,"texture":"#0","tintindex":0},"west":{"uv":[2.234375,9.6875,2.1875,9.78125],"rotation":0,"texture":"#0","tintindex":0}}}],"display":{"head":{"translation":[0.0,-6.4,0.0],"rotation":[0.0,0.0,0.0],"scale":[3.8095,3.8095,3.8095]}}}