{"textures":{"0":"modelengine:entity/ice_titan"},"elements":[{"name":"rightfinger_b","from":[2.1009378,4.902511,-3.4323277],"to":[8.615498,12.367111,8.819552],"rotation":{"angle":22.5,"axis":"y","origin":[5.143406,7.754498,1.2950345]},"faces":{"down":{"uv":[4.390625,7.828125,4.28125,8.03125],"rotation":0,"texture":"#0","tintindex":0},"east":{"uv":[3.96875,8.03125,4.171875,8.15625],"rotation":0,"texture":"#0","tintindex":0},"north":{"uv":[4.171875,8.03125,4.28125,8.15625],"rotation":0,"texture":"#0","tintindex":0},"south":{"uv":[4.484375,8.03125,4.59375,8.15625],"rotation":0,"texture":"#0","tintindex":0},"up":{"uv":[4.28125,8.03125,4.171875,7.828125],"rotation":0,"texture":"#0","tintindex":0},"west":{"uv":[4.28125,8.03125,4.484375,8.15625],"rotation":0,"texture":"#0","tintindex":0}}},{"name":"rightfinger_b","from":[-1.1563425,8.4312315,-6.1467295],"to":[3.3224185,12.909991,-0.58220863],"rotation":{"angle":22.5,"axis":"y","origin":[1.2075261,11.283217,-9.155409]},"faces":{"down":{"uv":[3.75,9.296875,3.6875,9.390625],"rotation":0,"texture":"#0","tintindex":0},"east":{"uv":[3.53125,9.390625,3.625,9.453125],"rotation":0,"texture":"#0","tintindex":0},"north":{"uv":[3.625,9.390625,3.6875,9.453125],"rotation":0,"texture":"#0","tintindex":0},"south":{"uv":[3.78125,9.390625,3.84375,9.453125],"rotation":0,"texture":"#0","tintindex":0},"up":{"uv":[3.6875,9.390625,3.625,9.296875],"rotation":0,"texture":"#0","tintindex":0},"west":{"uv":[3.6875,9.390625,3.78125,9.453125],"rotation":0,"texture":"#0","tintindex":0}}},{"name":"rightfinger_b","from":[-0.34202218,4.902511,-8.996848],"to":[2.6438181,12.095673,-5.332409],"rotation":{"angle":22.5,"axis":"y","origin":[1.2075261,11.283217,-9.155409]},"faces":{"down":{"uv":[4.84375,9.296875,4.796875,9.359375],"rotation":0,"texture":"#0","tintindex":0},"east":{"uv":[4.6875,9.359375,4.75,9.46875],"rotation":0,"texture":"#0","tintindex":0},"north":{"uv":[4.75,9.359375,4.796875,9.46875],"rotation":0,"texture":"#0","tintindex":0},"south":{"uv":[4.859375,9.359375,4.90625,9.46875],"rotation":0,"texture":"#0","tintindex":0},"up":{"uv":[4.796875,9.359375,4.75,9.296875],"rotation":0,"texture":"#0","tintindex":0},"west":{"uv":[4.796875,9.359375,4.859375,9.46875],"rotation":0,"texture":"#0","tintindex":0}}}],"display":{"head":{"translation":[0.0,-6.4,0.0],"rotation":[0.0,0.0,0.0],"scale":[3.8095,3.8095,3.8095]}}}