{"textures":{"0":"modelengine:entity/ice_titan"},"elements":[{"name":"rightfinger_a","from":[2.9187257,4.6243567,-0.42704272],"to":[8.534726,11.059357,10.615957],"rotation":{"angle":22.5,"axis":"y","origin":[5.726726,7.8418574,3.4339583]},"faces":{"down":{"uv":[8.03125,7.828125,7.9375,8.015625],"rotation":0,"texture":"#0","tintindex":0},"east":{"uv":[7.65625,8.015625,7.84375,8.125],"rotation":0,"texture":"#0","tintindex":0},"north":{"uv":[7.84375,8.015625,7.9375,8.125],"rotation":0,"texture":"#0","tintindex":0},"south":{"uv":[8.125,8.015625,8.21875,8.125],"rotation":0,"texture":"#0","tintindex":0},"up":{"uv":[7.9375,8.015625,7.84375,7.828125],"rotation":0,"texture":"#0","tintindex":0},"west":{"uv":[7.9375,8.015625,8.125,8.125],"rotation":0,"texture":"#0","tintindex":0}}},{"name":"rightfinger_a","from":[0.1107254,7.666358,-2.7670436],"to":[3.9717252,11.527358,2.0299582],"rotation":{"angle":22.5,"axis":"y","origin":[2.3337255,10.883858,-5.5750437]},"faces":{"down":{"uv":[4.609375,9.4375,4.546875,9.515625],"rotation":0,"texture":"#0","tintindex":0},"east":{"uv":[4.40625,9.515625,4.484375,9.578125],"rotation":0,"texture":"#0","tintindex":0},"north":{"uv":[4.484375,9.515625,4.546875,9.578125],"rotation":0,"texture":"#0","tintindex":0},"south":{"uv":[4.625,9.515625,4.6875,9.578125],"rotation":0,"texture":"#0","tintindex":0},"up":{"uv":[4.546875,9.515625,4.484375,9.4375],"rotation":0,"texture":"#0","tintindex":0},"west":{"uv":[4.546875,9.515625,4.625,9.578125],"rotation":0,"texture":"#0","tintindex":0}}},{"name":"rightfinger_a","from":[0.81272554,4.6243567,-5.224045],"to":[3.3867261,10.825357,-2.0650449],"rotation":{"angle":22.5,"axis":"y","origin":[2.3337255,10.883858,-5.5750437]},"faces":{"down":{"uv":[2.296875,9.640625,2.265625,9.6875],"rotation":0,"texture":"#0","tintindex":0},"east":{"uv":[2.1875,9.6875,2.234375,9.78125],"rotation":0,"texture":"#0","tintindex":0},"north":{"uv":[2.234375,9.6875,2.265625,9.78125],"rotation":0,"texture":"#0","tintindex":0},"south":{"uv":[2.3125,9.6875,2.34375,9.78125],"rotation":0,"texture":"#0","tintindex":0},"up":{"uv":[2.265625,9.6875,2.234375,9.640625],"rotation":0,"texture":"#0","tintindex":0},"west":{"uv":[2.265625,9.6875,2.3125,9.78125],"rotation":0,"texture":"#0","tintindex":0}}}],"display":{"head":{"translation":[0.0,-6.4,0.0],"rotation":[0.0,0.0,0.0],"scale":[3.8095,3.8095,3.8095]}}}