{"textures":{"0":"modelengine:entity/ice_titan"},"elements":[{"name":"rightfinger_c","from":[6.6618786,5.0530524,-12.453294],"to":[9.54476,11.998172,-8.690215],"rotation":{"angle":0.0,"axis":"x","origin":[-18.60757,25.69946,48.65771]},"faces":{"down":{"uv":[4.84375,9.296875,4.796875,9.359375],"rotation":0,"texture":"#0","tintindex":0},"east":{"uv":[4.6875,9.359375,4.75,9.46875],"rotation":0,"texture":"#0","tintindex":0},"north":{"uv":[4.75,9.359375,4.796875,9.46875],"rotation":0,"texture":"#0","tintindex":0},"south":{"uv":[4.859375,9.359375,4.90625,9.46875],"rotation":0,"texture":"#0","tintindex":0},"up":{"uv":[4.796875,9.359375,4.75,9.296875],"rotation":0,"texture":"#0","tintindex":0},"west":{"uv":[4.796875,9.359375,4.859375,9.46875],"rotation":0,"texture":"#0","tintindex":0}}},{"name":"rightfinger_c","from":[5.9411597,8.460092,-9.701452],"to":[10.26548,12.784412,-4.328812],"rotation":{"angle":0.0,"axis":"x","origin":[-18.60757,25.69946,48.65771]},"faces":{"down":{"uv":[4.609375,9.296875,4.546875,9.375],"rotation":0,"texture":"#0","tintindex":0},"east":{"uv":[4.40625,9.375,4.484375,9.4375],"rotation":0,"texture":"#0","tintindex":0},"north":{"uv":[4.484375,9.375,4.546875,9.4375],"rotation":0,"texture":"#0","tintindex":0},"south":{"uv":[4.625,9.375,4.6875,9.4375],"rotation":0,"texture":"#0","tintindex":0},"up":{"uv":[4.546875,9.375,4.484375,9.296875],"rotation":0,"texture":"#0","tintindex":0},"west":{"uv":[4.546875,9.375,4.625,9.4375],"rotation":0,"texture":"#0","tintindex":0}}},{"name":"rightfinger_c","from":[4.9583592,5.0530524,-7.080654],"to":[11.24828,12.260252,7.7715073],"rotation":{"angle":0.0,"axis":"x","origin":[-18.60757,25.69946,48.65771]},"faces":{"down":{"uv":[7.03125,7.34375,6.9375,7.59375],"rotation":0,"texture":"#0","tintindex":0},"east":{"uv":[6.59375,7.59375,6.84375,7.71875],"rotation":0,"texture":"#0","tintindex":0},"north":{"uv":[6.84375,7.59375,6.9375,7.71875],"rotation":0,"texture":"#0","tintindex":0},"south":{"uv":[7.1875,7.59375,7.28125,7.71875],"rotation":0,"texture":"#0","tintindex":0},"up":{"uv":[6.9375,7.59375,6.84375,7.34375],"rotation":0,"texture":"#0","tintindex":0},"west":{"uv":[6.9375,7.59375,7.1875,7.71875],"rotation":0,"texture":"#0","tintindex":0}}}],"display":{"head":{"translation":[0.0,-6.4,0.0],"rotation":[0.0,0.0,0.0],"scale":[3.8095,3.8095,3.8095]}}}