{"textures":{"0":"modelengine:entity/ice_titan"},"elements":[{"name":"rightfinger_d","from":[12.615432,9.486381,-2.1906576],"to":[17.016975,13.88792,3.2779202],"rotation":{"angle":-22.5,"axis":"y","origin":[14.506651,12.274016,-5.0640955]},"faces":{"down":{"uv":[3.40625,9.4375,3.34375,9.53125],"rotation":0,"texture":"#0","tintindex":0},"east":{"uv":[3.1875,9.53125,3.28125,9.59375],"rotation":0,"texture":"#0","tintindex":0},"north":{"uv":[3.28125,9.53125,3.34375,9.59375],"rotation":0,"texture":"#0","tintindex":0},"south":{"uv":[3.4375,9.53125,3.5,9.59375],"rotation":0,"texture":"#0","tintindex":0},"up":{"uv":[3.34375,9.53125,3.28125,9.4375],"rotation":0,"texture":"#0","tintindex":0},"west":{"uv":[3.34375,9.53125,3.4375,9.59375],"rotation":0,"texture":"#0","tintindex":0}}},{"name":"rightfinger_d","from":[7.413614,6.0185003,0.47694206],"to":[13.815853,13.3544,9.753963],"rotation":{"angle":-22.5,"axis":"y","origin":[10.63863,8.806135,5.206163]},"faces":{"down":{"uv":[6.75,8.15625,6.640625,8.3125],"rotation":0,"texture":"#0","tintindex":0},"east":{"uv":[6.375,8.3125,6.53125,8.4375],"rotation":0,"texture":"#0","tintindex":0},"north":{"uv":[6.53125,8.3125,6.640625,8.4375],"rotation":0,"texture":"#0","tintindex":0},"south":{"uv":[6.796875,8.3125,6.90625,8.4375],"rotation":0,"texture":"#0","tintindex":0},"up":{"uv":[6.640625,8.3125,6.53125,8.15625],"rotation":0,"texture":"#0","tintindex":0},"west":{"uv":[6.640625,8.3125,6.796875,8.4375],"rotation":0,"texture":"#0","tintindex":0}}},{"name":"rightfinger_d","from":[13.282334,6.0185003,-4.99164],"to":[16.216694,13.087641,-1.3903813],"rotation":{"angle":-22.5,"axis":"y","origin":[14.506651,12.274016,-5.0640955]},"faces":{"down":{"uv":[4.84375,9.296875,4.796875,9.359375],"rotation":0,"texture":"#0","tintindex":0},"east":{"uv":[4.6875,9.359375,4.75,9.46875],"rotation":0,"texture":"#0","tintindex":0},"north":{"uv":[4.75,9.359375,4.796875,9.46875],"rotation":0,"texture":"#0","tintindex":0},"south":{"uv":[4.859375,9.359375,4.90625,9.46875],"rotation":0,"texture":"#0","tintindex":0},"up":{"uv":[4.796875,9.359375,4.75,9.296875],"rotation":0,"texture":"#0","tintindex":0},"west":{"uv":[4.796875,9.359375,4.859375,9.46875],"rotation":0,"texture":"#0","tintindex":0}}}],"display":{"head":{"translation":[0.0,-6.4,0.0],"rotation":[0.0,0.0,0.0],"scale":[3.8095,3.8095,3.8095]}}}