{"textures":{"0":"modelengine:entity/ice_titan"},"elements":[{"name":"tail_e","from":[2.5356503,4.2294073,-11.755289],"to":[13.396851,12.52381,12.969509],"rotation":{"angle":0.0,"axis":"x","origin":[7.96625,-30.125656,-135.77615]},"faces":{"down":{"uv":[8.140625,2.125,7.953125,2.546875],"rotation":0,"texture":"#0","tintindex":0},"east":{"uv":[7.34375,2.546875,7.765625,2.6875],"rotation":0,"texture":"#0","tintindex":0},"north":{"uv":[7.765625,2.546875,7.953125,2.6875],"rotation":0,"texture":"#0","tintindex":0},"south":{"uv":[8.375,2.546875,8.5625,2.6875],"rotation":0,"texture":"#0","tintindex":0},"up":{"uv":[7.953125,2.546875,7.765625,2.125],"rotation":0,"texture":"#0","tintindex":0},"west":{"uv":[7.953125,2.546875,8.375,2.6875],"rotation":0,"texture":"#0","tintindex":0}}},{"name":"tail_e","from":[3.04145,5.786278,-8.009262],"to":[12.531051,16.406279,15.17474],"rotation":{"angle":-22.5,"axis":"x","origin":[7.78625,11.096275,3.5827446]},"faces":{"down":{"uv":[1.796875,3.515625,1.640625,3.90625],"rotation":0,"texture":"#0","tintindex":0},"east":{"uv":[1.09375,3.90625,1.484375,4.078125],"rotation":0,"texture":"#0","tintindex":0},"north":{"uv":[1.484375,3.90625,1.640625,4.078125],"rotation":0,"texture":"#0","tintindex":0},"south":{"uv":[2.03125,3.90625,2.1875,4.078125],"rotation":0,"texture":"#0","tintindex":0},"up":{"uv":[1.640625,3.90625,1.484375,3.515625],"rotation":0,"texture":"#0","tintindex":0},"west":{"uv":[1.640625,3.90625,2.03125,4.078125],"rotation":0,"texture":"#0","tintindex":0}}},{"name":"tail_e","from":[3.04145,3.5010686,8.815998],"to":[12.531051,14.121067,32.0],"rotation":{"angle":-22.5,"axis":"x","origin":[7.78625,8.811068,20.407993]},"faces":{"down":{"uv":[3.046875,2.9375,2.890625,3.328125],"rotation":0,"texture":"#0","tintindex":0},"east":{"uv":[2.34375,3.328125,2.734375,3.5],"rotation":0,"texture":"#0","tintindex":0},"north":{"uv":[2.734375,3.328125,2.890625,3.5],"rotation":0,"texture":"#0","tintindex":0},"south":{"uv":[3.28125,3.328125,3.4375,3.5],"rotation":0,"texture":"#0","tintindex":0},"up":{"uv":[2.890625,3.328125,2.734375,2.9375],"rotation":0,"texture":"#0","tintindex":0},"west":{"uv":[2.890625,3.328125,3.28125,3.5],"rotation":0,"texture":"#0","tintindex":0}}},{"name":"tail_e","from":[3.04145,5.786271,-0.17926025],"to":[12.531051,16.40627,23.004742],"rotation":{"angle":-22.5,"axis":"x","origin":[7.78625,11.09627,11.412746]},"faces":{"down":{"uv":[0.703125,3.515625,0.546875,3.90625],"rotation":0,"texture":"#0","tintindex":0},"east":{"uv":[0.0,3.90625,0.390625,4.078125],"rotation":0,"texture":"#0","tintindex":0},"north":{"uv":[0.390625,3.90625,0.546875,4.078125],"rotation":0,"texture":"#0","tintindex":0},"south":{"uv":[0.9375,3.90625,1.09375,4.078125],"rotation":0,"texture":"#0","tintindex":0},"up":{"uv":[0.546875,3.90625,0.390625,3.515625],"rotation":0,"texture":"#0","tintindex":0},"west":{"uv":[0.546875,3.90625,0.9375,4.078125],"rotation":0,"texture":"#0","tintindex":0}}}],"display":{"head":{"translation":[0.0,-6.4,62.178947],"rotation":[0.0,0.0,0.0],"scale":[3.8095,3.8095,3.8095]}}}