{"textures":{"0":"modelengine:entity/ice_titan"},"elements":[{"name":"tail_b","from":[-2.6956005,11.058197,-5.446203],"to":[18.6956,27.992598,28.188591],"rotation":{"angle":0.0,"axis":"x","origin":[8.0,-20.776867,-54.49707]},"faces":{"down":{"uv":[1.296875,1.265625,0.9375,1.84375],"rotation":0,"texture":"#0","tintindex":0},"east":{"uv":[0.0,1.84375,0.578125,2.125],"rotation":0,"texture":"#0","tintindex":0},"north":{"uv":[0.578125,1.84375,0.9375,2.125],"rotation":0,"texture":"#0","tintindex":0},"south":{"uv":[1.515625,1.84375,1.875,2.125],"rotation":0,"texture":"#0","tintindex":0},"up":{"uv":[0.9375,1.84375,0.578125,1.265625],"rotation":0,"texture":"#0","tintindex":0},"west":{"uv":[0.9375,1.84375,1.515625,2.125],"rotation":0,"texture":"#0","tintindex":0}}},{"name":"tail_b","from":[-0.07480049,-16.0,8.815992],"to":[9.414801,-5.3799973,32.0],"rotation":{"angle":-22.5,"axis":"x","origin":[15.8372,22.45351,-67.99971]},"faces":{"down":{"uv":[4.140625,2.9375,3.984375,3.328125],"rotation":0,"texture":"#0","tintindex":0},"east":{"uv":[3.4375,3.328125,3.828125,3.5],"rotation":0,"texture":"#0","tintindex":0},"north":{"uv":[3.828125,3.328125,3.984375,3.5],"rotation":0,"texture":"#0","tintindex":0},"south":{"uv":[4.375,3.328125,4.53125,3.5],"rotation":0,"texture":"#0","tintindex":0},"up":{"uv":[3.984375,3.328125,3.828125,2.9375],"rotation":0,"texture":"#0","tintindex":0},"west":{"uv":[3.984375,3.328125,4.375,3.5],"rotation":0,"texture":"#0","tintindex":0}}},{"name":"tail_b","from":[5.1452,-14.484573,5.157426],"to":[14.634799,-3.8645716,28.34143],"rotation":{"angle":-22.5,"axis":"x","origin":[15.8372,22.45351,-67.99971]},"faces":{"down":{"uv":[5.234375,2.9375,5.078125,3.328125],"rotation":0,"texture":"#0","tintindex":0},"east":{"uv":[4.53125,3.328125,4.921875,3.5],"rotation":0,"texture":"#0","tintindex":0},"north":{"uv":[4.921875,3.328125,5.078125,3.5],"rotation":0,"texture":"#0","tintindex":0},"south":{"uv":[5.46875,3.328125,5.625,3.5],"rotation":0,"texture":"#0","tintindex":0},"up":{"uv":[5.078125,3.328125,4.921875,2.9375],"rotation":0,"texture":"#0","tintindex":0},"west":{"uv":[5.078125,3.328125,5.46875,3.5],"rotation":0,"texture":"#0","tintindex":0}}},{"name":"tail_b","from":[7.0352,-12.131744,1.3586555],"to":[16.5248,-1.5117435,24.542652],"rotation":{"angle":-22.5,"axis":"x","origin":[15.8372,22.45351,-67.99971]},"faces":{"down":{"uv":[6.328125,2.9375,6.171875,3.328125],"rotation":0,"texture":"#0","tintindex":0},"east":{"uv":[5.625,3.328125,6.015625,3.5],"rotation":0,"texture":"#0","tintindex":0},"north":{"uv":[6.015625,3.328125,6.171875,3.5],"rotation":0,"texture":"#0","tintindex":0},"south":{"uv":[6.5625,3.328125,6.71875,3.5],"rotation":0,"texture":"#0","tintindex":0},"up":{"uv":[6.171875,3.328125,6.015625,2.9375],"rotation":0,"texture":"#0","tintindex":0},"west":{"uv":[6.171875,3.328125,6.5625,3.5],"rotation":0,"texture":"#0","tintindex":0}}},{"name":"tail_b","from":[0.7351999,-12.79694,1.0831232],"to":[10.2248,-2.1769419,24.267124],"rotation":{"angle":-22.5,"axis":"x","origin":[15.8372,22.45351,-67.99971]},"faces":{"down":{"uv":[7.421875,2.9375,7.265625,3.328125],"rotation":0,"texture":"#0","tintindex":0},"east":{"uv":[6.71875,3.328125,7.109375,3.5],"rotation":0,"texture":"#0","tintindex":0},"north":{"uv":[7.109375,3.328125,7.265625,3.5],"rotation":0,"texture":"#0","tintindex":0},"south":{"uv":[7.65625,3.328125,7.8125,3.5],"rotation":0,"texture":"#0","tintindex":0},"up":{"uv":[7.265625,3.328125,7.109375,2.9375],"rotation":0,"texture":"#0","tintindex":0},"west":{"uv":[7.265625,3.328125,7.65625,3.5],"rotation":0,"texture":"#0","tintindex":0}}}],"display":{"head":{"translation":[0.0,-47.98015,19.09988],"rotation":[0.0,0.0,0.0],"scale":[3.8095,3.8095,3.8095]}}}