{"textures":{"0":"modelengine:entity/ice_titan"},"elements":[{"name":"tail_a","from":[-4.4956007,-3.7221656,-0.465178],"to":[20.495602,17.712234,28.669624],"rotation":{"angle":0.0,"axis":"x","origin":[8.0,-33.75723,-30.616043]},"faces":{"down":{"uv":[3.21875,1.265625,2.796875,1.765625],"rotation":0,"texture":"#0","tintindex":0},"east":{"uv":[1.875,1.765625,2.375,2.125],"rotation":0,"texture":"#0","tintindex":0},"north":{"uv":[2.375,1.765625,2.796875,2.125],"rotation":0,"texture":"#0","tintindex":0},"south":{"uv":[3.296875,1.765625,3.71875,2.125],"rotation":0,"texture":"#0","tintindex":0},"up":{"uv":[2.796875,1.765625,2.375,1.265625],"rotation":0,"texture":"#0","tintindex":0},"west":{"uv":[2.796875,1.765625,3.296875,2.125],"rotation":0,"texture":"#0","tintindex":0}}},{"name":"tail_a","from":[-8.704,12.859034,6.789299],"to":[3.0535996,18.475033,22.650898],"rotation":{"angle":22.5,"axis":"z","origin":[-2.9440002,17.074635,-55.893906]},"faces":{"down":{"uv":[3.546875,6.90625,3.34375,7.171875],"rotation":0,"texture":"#0","tintindex":0},"east":{"uv":[2.875,7.171875,3.140625,7.265625],"rotation":0,"texture":"#0","tintindex":0},"north":{"uv":[3.140625,7.171875,3.34375,7.265625],"rotation":0,"texture":"#0","tintindex":0},"south":{"uv":[3.609375,7.171875,3.8125,7.265625],"rotation":0,"texture":"#0","tintindex":0},"up":{"uv":[3.34375,7.171875,3.140625,6.90625],"rotation":0,"texture":"#0","tintindex":0},"west":{"uv":[3.34375,7.171875,3.609375,7.265625],"rotation":0,"texture":"#0","tintindex":0}}},{"name":"tail_a","from":[-5.982401,14.583434,4.161298],"to":[3.7447999,20.73943,16.602898],"rotation":{"angle":22.5,"axis":"z","origin":[-2.9440002,17.074635,-55.893906]},"faces":{"down":{"uv":[1.234375,7.828125,1.078125,8.03125],"rotation":0,"texture":"#0","tintindex":0},"east":{"uv":[0.71875,8.03125,0.921875,8.125],"rotation":0,"texture":"#0","tintindex":0},"north":{"uv":[0.921875,8.03125,1.078125,8.125],"rotation":0,"texture":"#0","tintindex":0},"south":{"uv":[1.28125,8.03125,1.4375,8.125],"rotation":0,"texture":"#0","tintindex":0},"up":{"uv":[1.078125,8.03125,0.921875,7.828125],"rotation":0,"texture":"#0","tintindex":0},"west":{"uv":[1.078125,8.03125,1.28125,8.125],"rotation":0,"texture":"#0","tintindex":0}}},{"name":"tail_a","from":[12.2552,14.583434,4.161298],"to":[21.982403,20.73943,16.602898],"rotation":{"angle":-22.5,"axis":"z","origin":[18.944,17.074635,-55.893906]},"faces":{"down":{"uv":[0.515625,7.828125,0.359375,8.03125],"rotation":0,"texture":"#0","tintindex":0},"east":{"uv":[0.0,8.03125,0.203125,8.125],"rotation":0,"texture":"#0","tintindex":0},"north":{"uv":[0.203125,8.03125,0.359375,8.125],"rotation":0,"texture":"#0","tintindex":0},"south":{"uv":[0.5625,8.03125,0.71875,8.125],"rotation":0,"texture":"#0","tintindex":0},"up":{"uv":[0.359375,8.03125,0.203125,7.828125],"rotation":0,"texture":"#0","tintindex":0},"west":{"uv":[0.359375,8.03125,0.5625,8.125],"rotation":0,"texture":"#0","tintindex":0}}},{"name":"tail_a","from":[12.9464,12.859034,6.789299],"to":[24.704002,18.475033,22.650898],"rotation":{"angle":-22.5,"axis":"z","origin":[18.944,17.074635,-55.893906]},"faces":{"down":{"uv":[2.609375,6.90625,2.40625,7.171875],"rotation":0,"texture":"#0","tintindex":0},"east":{"uv":[1.9375,7.171875,2.203125,7.265625],"rotation":0,"texture":"#0","tintindex":0},"north":{"uv":[2.203125,7.171875,2.40625,7.265625],"rotation":0,"texture":"#0","tintindex":0},"south":{"uv":[2.671875,7.171875,2.875,7.265625],"rotation":0,"texture":"#0","tintindex":0},"up":{"uv":[2.40625,7.171875,2.203125,6.90625],"rotation":0,"texture":"#0","tintindex":0},"west":{"uv":[2.40625,7.171875,2.671875,7.265625],"rotation":0,"texture":"#0","tintindex":0}}},{"name":"tail_a","from":[-6.299651,10.468853,14.971329],"to":[1.1451495,24.678059,22.17133],"rotation":{"angle":45.0,"axis":"z","origin":[-2.9876504,20.847656,-34.139874]},"faces":{"down":{"uv":[0.875,8.15625,0.75,8.28125],"rotation":0,"texture":"#0","tintindex":0},"east":{"uv":[0.5,8.28125,0.625,8.515625],"rotation":0,"texture":"#0","tintindex":0},"north":{"uv":[0.625,8.28125,0.75,8.515625],"rotation":0,"texture":"#0","tintindex":0},"south":{"uv":[0.875,8.28125,1.0,8.515625],"rotation":0,"texture":"#0","tintindex":0},"up":{"uv":[0.75,8.28125,0.625,8.15625],"rotation":0,"texture":"#0","tintindex":0},"west":{"uv":[0.75,8.28125,0.875,8.515625],"rotation":0,"texture":"#0","tintindex":0}}},{"name":"tail_a","from":[14.854851,10.468853,14.971329],"to":[22.299652,24.678059,22.17133],"rotation":{"angle":-45.0,"axis":"z","origin":[18.98765,20.847656,-34.139874]},"faces":{"down":{"uv":[0.375,8.15625,0.25,8.28125],"rotation":0,"texture":"#0","tintindex":0},"east":{"uv":[0.0,8.28125,0.125,8.515625],"rotation":0,"texture":"#0","tintindex":0},"north":{"uv":[0.125,8.28125,0.25,8.515625],"rotation":0,"texture":"#0","tintindex":0},"south":{"uv":[0.375,8.28125,0.5,8.515625],"rotation":0,"texture":"#0","tintindex":0},"up":{"uv":[0.25,8.28125,0.125,8.15625],"rotation":0,"texture":"#0","tintindex":0},"west":{"uv":[0.25,8.28125,0.375,8.515625],"rotation":0,"texture":"#0","tintindex":0}}},{"name":"tail_a","from":[1.7179996,8.591486,8.059996],"to":[14.282001,22.217487,27.049995],"rotation":{"angle":0.0,"axis":"x","origin":[8.0,-33.75723,-30.616043]},"faces":{"down":{"uv":[5.109375,5.203125,4.90625,5.53125],"rotation":0,"texture":"#0","tintindex":0},"east":{"uv":[4.375,5.53125,4.703125,5.765625],"rotation":0,"texture":"#0","tintindex":0},"north":{"uv":[4.703125,5.53125,4.90625,5.765625],"rotation":0,"texture":"#0","tintindex":0},"south":{"uv":[5.234375,5.53125,5.4375,5.765625],"rotation":0,"texture":"#0","tintindex":0},"up":{"uv":[4.90625,5.53125,4.703125,5.203125],"rotation":0,"texture":"#0","tintindex":0},"west":{"uv":[4.90625,5.53125,5.234375,5.765625],"rotation":0,"texture":"#0","tintindex":0}}},{"name":"tail_a","from":[-0.98200035,8.591486,24.979996],"to":[16.982002,20.237484,32.0],"rotation":{"angle":0.0,"axis":"x","origin":[8.0,-33.75723,-30.616043]},"faces":{"down":{"uv":[5.609375,7.53125,5.3125,7.640625],"rotation":0,"texture":"#0","tintindex":0},"east":{"uv":[4.90625,7.640625,5.015625,7.828125],"rotation":0,"texture":"#0","tintindex":0},"north":{"uv":[5.015625,7.640625,5.3125,7.828125],"rotation":0,"texture":"#0","tintindex":0},"south":{"uv":[5.421875,7.640625,5.71875,7.828125],"rotation":0,"texture":"#0","tintindex":0},"up":{"uv":[5.3125,7.640625,5.015625,7.53125],"rotation":0,"texture":"#0","tintindex":0},"west":{"uv":[5.3125,7.640625,5.421875,7.828125],"rotation":0,"texture":"#0","tintindex":0}}}],"display":{"head":{"translation":[0.0,-6.4,15.066548],"rotation":[0.0,0.0,0.0],"scale":[3.8095,3.8095,3.8095]}}}