{"textures":{"0":"modelengine:entity/ice_titan"},"elements":[{"name":"tail_f","from":[0.8143997,5.767999,5.2051954],"to":[15.1856,11.182401,18.679993],"rotation":{"angle":0.0,"axis":"x","origin":[8.0,-30.027065,-146.08568]},"faces":{"down":{"uv":[9.0,6.90625,8.765625,7.125],"rotation":0,"texture":"#0","tintindex":0},"east":{"uv":[8.3125,7.125,8.53125,7.21875],"rotation":0,"texture":"#0","tintindex":0},"north":{"uv":[8.53125,7.125,8.765625,7.21875],"rotation":0,"texture":"#0","tintindex":0},"south":{"uv":[8.984375,7.125,9.21875,7.21875],"rotation":0,"texture":"#0","tintindex":0},"up":{"uv":[8.765625,7.125,8.53125,6.90625],"rotation":0,"texture":"#0","tintindex":0},"west":{"uv":[8.765625,7.125,8.984375,7.21875],"rotation":0,"texture":"#0","tintindex":0}}},{"name":"tail_f","from":[-2.33212,5.0479984,-2.2648034],"to":[8.46788,11.812398,8.535198],"rotation":{"angle":-45.0,"axis":"y","origin":[3.0984797,7.6651983,10.097599]},"faces":{"down":{"uv":[7.84375,7.34375,7.65625,7.53125],"rotation":0,"texture":"#0","tintindex":0},"east":{"uv":[7.28125,7.53125,7.46875,7.640625],"rotation":0,"texture":"#0","tintindex":0},"north":{"uv":[7.46875,7.53125,7.65625,7.640625],"rotation":0,"texture":"#0","tintindex":0},"south":{"uv":[7.84375,7.53125,8.03125,7.640625],"rotation":0,"texture":"#0","tintindex":0},"up":{"uv":[7.65625,7.53125,7.46875,7.34375],"rotation":0,"texture":"#0","tintindex":0},"west":{"uv":[7.65625,7.53125,7.84375,7.640625],"rotation":0,"texture":"#0","tintindex":0}}},{"name":"tail_f","from":[2.8393998,6.1279984,17.71519],"to":[13.1606,11.002399,32.0],"rotation":{"angle":0.0,"axis":"x","origin":[8.0,-30.027065,-146.08568]},"faces":{"down":{"uv":[4.671875,7.34375,4.5,7.578125],"rotation":0,"texture":"#0","tintindex":0},"east":{"uv":[4.09375,7.578125,4.328125,7.65625],"rotation":0,"texture":"#0","tintindex":0},"north":{"uv":[4.328125,7.578125,4.5,7.65625],"rotation":0,"texture":"#0","tintindex":0},"south":{"uv":[4.734375,7.578125,4.90625,7.65625],"rotation":0,"texture":"#0","tintindex":0},"up":{"uv":[4.5,7.578125,4.328125,7.34375],"rotation":0,"texture":"#0","tintindex":0},"west":{"uv":[4.5,7.578125,4.734375,7.65625],"rotation":0,"texture":"#0","tintindex":0}}}],"display":{"head":{"translation":[0.0,-6.4,30.4685],"rotation":[0.0,0.0,0.0],"scale":[3.8095,3.8095,3.8095]}}}