{"textures":{"0":"modelengine:entity/ice_titan"},"elements":[{"name":"tail_d","from":[2.436714,20.717834,6.7954535],"to":[12.573286,28.313835,25.677454],"rotation":{"angle":0.0,"axis":"x","origin":[7.505,-3.307211,-65.140884]},"faces":{"down":{"uv":[0.921875,2.125,0.6875,2.578125],"rotation":0,"texture":"#0","tintindex":0},"east":{"uv":[0.0,2.578125,0.453125,2.75],"rotation":0,"texture":"#0","tintindex":0},"north":{"uv":[0.453125,2.578125,0.6875,2.75],"rotation":0,"texture":"#0","tintindex":0},"south":{"uv":[1.140625,2.578125,1.375,2.75],"rotation":0,"texture":"#0","tintindex":0},"up":{"uv":[0.6875,2.578125,0.453125,2.125],"rotation":0,"texture":"#0","tintindex":0},"west":{"uv":[0.6875,2.578125,1.140625,2.75],"rotation":0,"texture":"#0","tintindex":0}}},{"name":"tail_d","from":[2.8944283,-11.131464,0.82607126],"to":[9.672714,-3.5457497,17.38607],"rotation":{"angle":-22.5,"axis":"x","origin":[13.103001,27.57163,-74.78562]},"faces":{"down":{"uv":[7.265625,3.515625,7.109375,3.90625],"rotation":0,"texture":"#0","tintindex":0},"east":{"uv":[6.5625,3.90625,6.953125,4.078125],"rotation":0,"texture":"#0","tintindex":0},"north":{"uv":[6.953125,3.90625,7.109375,4.078125],"rotation":0,"texture":"#0","tintindex":0},"south":{"uv":[7.5,3.90625,7.65625,4.078125],"rotation":0,"texture":"#0","tintindex":0},"up":{"uv":[7.109375,3.90625,6.953125,3.515625],"rotation":0,"texture":"#0","tintindex":0},"west":{"uv":[7.109375,3.90625,7.5,4.078125],"rotation":0,"texture":"#0","tintindex":0}}},{"name":"tail_d","from":[5.1444283,-12.408245,2.7325916],"to":[11.922714,-4.8225327,19.292591],"rotation":{"angle":-22.5,"axis":"x","origin":[13.103001,27.57163,-74.78562]},"faces":{"down":{"uv":[6.171875,3.515625,6.015625,3.90625],"rotation":0,"texture":"#0","tintindex":0},"east":{"uv":[5.46875,3.90625,5.859375,4.078125],"rotation":0,"texture":"#0","tintindex":0},"north":{"uv":[5.859375,3.90625,6.015625,4.078125],"rotation":0,"texture":"#0","tintindex":0},"south":{"uv":[6.40625,3.90625,6.5625,4.078125],"rotation":0,"texture":"#0","tintindex":0},"up":{"uv":[6.015625,3.90625,5.859375,3.515625],"rotation":0,"texture":"#0","tintindex":0},"west":{"uv":[6.015625,3.90625,6.40625,4.078125],"rotation":0,"texture":"#0","tintindex":0}}},{"name":"tail_d","from":[2.7658572,-13.44149,5.2270637],"to":[9.544143,-5.855774,21.787064],"rotation":{"angle":-22.5,"axis":"x","origin":[13.103001,27.57163,-74.78562]},"faces":{"down":{"uv":[5.078125,3.515625,4.921875,3.90625],"rotation":0,"texture":"#0","tintindex":0},"east":{"uv":[4.375,3.90625,4.765625,4.078125],"rotation":0,"texture":"#0","tintindex":0},"north":{"uv":[4.765625,3.90625,4.921875,4.078125],"rotation":0,"texture":"#0","tintindex":0},"south":{"uv":[5.3125,3.90625,5.46875,4.078125],"rotation":0,"texture":"#0","tintindex":0},"up":{"uv":[4.921875,3.90625,4.765625,3.515625],"rotation":0,"texture":"#0","tintindex":0},"west":{"uv":[4.921875,3.90625,5.3125,4.078125],"rotation":0,"texture":"#0","tintindex":0}}},{"name":"tail_d","from":[5.080143,-14.819149,8.55303],"to":[11.858429,-7.2334366,25.113031],"rotation":{"angle":-22.5,"axis":"x","origin":[13.103001,27.57163,-74.78562]},"faces":{"down":{"uv":[3.984375,3.515625,3.828125,3.90625],"rotation":0,"texture":"#0","tintindex":0},"east":{"uv":[3.28125,3.90625,3.671875,4.078125],"rotation":0,"texture":"#0","tintindex":0},"north":{"uv":[3.671875,3.90625,3.828125,4.078125],"rotation":0,"texture":"#0","tintindex":0},"south":{"uv":[4.21875,3.90625,4.375,4.078125],"rotation":0,"texture":"#0","tintindex":0},"up":{"uv":[3.828125,3.90625,3.671875,3.515625],"rotation":0,"texture":"#0","tintindex":0},"west":{"uv":[3.828125,3.90625,4.21875,4.078125],"rotation":0,"texture":"#0","tintindex":0}}},{"name":"tail_d","from":[2.9587142,-16.0,11.403858],"to":[9.7369995,-8.414288,27.963858],"rotation":{"angle":-22.5,"axis":"x","origin":[13.103001,27.57163,-74.78562]},"faces":{"down":{"uv":[2.890625,3.515625,2.734375,3.90625],"rotation":0,"texture":"#0","tintindex":0},"east":{"uv":[2.1875,3.90625,2.578125,4.078125],"rotation":0,"texture":"#0","tintindex":0},"north":{"uv":[2.578125,3.90625,2.734375,4.078125],"rotation":0,"texture":"#0","tintindex":0},"south":{"uv":[3.125,3.90625,3.28125,4.078125],"rotation":0,"texture":"#0","tintindex":0},"up":{"uv":[2.734375,3.90625,2.578125,3.515625],"rotation":0,"texture":"#0","tintindex":0},"west":{"uv":[2.734375,3.90625,3.125,4.078125],"rotation":0,"texture":"#0","tintindex":0}}}],"display":{"head":{"translation":[0.0,-62.15763,0.0],"rotation":[0.0,0.0,0.0],"scale":[3.7333333,3.7333333,3.7333333]}}}