{"textures":{"0":"modelengine:entity/ice_titan"},"elements":[{"name":"tail_c","from":[1.6299281,11.158901,4.818902],"to":[14.337929,20.683472,22.415188],"rotation":{"angle":0.0,"axis":"x","origin":[7.9839287,-12.223288,-50.788857]},"faces":{"down":{"uv":[8.078125,1.265625,7.78125,1.6875],"rotation":0,"texture":"#0","tintindex":0},"east":{"uv":[7.0625,1.6875,7.484375,1.90625],"rotation":0,"texture":"#0","tintindex":0},"north":{"uv":[7.484375,1.6875,7.78125,1.90625],"rotation":0,"texture":"#0","tintindex":0},"south":{"uv":[8.203125,1.6875,8.5,1.90625],"rotation":0,"texture":"#0","tintindex":0},"up":{"uv":[7.78125,1.6875,7.484375,1.265625],"rotation":0,"texture":"#0","tintindex":0},"west":{"uv":[7.78125,1.6875,8.203125,1.90625],"rotation":0,"texture":"#0","tintindex":0}}},{"name":"tail_c","from":[2.7947855,-13.712097,3.7466788],"to":[9.573071,-6.1263847,20.306683],"rotation":{"angle":-22.5,"axis":"x","origin":[13.581928,18.655554,-60.4336]},"faces":{"down":{"uv":[3.984375,4.078125,3.828125,4.46875],"rotation":0,"texture":"#0","tintindex":0},"east":{"uv":[3.28125,4.46875,3.671875,4.640625],"rotation":0,"texture":"#0","tintindex":0},"north":{"uv":[3.671875,4.46875,3.828125,4.640625],"rotation":0,"texture":"#0","tintindex":0},"south":{"uv":[4.21875,4.46875,4.375,4.640625],"rotation":0,"texture":"#0","tintindex":0},"up":{"uv":[3.828125,4.46875,3.671875,4.078125],"rotation":0,"texture":"#0","tintindex":0},"west":{"uv":[3.828125,4.46875,4.21875,4.640625],"rotation":0,"texture":"#0","tintindex":0}}},{"name":"tail_c","from":[7.2947855,-13.236961,3.9434876],"to":[14.0730715,-5.651249,20.503487],"rotation":{"angle":-22.5,"axis":"x","origin":[13.581928,18.655554,-60.4336]},"faces":{"down":{"uv":[0.703125,4.078125,0.546875,4.46875],"rotation":0,"texture":"#0","tintindex":0},"east":{"uv":[0.0,4.46875,0.390625,4.640625],"rotation":0,"texture":"#0","tintindex":0},"north":{"uv":[0.390625,4.46875,0.546875,4.640625],"rotation":0,"texture":"#0","tintindex":0},"south":{"uv":[0.9375,4.46875,1.09375,4.640625],"rotation":0,"texture":"#0","tintindex":0},"up":{"uv":[0.546875,4.46875,0.390625,4.078125],"rotation":0,"texture":"#0","tintindex":0},"west":{"uv":[0.546875,4.46875,0.9375,4.640625],"rotation":0,"texture":"#0","tintindex":0}}},{"name":"tail_c","from":[5.9447856,-14.917553,6.6569014],"to":[12.723071,-7.3318386,23.216902],"rotation":{"angle":-22.5,"axis":"x","origin":[13.581928,18.655554,-60.4336]},"faces":{"down":{"uv":[2.890625,4.078125,2.734375,4.46875],"rotation":0,"texture":"#0","tintindex":0},"east":{"uv":[2.1875,4.46875,2.578125,4.640625],"rotation":0,"texture":"#0","tintindex":0},"north":{"uv":[2.578125,4.46875,2.734375,4.640625],"rotation":0,"texture":"#0","tintindex":0},"south":{"uv":[3.125,4.46875,3.28125,4.640625],"rotation":0,"texture":"#0","tintindex":0},"up":{"uv":[2.734375,4.46875,2.578125,4.078125],"rotation":0,"texture":"#0","tintindex":0},"west":{"uv":[2.734375,4.46875,3.125,4.640625],"rotation":0,"texture":"#0","tintindex":0}}},{"name":"tail_c","from":[2.2162137,-16.0,9.270157],"to":[8.9945,-8.414288,25.830156],"rotation":{"angle":-22.5,"axis":"x","origin":[13.581928,18.655554,-60.4336]},"faces":{"down":{"uv":[1.796875,4.078125,1.640625,4.46875],"rotation":0,"texture":"#0","tintindex":0},"east":{"uv":[1.09375,4.46875,1.484375,4.640625],"rotation":0,"texture":"#0","tintindex":0},"north":{"uv":[1.484375,4.46875,1.640625,4.640625],"rotation":0,"texture":"#0","tintindex":0},"south":{"uv":[2.03125,4.46875,2.1875,4.640625],"rotation":0,"texture":"#0","tintindex":0},"up":{"uv":[1.640625,4.46875,1.484375,4.078125],"rotation":0,"texture":"#0","tintindex":0},"west":{"uv":[1.640625,4.46875,2.03125,4.640625],"rotation":0,"texture":"#0","tintindex":0}}}],"display":{"head":{"translation":[0.0,-33.158146,0.0],"rotation":[0.0,0.0,0.0],"scale":[3.7333333,3.7333333,3.7333333]}}}