{"textures":{"0":"modelengine:entity/ice_titan"},"elements":[{"name":"w_body","from":[-7.1956005,-11.262028,-3.130031],"to":[23.195602,20.972374,19.70477],"rotation":{"angle":0.0,"axis":"x","origin":[8.0,-31.424282,-18.945534]},"faces":{"down":{"uv":[7.796875,0.0,7.28125,0.390625],"rotation":0,"texture":"#0","tintindex":0},"east":{"uv":[6.375,0.390625,6.765625,0.9375],"rotation":0,"texture":"#0","tintindex":0},"north":{"uv":[6.765625,0.390625,7.28125,0.9375],"rotation":0,"texture":"#0","tintindex":0},"south":{"uv":[7.671875,0.390625,8.1875,0.9375],"rotation":0,"texture":"#0","tintindex":0},"up":{"uv":[7.28125,0.390625,6.765625,0.0],"rotation":0,"texture":"#0","tintindex":0},"west":{"uv":[7.28125,0.390625,7.671875,0.9375],"rotation":0,"texture":"#0","tintindex":0}}},{"name":"w_body","from":[-5.57965,15.5018,-1.258163],"to":[1.1451495,29.711002,4.951836],"rotation":{"angle":45.0,"axis":"z","origin":[-2.9876504,23.180603,-22.469364]},"faces":{"down":{"uv":[6.46875,8.515625,6.359375,8.609375],"rotation":0,"texture":"#0","tintindex":0},"east":{"uv":[6.15625,8.609375,6.25,8.84375],"rotation":0,"texture":"#0","tintindex":0},"north":{"uv":[6.25,8.609375,6.359375,8.84375],"rotation":0,"texture":"#0","tintindex":0},"south":{"uv":[6.453125,8.609375,6.5625,8.84375],"rotation":0,"texture":"#0","tintindex":0},"up":{"uv":[6.359375,8.609375,6.25,8.515625],"rotation":0,"texture":"#0","tintindex":0},"west":{"uv":[6.359375,8.609375,6.453125,8.84375],"rotation":0,"texture":"#0","tintindex":0}}},{"name":"w_body","from":[-6.209651,20.0018,6.7518363],"to":[2.4951496,30.881,14.671837],"rotation":{"angle":22.5,"axis":"z","origin":[-2.9876504,23.180603,-22.469364]},"faces":{"down":{"uv":[2.53125,8.15625,2.390625,8.28125],"rotation":0,"texture":"#0","tintindex":0},"east":{"uv":[2.125,8.28125,2.25,8.46875],"rotation":0,"texture":"#0","tintindex":0},"north":{"uv":[2.25,8.28125,2.390625,8.46875],"rotation":0,"texture":"#0","tintindex":0},"south":{"uv":[2.515625,8.28125,2.65625,8.46875],"rotation":0,"texture":"#0","tintindex":0},"up":{"uv":[2.390625,8.28125,2.25,8.15625],"rotation":0,"texture":"#0","tintindex":0},"west":{"uv":[2.390625,8.28125,2.515625,8.46875],"rotation":0,"texture":"#0","tintindex":0}}},{"name":"w_body","from":[13.504851,20.0018,6.7518363],"to":[22.209652,30.881,14.671837],"rotation":{"angle":-22.5,"axis":"z","origin":[18.98765,23.180603,-22.469364]},"faces":{"down":{"uv":[2.0,8.15625,1.859375,8.28125],"rotation":0,"texture":"#0","tintindex":0},"east":{"uv":[1.59375,8.28125,1.71875,8.46875],"rotation":0,"texture":"#0","tintindex":0},"north":{"uv":[1.71875,8.28125,1.859375,8.46875],"rotation":0,"texture":"#0","tintindex":0},"south":{"uv":[1.984375,8.28125,2.125,8.46875],"rotation":0,"texture":"#0","tintindex":0},"up":{"uv":[1.859375,8.28125,1.71875,8.15625],"rotation":0,"texture":"#0","tintindex":0},"west":{"uv":[1.859375,8.28125,1.984375,8.46875],"rotation":0,"texture":"#0","tintindex":0}}},{"name":"w_body","from":[14.854851,15.5018,-1.258163],"to":[21.57965,29.711002,4.951836],"rotation":{"angle":-45.0,"axis":"z","origin":[18.98765,23.180603,-22.469364]},"faces":{"down":{"uv":[6.0625,8.515625,5.953125,8.609375],"rotation":0,"texture":"#0","tintindex":0},"east":{"uv":[5.75,8.609375,5.84375,8.84375],"rotation":0,"texture":"#0","tintindex":0},"north":{"uv":[5.84375,8.609375,5.953125,8.84375],"rotation":0,"texture":"#0","tintindex":0},"south":{"uv":[6.046875,8.609375,6.15625,8.84375],"rotation":0,"texture":"#0","tintindex":0},"up":{"uv":[5.953125,8.609375,5.84375,8.515625],"rotation":0,"texture":"#0","tintindex":0},"west":{"uv":[5.953125,8.609375,6.046875,8.84375],"rotation":0,"texture":"#0","tintindex":0}}},{"name":"w_body","from":[-10.594001,17.261978,0.9098058],"to":[2.3335996,22.87798,16.771404],"rotation":{"angle":22.5,"axis":"z","origin":[-2.9440002,19.407581,-44.223392]},"faces":{"down":{"uv":[1.671875,6.90625,1.453125,7.171875],"rotation":0,"texture":"#0","tintindex":0},"east":{"uv":[0.96875,7.171875,1.234375,7.265625],"rotation":0,"texture":"#0","tintindex":0},"north":{"uv":[1.234375,7.171875,1.453125,7.265625],"rotation":0,"texture":"#0","tintindex":0},"south":{"uv":[1.71875,7.171875,1.9375,7.265625],"rotation":0,"texture":"#0","tintindex":0},"up":{"uv":[1.453125,7.171875,1.234375,6.90625],"rotation":0,"texture":"#0","tintindex":0},"west":{"uv":[1.453125,7.171875,1.71875,7.265625],"rotation":0,"texture":"#0","tintindex":0}}},{"name":"w_body","from":[-7.872401,18.986378,-1.718195],"to":[8.0648,25.14238,10.723406],"rotation":{"angle":22.5,"axis":"z","origin":[-2.9440002,19.407581,-44.223392]},"faces":{"down":{"uv":[6.296875,6.90625,6.03125,7.109375],"rotation":0,"texture":"#0","tintindex":0},"east":{"uv":[5.5625,7.109375,5.765625,7.203125],"rotation":0,"texture":"#0","tintindex":0},"north":{"uv":[5.765625,7.109375,6.03125,7.203125],"rotation":0,"texture":"#0","tintindex":0},"south":{"uv":[6.234375,7.109375,6.5,7.203125],"rotation":0,"texture":"#0","tintindex":0},"up":{"uv":[6.03125,7.109375,5.765625,6.90625],"rotation":0,"texture":"#0","tintindex":0},"west":{"uv":[6.03125,7.109375,6.234375,7.203125],"rotation":0,"texture":"#0","tintindex":0}}},{"name":"w_body","from":[7.9352,18.986378,-1.718195],"to":[23.872402,25.14238,10.723406],"rotation":{"angle":-22.5,"axis":"z","origin":[18.944,19.407581,-44.223392]},"faces":{"down":{"uv":[5.359375,6.90625,5.09375,7.109375],"rotation":0,"texture":"#0","tintindex":0},"east":{"uv":[4.625,7.109375,4.828125,7.203125],"rotation":0,"texture":"#0","tintindex":0},"north":{"uv":[4.828125,7.109375,5.09375,7.203125],"rotation":0,"texture":"#0","tintindex":0},"south":{"uv":[5.296875,7.109375,5.5625,7.203125],"rotation":0,"texture":"#0","tintindex":0},"up":{"uv":[5.09375,7.109375,4.828125,6.90625],"rotation":0,"texture":"#0","tintindex":0},"west":{"uv":[5.09375,7.109375,5.296875,7.203125],"rotation":0,"texture":"#0","tintindex":0}}},{"name":"w_body","from":[13.6664,17.261978,0.9098058],"to":[26.593998,22.87798,16.771404],"rotation":{"angle":-22.5,"axis":"z","origin":[18.944,19.407581,-44.223392]},"faces":{"down":{"uv":[0.703125,6.90625,0.484375,7.171875],"rotation":0,"texture":"#0","tintindex":0},"east":{"uv":[0.0,7.171875,0.265625,7.265625],"rotation":0,"texture":"#0","tintindex":0},"north":{"uv":[0.265625,7.171875,0.484375,7.265625],"rotation":0,"texture":"#0","tintindex":0},"south":{"uv":[0.75,7.171875,0.96875,7.265625],"rotation":0,"texture":"#0","tintindex":0},"up":{"uv":[0.484375,7.171875,0.265625,6.90625],"rotation":0,"texture":"#0","tintindex":0},"west":{"uv":[0.484375,7.171875,0.75,7.265625],"rotation":0,"texture":"#0","tintindex":0}}},{"name":"w_body","from":[0.95299983,13.395825,-1.0884471],"to":[15.047,26.931824,20.691555],"rotation":{"angle":0.0,"axis":"x","origin":[8.0,-31.424282,-18.945534]},"faces":{"down":{"uv":[5.84375,2.125,5.609375,2.5],"rotation":0,"texture":"#0","tintindex":0},"east":{"uv":[5.0,2.5,5.375,2.734375],"rotation":0,"texture":"#0","tintindex":0},"north":{"uv":[5.375,2.5,5.609375,2.734375],"rotation":0,"texture":"#0","tintindex":0},"south":{"uv":[5.984375,2.5,6.21875,2.734375],"rotation":0,"texture":"#0","tintindex":0},"up":{"uv":[5.609375,2.5,5.375,2.125],"rotation":0,"texture":"#0","tintindex":0},"west":{"uv":[5.609375,2.5,5.984375,2.734375],"rotation":0,"texture":"#0","tintindex":0}}}],"display":{"head":{"translation":[0.0,-6.4,0.0],"rotation":[0.0,0.0,0.0],"scale":[3.8095,3.8095,3.8095]}}}