{"textures":{"0":"modelengine:entity/ice_titan"},"elements":[{"name":"w_chest","from":[-6.0219994,-11.406934,-12.935497],"to":[22.022,5.358782,3.4496455],"rotation":{"angle":45.0,"axis":"x","origin":[8.0,-3.8276472,-4.7429266]},"faces":{"down":{"uv":[3.984375,0.0,3.3125,0.390625],"rotation":0,"texture":"#0","tintindex":0},"east":{"uv":[2.25,0.390625,2.640625,0.796875],"rotation":0,"texture":"#0","tintindex":0},"north":{"uv":[2.640625,0.390625,3.3125,0.796875],"rotation":0,"texture":"#0","tintindex":0},"south":{"uv":[3.703125,0.390625,4.375,0.796875],"rotation":0,"texture":"#0","tintindex":0},"up":{"uv":[3.3125,0.390625,2.640625,0.0],"rotation":0,"texture":"#0","tintindex":0},"west":{"uv":[3.3125,0.390625,3.703125,0.796875],"rotation":0,"texture":"#0","tintindex":0}}},{"name":"w_chest","from":[-1.9668579,-11.0852995,-8.131426],"to":[17.966858,3.571844,9.6500025],"rotation":{"angle":-22.5,"axis":"x","origin":[5.068571,-3.4995847,3.337145]},"faces":{"down":{"uv":[5.109375,1.265625,4.625,1.6875],"rotation":0,"texture":"#0","tintindex":0},"east":{"uv":[3.71875,1.6875,4.140625,2.03125],"rotation":0,"texture":"#0","tintindex":0},"north":{"uv":[4.140625,1.6875,4.625,2.03125],"rotation":0,"texture":"#0","tintindex":0},"south":{"uv":[5.046875,1.6875,5.53125,2.03125],"rotation":0,"texture":"#0","tintindex":0},"up":{"uv":[4.625,1.6875,4.140625,1.265625],"rotation":0,"texture":"#0","tintindex":0},"west":{"uv":[4.625,1.6875,5.046875,2.03125],"rotation":0,"texture":"#0","tintindex":0}}},{"name":"w_chest","from":[4.0914283,8.759453,-15.030298],"to":[11.908571,15.599453,-5.25887],"rotation":{"angle":0.0,"axis":"x","origin":[8.0,-22.91609,15.499376]},"faces":{"down":{"uv":[7.109375,6.90625,6.921875,7.140625],"rotation":0,"texture":"#0","tintindex":0},"east":{"uv":[6.5,7.140625,6.734375,7.296875],"rotation":0,"texture":"#0","tintindex":0},"north":{"uv":[6.734375,7.140625,6.921875,7.296875],"rotation":0,"texture":"#0","tintindex":0},"south":{"uv":[7.15625,7.140625,7.34375,7.296875],"rotation":0,"texture":"#0","tintindex":0},"up":{"uv":[6.921875,7.140625,6.734375,6.90625],"rotation":0,"texture":"#0","tintindex":0},"west":{"uv":[6.921875,7.140625,7.15625,7.296875],"rotation":0,"texture":"#0","tintindex":0}}},{"name":"w_chest","from":[12.006285,7.594905,-14.932587],"to":[24.611427,11.992045,-3.9885845],"rotation":{"angle":-22.5,"axis":"z","origin":[15.8171425,11.94319,-7.1154423]},"faces":{"down":{"uv":[0.859375,6.328125,0.5625,6.59375],"rotation":0,"texture":"#0","tintindex":0},"east":{"uv":[0.0,6.59375,0.265625,6.6875],"rotation":0,"texture":"#0","tintindex":0},"north":{"uv":[0.265625,6.59375,0.5625,6.6875],"rotation":0,"texture":"#0","tintindex":0},"south":{"uv":[0.828125,6.59375,1.125,6.6875],"rotation":0,"texture":"#0","tintindex":0},"up":{"uv":[0.5625,6.59375,0.265625,6.328125],"rotation":0,"texture":"#0","tintindex":0},"west":{"uv":[0.5625,6.59375,0.828125,6.6875],"rotation":0,"texture":"#0","tintindex":0}}},{"name":"w_chest","from":[9.368,12.285191,-8.190299],"to":[21.973143,16.682331,2.7537007],"rotation":{"angle":-22.5,"axis":"z","origin":[15.8171425,11.94319,-7.1154423]},"faces":{"down":{"uv":[8.515625,5.8125,8.21875,6.078125],"rotation":0,"texture":"#0","tintindex":0},"east":{"uv":[7.65625,6.078125,7.921875,6.171875],"rotation":0,"texture":"#0","tintindex":0},"north":{"uv":[7.921875,6.078125,8.21875,6.171875],"rotation":0,"texture":"#0","tintindex":0},"south":{"uv":[8.484375,6.078125,8.78125,6.171875],"rotation":0,"texture":"#0","tintindex":0},"up":{"uv":[8.21875,6.078125,7.921875,5.8125],"rotation":0,"texture":"#0","tintindex":0},"west":{"uv":[8.21875,6.078125,8.484375,6.171875],"rotation":0,"texture":"#0","tintindex":0}}},{"name":"w_chest","from":[8.390857,10.819474,-15.909729],"to":[20.995998,15.216618,-4.9657288],"rotation":{"angle":-22.5,"axis":"z","origin":[15.8171425,11.94319,-7.1154423]},"faces":{"down":{"uv":[7.390625,5.8125,7.09375,6.078125],"rotation":0,"texture":"#0","tintindex":0},"east":{"uv":[6.53125,6.078125,6.796875,6.171875],"rotation":0,"texture":"#0","tintindex":0},"north":{"uv":[6.796875,6.078125,7.09375,6.171875],"rotation":0,"texture":"#0","tintindex":0},"south":{"uv":[7.359375,6.078125,7.65625,6.171875],"rotation":0,"texture":"#0","tintindex":0},"up":{"uv":[7.09375,6.078125,6.796875,5.8125],"rotation":0,"texture":"#0","tintindex":0},"west":{"uv":[7.09375,6.078125,7.359375,6.171875],"rotation":0,"texture":"#0","tintindex":0}}},{"name":"w_chest","from":[-4.9960003,10.819474,-15.909729],"to":[7.6091423,15.216618,-4.9657288],"rotation":{"angle":22.5,"axis":"z","origin":[0.18285704,11.94319,-7.1154423]},"faces":{"down":{"uv":[6.265625,5.8125,5.96875,6.078125],"rotation":0,"texture":"#0","tintindex":0},"east":{"uv":[5.40625,6.078125,5.671875,6.171875],"rotation":0,"texture":"#0","tintindex":0},"north":{"uv":[5.671875,6.078125,5.96875,6.171875],"rotation":0,"texture":"#0","tintindex":0},"south":{"uv":[6.234375,6.078125,6.53125,6.171875],"rotation":0,"texture":"#0","tintindex":0},"up":{"uv":[5.96875,6.078125,5.671875,5.8125],"rotation":0,"texture":"#0","tintindex":0},"west":{"uv":[5.96875,6.078125,6.234375,6.171875],"rotation":0,"texture":"#0","tintindex":0}}},{"name":"w_chest","from":[-5.9731436,12.285191,-8.190299],"to":[6.632,16.682331,2.7537007],"rotation":{"angle":22.5,"axis":"z","origin":[0.18285704,11.94319,-7.1154423]},"faces":{"down":{"uv":[5.140625,5.8125,4.84375,6.078125],"rotation":0,"texture":"#0","tintindex":0},"east":{"uv":[4.28125,6.078125,4.546875,6.171875],"rotation":0,"texture":"#0","tintindex":0},"north":{"uv":[4.546875,6.078125,4.84375,6.171875],"rotation":0,"texture":"#0","tintindex":0},"south":{"uv":[5.109375,6.078125,5.40625,6.171875],"rotation":0,"texture":"#0","tintindex":0},"up":{"uv":[4.84375,6.078125,4.546875,5.8125],"rotation":0,"texture":"#0","tintindex":0},"west":{"uv":[4.84375,6.078125,5.109375,6.171875],"rotation":0,"texture":"#0","tintindex":0}}},{"name":"w_chest","from":[15.133142,9.060618,-7.2131567],"to":[25.588572,13.457763,3.730844],"rotation":{"angle":-22.5,"axis":"z","origin":[15.8171425,11.94319,-7.1154423]},"faces":{"down":{"uv":[7.546875,6.328125,7.296875,6.59375],"rotation":0,"texture":"#0","tintindex":0},"east":{"uv":[6.78125,6.59375,7.046875,6.6875],"rotation":0,"texture":"#0","tintindex":0},"north":{"uv":[7.046875,6.59375,7.296875,6.6875],"rotation":0,"texture":"#0","tintindex":0},"south":{"uv":[7.5625,6.59375,7.8125,6.6875],"rotation":0,"texture":"#0","tintindex":0},"up":{"uv":[7.296875,6.59375,7.046875,6.328125],"rotation":0,"texture":"#0","tintindex":0},"west":{"uv":[7.296875,6.59375,7.5625,6.6875],"rotation":0,"texture":"#0","tintindex":0}}},{"name":"w_chest","from":[-9.5885725,9.060618,-7.2131567],"to":[0.8668573,13.457763,3.730844],"rotation":{"angle":22.5,"axis":"z","origin":[0.18285704,11.94319,-7.1154423]},"faces":{"down":{"uv":[6.515625,6.328125,6.265625,6.59375],"rotation":0,"texture":"#0","tintindex":0},"east":{"uv":[5.75,6.59375,6.015625,6.6875],"rotation":0,"texture":"#0","tintindex":0},"north":{"uv":[6.015625,6.59375,6.265625,6.6875],"rotation":0,"texture":"#0","tintindex":0},"south":{"uv":[6.53125,6.59375,6.78125,6.6875],"rotation":0,"texture":"#0","tintindex":0},"up":{"uv":[6.265625,6.59375,6.015625,6.328125],"rotation":0,"texture":"#0","tintindex":0},"west":{"uv":[6.265625,6.59375,6.53125,6.6875],"rotation":0,"texture":"#0","tintindex":0}}},{"name":"w_chest","from":[-8.611428,7.594905,-14.932587],"to":[3.9937143,11.992045,-3.9885845],"rotation":{"angle":22.5,"axis":"z","origin":[0.18285704,11.94319,-7.1154423]},"faces":{"down":{"uv":[4.015625,5.8125,3.71875,6.078125],"rotation":0,"texture":"#0","tintindex":0},"east":{"uv":[3.15625,6.078125,3.421875,6.171875],"rotation":0,"texture":"#0","tintindex":0},"north":{"uv":[3.421875,6.078125,3.71875,6.171875],"rotation":0,"texture":"#0","tintindex":0},"south":{"uv":[3.984375,6.078125,4.28125,6.171875],"rotation":0,"texture":"#0","tintindex":0},"up":{"uv":[3.71875,6.078125,3.421875,5.8125],"rotation":0,"texture":"#0","tintindex":0},"west":{"uv":[3.71875,6.078125,3.984375,6.171875],"rotation":0,"texture":"#0","tintindex":0}}},{"name":"w_chest","from":[-4.0677147,-0.8150132,-7.9874268],"to":[20.067715,13.842131,9.601145],"rotation":{"angle":0.0,"axis":"x","origin":[8.0,-22.91609,15.499376]},"faces":{"down":{"uv":[5.953125,0.0,5.375,0.421875],"rotation":0,"texture":"#0","tintindex":0},"east":{"uv":[4.375,0.421875,4.796875,0.765625],"rotation":0,"texture":"#0","tintindex":0},"north":{"uv":[4.796875,0.421875,5.375,0.765625],"rotation":0,"texture":"#0","tintindex":0},"south":{"uv":[5.796875,0.421875,6.375,0.765625],"rotation":0,"texture":"#0","tintindex":0},"up":{"uv":[5.375,0.421875,4.796875,0.0],"rotation":0,"texture":"#0","tintindex":0},"west":{"uv":[5.375,0.421875,5.796875,0.765625],"rotation":0,"texture":"#0","tintindex":0}}},{"name":"w_chest","from":[-2.1134286,-3.5510125,-16.0],"to":[18.113428,11.106129,-4.17657],"rotation":{"angle":-22.5,"axis":"x","origin":[5.2151427,3.7775583,-12.775427]},"faces":{"down":{"uv":[6.78125,1.265625,6.296875,1.546875],"rotation":0,"texture":"#0","tintindex":0},"east":{"uv":[5.53125,1.546875,5.8125,1.890625],"rotation":0,"texture":"#0","tintindex":0},"north":{"uv":[5.8125,1.546875,6.296875,1.890625],"rotation":0,"texture":"#0","tintindex":0},"south":{"uv":[6.578125,1.546875,7.0625,1.890625],"rotation":0,"texture":"#0","tintindex":0},"up":{"uv":[6.296875,1.546875,5.8125,1.265625],"rotation":0,"texture":"#0","tintindex":0},"west":{"uv":[6.296875,1.546875,6.578125,1.890625],"rotation":0,"texture":"#0","tintindex":0}}},{"name":"w_chest","from":[8.470893,13.327905,-13.837164],"to":[23.518892,16.747902,-11.101164],"rotation":{"angle":22.5,"axis":"z","origin":[15.555179,15.379906,-12.713451]},"faces":{"down":{"uv":[3.90625,7.828125,3.546875,7.890625],"rotation":0,"texture":"#0","tintindex":0},"east":{"uv":[3.125,7.890625,3.1875,7.96875],"rotation":0,"texture":"#0","tintindex":0},"north":{"uv":[3.1875,7.890625,3.546875,7.96875],"rotation":0,"texture":"#0","tintindex":0},"south":{"uv":[3.609375,7.890625,3.96875,7.96875],"rotation":0,"texture":"#0","tintindex":0},"up":{"uv":[3.546875,7.890625,3.1875,7.828125],"rotation":0,"texture":"#0","tintindex":0},"west":{"uv":[3.546875,7.890625,3.609375,7.96875],"rotation":0,"texture":"#0","tintindex":0}}},{"name":"w_chest","from":[-3.7568932,10.631919,4.4168663],"to":[4.6465354,17.374207,13.159723],"rotation":{"angle":22.5,"axis":"x","origin":[0.15167809,14.6382065,8.423152]},"faces":{"down":{"uv":[3.890625,7.34375,3.6875,7.546875],"rotation":0,"texture":"#0","tintindex":0},"east":{"uv":[3.28125,7.546875,3.484375,7.703125],"rotation":0,"texture":"#0","tintindex":0},"north":{"uv":[3.484375,7.546875,3.6875,7.703125],"rotation":0,"texture":"#0","tintindex":0},"south":{"uv":[3.890625,7.546875,4.09375,7.703125],"rotation":0,"texture":"#0","tintindex":0},"up":{"uv":[3.6875,7.546875,3.484375,7.34375],"rotation":0,"texture":"#0","tintindex":0},"west":{"uv":[3.6875,7.546875,3.890625,7.703125],"rotation":0,"texture":"#0","tintindex":0}}},{"name":"w_chest","from":[-6.7860365,6.279619,4.3376923],"to":[2.5945354,15.624191,15.034835],"rotation":{"angle":45.0,"axis":"x","origin":[-0.8254647,13.132476,6.8294063]},"faces":{"down":{"uv":[4.6875,6.328125,4.46875,6.578125],"rotation":0,"texture":"#0","tintindex":0},"east":{"uv":[4.0,6.578125,4.25,6.796875],"rotation":0,"texture":"#0","tintindex":0},"north":{"uv":[4.25,6.578125,4.46875,6.796875],"rotation":0,"texture":"#0","tintindex":0},"south":{"uv":[4.71875,6.578125,4.9375,6.796875],"rotation":0,"texture":"#0","tintindex":0},"up":{"uv":[4.46875,6.578125,4.25,6.328125],"rotation":0,"texture":"#0","tintindex":0},"west":{"uv":[4.46875,6.578125,4.71875,6.796875],"rotation":0,"texture":"#0","tintindex":0}}},{"name":"w_chest","from":[11.353464,10.631919,4.4168663],"to":[19.756893,17.374207,13.159723],"rotation":{"angle":22.5,"axis":"x","origin":[15.848321,14.6382065,8.423152]},"faces":{"down":{"uv":[3.078125,7.34375,2.875,7.546875],"rotation":0,"texture":"#0","tintindex":0},"east":{"uv":[2.46875,7.546875,2.671875,7.703125],"rotation":0,"texture":"#0","tintindex":0},"north":{"uv":[2.671875,7.546875,2.875,7.703125],"rotation":0,"texture":"#0","tintindex":0},"south":{"uv":[3.078125,7.546875,3.28125,7.703125],"rotation":0,"texture":"#0","tintindex":0},"up":{"uv":[2.875,7.546875,2.671875,7.34375],"rotation":0,"texture":"#0","tintindex":0},"west":{"uv":[2.875,7.546875,3.078125,7.703125],"rotation":0,"texture":"#0","tintindex":0}}},{"name":"w_chest","from":[13.405464,6.279619,4.3376923],"to":[22.786036,15.624191,15.034835],"rotation":{"angle":45.0,"axis":"x","origin":[16.825464,13.132476,6.8294063]},"faces":{"down":{"uv":[3.75,6.328125,3.53125,6.578125],"rotation":0,"texture":"#0","tintindex":0},"east":{"uv":[3.0625,6.578125,3.3125,6.796875],"rotation":0,"texture":"#0","tintindex":0},"north":{"uv":[3.3125,6.578125,3.53125,6.796875],"rotation":0,"texture":"#0","tintindex":0},"south":{"uv":[3.78125,6.578125,4.0,6.796875],"rotation":0,"texture":"#0","tintindex":0},"up":{"uv":[3.53125,6.578125,3.3125,6.328125],"rotation":0,"texture":"#0","tintindex":0},"west":{"uv":[3.53125,6.578125,3.78125,6.796875],"rotation":0,"texture":"#0","tintindex":0}}},{"name":"w_chest","from":[-5.403572,15.671425,1.9898968],"to":[-1.5464287,32.0,5.654182],"rotation":{"angle":22.5,"axis":"x","origin":[0.028571129,21.425,-3.4101038]},"faces":{"down":{"uv":[1.203125,8.515625,1.109375,8.59375],"rotation":0,"texture":"#0","tintindex":0},"east":{"uv":[0.9375,8.59375,1.015625,8.984375],"rotation":0,"texture":"#0","tintindex":0},"north":{"uv":[1.015625,8.59375,1.109375,8.984375],"rotation":0,"texture":"#0","tintindex":0},"south":{"uv":[1.1875,8.59375,1.28125,8.984375],"rotation":0,"texture":"#0","tintindex":0},"up":{"uv":[1.109375,8.59375,1.015625,8.515625],"rotation":0,"texture":"#0","tintindex":0},"west":{"uv":[1.109375,8.59375,1.1875,8.984375],"rotation":0,"texture":"#0","tintindex":0}}},{"name":"w_chest","from":[14.589286,10.464285,-6.0458183],"to":[18.510715,20.364285,-2.574389],"rotation":{"angle":22.5,"axis":"x","origin":[15.971429,21.425,-3.4101038]},"faces":{"down":{"uv":[6.734375,8.984375,6.640625,9.0625],"rotation":0,"texture":"#0","tintindex":0},"east":{"uv":[6.46875,9.0625,6.546875,9.296875],"rotation":0,"texture":"#0","tintindex":0},"north":{"uv":[6.546875,9.0625,6.640625,9.296875],"rotation":0,"texture":"#0","tintindex":0},"south":{"uv":[6.71875,9.0625,6.8125,9.296875],"rotation":0,"texture":"#0","tintindex":0},"up":{"uv":[6.640625,9.0625,6.546875,8.984375],"rotation":0,"texture":"#0","tintindex":0},"west":{"uv":[6.640625,9.0625,6.71875,9.296875],"rotation":0,"texture":"#0","tintindex":0}}},{"name":"w_chest","from":[12.982142,10.464285,-0.710104],"to":[15.296429,22.292856,1.9256113],"rotation":{"angle":22.5,"axis":"x","origin":[15.971429,21.425,-3.4101038]},"faces":{"down":{"uv":[1.875,9.296875,1.828125,9.359375],"rotation":0,"texture":"#0","tintindex":0},"east":{"uv":[1.71875,9.359375,1.78125,9.640625],"rotation":0,"texture":"#0","tintindex":0},"north":{"uv":[1.78125,9.359375,1.828125,9.640625],"rotation":0,"texture":"#0","tintindex":0},"south":{"uv":[1.890625,9.359375,1.9375,9.640625],"rotation":0,"texture":"#0","tintindex":0},"up":{"uv":[1.828125,9.359375,1.78125,9.296875],"rotation":0,"texture":"#0","tintindex":0},"west":{"uv":[1.828125,9.359375,1.890625,9.640625],"rotation":0,"texture":"#0","tintindex":0}}},{"name":"w_chest","from":[0.7035713,10.464285,-0.710104],"to":[3.0178568,22.292856,1.9256113],"rotation":{"angle":22.5,"axis":"x","origin":[0.028571129,21.425,-3.4101038]},"faces":{"down":{"uv":[1.65625,9.296875,1.609375,9.359375],"rotation":0,"texture":"#0","tintindex":0},"east":{"uv":[1.5,9.359375,1.5625,9.640625],"rotation":0,"texture":"#0","tintindex":0},"north":{"uv":[1.5625,9.359375,1.609375,9.640625],"rotation":0,"texture":"#0","tintindex":0},"south":{"uv":[1.671875,9.359375,1.71875,9.640625],"rotation":0,"texture":"#0","tintindex":0},"up":{"uv":[1.609375,9.359375,1.5625,9.296875],"rotation":0,"texture":"#0","tintindex":0},"west":{"uv":[1.609375,9.359375,1.671875,9.640625],"rotation":0,"texture":"#0","tintindex":0}}},{"name":"w_chest","from":[-2.5107145,10.464285,-6.0458183],"to":[1.4107139,20.364285,-2.574389],"rotation":{"angle":22.5,"axis":"x","origin":[0.028571129,21.425,-3.4101038]},"faces":{"down":{"uv":[6.390625,8.984375,6.296875,9.0625],"rotation":0,"texture":"#0","tintindex":0},"east":{"uv":[6.125,9.0625,6.203125,9.296875],"rotation":0,"texture":"#0","tintindex":0},"north":{"uv":[6.203125,9.0625,6.296875,9.296875],"rotation":0,"texture":"#0","tintindex":0},"south":{"uv":[6.375,9.0625,6.46875,9.296875],"rotation":0,"texture":"#0","tintindex":0},"up":{"uv":[6.296875,9.0625,6.203125,8.984375],"rotation":0,"texture":"#0","tintindex":0},"west":{"uv":[6.296875,9.0625,6.375,9.296875],"rotation":0,"texture":"#0","tintindex":0}}},{"name":"w_chest","from":[-5.173751,12.633617,-3.0654497],"to":[-2.242322,23.441334,-0.010593414],"rotation":{"angle":45.0,"axis":"x","origin":[-3.8546076,15.379906,-1.1831651]},"faces":{"down":{"uv":[2.375,9.296875,2.3125,9.359375],"rotation":0,"texture":"#0","tintindex":0},"east":{"uv":[2.1875,9.359375,2.25,9.609375],"rotation":0,"texture":"#0","tintindex":0},"north":{"uv":[2.25,9.359375,2.3125,9.609375],"rotation":0,"texture":"#0","tintindex":0},"south":{"uv":[2.375,9.359375,2.4375,9.609375],"rotation":0,"texture":"#0","tintindex":0},"up":{"uv":[2.3125,9.359375,2.25,9.296875],"rotation":0,"texture":"#0","tintindex":0},"west":{"uv":[2.3125,9.359375,2.375,9.609375],"rotation":0,"texture":"#0","tintindex":0}}},{"name":"w_chest","from":[18.242321,12.633617,-3.0654497],"to":[21.17375,23.441334,-0.010593414],"rotation":{"angle":45.0,"axis":"x","origin":[19.854607,15.379906,-1.1831651]},"faces":{"down":{"uv":[2.125,9.296875,2.0625,9.359375],"rotation":0,"texture":"#0","tintindex":0},"east":{"uv":[1.9375,9.359375,2.0,9.609375],"rotation":0,"texture":"#0","tintindex":0},"north":{"uv":[2.0,9.359375,2.0625,9.609375],"rotation":0,"texture":"#0","tintindex":0},"south":{"uv":[2.125,9.359375,2.1875,9.609375],"rotation":0,"texture":"#0","tintindex":0},"up":{"uv":[2.0625,9.359375,2.0,9.296875],"rotation":0,"texture":"#0","tintindex":0},"west":{"uv":[2.0625,9.359375,2.125,9.609375],"rotation":0,"texture":"#0","tintindex":0}}},{"name":"w_chest","from":[17.546429,15.671425,1.9898968],"to":[21.403572,32.0,5.654182],"rotation":{"angle":22.5,"axis":"x","origin":[15.971429,21.425,-3.4101038]},"faces":{"down":{"uv":[0.859375,8.515625,0.765625,8.59375],"rotation":0,"texture":"#0","tintindex":0},"east":{"uv":[0.59375,8.59375,0.671875,8.984375],"rotation":0,"texture":"#0","tintindex":0},"north":{"uv":[0.671875,8.59375,0.765625,8.984375],"rotation":0,"texture":"#0","tintindex":0},"south":{"uv":[0.84375,8.59375,0.9375,8.984375],"rotation":0,"texture":"#0","tintindex":0},"up":{"uv":[0.765625,8.59375,0.671875,8.515625],"rotation":0,"texture":"#0","tintindex":0},"west":{"uv":[0.765625,8.59375,0.84375,8.984375],"rotation":0,"texture":"#0","tintindex":0}}},{"name":"w_chest","from":[-5.369179,13.376761,0.18483543],"to":[-1.9491792,29.548475,3.6048355],"rotation":{"angle":22.5,"axis":"x","origin":[-3.8546076,15.379906,1.5528345]},"faces":{"down":{"uv":[2.546875,8.515625,2.46875,8.59375],"rotation":0,"texture":"#0","tintindex":0},"east":{"uv":[2.3125,8.59375,2.390625,8.984375],"rotation":0,"texture":"#0","tintindex":0},"north":{"uv":[2.390625,8.59375,2.46875,8.984375],"rotation":0,"texture":"#0","tintindex":0},"south":{"uv":[2.546875,8.59375,2.625,8.984375],"rotation":0,"texture":"#0","tintindex":0},"up":{"uv":[2.46875,8.59375,2.390625,8.515625],"rotation":0,"texture":"#0","tintindex":0},"west":{"uv":[2.46875,8.59375,2.546875,8.984375],"rotation":0,"texture":"#0","tintindex":0}}},{"name":"w_chest","from":[-10.938893,13.327905,-14.228022],"to":[3.2296784,17.236477,-10.808022],"rotation":{"angle":-45.0,"axis":"z","origin":[-3.8546076,15.379906,-12.713451]},"faces":{"down":{"uv":[3.046875,7.828125,2.703125,7.90625],"rotation":0,"texture":"#0","tintindex":0},"east":{"uv":[2.28125,7.90625,2.359375,8.0],"rotation":0,"texture":"#0","tintindex":0},"north":{"uv":[2.359375,7.90625,2.703125,8.0],"rotation":0,"texture":"#0","tintindex":0},"south":{"uv":[2.78125,7.90625,3.125,8.0],"rotation":0,"texture":"#0","tintindex":0},"up":{"uv":[2.703125,7.90625,2.359375,7.828125],"rotation":0,"texture":"#0","tintindex":0},"west":{"uv":[2.703125,7.90625,2.78125,8.0],"rotation":0,"texture":"#0","tintindex":0}}},{"name":"w_chest","from":[12.770321,13.327905,-14.228022],"to":[26.938892,17.236477,-10.808022],"rotation":{"angle":45.0,"axis":"z","origin":[19.854607,15.379906,-12.713451]},"faces":{"down":{"uv":[2.203125,7.828125,1.859375,7.90625],"rotation":0,"texture":"#0","tintindex":0},"east":{"uv":[1.4375,7.90625,1.515625,8.0],"rotation":0,"texture":"#0","tintindex":0},"north":{"uv":[1.515625,7.90625,1.859375,8.0],"rotation":0,"texture":"#0","tintindex":0},"south":{"uv":[1.9375,7.90625,2.28125,8.0],"rotation":0,"texture":"#0","tintindex":0},"up":{"uv":[1.859375,7.90625,1.515625,7.828125],"rotation":0,"texture":"#0","tintindex":0},"west":{"uv":[1.859375,7.90625,1.9375,8.0],"rotation":0,"texture":"#0","tintindex":0}}},{"name":"w_chest","from":[-7.5188932,13.327905,-13.837164],"to":[7.529107,16.747902,-11.101164],"rotation":{"angle":-22.5,"axis":"z","origin":[0.44482136,15.379906,-12.713451]},"faces":{"down":{"uv":[3.0625,8.0,2.703125,8.0625],"rotation":0,"texture":"#0","tintindex":0},"east":{"uv":[2.28125,8.0625,2.34375,8.140625],"rotation":0,"texture":"#0","tintindex":0},"north":{"uv":[2.34375,8.0625,2.703125,8.140625],"rotation":0,"texture":"#0","tintindex":0},"south":{"uv":[2.765625,8.0625,3.125,8.140625],"rotation":0,"texture":"#0","tintindex":0},"up":{"uv":[2.703125,8.0625,2.34375,8.0],"rotation":0,"texture":"#0","tintindex":0},"west":{"uv":[2.703125,8.0625,2.765625,8.140625],"rotation":0,"texture":"#0","tintindex":0}}}],"display":{"head":{"translation":[0.0,1.0009274,-3.039977],"rotation":[0.0,0.0,0.0],"scale":[3.7333333,3.7333333,3.7333333]}}}