{"textures":{"0":"modelengine:entity/ice_titan"},"elements":[{"name":"w_head","from":[4.8523817,10.486508,0.6516695],"to":[11.152382,14.176505,12.44167],"rotation":{"angle":-22.5,"axis":"x","origin":[8.002382,-1.303493,-3.8483315]},"faces":{"down":{"uv":[6.859375,7.828125,6.75,8.03125],"rotation":0,"texture":"#0","tintindex":0},"east":{"uv":[6.4375,8.03125,6.640625,8.09375],"rotation":0,"texture":"#0","tintindex":0},"north":{"uv":[6.640625,8.03125,6.75,8.09375],"rotation":0,"texture":"#0","tintindex":0},"south":{"uv":[6.953125,8.03125,7.0625,8.09375],"rotation":0,"texture":"#0","tintindex":0},"up":{"uv":[6.75,8.03125,6.640625,7.828125],"rotation":0,"texture":"#0","tintindex":0},"west":{"uv":[6.75,8.03125,6.953125,8.09375],"rotation":0,"texture":"#0","tintindex":0}}},{"name":"w_head","from":[2.6923816,13.494327,-8.870823],"to":[13.312382,18.084324,5.754178],"rotation":{"angle":-22.5,"axis":"x","origin":[8.002382,16.014324,-0.6864424]},"faces":{"down":{"uv":[2.21875,7.34375,2.046875,7.59375],"rotation":0,"texture":"#0","tintindex":0},"east":{"uv":[1.625,7.59375,1.875,7.671875],"rotation":0,"texture":"#0","tintindex":0},"north":{"uv":[1.875,7.59375,2.046875,7.671875],"rotation":0,"texture":"#0","tintindex":0},"south":{"uv":[2.296875,7.59375,2.46875,7.671875],"rotation":0,"texture":"#0","tintindex":0},"up":{"uv":[2.046875,7.59375,1.875,7.34375],"rotation":0,"texture":"#0","tintindex":0},"west":{"uv":[2.046875,7.59375,2.296875,7.671875],"rotation":0,"texture":"#0","tintindex":0}}},{"name":"w_head","from":[-5.027747,5.5218916,5.382945],"to":[-1.3377466,10.381891,9.882946],"rotation":{"angle":22.5,"axis":"z","origin":[-0.18394041,8.096071,7.6936493]},"faces":{"down":{"uv":[4.046875,9.296875,3.984375,9.375],"rotation":0,"texture":"#0","tintindex":0},"east":{"uv":[3.84375,9.375,3.921875,9.453125],"rotation":0,"texture":"#0","tintindex":0},"north":{"uv":[3.921875,9.375,3.984375,9.453125],"rotation":0,"texture":"#0","tintindex":0},"south":{"uv":[4.0625,9.375,4.125,9.453125],"rotation":0,"texture":"#0","tintindex":0},"up":{"uv":[3.984375,9.375,3.921875,9.296875],"rotation":0,"texture":"#0","tintindex":0},"west":{"uv":[3.984375,9.375,4.0625,9.453125],"rotation":0,"texture":"#0","tintindex":0}}},{"name":"w_head","from":[-7.794629,2.7670515,1.6689758],"to":[-3.3846288,6.997049,5.718976],"rotation":{"angle":-22.5,"axis":"x","origin":[0.041059494,14.294539,4.325429]},"faces":{"down":{"uv":[1.03125,9.640625,0.96875,9.703125],"rotation":0,"texture":"#0","tintindex":0},"east":{"uv":[0.84375,9.703125,0.90625,9.765625],"rotation":0,"texture":"#0","tintindex":0},"north":{"uv":[0.90625,9.703125,0.96875,9.765625],"rotation":0,"texture":"#0","tintindex":0},"south":{"uv":[1.03125,9.703125,1.09375,9.765625],"rotation":0,"texture":"#0","tintindex":0},"up":{"uv":[0.96875,9.703125,0.90625,9.640625],"rotation":0,"texture":"#0","tintindex":0},"west":{"uv":[0.96875,9.703125,1.03125,9.765625],"rotation":0,"texture":"#0","tintindex":0}}},{"name":"w_head","from":[-9.324629,-0.02012968,4.959935],"to":[-5.3646297,5.4698715,8.469934],"rotation":{"angle":22.5,"axis":"x","origin":[-4.863941,3.7321134,7.058425]},"faces":{"down":{"uv":[1.484375,9.640625,1.421875,9.6875],"rotation":0,"texture":"#0","tintindex":0},"east":{"uv":[1.3125,9.6875,1.359375,9.78125],"rotation":0,"texture":"#0","tintindex":0},"north":{"uv":[1.359375,9.6875,1.421875,9.78125],"rotation":0,"texture":"#0","tintindex":0},"south":{"uv":[1.46875,9.6875,1.53125,9.78125],"rotation":0,"texture":"#0","tintindex":0},"up":{"uv":[1.421875,9.6875,1.359375,9.640625],"rotation":0,"texture":"#0","tintindex":0},"west":{"uv":[1.421875,9.6875,1.46875,9.78125],"rotation":0,"texture":"#0","tintindex":0}}},{"name":"w_head","from":[-7.9746284,-1.8426657,3.0986862],"to":[-5.3646297,1.9373364,6.6086855],"rotation":{"angle":45.0,"axis":"x","origin":[-3.5139413,0.76211524,5.0784225]},"faces":{"down":{"uv":[3.359375,9.640625,3.328125,9.6875],"rotation":0,"texture":"#0","tintindex":0},"east":{"uv":[3.25,9.6875,3.296875,9.75],"rotation":0,"texture":"#0","tintindex":0},"north":{"uv":[3.296875,9.6875,3.328125,9.75],"rotation":0,"texture":"#0","tintindex":0},"south":{"uv":[3.375,9.6875,3.40625,9.75],"rotation":0,"texture":"#0","tintindex":0},"up":{"uv":[3.328125,9.6875,3.296875,9.640625],"rotation":0,"texture":"#0","tintindex":0},"west":{"uv":[3.328125,9.6875,3.375,9.75],"rotation":0,"texture":"#0","tintindex":0}}},{"name":"w_head","from":[-7.254629,-1.7653742,-0.45802784],"to":[-5.004629,0.934628,3.6819687],"rotation":{"angle":-22.5,"axis":"x","origin":[-2.7939405,-0.3178866,2.6484203]},"faces":{"down":{"uv":[2.84375,9.640625,2.8125,9.703125],"rotation":0,"texture":"#0","tintindex":0},"east":{"uv":[2.71875,9.703125,2.78125,9.75],"rotation":0,"texture":"#0","tintindex":0},"north":{"uv":[2.78125,9.703125,2.8125,9.75],"rotation":0,"texture":"#0","tintindex":0},"south":{"uv":[2.875,9.703125,2.90625,9.75],"rotation":0,"texture":"#0","tintindex":0},"up":{"uv":[2.8125,9.703125,2.78125,9.640625],"rotation":0,"texture":"#0","tintindex":0},"west":{"uv":[2.8125,9.703125,2.875,9.75],"rotation":0,"texture":"#0","tintindex":0}}},{"name":"w_head","from":[-6.3546295,-1.7653742,-2.5280304],"to":[-4.644629,-0.14537382,0.5319681],"rotation":{"angle":-22.5,"axis":"x","origin":[-2.0739412,-0.3178866,-0.50158024]},"faces":{"down":{"uv":[3.703125,9.640625,3.6875,9.6875],"rotation":0,"texture":"#0","tintindex":0},"east":{"uv":[3.625,9.6875,3.671875,9.703125],"rotation":0,"texture":"#0","tintindex":0},"north":{"uv":[3.671875,9.6875,3.6875,9.703125],"rotation":0,"texture":"#0","tintindex":0},"south":{"uv":[3.734375,9.6875,3.75,9.703125],"rotation":0,"texture":"#0","tintindex":0},"up":{"uv":[3.6875,9.6875,3.671875,9.640625],"rotation":0,"texture":"#0","tintindex":0},"west":{"uv":[3.6875,9.6875,3.734375,9.703125],"rotation":0,"texture":"#0","tintindex":0}}},{"name":"w_head","from":[20.649391,-1.7653742,-2.5280304],"to":[22.359394,-0.14537382,0.5319681],"rotation":{"angle":-22.5,"axis":"x","origin":[18.078705,-0.3178866,-0.50158024]},"faces":{"down":{"uv":[3.515625,9.765625,3.5,9.8125],"rotation":0,"texture":"#0","tintindex":0},"east":{"uv":[3.4375,9.8125,3.484375,9.828125],"rotation":0,"texture":"#0","tintindex":0},"north":{"uv":[3.484375,9.8125,3.5,9.828125],"rotation":0,"texture":"#0","tintindex":0},"south":{"uv":[3.546875,9.8125,3.5625,9.828125],"rotation":0,"texture":"#0","tintindex":0},"up":{"uv":[3.5,9.8125,3.484375,9.765625],"rotation":0,"texture":"#0","tintindex":0},"west":{"uv":[3.5,9.8125,3.546875,9.828125],"rotation":0,"texture":"#0","tintindex":0}}},{"name":"w_head","from":[17.34251,5.5218916,5.382945],"to":[21.032509,10.381891,9.882946],"rotation":{"angle":-22.5,"axis":"z","origin":[16.188705,8.096071,7.6936493]},"faces":{"down":{"uv":[3.734375,9.453125,3.671875,9.53125],"rotation":0,"texture":"#0","tintindex":0},"east":{"uv":[3.53125,9.53125,3.609375,9.609375],"rotation":0,"texture":"#0","tintindex":0},"north":{"uv":[3.609375,9.53125,3.671875,9.609375],"rotation":0,"texture":"#0","tintindex":0},"south":{"uv":[3.75,9.53125,3.8125,9.609375],"rotation":0,"texture":"#0","tintindex":0},"up":{"uv":[3.671875,9.53125,3.609375,9.453125],"rotation":0,"texture":"#0","tintindex":0},"west":{"uv":[3.671875,9.53125,3.75,9.609375],"rotation":0,"texture":"#0","tintindex":0}}},{"name":"w_head","from":[19.389393,2.7670515,1.6689758],"to":[23.799393,6.997049,5.718976],"rotation":{"angle":-22.5,"axis":"x","origin":[15.963705,14.294539,4.325429]},"faces":{"down":{"uv":[0.40625,9.640625,0.34375,9.703125],"rotation":0,"texture":"#0","tintindex":0},"east":{"uv":[0.21875,9.703125,0.28125,9.765625],"rotation":0,"texture":"#0","tintindex":0},"north":{"uv":[0.28125,9.703125,0.34375,9.765625],"rotation":0,"texture":"#0","tintindex":0},"south":{"uv":[0.40625,9.703125,0.46875,9.765625],"rotation":0,"texture":"#0","tintindex":0},"up":{"uv":[0.34375,9.703125,0.28125,9.640625],"rotation":0,"texture":"#0","tintindex":0},"west":{"uv":[0.34375,9.703125,0.40625,9.765625],"rotation":0,"texture":"#0","tintindex":0}}},{"name":"w_head","from":[21.369392,-0.02012968,4.959935],"to":[25.329391,5.4698715,8.469934],"rotation":{"angle":22.5,"axis":"x","origin":[20.868706,3.7321134,7.058425]},"faces":{"down":{"uv":[1.265625,9.640625,1.203125,9.6875],"rotation":0,"texture":"#0","tintindex":0},"east":{"uv":[1.09375,9.6875,1.140625,9.78125],"rotation":0,"texture":"#0","tintindex":0},"north":{"uv":[1.140625,9.6875,1.203125,9.78125],"rotation":0,"texture":"#0","tintindex":0},"south":{"uv":[1.25,9.6875,1.3125,9.78125],"rotation":0,"texture":"#0","tintindex":0},"up":{"uv":[1.203125,9.6875,1.140625,9.640625],"rotation":0,"texture":"#0","tintindex":0},"west":{"uv":[1.203125,9.6875,1.25,9.78125],"rotation":0,"texture":"#0","tintindex":0}}},{"name":"w_head","from":[21.369392,-1.8426657,3.0986862],"to":[23.97939,1.9373364,6.6086855],"rotation":{"angle":45.0,"axis":"x","origin":[19.518703,0.76211524,5.0784225]},"faces":{"down":{"uv":[3.203125,9.640625,3.171875,9.6875],"rotation":0,"texture":"#0","tintindex":0},"east":{"uv":[3.09375,9.6875,3.140625,9.75],"rotation":0,"texture":"#0","tintindex":0},"north":{"uv":[3.140625,9.6875,3.171875,9.75],"rotation":0,"texture":"#0","tintindex":0},"south":{"uv":[3.21875,9.6875,3.25,9.75],"rotation":0,"texture":"#0","tintindex":0},"up":{"uv":[3.171875,9.6875,3.140625,9.640625],"rotation":0,"texture":"#0","tintindex":0},"west":{"uv":[3.171875,9.6875,3.21875,9.75],"rotation":0,"texture":"#0","tintindex":0}}},{"name":"w_head","from":[21.009392,-1.7653742,-0.45802784],"to":[23.259392,0.934628,3.6819687],"rotation":{"angle":-22.5,"axis":"x","origin":[18.798704,-0.3178866,2.6484203]},"faces":{"down":{"uv":[2.65625,9.640625,2.625,9.703125],"rotation":0,"texture":"#0","tintindex":0},"east":{"uv":[2.53125,9.703125,2.59375,9.75],"rotation":0,"texture":"#0","tintindex":0},"north":{"uv":[2.59375,9.703125,2.625,9.75],"rotation":0,"texture":"#0","tintindex":0},"south":{"uv":[2.6875,9.703125,2.71875,9.75],"rotation":0,"texture":"#0","tintindex":0},"up":{"uv":[2.625,9.703125,2.59375,9.640625],"rotation":0,"texture":"#0","tintindex":0},"west":{"uv":[2.625,9.703125,2.6875,9.75],"rotation":0,"texture":"#0","tintindex":0}}},{"name":"w_head","from":[-1.5826187,0.22650647,4.971672],"to":[17.587383,19.216507,18.11167],"rotation":{"angle":0.0,"axis":"x","origin":[8.002382,-37.51262,66.44611]},"faces":{"down":{"uv":[4.15625,5.203125,3.828125,5.421875],"rotation":0,"texture":"#0","tintindex":0},"east":{"uv":[3.28125,5.421875,3.5,5.75],"rotation":0,"texture":"#0","tintindex":0},"north":{"uv":[3.5,5.421875,3.828125,5.75],"rotation":0,"texture":"#0","tintindex":0},"south":{"uv":[4.046875,5.421875,4.375,5.75],"rotation":0,"texture":"#0","tintindex":0},"up":{"uv":[3.828125,5.421875,3.5,5.203125],"rotation":0,"texture":"#0","tintindex":0},"west":{"uv":[3.828125,5.421875,4.046875,5.75],"rotation":0,"texture":"#0","tintindex":0}}},{"name":"w_head","from":[1.207382,17.234833,3.6970654],"to":[14.797382,21.014835,16.387068],"rotation":{"angle":0.0,"axis":"x","origin":[8.002382,-37.51262,66.44611]},"faces":{"down":{"uv":[1.40625,7.34375,1.171875,7.5625],"rotation":0,"texture":"#0","tintindex":0},"east":{"uv":[0.71875,7.5625,0.9375,7.625],"rotation":0,"texture":"#0","tintindex":0},"north":{"uv":[0.9375,7.5625,1.171875,7.625],"rotation":0,"texture":"#0","tintindex":0},"south":{"uv":[1.390625,7.5625,1.625,7.625],"rotation":0,"texture":"#0","tintindex":0},"up":{"uv":[1.171875,7.5625,0.9375,7.34375],"rotation":0,"texture":"#0","tintindex":0},"west":{"uv":[1.171875,7.5625,1.390625,7.625],"rotation":0,"texture":"#0","tintindex":0}}},{"name":"w_head","from":[10.027382,17.953354,8.334144],"to":[14.077383,23.533352,17.604141],"rotation":{"angle":-45.0,"axis":"x","origin":[8.227383,15.301505,12.846672]},"faces":{"down":{"uv":[2.90625,8.984375,2.84375,9.140625],"rotation":0,"texture":"#0","tintindex":0},"east":{"uv":[2.625,9.140625,2.78125,9.234375],"rotation":0,"texture":"#0","tintindex":0},"north":{"uv":[2.78125,9.140625,2.84375,9.234375],"rotation":0,"texture":"#0","tintindex":0},"south":{"uv":[3.0,9.140625,3.0625,9.234375],"rotation":0,"texture":"#0","tintindex":0},"up":{"uv":[2.84375,9.140625,2.78125,8.984375],"rotation":0,"texture":"#0","tintindex":0},"west":{"uv":[2.84375,9.140625,3.0,9.234375],"rotation":0,"texture":"#0","tintindex":0}}},{"name":"w_head","from":[6.067382,20.18077,6.598853],"to":[10.3873825,25.760773,18.298853],"rotation":{"angle":-45.0,"axis":"x","origin":[7.777382,15.301505,12.846672]},"faces":{"down":{"uv":[5.640625,8.15625,5.578125,8.359375],"rotation":0,"texture":"#0","tintindex":0},"east":{"uv":[5.3125,8.359375,5.515625,8.453125],"rotation":0,"texture":"#0","tintindex":0},"north":{"uv":[5.515625,8.359375,5.578125,8.453125],"rotation":0,"texture":"#0","tintindex":0},"south":{"uv":[5.78125,8.359375,5.84375,8.453125],"rotation":0,"texture":"#0","tintindex":0},"up":{"uv":[5.578125,8.359375,5.515625,8.15625],"rotation":0,"texture":"#0","tintindex":0},"west":{"uv":[5.578125,8.359375,5.78125,8.453125],"rotation":0,"texture":"#0","tintindex":0}}},{"name":"w_head","from":[1.5673816,17.953354,8.334144],"to":[5.617382,23.533352,17.604141],"rotation":{"angle":-45.0,"axis":"x","origin":[8.227383,15.301505,12.846672]},"faces":{"down":{"uv":[3.34375,8.984375,3.28125,9.140625],"rotation":0,"texture":"#0","tintindex":0},"east":{"uv":[3.0625,9.140625,3.21875,9.234375],"rotation":0,"texture":"#0","tintindex":0},"north":{"uv":[3.21875,9.140625,3.28125,9.234375],"rotation":0,"texture":"#0","tintindex":0},"south":{"uv":[3.4375,9.140625,3.5,9.234375],"rotation":0,"texture":"#0","tintindex":0},"up":{"uv":[3.28125,9.140625,3.21875,8.984375],"rotation":0,"texture":"#0","tintindex":0},"west":{"uv":[3.28125,9.140625,3.4375,9.234375],"rotation":0,"texture":"#0","tintindex":0}}},{"name":"w_head","from":[1.5673816,15.073351,11.034143],"to":[5.617382,20.653355,20.304142],"rotation":{"angle":-45.0,"axis":"x","origin":[8.227383,15.301505,12.846672]},"faces":{"down":{"uv":[2.03125,8.984375,1.96875,9.140625],"rotation":0,"texture":"#0","tintindex":0},"east":{"uv":[1.75,9.140625,1.90625,9.234375],"rotation":0,"texture":"#0","tintindex":0},"north":{"uv":[1.90625,9.140625,1.96875,9.234375],"rotation":0,"texture":"#0","tintindex":0},"south":{"uv":[2.125,9.140625,2.1875,9.234375],"rotation":0,"texture":"#0","tintindex":0},"up":{"uv":[1.96875,9.140625,1.90625,8.984375],"rotation":0,"texture":"#0","tintindex":0},"west":{"uv":[1.96875,9.140625,2.125,9.234375],"rotation":0,"texture":"#0","tintindex":0}}},{"name":"w_head","from":[6.067382,17.300774,9.298853],"to":[10.3873825,22.880772,20.998854],"rotation":{"angle":-45.0,"axis":"x","origin":[7.777382,15.301505,12.846672]},"faces":{"down":{"uv":[5.109375,8.15625,5.046875,8.359375],"rotation":0,"texture":"#0","tintindex":0},"east":{"uv":[4.78125,8.359375,4.984375,8.453125],"rotation":0,"texture":"#0","tintindex":0},"north":{"uv":[4.984375,8.359375,5.046875,8.453125],"rotation":0,"texture":"#0","tintindex":0},"south":{"uv":[5.25,8.359375,5.3125,8.453125],"rotation":0,"texture":"#0","tintindex":0},"up":{"uv":[5.046875,8.359375,4.984375,8.15625],"rotation":0,"texture":"#0","tintindex":0},"west":{"uv":[5.046875,8.359375,5.25,8.453125],"rotation":0,"texture":"#0","tintindex":0}}},{"name":"w_head","from":[10.027382,15.073351,11.034143],"to":[14.077383,20.653355,20.304142],"rotation":{"angle":-45.0,"axis":"x","origin":[8.227383,15.301505,12.846672]},"faces":{"down":{"uv":[2.46875,8.984375,2.40625,9.140625],"rotation":0,"texture":"#0","tintindex":0},"east":{"uv":[2.1875,9.140625,2.34375,9.234375],"rotation":0,"texture":"#0","tintindex":0},"north":{"uv":[2.34375,9.140625,2.40625,9.234375],"rotation":0,"texture":"#0","tintindex":0},"south":{"uv":[2.5625,9.140625,2.625,9.234375],"rotation":0,"texture":"#0","tintindex":0},"up":{"uv":[2.40625,9.140625,2.34375,8.984375],"rotation":0,"texture":"#0","tintindex":0},"west":{"uv":[2.40625,9.140625,2.5625,9.234375],"rotation":0,"texture":"#0","tintindex":0}}},{"name":"w_head","from":[1.5673816,12.463351,14.184143],"to":[5.617382,18.04335,23.454142],"rotation":{"angle":-45.0,"axis":"x","origin":[8.227383,15.301505,12.846672]},"faces":{"down":{"uv":[1.15625,8.984375,1.09375,9.140625],"rotation":0,"texture":"#0","tintindex":0},"east":{"uv":[0.875,9.140625,1.03125,9.234375],"rotation":0,"texture":"#0","tintindex":0},"north":{"uv":[1.03125,9.140625,1.09375,9.234375],"rotation":0,"texture":"#0","tintindex":0},"south":{"uv":[1.25,9.140625,1.3125,9.234375],"rotation":0,"texture":"#0","tintindex":0},"up":{"uv":[1.09375,9.140625,1.03125,8.984375],"rotation":0,"texture":"#0","tintindex":0},"west":{"uv":[1.09375,9.140625,1.25,9.234375],"rotation":0,"texture":"#0","tintindex":0}}},{"name":"w_head","from":[6.067382,14.690775,12.448853],"to":[10.3873825,20.270771,24.148853],"rotation":{"angle":-45.0,"axis":"x","origin":[7.777382,15.301505,12.846672]},"faces":{"down":{"uv":[4.578125,8.15625,4.515625,8.359375],"rotation":0,"texture":"#0","tintindex":0},"east":{"uv":[4.25,8.359375,4.453125,8.453125],"rotation":0,"texture":"#0","tintindex":0},"north":{"uv":[4.453125,8.359375,4.515625,8.453125],"rotation":0,"texture":"#0","tintindex":0},"south":{"uv":[4.71875,8.359375,4.78125,8.453125],"rotation":0,"texture":"#0","tintindex":0},"up":{"uv":[4.515625,8.359375,4.453125,8.15625],"rotation":0,"texture":"#0","tintindex":0},"west":{"uv":[4.515625,8.359375,4.71875,8.453125],"rotation":0,"texture":"#0","tintindex":0}}},{"name":"w_head","from":[10.027382,12.463351,14.184143],"to":[14.077383,18.04335,23.454142],"rotation":{"angle":-45.0,"axis":"x","origin":[8.227383,15.301505,12.846672]},"faces":{"down":{"uv":[1.59375,8.984375,1.53125,9.140625],"rotation":0,"texture":"#0","tintindex":0},"east":{"uv":[1.3125,9.140625,1.46875,9.234375],"rotation":0,"texture":"#0","tintindex":0},"north":{"uv":[1.46875,9.140625,1.53125,9.234375],"rotation":0,"texture":"#0","tintindex":0},"south":{"uv":[1.6875,9.140625,1.75,9.234375],"rotation":0,"texture":"#0","tintindex":0},"up":{"uv":[1.53125,9.140625,1.46875,8.984375],"rotation":0,"texture":"#0","tintindex":0},"west":{"uv":[1.53125,9.140625,1.6875,9.234375],"rotation":0,"texture":"#0","tintindex":0}}},{"name":"w_head","from":[-3.0226188,10.02734,7.72404],"to":[19.027382,20.107338,19.424042],"rotation":{"angle":-22.5,"axis":"x","origin":[8.002382,15.06734,13.57404]},"faces":{"down":{"uv":[1.984375,5.8125,1.609375,6.015625],"rotation":0,"texture":"#0","tintindex":0},"east":{"uv":[1.03125,6.015625,1.234375,6.1875],"rotation":0,"texture":"#0","tintindex":0},"north":{"uv":[1.234375,6.015625,1.609375,6.1875],"rotation":0,"texture":"#0","tintindex":0},"south":{"uv":[1.8125,6.015625,2.1875,6.1875],"rotation":0,"texture":"#0","tintindex":0},"up":{"uv":[1.609375,6.015625,1.234375,5.8125],"rotation":0,"texture":"#0","tintindex":0},"west":{"uv":[1.609375,6.015625,1.8125,6.1875],"rotation":0,"texture":"#0","tintindex":0}}},{"name":"w_head","from":[5.797382,10.179967,-16.0],"to":[10.207382,26.289967,-11.500004],"rotation":{"angle":-45.0,"axis":"x","origin":[8.002382,18.23497,-13.750004]},"faces":{"down":{"uv":[1.078125,9.296875,1.015625,9.375],"rotation":0,"texture":"#0","tintindex":0},"east":{"uv":[0.875,9.375,0.953125,9.640625],"rotation":0,"texture":"#0","tintindex":0},"north":{"uv":[0.953125,9.375,1.015625,9.640625],"rotation":0,"texture":"#0","tintindex":0},"south":{"uv":[1.09375,9.375,1.15625,9.640625],"rotation":0,"texture":"#0","tintindex":0},"up":{"uv":[1.015625,9.375,0.953125,9.296875],"rotation":0,"texture":"#0","tintindex":0},"west":{"uv":[1.015625,9.375,1.09375,9.640625],"rotation":0,"texture":"#0","tintindex":0}}},{"name":"w_head","from":[5.9773817,14.962631,-15.892502],"to":[10.027382,19.552631,-4.0125046],"rotation":{"angle":22.5,"axis":"x","origin":[8.002382,16.357635,-9.952499]},"faces":{"down":{"uv":[1.609375,8.515625,1.546875,8.71875],"rotation":0,"texture":"#0","tintindex":0},"east":{"uv":[1.28125,8.71875,1.484375,8.796875],"rotation":0,"texture":"#0","tintindex":0},"north":{"uv":[1.484375,8.71875,1.546875,8.796875],"rotation":0,"texture":"#0","tintindex":0},"south":{"uv":[1.75,8.71875,1.8125,8.796875],"rotation":0,"texture":"#0","tintindex":0},"up":{"uv":[1.546875,8.71875,1.484375,8.515625],"rotation":0,"texture":"#0","tintindex":0},"west":{"uv":[1.546875,8.71875,1.75,8.796875],"rotation":0,"texture":"#0","tintindex":0}}},{"name":"w_head","from":[4.942382,7.1565065,-8.168331],"to":[11.062382,10.846508,5.1516695],"rotation":{"angle":0.0,"axis":"x","origin":[8.002382,-37.51262,66.44611]},"faces":{"down":{"uv":[6.21875,7.828125,6.125,8.046875],"rotation":0,"texture":"#0","tintindex":0},"east":{"uv":[5.8125,8.046875,6.03125,8.109375],"rotation":0,"texture":"#0","tintindex":0},"north":{"uv":[6.03125,8.046875,6.125,8.109375],"rotation":0,"texture":"#0","tintindex":0},"south":{"uv":[6.34375,8.046875,6.4375,8.109375],"rotation":0,"texture":"#0","tintindex":0},"up":{"uv":[6.125,8.046875,6.03125,7.828125],"rotation":0,"texture":"#0","tintindex":0},"west":{"uv":[6.125,8.046875,6.34375,8.109375],"rotation":0,"texture":"#0","tintindex":0}}},{"name":"w_head","from":[5.48606,5.8965073,-8.258331],"to":[6.47606,8.7765045,-7.088333],"rotation":{"angle":22.5,"axis":"x","origin":[5.93606,7.5165052,-8.123333]},"faces":{"down":{"uv":[3.859375,9.765625,3.84375,9.78125],"rotation":0,"texture":"#0","tintindex":0},"east":{"uv":[3.8125,9.78125,3.828125,9.828125],"rotation":0,"texture":"#0","tintindex":0},"north":{"uv":[3.828125,9.78125,3.84375,9.828125],"rotation":0,"texture":"#0","tintindex":0},"south":{"uv":[3.859375,9.78125,3.875,9.828125],"rotation":0,"texture":"#0","tintindex":0},"up":{"uv":[3.84375,9.78125,3.828125,9.765625],"rotation":0,"texture":"#0","tintindex":0},"west":{"uv":[3.84375,9.78125,3.859375,9.828125],"rotation":0,"texture":"#0","tintindex":0}}},{"name":"w_head","from":[9.528704,5.8965073,-8.258331],"to":[10.518703,8.7765045,-7.088333],"rotation":{"angle":22.5,"axis":"x","origin":[10.068705,7.5165052,-8.123333]},"faces":{"down":{"uv":[3.859375,9.703125,3.84375,9.71875],"rotation":0,"texture":"#0","tintindex":0},"east":{"uv":[3.8125,9.71875,3.828125,9.765625],"rotation":0,"texture":"#0","tintindex":0},"north":{"uv":[3.828125,9.71875,3.84375,9.765625],"rotation":0,"texture":"#0","tintindex":0},"south":{"uv":[3.859375,9.71875,3.875,9.765625],"rotation":0,"texture":"#0","tintindex":0},"up":{"uv":[3.84375,9.71875,3.828125,9.703125],"rotation":0,"texture":"#0","tintindex":0},"west":{"uv":[3.84375,9.71875,3.859375,9.765625],"rotation":0,"texture":"#0","tintindex":0}}},{"name":"w_head","from":[-1.5957885,0.59348416,2.393034],"to":[0.56421185,8.153483,6.443034],"rotation":{"angle":-22.5,"axis":"y","origin":[1.4360601,6.4815063,5.916671]},"faces":{"down":{"uv":[0.78125,9.640625,0.75,9.703125],"rotation":0,"texture":"#0","tintindex":0},"east":{"uv":[0.65625,9.703125,0.71875,9.828125],"rotation":0,"texture":"#0","tintindex":0},"north":{"uv":[0.71875,9.703125,0.75,9.828125],"rotation":0,"texture":"#0","tintindex":0},"south":{"uv":[0.8125,9.703125,0.84375,9.828125],"rotation":0,"texture":"#0","tintindex":0},"up":{"uv":[0.75,9.703125,0.71875,9.640625],"rotation":0,"texture":"#0","tintindex":0},"west":{"uv":[0.75,9.703125,0.8125,9.828125],"rotation":0,"texture":"#0","tintindex":0}}},{"name":"w_head","from":[15.440553,0.59348416,2.393034],"to":[17.600552,8.153483,6.443034],"rotation":{"angle":22.5,"axis":"y","origin":[14.568704,6.4815063,5.916671]},"faces":{"down":{"uv":[0.59375,9.640625,0.5625,9.703125],"rotation":0,"texture":"#0","tintindex":0},"east":{"uv":[0.46875,9.703125,0.53125,9.828125],"rotation":0,"texture":"#0","tintindex":0},"north":{"uv":[0.53125,9.703125,0.5625,9.828125],"rotation":0,"texture":"#0","tintindex":0},"south":{"uv":[0.625,9.703125,0.65625,9.828125],"rotation":0,"texture":"#0","tintindex":0},"up":{"uv":[0.5625,9.703125,0.53125,9.640625],"rotation":0,"texture":"#0","tintindex":0},"west":{"uv":[0.5625,9.703125,0.625,9.828125],"rotation":0,"texture":"#0","tintindex":0}}},{"name":"w_head","from":[-1.8751187,12.826505,14.061668],"to":[17.879883,18.316505,26.21167],"rotation":{"angle":22.5,"axis":"x","origin":[7.0798817,10.621508,23.24167]},"faces":{"down":{"uv":[8.671875,6.328125,8.34375,6.53125],"rotation":0,"texture":"#0","tintindex":0},"east":{"uv":[7.8125,6.53125,8.015625,6.625],"rotation":0,"texture":"#0","tintindex":0},"north":{"uv":[8.015625,6.53125,8.34375,6.625],"rotation":0,"texture":"#0","tintindex":0},"south":{"uv":[8.546875,6.53125,8.875,6.625],"rotation":0,"texture":"#0","tintindex":0},"up":{"uv":[8.34375,6.53125,8.015625,6.328125],"rotation":0,"texture":"#0","tintindex":0},"west":{"uv":[8.34375,6.53125,8.546875,6.625],"rotation":0,"texture":"#0","tintindex":0}}}],"display":{"head":{"translation":[0.0,-6.4,-52.800198],"rotation":[0.0,0.0,0.0],"scale":[3.8095,3.8095,3.8095]}}}