{"textures":{"0":"modelengine:entity/ice_titan"},"elements":[{"name":"w_lefttoe","from":[-3.9429998,2.9404993,-1.8520017],"to":[1.6729985,9.3755,7.3910003],"rotation":{"angle":22.5,"axis":"y","origin":[-1.1349993,6.1579995,2.0089993]},"faces":{"down":{"uv":[3.875,8.515625,3.96875,8.671875],"rotation":0,"texture":"#0","tintindex":0},"east":{"uv":[4.03125,8.671875,3.875,8.78125],"rotation":0,"texture":"#0","tintindex":0},"north":{"uv":[3.875,8.671875,3.78125,8.78125],"rotation":0,"texture":"#0","tintindex":0},"south":{"uv":[4.125,8.671875,4.03125,8.78125],"rotation":0,"texture":"#0","tintindex":0},"up":{"uv":[3.78125,8.671875,3.875,8.515625],"rotation":0,"texture":"#0","tintindex":0},"west":{"uv":[3.78125,8.671875,3.625,8.78125],"rotation":0,"texture":"#0","tintindex":0}}},{"name":"w_lefttoe","from":[3.4280005,2.9404993,-4.1920004],"to":[9.044,9.3755,5.050999],"rotation":{"angle":0.0,"axis":"x","origin":[26.792,1.7126535,-35.98229]},"faces":{"down":{"uv":[3.375,8.515625,3.46875,8.671875],"rotation":0,"texture":"#0","tintindex":0},"east":{"uv":[3.53125,8.671875,3.375,8.78125],"rotation":0,"texture":"#0","tintindex":0},"north":{"uv":[3.375,8.671875,3.28125,8.78125],"rotation":0,"texture":"#0","tintindex":0},"south":{"uv":[3.625,8.671875,3.53125,8.78125],"rotation":0,"texture":"#0","tintindex":0},"up":{"uv":[3.28125,8.671875,3.375,8.515625],"rotation":0,"texture":"#0","tintindex":0},"west":{"uv":[3.28125,8.671875,3.125,8.78125],"rotation":0,"texture":"#0","tintindex":0}}},{"name":"w_lefttoe","from":[10.799,2.9404993,-1.8520017],"to":[16.415,9.3755,7.3910003],"rotation":{"angle":-22.5,"axis":"y","origin":[13.606999,6.1579995,2.0089993]},"faces":{"down":{"uv":[2.875,8.515625,2.96875,8.671875],"rotation":0,"texture":"#0","tintindex":0},"east":{"uv":[3.03125,8.671875,2.875,8.78125],"rotation":0,"texture":"#0","tintindex":0},"north":{"uv":[2.875,8.671875,2.78125,8.78125],"rotation":0,"texture":"#0","tintindex":0},"south":{"uv":[3.125,8.671875,3.03125,8.78125],"rotation":0,"texture":"#0","tintindex":0},"up":{"uv":[2.78125,8.671875,2.875,8.515625],"rotation":0,"texture":"#0","tintindex":0},"west":{"uv":[2.78125,8.671875,2.625,8.78125],"rotation":0,"texture":"#0","tintindex":0}}},{"name":"w_lefttoe","from":[-6.7510004,5.9824996,-4.1920004],"to":[-2.8900013,9.8435,0.6049993],"rotation":{"angle":22.5,"axis":"y","origin":[-4.5280013,9.2,-7.000001]},"faces":{"down":{"uv":[4.265625,9.4375,4.328125,9.515625],"rotation":0,"texture":"#0","tintindex":0},"east":{"uv":[4.34375,9.515625,4.265625,9.578125],"rotation":0,"texture":"#0","tintindex":0},"north":{"uv":[4.265625,9.515625,4.203125,9.578125],"rotation":0,"texture":"#0","tintindex":0},"south":{"uv":[4.40625,9.515625,4.34375,9.578125],"rotation":0,"texture":"#0","tintindex":0},"up":{"uv":[4.203125,9.515625,4.265625,9.4375],"rotation":0,"texture":"#0","tintindex":0},"west":{"uv":[4.203125,9.515625,4.125,9.578125],"rotation":0,"texture":"#0","tintindex":0}}},{"name":"w_lefttoe","from":[-6.0490007,2.9404993,-6.649001],"to":[-3.4750004,9.1414995,-3.4900012],"rotation":{"angle":22.5,"axis":"y","origin":[-4.5280013,9.2,-7.000001]},"faces":{"down":{"uv":[2.109375,9.640625,2.140625,9.6875],"rotation":0,"texture":"#0","tintindex":0},"east":{"uv":[2.15625,9.6875,2.109375,9.78125],"rotation":0,"texture":"#0","tintindex":0},"north":{"uv":[2.109375,9.6875,2.078125,9.78125],"rotation":0,"texture":"#0","tintindex":0},"south":{"uv":[2.1875,9.6875,2.15625,9.78125],"rotation":0,"texture":"#0","tintindex":0},"up":{"uv":[2.078125,9.6875,2.109375,9.640625],"rotation":0,"texture":"#0","tintindex":0},"west":{"uv":[2.078125,9.6875,2.03125,9.78125],"rotation":0,"texture":"#0","tintindex":0}}},{"name":"w_lefttoe","from":[4.305499,5.9824996,-6.5320015],"to":[8.1665,9.8435,-1.7349997],"rotation":{"angle":0.0,"axis":"x","origin":[26.792,1.7126535,-35.98229]},"faces":{"down":{"uv":[4.265625,9.296875,4.328125,9.375],"rotation":0,"texture":"#0","tintindex":0},"east":{"uv":[4.34375,9.375,4.265625,9.4375],"rotation":0,"texture":"#0","tintindex":0},"north":{"uv":[4.265625,9.375,4.203125,9.4375],"rotation":0,"texture":"#0","tintindex":0},"south":{"uv":[4.40625,9.375,4.34375,9.4375],"rotation":0,"texture":"#0","tintindex":0},"up":{"uv":[4.203125,9.375,4.265625,9.296875],"rotation":0,"texture":"#0","tintindex":0},"west":{"uv":[4.203125,9.375,4.125,9.4375],"rotation":0,"texture":"#0","tintindex":0}}},{"name":"w_lefttoe","from":[4.9490004,2.9404993,-8.989],"to":[7.522999,9.1414995,-5.83],"rotation":{"angle":0.0,"axis":"x","origin":[26.792,1.7126535,-35.98229]},"faces":{"down":{"uv":[1.953125,9.640625,1.984375,9.6875],"rotation":0,"texture":"#0","tintindex":0},"east":{"uv":[2.0,9.6875,1.953125,9.78125],"rotation":0,"texture":"#0","tintindex":0},"north":{"uv":[1.953125,9.6875,1.921875,9.78125],"rotation":0,"texture":"#0","tintindex":0},"south":{"uv":[2.03125,9.6875,2.0,9.78125],"rotation":0,"texture":"#0","tintindex":0},"up":{"uv":[1.921875,9.6875,1.953125,9.640625],"rotation":0,"texture":"#0","tintindex":0},"west":{"uv":[1.921875,9.6875,1.875,9.78125],"rotation":0,"texture":"#0","tintindex":0}}},{"name":"w_lefttoe","from":[15.362,5.9824996,-4.1920004],"to":[19.223,9.8435,0.6049993],"rotation":{"angle":-22.5,"axis":"y","origin":[17.0,9.2,-7.000001]},"faces":{"down":{"uv":[3.984375,9.453125,4.046875,9.53125],"rotation":0,"texture":"#0","tintindex":0},"east":{"uv":[4.0625,9.53125,3.984375,9.59375],"rotation":0,"texture":"#0","tintindex":0},"north":{"uv":[3.984375,9.53125,3.921875,9.59375],"rotation":0,"texture":"#0","tintindex":0},"south":{"uv":[4.125,9.53125,4.0625,9.59375],"rotation":0,"texture":"#0","tintindex":0},"up":{"uv":[3.921875,9.53125,3.984375,9.453125],"rotation":0,"texture":"#0","tintindex":0},"west":{"uv":[3.921875,9.53125,3.84375,9.59375],"rotation":0,"texture":"#0","tintindex":0}}},{"name":"w_lefttoe","from":[15.947,2.9404993,-6.649001],"to":[18.521,9.1414995,-3.4900012],"rotation":{"angle":-22.5,"axis":"y","origin":[17.0,9.2,-7.000001]},"faces":{"down":{"uv":[1.796875,9.640625,1.828125,9.6875],"rotation":0,"texture":"#0","tintindex":0},"east":{"uv":[1.84375,9.6875,1.796875,9.78125],"rotation":0,"texture":"#0","tintindex":0},"north":{"uv":[1.796875,9.6875,1.765625,9.78125],"rotation":0,"texture":"#0","tintindex":0},"south":{"uv":[1.875,9.6875,1.84375,9.78125],"rotation":0,"texture":"#0","tintindex":0},"up":{"uv":[1.765625,9.6875,1.796875,9.640625],"rotation":0,"texture":"#0","tintindex":0},"west":{"uv":[1.765625,9.6875,1.71875,9.78125],"rotation":0,"texture":"#0","tintindex":0}}}],"display":{"head":{"translation":[0.0,-6.4,0.0],"rotation":[0.0,0.0,0.0],"scale":[3.8095,3.8095,3.8095]}}}