{"textures":{"0":"modelengine:entity/ice_titan"},"elements":[{"name":"w_lefthand","from":[-2.3230014,3.8081057,-8.577816],"to":[16.073,14.104107,11.5461855],"rotation":{"angle":0.0,"axis":"x","origin":[32.10557,24.948727,34.49454]},"faces":{"down":{"uv":[4.34375,2.125,4.65625,2.46875],"rotation":0,"texture":"#0","tintindex":0},"east":{"uv":[4.6875,2.46875,4.34375,2.640625],"rotation":0,"texture":"#0","tintindex":0},"north":{"uv":[4.34375,2.46875,4.03125,2.640625],"rotation":0,"texture":"#0","tintindex":0},"south":{"uv":[5.0,2.46875,4.6875,2.640625],"rotation":0,"texture":"#0","tintindex":0},"up":{"uv":[4.03125,2.46875,4.34375,2.125],"rotation":0,"texture":"#0","tintindex":0},"west":{"uv":[4.03125,2.46875,3.6875,2.640625],"rotation":0,"texture":"#0","tintindex":0}}}],"display":{"head":{"translation":[0.0,-6.4,0.0],"rotation":[0.0,0.0,0.0],"scale":[3.8095,3.8095,3.8095]}}}