{"textures":{"0":"modelengine:entity/ice_titan"},"elements":[{"name":"w_leftarm_a","from":[-7.6483955,-2.1669521,-2.0227728],"to":[10.981606,15.833049,16.427229],"rotation":{"angle":0.0,"axis":"x","origin":[27.02,-23.804123,33.299812]},"faces":{"down":{"uv":[3.0625,2.125,3.375,2.4375],"rotation":0,"texture":"#0","tintindex":0},"east":{"uv":[3.375,2.4375,3.0625,2.75],"rotation":0,"texture":"#0","tintindex":0},"north":{"uv":[3.0625,2.4375,2.75,2.75],"rotation":0,"texture":"#0","tintindex":0},"south":{"uv":[3.6875,2.4375,3.375,2.75],"rotation":0,"texture":"#0","tintindex":0},"up":{"uv":[2.75,2.4375,3.0625,2.125],"rotation":0,"texture":"#0","tintindex":0},"west":{"uv":[2.75,2.4375,2.4375,2.75],"rotation":0,"texture":"#0","tintindex":0}}}],"display":{"head":{"translation":[0.0,-6.4,0.0],"rotation":[0.0,0.0,0.0],"scale":[3.8095,3.8095,3.8095]}}}