{"textures":{"0":"modelengine:entity/ice_titan"},"elements":[{"name":"w_leftarm_b","from":[-1.6300001,-2.1400003,0.64609957],"to":[15.290001,15.2300005,16.9361],"rotation":{"angle":0.0,"axis":"x","origin":[31.981934,1.7196859,33.160965]},"faces":{"down":{"uv":[1.78125,2.9375,2.0625,3.21875],"rotation":0,"texture":"#0","tintindex":0},"east":{"uv":[2.0625,3.21875,1.78125,3.515625],"rotation":0,"texture":"#0","tintindex":0},"north":{"uv":[1.78125,3.21875,1.5,3.515625],"rotation":0,"texture":"#0","tintindex":0},"south":{"uv":[2.34375,3.21875,2.0625,3.515625],"rotation":0,"texture":"#0","tintindex":0},"up":{"uv":[1.5,3.21875,1.78125,2.9375],"rotation":0,"texture":"#0","tintindex":0},"west":{"uv":[1.5,3.21875,1.21875,3.515625],"rotation":0,"texture":"#0","tintindex":0}}},{"name":"w_leftarm_b","from":[-0.9099994,-16.0,1.0960996],"to":[14.390001,1.2799997,13.4261],"rotation":{"angle":0.0,"axis":"x","origin":[31.981934,1.7196859,33.160965]},"faces":{"down":{"uv":[1.59375,6.328125,1.859375,6.53125],"rotation":0,"texture":"#0","tintindex":0},"east":{"uv":[1.796875,6.53125,1.59375,6.828125],"rotation":0,"texture":"#0","tintindex":0},"north":{"uv":[1.59375,6.53125,1.328125,6.828125],"rotation":0,"texture":"#0","tintindex":0},"south":{"uv":[2.0625,6.53125,1.796875,6.828125],"rotation":0,"texture":"#0","tintindex":0},"up":{"uv":[1.328125,6.53125,1.59375,6.328125],"rotation":0,"texture":"#0","tintindex":0},"west":{"uv":[1.328125,6.53125,1.125,6.828125],"rotation":0,"texture":"#0","tintindex":0}}}],"display":{"head":{"translation":[0.0,-7.7054505,0.0],"rotation":[0.0,0.0,0.0],"scale":[3.8095,3.8095,3.8095]}}}