{"textures":{"0":"modelengine:entity/ice_titan"},"elements":[{"name":"w_mouth","from":[4.981322,7.120878,-7.2283516],"to":[11.101322,10.900881,9.42165],"rotation":{"angle":0.0,"axis":"x","origin":[8.041322,-31.158245,67.56609]},"faces":{"down":{"uv":[6.3125,7.34375,6.21875,7.625],"rotation":0,"texture":"#0","tintindex":0},"east":{"uv":[5.84375,7.625,6.125,7.6875],"rotation":0,"texture":"#0","tintindex":0},"north":{"uv":[6.125,7.625,6.21875,7.6875],"rotation":0,"texture":"#0","tintindex":0},"south":{"uv":[6.5,7.625,6.59375,7.6875],"rotation":0,"texture":"#0","tintindex":0},"up":{"uv":[6.21875,7.625,6.125,7.34375],"rotation":0,"texture":"#0","tintindex":0},"west":{"uv":[6.21875,7.625,6.5,7.6875],"rotation":0,"texture":"#0","tintindex":0}}},{"name":"w_mouth","from":[3.0224595,6.7608795,1.5916517],"to":[13.102461,10.180878,9.42165],"rotation":{"angle":0.0,"axis":"x","origin":[8.041322,-31.158245,67.56609]},"faces":{"down":{"uv":[4.09375,8.78125,3.921875,8.90625],"rotation":0,"texture":"#0","tintindex":0},"east":{"uv":[3.625,8.90625,3.75,8.953125],"rotation":0,"texture":"#0","tintindex":0},"north":{"uv":[3.75,8.90625,3.921875,8.953125],"rotation":0,"texture":"#0","tintindex":0},"south":{"uv":[4.046875,8.90625,4.21875,8.953125],"rotation":0,"texture":"#0","tintindex":0},"up":{"uv":[3.921875,8.90625,3.75,8.78125],"rotation":0,"texture":"#0","tintindex":0},"west":{"uv":[3.921875,8.90625,4.046875,8.953125],"rotation":0,"texture":"#0","tintindex":0}}},{"name":"w_mouth","from":[5.926322,10.030159,-2.2406359],"to":[10.1563225,12.010161,10.179367],"rotation":{"angle":0.0,"axis":"x","origin":[8.041322,-31.158245,67.56609]},"faces":{"down":{"uv":[4.546875,8.515625,4.484375,8.71875],"rotation":0,"texture":"#0","tintindex":0},"east":{"uv":[4.21875,8.71875,4.421875,8.75],"rotation":0,"texture":"#0","tintindex":0},"north":{"uv":[4.421875,8.71875,4.484375,8.75],"rotation":0,"texture":"#0","tintindex":0},"south":{"uv":[4.6875,8.71875,4.75,8.75],"rotation":0,"texture":"#0","tintindex":0},"up":{"uv":[4.484375,8.71875,4.421875,8.515625],"rotation":0,"texture":"#0","tintindex":0},"west":{"uv":[4.484375,8.71875,4.6875,8.75],"rotation":0,"texture":"#0","tintindex":0}}},{"name":"w_mouth","from":[5.881322,7.2899537,-3.5473728],"to":[10.201323,9.269956,3.6526275],"rotation":{"angle":22.5,"axis":"x","origin":[8.041322,10.840158,5.004367]},"faces":{"down":{"uv":[3.0625,9.296875,3.0,9.421875],"rotation":0,"texture":"#0","tintindex":0},"east":{"uv":[2.8125,9.421875,2.9375,9.453125],"rotation":0,"texture":"#0","tintindex":0},"north":{"uv":[2.9375,9.421875,3.0,9.453125],"rotation":0,"texture":"#0","tintindex":0},"south":{"uv":[3.125,9.421875,3.1875,9.453125],"rotation":0,"texture":"#0","tintindex":0},"up":{"uv":[3.0,9.421875,2.9375,9.296875],"rotation":0,"texture":"#0","tintindex":0},"west":{"uv":[3.0,9.421875,3.125,9.453125],"rotation":0,"texture":"#0","tintindex":0}}},{"name":"w_mouth","from":[5.296322,-4.5467443,-5.710664],"to":[10.786322,6.253256,-0.5806613],"rotation":{"angle":45.0,"axis":"x","origin":[9.301322,9.0108795,-0.2533512]},"faces":{"down":{"uv":[1.421875,9.296875,1.328125,9.375],"rotation":0,"texture":"#0","tintindex":0},"east":{"uv":[1.15625,9.375,1.234375,9.5625],"rotation":0,"texture":"#0","tintindex":0},"north":{"uv":[1.234375,9.375,1.328125,9.5625],"rotation":0,"texture":"#0","tintindex":0},"south":{"uv":[1.40625,9.375,1.5,9.5625],"rotation":0,"texture":"#0","tintindex":0},"up":{"uv":[1.328125,9.375,1.234375,9.296875],"rotation":0,"texture":"#0","tintindex":0},"west":{"uv":[1.328125,9.375,1.40625,9.5625],"rotation":0,"texture":"#0","tintindex":0}}},{"name":"w_mouth","from":[-2.533678,6.3108797,5.641652],"to":[18.616322,11.530878,12.21165],"rotation":{"angle":0.0,"axis":"x","origin":[8.041322,-31.158245,67.56609]},"faces":{"down":{"uv":[5.734375,7.34375,5.375,7.453125],"rotation":0,"texture":"#0","tintindex":0},"east":{"uv":[4.90625,7.453125,5.015625,7.53125],"rotation":0,"texture":"#0","tintindex":0},"north":{"uv":[5.015625,7.453125,5.375,7.53125],"rotation":0,"texture":"#0","tintindex":0},"south":{"uv":[5.484375,7.453125,5.84375,7.53125],"rotation":0,"texture":"#0","tintindex":0},"up":{"uv":[5.375,7.453125,5.015625,7.34375],"rotation":0,"texture":"#0","tintindex":0},"west":{"uv":[5.375,7.453125,5.484375,7.53125],"rotation":0,"texture":"#0","tintindex":0}}},{"name":"w_mouth","from":[9.7127905,9.170405,-5.7813787],"to":[10.70279,11.690409,-4.7913775],"rotation":{"angle":-22.5,"axis":"z","origin":[10.9176445,10.70667,-5.8333483]},"faces":{"down":{"uv":[4.046875,9.6875,4.03125,9.703125],"rotation":0,"texture":"#0","tintindex":0},"east":{"uv":[4.0,9.703125,4.015625,9.734375],"rotation":0,"texture":"#0","tintindex":0},"north":{"uv":[4.015625,9.703125,4.03125,9.734375],"rotation":0,"texture":"#0","tintindex":0},"south":{"uv":[4.046875,9.703125,4.0625,9.734375],"rotation":0,"texture":"#0","tintindex":0},"up":{"uv":[4.03125,9.703125,4.015625,9.6875],"rotation":0,"texture":"#0","tintindex":0},"west":{"uv":[4.03125,9.703125,4.046875,9.734375],"rotation":0,"texture":"#0","tintindex":0}}},{"name":"w_mouth","from":[5.379854,9.170405,-5.7813787],"to":[6.369854,11.690409,-4.7913775],"rotation":{"angle":22.5,"axis":"z","origin":[5.165,10.70667,-5.8333483]},"faces":{"down":{"uv":[4.046875,9.640625,4.03125,9.65625],"rotation":0,"texture":"#0","tintindex":0},"east":{"uv":[4.0,9.65625,4.015625,9.6875],"rotation":0,"texture":"#0","tintindex":0},"north":{"uv":[4.015625,9.65625,4.03125,9.6875],"rotation":0,"texture":"#0","tintindex":0},"south":{"uv":[4.046875,9.65625,4.0625,9.6875],"rotation":0,"texture":"#0","tintindex":0},"up":{"uv":[4.03125,9.65625,4.015625,9.640625],"rotation":0,"texture":"#0","tintindex":0},"west":{"uv":[4.03125,9.65625,4.046875,9.6875],"rotation":0,"texture":"#0","tintindex":0}}},{"name":"w_mouth","from":[9.567644,8.546671,-7.1833487],"to":[10.557644,11.426673,-6.238351],"rotation":{"angle":-45.0,"axis":"x","origin":[10.107644,10.70667,-7.003351]},"faces":{"down":{"uv":[3.859375,9.640625,3.84375,9.65625],"rotation":0,"texture":"#0","tintindex":0},"east":{"uv":[3.8125,9.65625,3.828125,9.703125],"rotation":0,"texture":"#0","tintindex":0},"north":{"uv":[3.828125,9.65625,3.84375,9.703125],"rotation":0,"texture":"#0","tintindex":0},"south":{"uv":[3.859375,9.65625,3.875,9.703125],"rotation":0,"texture":"#0","tintindex":0},"up":{"uv":[3.84375,9.65625,3.828125,9.640625],"rotation":0,"texture":"#0","tintindex":0},"west":{"uv":[3.84375,9.65625,3.859375,9.703125],"rotation":0,"texture":"#0","tintindex":0}}},{"name":"w_mouth","from":[5.5249996,8.546671,-7.1833487],"to":[6.5150003,11.426673,-6.238351],"rotation":{"angle":-45.0,"axis":"x","origin":[5.975,10.70667,-7.003351]},"faces":{"down":{"uv":[3.796875,9.71875,3.78125,9.734375],"rotation":0,"texture":"#0","tintindex":0},"east":{"uv":[3.75,9.734375,3.765625,9.78125],"rotation":0,"texture":"#0","tintindex":0},"north":{"uv":[3.765625,9.734375,3.78125,9.78125],"rotation":0,"texture":"#0","tintindex":0},"south":{"uv":[3.796875,9.734375,3.8125,9.78125],"rotation":0,"texture":"#0","tintindex":0},"up":{"uv":[3.78125,9.734375,3.765625,9.71875],"rotation":0,"texture":"#0","tintindex":0},"west":{"uv":[3.78125,9.734375,3.796875,9.78125],"rotation":0,"texture":"#0","tintindex":0}}}],"display":{"head":{"translation":[0.0,-6.4,0.0],"rotation":[0.0,0.0,0.0],"scale":[3.8095,3.8095,3.8095]}}}