{"textures":{"0":"modelengine:entity/ice_titan"},"elements":[{"name":"w_neck","from":[1.235,10.666174,-3.426189],"to":[14.765,26.056175,9.023811],"rotation":{"angle":0.0,"axis":"x","origin":[8.0,18.361172,2.7988112]},"faces":{"down":{"uv":[6.15625,5.203125,5.953125,5.515625],"rotation":0,"texture":"#0","tintindex":0},"east":{"uv":[5.4375,5.515625,5.75,5.78125],"rotation":0,"texture":"#0","tintindex":0},"north":{"uv":[5.75,5.515625,5.953125,5.78125],"rotation":0,"texture":"#0","tintindex":0},"south":{"uv":[6.265625,5.515625,6.46875,5.78125],"rotation":0,"texture":"#0","tintindex":0},"up":{"uv":[5.953125,5.515625,5.75,5.203125],"rotation":0,"texture":"#0","tintindex":0},"west":{"uv":[5.953125,5.515625,6.265625,5.78125],"rotation":0,"texture":"#0","tintindex":0}}},{"name":"w_neck","from":[-1.7650003,21.04549,5.032194],"to":[17.765,26.535492,14.482195],"rotation":{"angle":45.0,"axis":"x","origin":[7.19,19.740486,6.112196]},"faces":{"down":{"uv":[8.15625,6.90625,7.828125,7.0625],"rotation":0,"texture":"#0","tintindex":0},"east":{"uv":[7.34375,7.0625,7.5,7.15625],"rotation":0,"texture":"#0","tintindex":0},"north":{"uv":[7.5,7.0625,7.828125,7.15625],"rotation":0,"texture":"#0","tintindex":0},"south":{"uv":[7.984375,7.0625,8.3125,7.15625],"rotation":0,"texture":"#0","tintindex":0},"up":{"uv":[7.828125,7.0625,7.5,6.90625],"rotation":0,"texture":"#0","tintindex":0},"west":{"uv":[7.828125,7.0625,7.984375,7.15625],"rotation":0,"texture":"#0","tintindex":0}}},{"name":"w_neck","from":[1.5649995,18.342327,-1.5953403],"to":[5.615,23.922329,7.6746626],"rotation":{"angle":-22.5,"axis":"x","origin":[8.225,24.42049,-6.0828066]},"faces":{"down":{"uv":[4.21875,8.984375,4.15625,9.140625],"rotation":0,"texture":"#0","tintindex":0},"east":{"uv":[3.9375,9.140625,4.09375,9.234375],"rotation":0,"texture":"#0","tintindex":0},"north":{"uv":[4.09375,9.140625,4.15625,9.234375],"rotation":0,"texture":"#0","tintindex":0},"south":{"uv":[4.3125,9.140625,4.375,9.234375],"rotation":0,"texture":"#0","tintindex":0},"up":{"uv":[4.15625,9.140625,4.09375,8.984375],"rotation":0,"texture":"#0","tintindex":0},"west":{"uv":[4.15625,9.140625,4.3125,9.234375],"rotation":0,"texture":"#0","tintindex":0}}},{"name":"w_neck","from":[5.5249996,17.35233,-1.5953403],"to":[9.575001,22.932327,7.6746626],"rotation":{"angle":-22.5,"axis":"x","origin":[8.225,24.42049,-6.0828066]},"faces":{"down":{"uv":[3.78125,8.984375,3.71875,9.140625],"rotation":0,"texture":"#0","tintindex":0},"east":{"uv":[3.5,9.140625,3.65625,9.234375],"rotation":0,"texture":"#0","tintindex":0},"north":{"uv":[3.65625,9.140625,3.71875,9.234375],"rotation":0,"texture":"#0","tintindex":0},"south":{"uv":[3.875,9.140625,3.9375,9.234375],"rotation":0,"texture":"#0","tintindex":0},"up":{"uv":[3.71875,9.140625,3.65625,8.984375],"rotation":0,"texture":"#0","tintindex":0},"west":{"uv":[3.71875,9.140625,3.875,9.234375],"rotation":0,"texture":"#0","tintindex":0}}},{"name":"w_neck","from":[6.065,20.569748,-3.3306217],"to":[10.385,26.14975,8.369379],"rotation":{"angle":-22.5,"axis":"x","origin":[7.775,24.42049,-6.0828066]},"faces":{"down":{"uv":[6.171875,8.15625,6.109375,8.359375],"rotation":0,"texture":"#0","tintindex":0},"east":{"uv":[5.84375,8.359375,6.046875,8.453125],"rotation":0,"texture":"#0","tintindex":0},"north":{"uv":[6.046875,8.359375,6.109375,8.453125],"rotation":0,"texture":"#0","tintindex":0},"south":{"uv":[6.3125,8.359375,6.375,8.453125],"rotation":0,"texture":"#0","tintindex":0},"up":{"uv":[6.109375,8.359375,6.046875,8.15625],"rotation":0,"texture":"#0","tintindex":0},"west":{"uv":[6.109375,8.359375,6.3125,8.453125],"rotation":0,"texture":"#0","tintindex":0}}},{"name":"w_neck","from":[10.025,18.342327,-1.5953403],"to":[14.075,23.922329,7.6746626],"rotation":{"angle":-22.5,"axis":"x","origin":[8.225,24.42049,-6.0828066]},"faces":{"down":{"uv":[4.65625,8.984375,4.59375,9.140625],"rotation":0,"texture":"#0","tintindex":0},"east":{"uv":[4.375,9.140625,4.53125,9.234375],"rotation":0,"texture":"#0","tintindex":0},"north":{"uv":[4.53125,9.140625,4.59375,9.234375],"rotation":0,"texture":"#0","tintindex":0},"south":{"uv":[4.75,9.140625,4.8125,9.234375],"rotation":0,"texture":"#0","tintindex":0},"up":{"uv":[4.59375,9.140625,4.53125,8.984375],"rotation":0,"texture":"#0","tintindex":0},"west":{"uv":[4.59375,9.140625,4.75,9.234375],"rotation":0,"texture":"#0","tintindex":0}}},{"name":"w_neck","from":[6.065,15.169749,3.8693786],"to":[10.385,20.749752,15.569377],"rotation":{"angle":-22.5,"axis":"x","origin":[7.775,24.42049,-4.282807]},"faces":{"down":{"uv":[4.046875,8.15625,3.984375,8.359375],"rotation":0,"texture":"#0","tintindex":0},"east":{"uv":[3.71875,8.359375,3.921875,8.453125],"rotation":0,"texture":"#0","tintindex":0},"north":{"uv":[3.921875,8.359375,3.984375,8.453125],"rotation":0,"texture":"#0","tintindex":0},"south":{"uv":[4.1875,8.359375,4.25,8.453125],"rotation":0,"texture":"#0","tintindex":0},"up":{"uv":[3.984375,8.359375,3.921875,8.15625],"rotation":0,"texture":"#0","tintindex":0},"west":{"uv":[3.984375,8.359375,4.1875,8.453125],"rotation":0,"texture":"#0","tintindex":0}}},{"name":"w_neck","from":[10.025,12.942326,5.60466],"to":[14.075,18.522327,14.8746605],"rotation":{"angle":-22.5,"axis":"x","origin":[8.225,24.42049,-4.282807]},"faces":{"down":{"uv":[0.28125,8.984375,0.21875,9.140625],"rotation":0,"texture":"#0","tintindex":0},"east":{"uv":[0.0,9.140625,0.15625,9.234375],"rotation":0,"texture":"#0","tintindex":0},"north":{"uv":[0.15625,9.140625,0.21875,9.234375],"rotation":0,"texture":"#0","tintindex":0},"south":{"uv":[0.375,9.140625,0.4375,9.234375],"rotation":0,"texture":"#0","tintindex":0},"up":{"uv":[0.21875,9.140625,0.15625,8.984375],"rotation":0,"texture":"#0","tintindex":0},"west":{"uv":[0.21875,9.140625,0.375,9.234375],"rotation":0,"texture":"#0","tintindex":0}}},{"name":"w_neck","from":[1.5649995,12.942326,5.60466],"to":[5.615,18.522327,14.8746605],"rotation":{"angle":-22.5,"axis":"x","origin":[8.225,24.42049,-4.282807]},"faces":{"down":{"uv":[0.71875,8.984375,0.65625,9.140625],"rotation":0,"texture":"#0","tintindex":0},"east":{"uv":[0.4375,9.140625,0.59375,9.234375],"rotation":0,"texture":"#0","tintindex":0},"north":{"uv":[0.59375,9.140625,0.65625,9.234375],"rotation":0,"texture":"#0","tintindex":0},"south":{"uv":[0.8125,9.140625,0.875,9.234375],"rotation":0,"texture":"#0","tintindex":0},"up":{"uv":[0.65625,9.140625,0.59375,8.984375],"rotation":0,"texture":"#0","tintindex":0},"west":{"uv":[0.65625,9.140625,0.8125,9.234375],"rotation":0,"texture":"#0","tintindex":0}}},{"name":"w_neck","from":[-0.4150002,2.325488,-6.217806],"to":[16.415,15.105488,6.3821945],"rotation":{"angle":45.0,"axis":"x","origin":[6.74,11.640487,-1.9878039]},"faces":{"down":{"uv":[2.84375,6.328125,2.5625,6.546875],"rotation":0,"texture":"#0","tintindex":0},"east":{"uv":[2.0625,6.546875,2.28125,6.765625],"rotation":0,"texture":"#0","tintindex":0},"north":{"uv":[2.28125,6.546875,2.5625,6.765625],"rotation":0,"texture":"#0","tintindex":0},"south":{"uv":[2.78125,6.546875,3.0625,6.765625],"rotation":0,"texture":"#0","tintindex":0},"up":{"uv":[2.5625,6.546875,2.28125,6.328125],"rotation":0,"texture":"#0","tintindex":0},"west":{"uv":[2.5625,6.546875,2.78125,6.765625],"rotation":0,"texture":"#0","tintindex":0}}},{"name":"w_neck","from":[0.034999847,6.6872916,-10.330291],"to":[15.965,19.467289,5.86971],"rotation":{"angle":0.0,"axis":"x","origin":[8.0,13.077292,-2.2302904]},"faces":{"down":{"uv":[7.28125,5.203125,7.015625,5.484375],"rotation":0,"texture":"#0","tintindex":0},"east":{"uv":[6.46875,5.484375,6.75,5.703125],"rotation":0,"texture":"#0","tintindex":0},"north":{"uv":[6.75,5.484375,7.015625,5.703125],"rotation":0,"texture":"#0","tintindex":0},"south":{"uv":[7.296875,5.484375,7.5625,5.703125],"rotation":0,"texture":"#0","tintindex":0},"up":{"uv":[7.015625,5.484375,6.75,5.203125],"rotation":0,"texture":"#0","tintindex":0},"west":{"uv":[7.015625,5.484375,7.296875,5.703125],"rotation":0,"texture":"#0","tintindex":0}}},{"name":"w_neck","from":[2.3749998,5.1216755,2.6957777],"to":[13.625,17.901672,19.79578],"rotation":{"angle":22.5,"axis":"x","origin":[6.74,11.736677,-9.274225]},"faces":{"down":{"uv":[2.859375,5.8125,2.671875,6.109375],"rotation":0,"texture":"#0","tintindex":0},"east":{"uv":[2.1875,6.109375,2.484375,6.328125],"rotation":0,"texture":"#0","tintindex":0},"north":{"uv":[2.484375,6.109375,2.671875,6.328125],"rotation":0,"texture":"#0","tintindex":0},"south":{"uv":[2.96875,6.109375,3.15625,6.328125],"rotation":0,"texture":"#0","tintindex":0},"up":{"uv":[2.671875,6.109375,2.484375,5.8125],"rotation":0,"texture":"#0","tintindex":0},"west":{"uv":[2.671875,6.109375,2.96875,6.328125],"rotation":0,"texture":"#0","tintindex":0}}}],"display":{"head":{"translation":[0.0,-6.4,0.0],"rotation":[0.0,0.0,0.0],"scale":[3.8095,3.8095,3.8095]}}}