{"textures":{"0":"modelengine:entity/ice_titan"},"elements":[{"name":"w_rightleg_a","from":[4.5742693,-15.341701,1.3431134],"to":[19.784271,15.429303,17.723114],"rotation":{"angle":0.0,"axis":"x","origin":[-8.376731,-31.371101,-18.03445]},"faces":{"down":{"uv":[2.15625,2.125,1.90625,2.40625],"rotation":0,"texture":"#0","tintindex":0},"east":{"uv":[1.375,2.40625,1.65625,2.9375],"rotation":0,"texture":"#0","tintindex":0},"north":{"uv":[1.65625,2.40625,1.90625,2.9375],"rotation":0,"texture":"#0","tintindex":0},"south":{"uv":[2.1875,2.40625,2.4375,2.9375],"rotation":0,"texture":"#0","tintindex":0},"up":{"uv":[1.90625,2.40625,1.65625,2.125],"rotation":0,"texture":"#0","tintindex":0},"west":{"uv":[1.90625,2.40625,2.1875,2.9375],"rotation":0,"texture":"#0","tintindex":0}}},{"name":"w_rightleg_a","from":[4.5742693,-9.941698,-0.45688653],"to":[21.58427,12.729303,15.923114],"rotation":{"angle":0.0,"axis":"x","origin":[-8.376731,-31.371101,-18.03445]},"faces":{"down":{"uv":[6.78125,2.125,7.0625,2.40625],"rotation":0,"texture":"#0","tintindex":0},"east":{"uv":[7.0625,2.40625,6.78125,2.796875],"rotation":0,"texture":"#0","tintindex":0},"north":{"uv":[6.78125,2.40625,6.5,2.796875],"rotation":0,"texture":"#0","tintindex":0},"south":{"uv":[7.34375,2.40625,7.0625,2.796875],"rotation":0,"texture":"#0","tintindex":0},"up":{"uv":[6.5,2.40625,6.78125,2.125],"rotation":0,"texture":"#0","tintindex":0},"west":{"uv":[6.5,2.40625,6.21875,2.796875],"rotation":0,"texture":"#0","tintindex":0}}}],"display":{"head":{"translation":[0.0,-6.4,0.0],"rotation":[0.0,0.0,0.0],"scale":[3.8095,3.8095,3.8095]}}}