{"textures":{"0":"modelengine:entity/ice_titan"},"elements":[{"name":"w_rightleg_a_a","from":[2.852001,4.129735,8.754596],"to":[13.148002,14.704734,28.698597],"rotation":{"angle":0.0,"axis":"x","origin":[-12.556,-13.069669,-24.04197]},"faces":{"down":{"uv":[0.6875,5.8125,0.515625,6.15625],"rotation":0,"texture":"#0","tintindex":0},"east":{"uv":[0.0,6.15625,0.34375,6.328125],"rotation":0,"texture":"#0","tintindex":0},"north":{"uv":[0.34375,6.15625,0.515625,6.328125],"rotation":0,"texture":"#0","tintindex":0},"south":{"uv":[0.859375,6.15625,1.03125,6.328125],"rotation":0,"texture":"#0","tintindex":0},"up":{"uv":[0.515625,6.15625,0.34375,5.8125],"rotation":0,"texture":"#0","tintindex":0},"west":{"uv":[0.515625,6.15625,0.859375,6.328125],"rotation":0,"texture":"#0","tintindex":0}}}],"display":{"head":{"translation":[0.0,-6.4,0.0],"rotation":[0.0,0.0,0.0],"scale":[3.8095,3.8095,3.8095]}}}