{"textures":{"0":"modelengine:entity/ice_titan"},"elements":[{"name":"w_rightleg_b","from":[1.5650007,-8.292184,4.881755],"to":[14.435001,14.288817,16.464752],"rotation":{"angle":0.0,"axis":"x","origin":[-12.556,-14.380618,-41.96047]},"faces":{"down":{"uv":[5.5625,6.328125,5.34375,6.515625],"rotation":0,"texture":"#0","tintindex":0},"east":{"uv":[4.9375,6.515625,5.125,6.90625],"rotation":0,"texture":"#0","tintindex":0},"north":{"uv":[5.125,6.515625,5.34375,6.90625],"rotation":0,"texture":"#0","tintindex":0},"south":{"uv":[5.53125,6.515625,5.75,6.90625],"rotation":0,"texture":"#0","tintindex":0},"up":{"uv":[5.34375,6.515625,5.125,6.328125],"rotation":0,"texture":"#0","tintindex":0},"west":{"uv":[5.34375,6.515625,5.53125,6.90625],"rotation":0,"texture":"#0","tintindex":0}}}],"display":{"head":{"translation":[0.0,-6.4,0.0],"rotation":[0.0,0.0,0.0],"scale":[3.8095,3.8095,3.8095]}}}