{"textures":{"0":"modelengine:entity/ice_titan"},"elements":[{"name":"w_rightfoot","from":[-0.07299924,0.44252586,-5.047309],"to":[16.073002,11.008526,15.076693],"rotation":{"angle":0.0,"axis":"x","origin":[-12.556,-0.51532006,-43.857594]},"faces":{"down":{"uv":[0.875,2.9375,0.609375,3.28125],"rotation":0,"texture":"#0","tintindex":0},"east":{"uv":[0.0,3.28125,0.34375,3.453125],"rotation":0,"texture":"#0","tintindex":0},"north":{"uv":[0.34375,3.28125,0.609375,3.453125],"rotation":0,"texture":"#0","tintindex":0},"south":{"uv":[0.953125,3.28125,1.21875,3.453125],"rotation":0,"texture":"#0","tintindex":0},"up":{"uv":[0.609375,3.28125,0.34375,2.9375],"rotation":0,"texture":"#0","tintindex":0},"west":{"uv":[0.609375,3.28125,0.953125,3.453125],"rotation":0,"texture":"#0","tintindex":0}}}],"display":{"head":{"translation":[0.0,-6.4,0.0],"rotation":[0.0,0.0,0.0],"scale":[3.8095,3.8095,3.8095]}}}