{"textures":{"0":"modelengine:entity/ice_titan"},"elements":[{"name":"w_rightarm_a_a","from":[1.2049993,-8.644637,0.8497267],"to":[16.145,13.045363,14.709727],"rotation":{"angle":0.0,"axis":"x","origin":[-16.903397,-14.801806,33.38231]},"faces":{"down":{"uv":[8.296875,5.203125,8.046875,5.4375],"rotation":0,"texture":"#0","tintindex":0},"east":{"uv":[7.5625,5.4375,7.796875,5.8125],"rotation":0,"texture":"#0","tintindex":0},"north":{"uv":[7.796875,5.4375,8.046875,5.8125],"rotation":0,"texture":"#0","tintindex":0},"south":{"uv":[8.28125,5.4375,8.53125,5.8125],"rotation":0,"texture":"#0","tintindex":0},"up":{"uv":[8.046875,5.4375,7.796875,5.203125],"rotation":0,"texture":"#0","tintindex":0},"west":{"uv":[8.046875,5.4375,8.28125,5.8125],"rotation":0,"texture":"#0","tintindex":0}}}],"display":{"head":{"translation":[0.0,-6.4,0.0],"rotation":[0.0,0.0,0.0],"scale":[3.8095,3.8095,3.8095]}}}