{"textures":{"0":"modelengine:entity/ice_titan"},"elements":[{"name":"w_rightarm_a","from":[5.018395,-2.1669521,-2.0227728],"to":[23.648396,15.833049,16.427229],"rotation":{"angle":0.0,"axis":"x","origin":[-11.020001,-23.804123,33.299812]},"faces":{"down":{"uv":[3.375,2.125,3.0625,2.4375],"rotation":0,"texture":"#0","tintindex":0},"east":{"uv":[2.4375,2.4375,2.75,2.75],"rotation":0,"texture":"#0","tintindex":0},"north":{"uv":[2.75,2.4375,3.0625,2.75],"rotation":0,"texture":"#0","tintindex":0},"south":{"uv":[3.375,2.4375,3.6875,2.75],"rotation":0,"texture":"#0","tintindex":0},"up":{"uv":[3.0625,2.4375,2.75,2.125],"rotation":0,"texture":"#0","tintindex":0},"west":{"uv":[3.0625,2.4375,3.375,2.75],"rotation":0,"texture":"#0","tintindex":0}}}],"display":{"head":{"translation":[0.0,-6.4,0.0],"rotation":[0.0,0.0,0.0],"scale":[3.8095,3.8095,3.8095]}}}