{"textures":{"0":"modelengine:entity/ice_titan"},"elements":[{"name":"w_righttoe","from":[14.327002,2.9404993,-1.8520017],"to":[19.943,9.3755,7.3910003],"rotation":{"angle":-22.5,"axis":"y","origin":[17.134998,6.1579995,2.0089993]},"faces":{"down":{"uv":[3.96875,8.515625,3.875,8.671875],"rotation":0,"texture":"#0","tintindex":0},"east":{"uv":[3.625,8.671875,3.78125,8.78125],"rotation":0,"texture":"#0","tintindex":0},"north":{"uv":[3.78125,8.671875,3.875,8.78125],"rotation":0,"texture":"#0","tintindex":0},"south":{"uv":[4.03125,8.671875,4.125,8.78125],"rotation":0,"texture":"#0","tintindex":0},"up":{"uv":[3.875,8.671875,3.78125,8.515625],"rotation":0,"texture":"#0","tintindex":0},"west":{"uv":[3.875,8.671875,4.03125,8.78125],"rotation":0,"texture":"#0","tintindex":0}}},{"name":"w_righttoe","from":[6.9560003,2.9404993,-4.1920004],"to":[12.572,9.3755,5.050999],"rotation":{"angle":0.0,"axis":"x","origin":[-10.792001,1.7126535,-35.98229]},"faces":{"down":{"uv":[3.46875,8.515625,3.375,8.671875],"rotation":0,"texture":"#0","tintindex":0},"east":{"uv":[3.125,8.671875,3.28125,8.78125],"rotation":0,"texture":"#0","tintindex":0},"north":{"uv":[3.28125,8.671875,3.375,8.78125],"rotation":0,"texture":"#0","tintindex":0},"south":{"uv":[3.53125,8.671875,3.625,8.78125],"rotation":0,"texture":"#0","tintindex":0},"up":{"uv":[3.375,8.671875,3.28125,8.515625],"rotation":0,"texture":"#0","tintindex":0},"west":{"uv":[3.375,8.671875,3.53125,8.78125],"rotation":0,"texture":"#0","tintindex":0}}},{"name":"w_righttoe","from":[-0.4150002,2.9404993,-1.8520017],"to":[5.201,9.3755,7.3910003],"rotation":{"angle":22.5,"axis":"y","origin":[2.3930001,6.1579995,2.0089993]},"faces":{"down":{"uv":[2.96875,8.515625,2.875,8.671875],"rotation":0,"texture":"#0","tintindex":0},"east":{"uv":[2.625,8.671875,2.78125,8.78125],"rotation":0,"texture":"#0","tintindex":0},"north":{"uv":[2.78125,8.671875,2.875,8.78125],"rotation":0,"texture":"#0","tintindex":0},"south":{"uv":[3.03125,8.671875,3.125,8.78125],"rotation":0,"texture":"#0","tintindex":0},"up":{"uv":[2.875,8.671875,2.78125,8.515625],"rotation":0,"texture":"#0","tintindex":0},"west":{"uv":[2.875,8.671875,3.03125,8.78125],"rotation":0,"texture":"#0","tintindex":0}}},{"name":"w_righttoe","from":[18.890001,5.9824996,-4.1920004],"to":[22.751,9.8435,0.6049993],"rotation":{"angle":-22.5,"axis":"y","origin":[20.528,9.2,-7.000001]},"faces":{"down":{"uv":[4.328125,9.4375,4.265625,9.515625],"rotation":0,"texture":"#0","tintindex":0},"east":{"uv":[4.125,9.515625,4.203125,9.578125],"rotation":0,"texture":"#0","tintindex":0},"north":{"uv":[4.203125,9.515625,4.265625,9.578125],"rotation":0,"texture":"#0","tintindex":0},"south":{"uv":[4.34375,9.515625,4.40625,9.578125],"rotation":0,"texture":"#0","tintindex":0},"up":{"uv":[4.265625,9.515625,4.203125,9.4375],"rotation":0,"texture":"#0","tintindex":0},"west":{"uv":[4.265625,9.515625,4.34375,9.578125],"rotation":0,"texture":"#0","tintindex":0}}},{"name":"w_righttoe","from":[19.475002,2.9404993,-6.649001],"to":[22.049,9.1414995,-3.4900012],"rotation":{"angle":-22.5,"axis":"y","origin":[20.528,9.2,-7.000001]},"faces":{"down":{"uv":[2.140625,9.640625,2.109375,9.6875],"rotation":0,"texture":"#0","tintindex":0},"east":{"uv":[2.03125,9.6875,2.078125,9.78125],"rotation":0,"texture":"#0","tintindex":0},"north":{"uv":[2.078125,9.6875,2.109375,9.78125],"rotation":0,"texture":"#0","tintindex":0},"south":{"uv":[2.15625,9.6875,2.1875,9.78125],"rotation":0,"texture":"#0","tintindex":0},"up":{"uv":[2.109375,9.6875,2.078125,9.640625],"rotation":0,"texture":"#0","tintindex":0},"west":{"uv":[2.109375,9.6875,2.15625,9.78125],"rotation":0,"texture":"#0","tintindex":0}}},{"name":"w_righttoe","from":[7.8335,5.9824996,-6.5320015],"to":[11.694501,9.8435,-1.7349997],"rotation":{"angle":0.0,"axis":"x","origin":[-10.792001,1.7126535,-35.98229]},"faces":{"down":{"uv":[4.328125,9.296875,4.265625,9.375],"rotation":0,"texture":"#0","tintindex":0},"east":{"uv":[4.125,9.375,4.203125,9.4375],"rotation":0,"texture":"#0","tintindex":0},"north":{"uv":[4.203125,9.375,4.265625,9.4375],"rotation":0,"texture":"#0","tintindex":0},"south":{"uv":[4.34375,9.375,4.40625,9.4375],"rotation":0,"texture":"#0","tintindex":0},"up":{"uv":[4.265625,9.375,4.203125,9.296875],"rotation":0,"texture":"#0","tintindex":0},"west":{"uv":[4.265625,9.375,4.34375,9.4375],"rotation":0,"texture":"#0","tintindex":0}}},{"name":"w_righttoe","from":[8.477001,2.9404993,-8.989],"to":[11.051,9.1414995,-5.83],"rotation":{"angle":0.0,"axis":"x","origin":[-10.792001,1.7126535,-35.98229]},"faces":{"down":{"uv":[1.984375,9.640625,1.953125,9.6875],"rotation":0,"texture":"#0","tintindex":0},"east":{"uv":[1.875,9.6875,1.921875,9.78125],"rotation":0,"texture":"#0","tintindex":0},"north":{"uv":[1.921875,9.6875,1.953125,9.78125],"rotation":0,"texture":"#0","tintindex":0},"south":{"uv":[2.0,9.6875,2.03125,9.78125],"rotation":0,"texture":"#0","tintindex":0},"up":{"uv":[1.953125,9.6875,1.921875,9.640625],"rotation":0,"texture":"#0","tintindex":0},"west":{"uv":[1.953125,9.6875,2.0,9.78125],"rotation":0,"texture":"#0","tintindex":0}}},{"name":"w_righttoe","from":[-3.2230005,5.9824996,-4.1920004],"to":[0.63799953,9.8435,0.6049993],"rotation":{"angle":22.5,"axis":"y","origin":[-1.0000005,9.2,-7.000001]},"faces":{"down":{"uv":[4.046875,9.453125,3.984375,9.53125],"rotation":0,"texture":"#0","tintindex":0},"east":{"uv":[3.84375,9.53125,3.921875,9.59375],"rotation":0,"texture":"#0","tintindex":0},"north":{"uv":[3.921875,9.53125,3.984375,9.59375],"rotation":0,"texture":"#0","tintindex":0},"south":{"uv":[4.0625,9.53125,4.125,9.59375],"rotation":0,"texture":"#0","tintindex":0},"up":{"uv":[3.984375,9.53125,3.921875,9.453125],"rotation":0,"texture":"#0","tintindex":0},"west":{"uv":[3.984375,9.53125,4.0625,9.59375],"rotation":0,"texture":"#0","tintindex":0}}},{"name":"w_righttoe","from":[-2.5210004,2.9404993,-6.649001],"to":[0.05300021,9.1414995,-3.4900012],"rotation":{"angle":22.5,"axis":"y","origin":[-1.0000005,9.2,-7.000001]},"faces":{"down":{"uv":[1.828125,9.640625,1.796875,9.6875],"rotation":0,"texture":"#0","tintindex":0},"east":{"uv":[1.71875,9.6875,1.765625,9.78125],"rotation":0,"texture":"#0","tintindex":0},"north":{"uv":[1.765625,9.6875,1.796875,9.78125],"rotation":0,"texture":"#0","tintindex":0},"south":{"uv":[1.84375,9.6875,1.875,9.78125],"rotation":0,"texture":"#0","tintindex":0},"up":{"uv":[1.796875,9.6875,1.765625,9.640625],"rotation":0,"texture":"#0","tintindex":0},"west":{"uv":[1.796875,9.6875,1.84375,9.78125],"rotation":0,"texture":"#0","tintindex":0}}}],"display":{"head":{"translation":[0.0,-6.4,0.0],"rotation":[0.0,0.0,0.0],"scale":[3.8095,3.8095,3.8095]}}}