{"textures":{"0":"modelengine:entity/ice_titan"},"elements":[{"name":"w_waist","from":[-3.2175999,-9.255365,-16.0],"to":[19.217602,20.862236,27.974003],"rotation":{"angle":0.0,"axis":"x","origin":[8.0,-29.962704,3.0440207]},"faces":{"down":{"uv":[1.5,0.0,1.125,0.75],"rotation":0,"texture":"#0","tintindex":0},"east":{"uv":[0.0,0.75,0.75,1.265625],"rotation":0,"texture":"#0","tintindex":0},"north":{"uv":[0.75,0.75,1.125,1.265625],"rotation":0,"texture":"#0","tintindex":0},"south":{"uv":[1.875,0.75,2.25,1.265625],"rotation":0,"texture":"#0","tintindex":0},"up":{"uv":[1.125,0.75,0.75,0.0],"rotation":0,"texture":"#0","tintindex":0},"west":{"uv":[1.125,0.75,1.875,1.265625],"rotation":0,"texture":"#0","tintindex":0}}},{"name":"w_waist","from":[-6.3676004,-11.055366,-12.399998],"to":[22.3676,14.562235,11.774002],"rotation":{"angle":22.5,"axis":"x","origin":[0.71000004,10.669151,15.684322]},"faces":{"down":{"uv":[1.375,10.8125,0.890625,11.21875],"rotation":0,"texture":"#0","tintindex":0},"east":{"uv":[0.0,11.21875,0.40625,11.65625],"rotation":0,"texture":"#0","tintindex":0},"north":{"uv":[0.40625,11.21875,0.890625,11.65625],"rotation":0,"texture":"#0","tintindex":0},"south":{"uv":[1.296875,11.21875,1.78125,11.65625],"rotation":0,"texture":"#0","tintindex":0},"up":{"uv":[0.890625,11.21875,0.40625,10.8125],"rotation":0,"texture":"#0","tintindex":0},"west":{"uv":[0.890625,11.21875,1.296875,11.65625],"rotation":0,"texture":"#0","tintindex":0}}},{"name":"w_waist","from":[-1.9648004,3.202561,-3.060234],"to":[7.5248003,13.822562,20.123766],"rotation":{"angle":-45.0,"axis":"x","origin":[15.8372,13.267674,-10.458618]},"faces":{"down":{"uv":[2.890625,4.640625,2.734375,5.03125],"rotation":0,"texture":"#0","tintindex":0},"east":{"uv":[2.1875,5.03125,2.578125,5.203125],"rotation":0,"texture":"#0","tintindex":0},"north":{"uv":[2.578125,5.03125,2.734375,5.203125],"rotation":0,"texture":"#0","tintindex":0},"south":{"uv":[3.125,5.03125,3.28125,5.203125],"rotation":0,"texture":"#0","tintindex":0},"up":{"uv":[2.734375,5.03125,2.578125,4.640625],"rotation":0,"texture":"#0","tintindex":0},"west":{"uv":[2.734375,5.03125,3.125,5.203125],"rotation":0,"texture":"#0","tintindex":0}}},{"name":"w_waist","from":[1.5451995,-1.83744,-3.060234],"to":[11.034801,8.78256,20.123766],"rotation":{"angle":-45.0,"axis":"x","origin":[15.8372,13.267674,-10.458618]},"faces":{"down":{"uv":[7.265625,4.078125,7.109375,4.46875],"rotation":0,"texture":"#0","tintindex":0},"east":{"uv":[6.5625,4.46875,6.953125,4.640625],"rotation":0,"texture":"#0","tintindex":0},"north":{"uv":[6.953125,4.46875,7.109375,4.640625],"rotation":0,"texture":"#0","tintindex":0},"south":{"uv":[7.5,4.46875,7.65625,4.640625],"rotation":0,"texture":"#0","tintindex":0},"up":{"uv":[7.109375,4.46875,6.953125,4.078125],"rotation":0,"texture":"#0","tintindex":0},"west":{"uv":[7.109375,4.46875,7.5,4.640625],"rotation":0,"texture":"#0","tintindex":0}}},{"name":"w_waist","from":[4.6052,3.8325605,-3.060234],"to":[14.094801,14.452559,20.123766],"rotation":{"angle":-45.0,"axis":"x","origin":[15.8372,13.267674,-10.458618]},"faces":{"down":{"uv":[1.796875,4.640625,1.640625,5.03125],"rotation":0,"texture":"#0","tintindex":0},"east":{"uv":[1.09375,5.03125,1.484375,5.203125],"rotation":0,"texture":"#0","tintindex":0},"north":{"uv":[1.484375,5.03125,1.640625,5.203125],"rotation":0,"texture":"#0","tintindex":0},"south":{"uv":[2.03125,5.03125,2.1875,5.203125],"rotation":0,"texture":"#0","tintindex":0},"up":{"uv":[1.640625,5.03125,1.484375,4.640625],"rotation":0,"texture":"#0","tintindex":0},"west":{"uv":[1.640625,5.03125,2.03125,5.203125],"rotation":0,"texture":"#0","tintindex":0}}},{"name":"w_waist","from":[0.9152,-5.0774393,1.8897657],"to":[10.4048,5.542562,25.073765],"rotation":{"angle":-45.0,"axis":"x","origin":[15.8372,13.267674,-10.458618]},"faces":{"down":{"uv":[5.078125,4.078125,4.921875,4.46875],"rotation":0,"texture":"#0","tintindex":0},"east":{"uv":[4.375,4.46875,4.765625,4.640625],"rotation":0,"texture":"#0","tintindex":0},"north":{"uv":[4.765625,4.46875,4.921875,4.640625],"rotation":0,"texture":"#0","tintindex":0},"south":{"uv":[5.3125,4.46875,5.46875,4.640625],"rotation":0,"texture":"#0","tintindex":0},"up":{"uv":[4.921875,4.46875,4.765625,4.078125],"rotation":0,"texture":"#0","tintindex":0},"west":{"uv":[4.921875,4.46875,5.3125,4.640625],"rotation":0,"texture":"#0","tintindex":0}}},{"name":"w_waist","from":[9.1952,-2.91744,0.26976395],"to":[18.684801,7.7025614,23.453766],"rotation":{"angle":-45.0,"axis":"x","origin":[15.8372,13.267674,-10.458618]},"faces":{"down":{"uv":[6.171875,4.078125,6.015625,4.46875],"rotation":0,"texture":"#0","tintindex":0},"east":{"uv":[5.46875,4.46875,5.859375,4.640625],"rotation":0,"texture":"#0","tintindex":0},"north":{"uv":[5.859375,4.46875,6.015625,4.640625],"rotation":0,"texture":"#0","tintindex":0},"south":{"uv":[6.40625,4.46875,6.5625,4.640625],"rotation":0,"texture":"#0","tintindex":0},"up":{"uv":[6.015625,4.46875,5.859375,4.078125],"rotation":0,"texture":"#0","tintindex":0},"west":{"uv":[6.015625,4.46875,6.40625,4.640625],"rotation":0,"texture":"#0","tintindex":0}}},{"name":"w_waist","from":[7.3052,0.68256044,-3.060234],"to":[16.7948,11.302559,20.123766],"rotation":{"angle":-45.0,"axis":"x","origin":[15.8372,13.267674,-10.458618]},"faces":{"down":{"uv":[0.703125,4.640625,0.546875,5.03125],"rotation":0,"texture":"#0","tintindex":0},"east":{"uv":[0.0,5.03125,0.390625,5.203125],"rotation":0,"texture":"#0","tintindex":0},"north":{"uv":[0.390625,5.03125,0.546875,5.203125],"rotation":0,"texture":"#0","tintindex":0},"south":{"uv":[0.9375,5.03125,1.09375,5.203125],"rotation":0,"texture":"#0","tintindex":0},"up":{"uv":[0.546875,5.03125,0.390625,4.640625],"rotation":0,"texture":"#0","tintindex":0},"west":{"uv":[0.546875,5.03125,0.9375,5.203125],"rotation":0,"texture":"#0","tintindex":0}}}],"display":{"head":{"translation":[0.0,-6.4,-64.83831],"rotation":[0.0,0.0,0.0],"scale":[3.8095,3.8095,3.8095]}}}