{"textures":{"0":"modelengine:entity/allay_dj"},"elements":[{"name":"cube","from":[5.0,8.0,5.0],"to":[11.0,14.0,11.0],"rotation":{"angle":0.0,"axis":"x","origin":[8.0,3.7999997,8.0]},"faces":{"down":{"uv":[9.5,2.5,7.0,5.0],"rotation":0,"texture":"#0","tintindex":0},"east":{"uv":[4.5,2.5,7.0,5.0],"rotation":0,"texture":"#0","tintindex":0},"north":{"uv":[4.5,0.0,7.0,2.5],"rotation":0,"texture":"#0","tintindex":0},"south":{"uv":[4.5,5.0,7.0,7.5],"rotation":0,"texture":"#0","tintindex":0},"up":{"uv":[9.5,2.5,7.0,0.0],"rotation":0,"texture":"#0","tintindex":0},"west":{"uv":[4.5,2.5,7.0,5.0],"rotation":0,"texture":"#0","tintindex":0}}},{"name":"cube","from":[3.4999998,9.2,6.8],"to":[5.0,12.2,9.2],"rotation":{"angle":0.0,"axis":"x","origin":[8.0,8.0,8.0]},"faces":{"down":{"uv":[15.0,0.0,16.0,1.0],"rotation":0,"texture":"#0","tintindex":0},"east":{"uv":[15.0,0.0,16.0,1.0],"rotation":0,"texture":"#0","tintindex":0},"north":{"uv":[15.0,0.0,16.0,1.0],"rotation":0,"texture":"#0","tintindex":0},"south":{"uv":[15.0,0.0,16.0,1.0],"rotation":0,"texture":"#0","tintindex":0},"up":{"uv":[15.0,0.0,16.0,1.0],"rotation":0,"texture":"#0","tintindex":0},"west":{"uv":[15.0,0.0,16.0,1.0],"rotation":0,"texture":"#0","tintindex":0}}},{"name":"cube","from":[11.0,9.2,6.8],"to":[12.5,12.2,9.2],"rotation":{"angle":0.0,"axis":"x","origin":[8.0,8.0,8.0]},"faces":{"down":{"uv":[15.0,0.0,16.0,1.0],"rotation":0,"texture":"#0","tintindex":0},"east":{"uv":[15.0,0.0,16.0,1.0],"rotation":0,"texture":"#0","tintindex":0},"north":{"uv":[15.0,0.0,16.0,1.0],"rotation":0,"texture":"#0","tintindex":0},"south":{"uv":[15.0,0.0,16.0,1.0],"rotation":0,"texture":"#0","tintindex":0},"up":{"uv":[15.0,0.0,16.0,1.0],"rotation":0,"texture":"#0","tintindex":0},"west":{"uv":[15.0,0.0,16.0,1.0],"rotation":0,"texture":"#0","tintindex":0}}},{"name":"cube","from":[11.0,12.2,7.4],"to":[12.2,15.8,8.6],"rotation":{"angle":0.0,"axis":"x","origin":[8.0,8.0,8.0]},"faces":{"down":{"uv":[15.0,0.0,16.0,1.0],"rotation":0,"texture":"#0","tintindex":0},"east":{"uv":[15.0,0.0,16.0,1.0],"rotation":0,"texture":"#0","tintindex":0},"north":{"uv":[15.0,0.0,16.0,1.0],"rotation":0,"texture":"#0","tintindex":0},"south":{"uv":[15.0,0.0,16.0,1.0],"rotation":0,"texture":"#0","tintindex":0},"up":{"uv":[15.0,0.0,16.0,1.0],"rotation":0,"texture":"#0","tintindex":0},"west":{"uv":[15.0,0.0,16.0,1.0],"rotation":0,"texture":"#0","tintindex":0}}},{"name":"cube","from":[3.7999997,12.2,7.4],"to":[5.0,15.8,8.6],"rotation":{"angle":0.0,"axis":"x","origin":[8.0,8.0,8.0]},"faces":{"down":{"uv":[15.0,0.0,16.0,1.0],"rotation":0,"texture":"#0","tintindex":0},"east":{"uv":[15.0,0.0,16.0,1.0],"rotation":0,"texture":"#0","tintindex":0},"north":{"uv":[15.0,0.0,16.0,1.0],"rotation":0,"texture":"#0","tintindex":0},"south":{"uv":[15.0,0.0,16.0,1.0],"rotation":0,"texture":"#0","tintindex":0},"up":{"uv":[15.0,0.0,16.0,1.0],"rotation":0,"texture":"#0","tintindex":0},"west":{"uv":[15.0,0.0,16.0,1.0],"rotation":0,"texture":"#0","tintindex":0}}},{"name":"cube","from":[5.0,14.6,7.4],"to":[11.0,15.8,8.6],"rotation":{"angle":0.0,"axis":"x","origin":[8.0,8.0,8.0]},"faces":{"down":{"uv":[15.0,0.0,16.0,1.0],"rotation":0,"texture":"#0","tintindex":0},"east":{"uv":[15.0,0.0,16.0,1.0],"rotation":0,"texture":"#0","tintindex":0},"north":{"uv":[15.0,0.0,16.0,1.0],"rotation":0,"texture":"#0","tintindex":0},"south":{"uv":[15.0,0.0,16.0,1.0],"rotation":0,"texture":"#0","tintindex":0},"up":{"uv":[15.0,0.0,16.0,1.0],"rotation":0,"texture":"#0","tintindex":0},"west":{"uv":[15.0,0.0,16.0,1.0],"rotation":0,"texture":"#0","tintindex":0}}}],"display":{"head":{"translation":[0.0,-6.4,0.0],"rotation":[0.0,0.0,0.0],"scale":[3.8095,3.8095,3.8095]}}}