{"textures":{"0":"modelengine:entity/allay_dj"},"elements":[{"name":"cube","from":[6.2,4.1,7.1],"to":[8.0,8.9,8.9],"rotation":{"angle":0.0,"axis":"x","origin":[9.8,4.7,8.3]},"faces":{"down":{"uv":[10.25,0.0,9.5,0.75],"rotation":0,"texture":"#0","tintindex":0},"east":{"uv":[7.75,8.0,8.5,9.75],"rotation":0,"texture":"#0","tintindex":0},"north":{"uv":[7.0,8.0,7.75,9.75],"rotation":0,"texture":"#0","tintindex":0},"south":{"uv":[0.0,8.5,0.75,10.25],"rotation":0,"texture":"#0","tintindex":0},"up":{"uv":[10.0,9.5,9.25,8.75],"rotation":0,"texture":"#0","tintindex":0},"west":{"uv":[0.75,8.5,1.5,10.25],"rotation":0,"texture":"#0","tintindex":0}}}],"display":{"head":{"translation":[0.0,-6.4,0.0],"rotation":[0.0,0.0,0.0],"scale":[3.8095,3.8095,3.8095]}}}