{"textures":{"0":"modelengine:entity/allay_dj"},"elements":[{"name":"cube","from":[9.728001,5.6,6.272],"to":[9.728001,7.4,9.728001],"rotation":{"angle":0.0,"axis":"x","origin":[8.0,8.0,8.0]},"faces":{"down":{"uv":[0.0,0.0,0.0,1.5],"rotation":0,"texture":"#0","tintindex":0},"east":{"uv":[9.25,5.75,10.75,6.5],"rotation":0,"texture":"#0","tintindex":0},"north":{"uv":[0.0,0.0,0.0,0.75],"rotation":0,"texture":"#0","tintindex":0},"south":{"uv":[0.0,0.0,0.0,0.75],"rotation":0,"texture":"#0","tintindex":0},"up":{"uv":[0.0,1.5,0.0,0.0],"rotation":0,"texture":"#0","tintindex":0},"west":{"uv":[9.25,6.5,10.75,7.25],"rotation":0,"texture":"#0","tintindex":0}}},{"name":"cube","from":[6.272,5.6,9.728001],"to":[9.728001,7.4,9.728001],"rotation":{"angle":0.0,"axis":"x","origin":[8.0,8.0,8.0]},"faces":{"down":{"uv":[1.5,0.0,0.0,0.0],"rotation":0,"texture":"#0","tintindex":0},"east":{"uv":[0.0,0.0,0.0,0.75],"rotation":0,"texture":"#0","tintindex":0},"north":{"uv":[2.25,9.0,3.75,9.75],"rotation":0,"texture":"#0","tintindex":0},"south":{"uv":[3.75,9.0,5.25,9.75],"rotation":0,"texture":"#0","tintindex":0},"up":{"uv":[1.5,0.0,0.0,0.0],"rotation":0,"texture":"#0","tintindex":0},"west":{"uv":[0.0,0.0,0.0,0.75],"rotation":0,"texture":"#0","tintindex":0}}},{"name":"cube","from":[6.272,5.6,6.272],"to":[6.272,7.4,9.728001],"rotation":{"angle":0.0,"axis":"x","origin":[8.0,8.0,8.0]},"faces":{"down":{"uv":[0.0,0.0,0.0,1.5],"rotation":0,"texture":"#0","tintindex":0},"east":{"uv":[9.25,7.25,10.75,8.0],"rotation":0,"texture":"#0","tintindex":0},"north":{"uv":[0.0,0.0,0.0,0.75],"rotation":0,"texture":"#0","tintindex":0},"south":{"uv":[0.0,0.0,0.0,0.75],"rotation":0,"texture":"#0","tintindex":0},"up":{"uv":[0.0,1.5,0.0,0.0],"rotation":0,"texture":"#0","tintindex":0},"west":{"uv":[9.25,8.0,10.75,8.75],"rotation":0,"texture":"#0","tintindex":0}}},{"name":"cube","from":[6.272,5.6,6.272],"to":[9.728001,7.4,6.272],"rotation":{"angle":0.0,"axis":"x","origin":[8.0,8.0,8.0]},"faces":{"down":{"uv":[1.5,0.0,0.0,0.0],"rotation":0,"texture":"#0","tintindex":0},"east":{"uv":[0.0,0.0,0.0,0.75],"rotation":0,"texture":"#0","tintindex":0},"north":{"uv":[5.25,9.0,6.75,9.75],"rotation":0,"texture":"#0","tintindex":0},"south":{"uv":[9.25,5.0,10.75,5.75],"rotation":0,"texture":"#0","tintindex":0},"up":{"uv":[1.5,0.0,0.0,0.0],"rotation":0,"texture":"#0","tintindex":0},"west":{"uv":[0.0,0.0,0.0,0.75],"rotation":0,"texture":"#0","tintindex":0}}},{"name":"cube","from":[6.272,7.4,6.272],"to":[9.728001,9.2,9.728001],"rotation":{"angle":0.0,"axis":"x","origin":[8.0,9.2,8.0]},"faces":{"down":{"uv":[4.5,14.5,3.0,16.0],"rotation":0,"texture":"#0","tintindex":0},"east":{"uv":[4.5,12.0,6.0,13.5],"rotation":0,"texture":"#0","tintindex":0},"north":{"uv":[0.0,13.0,1.5,14.5],"rotation":0,"texture":"#0","tintindex":0},"south":{"uv":[4.5,13.5,6.0,15.0],"rotation":0,"texture":"#0","tintindex":0},"up":{"uv":[3.0,16.0,1.5,14.5],"rotation":0,"texture":"#0","tintindex":0},"west":{"uv":[0.0,14.5,1.5,16.0],"rotation":0,"texture":"#0","tintindex":0}}}],"display":{"head":{"translation":[0.0,-6.4,0.0],"rotation":[0.0,0.0,0.0],"scale":[3.8095,3.8095,3.8095]}}}