{"textures":{"0":"modelengine:entity/allay_dj"},"elements":[{"name":"cube","from":[8.0,4.1,7.1],"to":[9.8,8.9,8.9],"rotation":{"angle":0.0,"axis":"x","origin":[6.2,4.7,8.3]},"faces":{"down":{"uv":[10.25,1.5,9.5,2.25],"rotation":0,"texture":"#0","tintindex":0},"east":{"uv":[8.5,5.0,9.25,6.75],"rotation":0,"texture":"#0","tintindex":0},"north":{"uv":[1.5,8.5,2.25,10.25],"rotation":0,"texture":"#0","tintindex":0},"south":{"uv":[8.5,6.75,9.25,8.5],"rotation":0,"texture":"#0","tintindex":0},"up":{"uv":[10.25,1.5,9.5,0.75],"rotation":0,"texture":"#0","tintindex":0},"west":{"uv":[8.5,8.5,9.25,10.25],"rotation":0,"texture":"#0","tintindex":0}}}],"display":{"head":{"translation":[0.0,-6.4,0.0],"rotation":[0.0,0.0,0.0],"scale":[3.8095,3.8095,3.8095]}}}