{"textures":{"0":"modelengine:entity/allay_dj"},"elements":[{"name":"cube","from":[-2.8000002,5.6,8.0],"to":[8.0,9.2,8.0],"rotation":{"angle":0.0,"axis":"x","origin":[8.0,5.6,6.2]},"faces":{"down":{"uv":[0.0,0.0,0.0,0.0],"rotation":0,"texture":"#0","tintindex":0},"east":{"uv":[0.0,0.0,0.0,0.0],"rotation":0,"texture":"#0","tintindex":0},"north":{"uv":[0.0,0.0,4.5,1.5],"rotation":0,"texture":"#0","tintindex":0},"south":{"uv":[4.5,0.0,0.0,1.5],"rotation":0,"texture":"#0","tintindex":0},"up":{"uv":[0.0,0.0,0.0,0.0],"rotation":0,"texture":"#0","tintindex":0},"west":{"uv":[0.0,0.0,0.0,0.0],"rotation":0,"texture":"#0","tintindex":0}}}],"display":{"head":{"translation":[0.0,-6.4,0.0],"rotation":[0.0,0.0,0.0],"scale":[3.8095,3.8095,3.8095]}}}