{"textures":{"0":"modelengine:entity/allay_dj"},"elements":[{"name":"cube","from":[6.2,3.1999998,6.2],"to":[9.8,8.0,9.8],"rotation":{"angle":0.0,"axis":"x","origin":[8.0,3.7999997,8.0]},"faces":{"down":{"uv":[7.0,7.5,5.5,9.0],"rotation":0,"texture":"#0","tintindex":0},"east":{"uv":[7.0,5.0,8.5,6.5],"rotation":0,"texture":"#0","tintindex":0},"north":{"uv":[2.25,6.0,4.0,8.25],"rotation":0,"texture":"#0","tintindex":0},"south":{"uv":[7.0,6.5,8.5,8.0],"rotation":0,"texture":"#0","tintindex":0},"up":{"uv":[5.5,9.0,4.0,7.5],"rotation":0,"texture":"#0","tintindex":0},"west":{"uv":[7.0,5.0,8.5,6.5],"rotation":0,"texture":"#0","tintindex":0}}}],"display":{"head":{"translation":[0.0,-6.4,0.0],"rotation":[0.0,0.0,0.0],"scale":[3.8095,3.8095,3.8095]}}}