{"textures":{"0":"modelengine:entity/steve_stand"},"elements":[{"name":"cube","from":[6.8,4.3999996,5.6],"to":[9.2,8.0,8.0],"rotation":{"angle":0.0,"axis":"x","origin":[8.0,6.2,6.8]},"faces":{"down":{"uv":[13.0,9.5,12.0,10.5],"rotation":0,"texture":"#0","tintindex":0},"east":{"uv":[10.0,10.5,11.0,12.0],"rotation":0,"texture":"#0","tintindex":0},"north":{"uv":[11.0,10.5,12.0,12.0],"rotation":0,"texture":"#0","tintindex":0},"south":{"uv":[13.0,10.5,14.0,12.0],"rotation":0,"texture":"#0","tintindex":0},"up":{"uv":[12.0,10.5,11.0,9.5],"rotation":0,"texture":"#0","tintindex":0},"west":{"uv":[12.0,10.5,13.0,12.0],"rotation":0,"texture":"#0","tintindex":0}}}],"display":{"head":{"translation":[0.0,-6.4,0.0],"rotation":[0.0,0.0,0.0],"scale":[3.8095,3.8095,3.8095]}}}