{"textures":{"0":"modelengine:entity/steve_stand"},"elements":[{"name":"cube","from":[6.8,4.3999996,5.6],"to":[9.2,8.0,8.0],"rotation":{"angle":0.0,"axis":"x","origin":[11.0,-6.4000006,5.6]},"faces":{"down":{"uv":[10.0,8.0,9.0,9.0],"rotation":0,"texture":"#0","tintindex":0},"east":{"uv":[7.0,9.0,8.0,10.5],"rotation":0,"texture":"#0","tintindex":0},"north":{"uv":[8.0,9.0,9.0,10.5],"rotation":0,"texture":"#0","tintindex":0},"south":{"uv":[10.0,9.0,11.0,10.5],"rotation":0,"texture":"#0","tintindex":0},"up":{"uv":[9.0,9.0,8.0,8.0],"rotation":0,"texture":"#0","tintindex":0},"west":{"uv":[9.0,9.0,10.0,10.5],"rotation":0,"texture":"#0","tintindex":0}}}],"display":{"head":{"translation":[0.0,-6.4,0.0],"rotation":[0.0,0.0,0.0],"scale":[3.8095,3.8095,3.8095]}}}