{"textures":{"0":"modelengine:entity/steve_stand"},"elements":[{"name":"cube","from":[8.0,4.3999996,6.8],"to":[10.4,8.0,9.2],"rotation":{"angle":0.0,"axis":"x","origin":[12.2,-6.4000006,6.8]},"faces":{"down":{"uv":[3.0,9.5,2.0,10.5],"rotation":0,"texture":"#0","tintindex":0},"east":{"uv":[0.0,10.5,1.0,12.0],"rotation":0,"texture":"#0","tintindex":0},"north":{"uv":[1.0,10.5,2.0,12.0],"rotation":0,"texture":"#0","tintindex":0},"south":{"uv":[3.0,10.5,4.0,12.0],"rotation":0,"texture":"#0","tintindex":0},"up":{"uv":[2.0,10.5,1.0,9.5],"rotation":0,"texture":"#0","tintindex":0},"west":{"uv":[2.0,10.5,3.0,12.0],"rotation":0,"texture":"#0","tintindex":0}}}],"display":{"head":{"translation":[0.0,-6.4,0.0],"rotation":[0.0,0.0,0.0],"scale":[3.8095,3.8095,3.8095]}}}