{"textures":{"0":"modelengine:entity/steve_stand"},"elements":[{"name":"cube","from":[5.6,4.3999996,6.8],"to":[8.0,8.0,9.2],"rotation":{"angle":0.0,"axis":"x","origin":[6.8,6.2,8.0]},"faces":{"down":{"uv":[7.0,10.5,6.0,11.5],"rotation":0,"texture":"#0","tintindex":0},"east":{"uv":[4.0,11.5,5.0,13.0],"rotation":0,"texture":"#0","tintindex":0},"north":{"uv":[5.0,11.5,6.0,13.0],"rotation":0,"texture":"#0","tintindex":0},"south":{"uv":[7.0,11.5,8.0,13.0],"rotation":0,"texture":"#0","tintindex":0},"up":{"uv":[6.0,11.5,5.0,10.5],"rotation":0,"texture":"#0","tintindex":0},"west":{"uv":[6.0,11.5,7.0,13.0],"rotation":0,"texture":"#0","tintindex":0}}}],"display":{"head":{"translation":[0.0,-6.4,0.0],"rotation":[0.0,0.0,0.0],"scale":[3.8095,3.8095,3.8095]}}}