{"textures":{"0":"modelengine:entity/steve_stand"},"elements":[{"name":"cube","from":[5.6,4.3999996,5.6],"to":[10.4,8.0,8.0],"rotation":{"angle":0.0,"axis":"x","origin":[7.4,-2.8000002,5.6]},"faces":{"down":{"uv":[5.0,4.0,3.0,5.0],"rotation":0,"texture":"#0","tintindex":0},"east":{"uv":[0.0,5.0,1.0,6.5],"rotation":0,"texture":"#0","tintindex":0},"north":{"uv":[1.0,5.0,3.0,6.5],"rotation":0,"texture":"#0","tintindex":0},"south":{"uv":[4.0,5.0,6.0,6.5],"rotation":0,"texture":"#0","tintindex":0},"up":{"uv":[3.0,5.0,1.0,4.0],"rotation":0,"texture":"#0","tintindex":0},"west":{"uv":[3.0,5.0,4.0,6.5],"rotation":0,"texture":"#0","tintindex":0}}}],"display":{"head":{"translation":[0.0,-6.4,0.0],"rotation":[0.0,0.0,0.0],"scale":[3.8095,3.8095,3.8095]}}}