{"textures":{"0":"modelengine:entity/steve_stand"},"elements":[{"name":"cube","from":[5.6,6.2,6.8],"to":[10.4,9.8,9.2],"rotation":{"angle":0.0,"axis":"x","origin":[8.0,8.0,8.0]},"faces":{"down":{"uv":[10.0,5.5,8.0,6.5],"rotation":0,"texture":"#0","tintindex":0},"east":{"uv":[5.0,6.5,6.0,8.0],"rotation":0,"texture":"#0","tintindex":0},"north":{"uv":[6.0,6.5,8.0,8.0],"rotation":0,"texture":"#0","tintindex":0},"south":{"uv":[9.0,6.5,11.0,8.0],"rotation":0,"texture":"#0","tintindex":0},"up":{"uv":[8.0,6.5,6.0,5.5],"rotation":0,"texture":"#0","tintindex":0},"west":{"uv":[8.0,6.5,9.0,8.0],"rotation":0,"texture":"#0","tintindex":0}}}],"display":{"head":{"translation":[0.0,-6.4,0.0],"rotation":[0.0,0.0,0.0],"scale":[3.8095,3.8095,3.8095]}}}