{"textures":{"0":"modelengine:entity/steve_stand"},"elements":[{"name":"cube","from":[6.8,4.3999996,8.0],"to":[9.2,8.0,10.4],"rotation":{"angle":0.0,"axis":"x","origin":[8.6,4.3999996,8.0]},"faces":{"down":{"uv":[11.0,0.0,10.0,1.0],"rotation":0,"texture":"#0","tintindex":0},"east":{"uv":[8.0,1.0,9.0,2.5],"rotation":0,"texture":"#0","tintindex":0},"north":{"uv":[9.0,1.0,10.0,2.5],"rotation":0,"texture":"#0","tintindex":0},"south":{"uv":[11.0,1.0,12.0,2.5],"rotation":0,"texture":"#0","tintindex":0},"up":{"uv":[10.0,1.0,9.0,0.0],"rotation":0,"texture":"#0","tintindex":0},"west":{"uv":[10.0,1.0,11.0,2.5],"rotation":0,"texture":"#0","tintindex":0}}}],"display":{"head":{"translation":[0.0,-6.4,0.0],"rotation":[0.0,0.0,0.0],"scale":[3.8095,3.8095,3.8095]}}}