{"textures":{"0":"modelengine:entity/steve_stand"},"elements":[{"name":"cube","from":[6.8,4.3999996,8.0],"to":[9.2,8.0,10.4],"rotation":{"angle":0.0,"axis":"x","origin":[8.6,4.3999996,8.0]},"faces":{"down":{"uv":[3.0,6.5,2.0,7.5],"rotation":0,"texture":"#0","tintindex":0},"east":{"uv":[0.0,7.5,1.0,9.0],"rotation":0,"texture":"#0","tintindex":0},"north":{"uv":[1.0,7.5,2.0,9.0],"rotation":0,"texture":"#0","tintindex":0},"south":{"uv":[3.0,7.5,4.0,9.0],"rotation":0,"texture":"#0","tintindex":0},"up":{"uv":[2.0,7.5,1.0,6.5],"rotation":0,"texture":"#0","tintindex":0},"west":{"uv":[2.0,7.5,3.0,9.0],"rotation":0,"texture":"#0","tintindex":0}}}],"display":{"head":{"translation":[0.0,-6.4,0.0],"rotation":[0.0,0.0,0.0],"scale":[3.8095,3.8095,3.8095]}}}