{"textures":{"0":"modelengine:entity/steve_stand"},"elements":[{"name":"cube","from":[6.8,4.3999996,6.8],"to":[9.2,8.0,9.2],"rotation":{"angle":0.0,"axis":"x","origin":[8.6,0.7999997,6.8]},"faces":{"down":{"uv":[6.0,8.0,5.0,9.0],"rotation":0,"texture":"#0","tintindex":0},"east":{"uv":[3.0,9.0,4.0,10.5],"rotation":0,"texture":"#0","tintindex":0},"north":{"uv":[4.0,9.0,5.0,10.5],"rotation":0,"texture":"#0","tintindex":0},"south":{"uv":[6.0,9.0,7.0,10.5],"rotation":0,"texture":"#0","tintindex":0},"up":{"uv":[5.0,9.0,4.0,8.0],"rotation":0,"texture":"#0","tintindex":0},"west":{"uv":[5.0,9.0,6.0,10.5],"rotation":0,"texture":"#0","tintindex":0}}}],"display":{"head":{"translation":[0.0,-6.4,0.0],"rotation":[0.0,0.0,0.0],"scale":[3.8095,3.8095,3.8095]}}}