{"textures":{"0":"modelengine:entity/phoenix-electric"},"elements":[{"name":"cube","from":[8.0,6.8,7.4],"to":[9.2,8.6,8.6],"rotation":{"angle":0.0,"axis":"x","origin":[8.6,7.7,8.0]},"faces":{"down":{"uv":[14.0,6.5,13.5,7.0],"rotation":0,"texture":"#0","tintindex":0},"east":{"uv":[13.25,11.25,13.75,12.0],"rotation":0,"texture":"#0","tintindex":0},"north":{"uv":[13.25,10.5,13.75,11.25],"rotation":0,"texture":"#0","tintindex":0},"south":{"uv":[13.25,12.0,13.75,12.75],"rotation":0,"texture":"#0","tintindex":0},"up":{"uv":[7.0,14.0,6.5,13.5],"rotation":0,"texture":"#0","tintindex":0},"west":{"uv":[13.25,12.75,13.75,13.5],"rotation":0,"texture":"#0","tintindex":0}}},{"name":"cube","from":[8.3,5.6,7.7],"to":[8.9,6.8,8.3],"rotation":{"angle":0.0,"axis":"x","origin":[8.6,6.2,8.0]},"faces":{"down":{"uv":[14.0,9.75,13.75,10.0],"rotation":0,"texture":"#0","tintindex":0},"east":{"uv":[10.75,13.5,11.0,14.0],"rotation":0,"texture":"#0","tintindex":0},"north":{"uv":[10.5,13.5,10.75,14.0],"rotation":0,"texture":"#0","tintindex":0},"south":{"uv":[13.25,13.5,13.5,14.0],"rotation":0,"texture":"#0","tintindex":0},"up":{"uv":[14.0,9.0,13.75,8.75],"rotation":0,"texture":"#0","tintindex":0},"west":{"uv":[13.5,13.5,13.75,14.0],"rotation":0,"texture":"#0","tintindex":0}}},{"name":"cube","from":[7.814805,5.0228367,7.4],"to":[9.014805,5.6228366,8.6],"rotation":{"angle":22.5,"axis":"z","origin":[8.414804,5.322837,8.0]},"faces":{"down":{"uv":[14.0,7.0,13.5,7.5],"rotation":0,"texture":"#0","tintindex":0},"east":{"uv":[13.75,3.25,14.25,3.5],"rotation":0,"texture":"#0","tintindex":0},"north":{"uv":[13.75,3.0,14.25,3.25],"rotation":0,"texture":"#0","tintindex":0},"south":{"uv":[13.75,3.5,14.25,3.75],"rotation":0,"texture":"#0","tintindex":0},"up":{"uv":[7.5,14.0,7.0,13.5],"rotation":0,"texture":"#0","tintindex":0},"west":{"uv":[13.75,8.5,14.25,8.75],"rotation":0,"texture":"#0","tintindex":0}}}],"display":{"head":{"translation":[0.0,-6.4,0.0],"rotation":[0.0,0.0,0.0],"scale":[3.8095,3.8095,3.8095]}}}