{"textures":{"0":"modelengine:entity/phoenix-electric"},"elements":[{"name":"cube","from":[8.0,6.8,7.4],"to":[9.2,8.6,8.6],"rotation":{"angle":0.0,"axis":"x","origin":[8.6,7.7,8.0]},"faces":{"down":{"uv":[14.0,5.5,13.5,6.0],"rotation":0,"texture":"#0","tintindex":0},"east":{"uv":[8.25,13.25,8.75,14.0],"rotation":0,"texture":"#0","tintindex":0},"north":{"uv":[13.25,3.0,13.75,3.75],"rotation":0,"texture":"#0","tintindex":0},"south":{"uv":[8.75,13.25,9.25,14.0],"rotation":0,"texture":"#0","tintindex":0},"up":{"uv":[11.25,3.25,10.75,2.75],"rotation":0,"texture":"#0","tintindex":0},"west":{"uv":[13.25,9.25,13.75,10.0],"rotation":0,"texture":"#0","tintindex":0}}},{"name":"cube","from":[8.3,5.6,7.7],"to":[8.9,6.8,8.3],"rotation":{"angle":0.0,"axis":"x","origin":[8.6,6.2,8.0]},"faces":{"down":{"uv":[12.5,2.5,12.25,2.75],"rotation":0,"texture":"#0","tintindex":0},"east":{"uv":[13.5,8.5,13.75,9.0],"rotation":0,"texture":"#0","tintindex":0},"north":{"uv":[9.25,13.25,9.5,13.75],"rotation":0,"texture":"#0","tintindex":0},"south":{"uv":[9.5,13.5,9.75,14.0],"rotation":0,"texture":"#0","tintindex":0},"up":{"uv":[12.25,10.75,12.0,10.5],"rotation":0,"texture":"#0","tintindex":0},"west":{"uv":[9.75,13.5,10.0,14.0],"rotation":0,"texture":"#0","tintindex":0}}},{"name":"cube","from":[7.814805,5.0228367,7.4],"to":[9.014805,5.6228366,8.6],"rotation":{"angle":22.5,"axis":"z","origin":[8.414804,5.322837,8.0]},"faces":{"down":{"uv":[14.0,6.0,13.5,6.5],"rotation":0,"texture":"#0","tintindex":0},"east":{"uv":[13.25,10.0,13.75,10.25],"rotation":0,"texture":"#0","tintindex":0},"north":{"uv":[11.5,10.5,12.0,10.75],"rotation":0,"texture":"#0","tintindex":0},"south":{"uv":[13.5,9.0,14.0,9.25],"rotation":0,"texture":"#0","tintindex":0},"up":{"uv":[6.5,14.0,6.0,13.5],"rotation":0,"texture":"#0","tintindex":0},"west":{"uv":[10.0,13.5,10.5,13.75],"rotation":0,"texture":"#0","tintindex":0}}}],"display":{"head":{"translation":[0.0,-6.4,0.0],"rotation":[0.0,0.0,0.0],"scale":[3.8095,3.8095,3.8095]}}}