{"textures":{"0":"modelengine:entity/striker"},"elements":[{"name":"cube","from":[5.6,8.0,6.5],"to":[10.4,15.2,9.5],"rotation":{"angle":0.0,"axis":"x","origin":[8.0,0.7999997,8.0]},"faces":{"down":{"uv":[7.0,6.0,5.0,7.25],"rotation":0,"texture":"#0","tintindex":0},"east":{"uv":[4.0,0.0,5.25,3.0],"rotation":0,"texture":"#0","tintindex":0},"north":{"uv":[0.0,0.0,2.0,3.0],"rotation":0,"texture":"#0","tintindex":0},"south":{"uv":[2.0,0.0,4.0,3.0],"rotation":0,"texture":"#0","tintindex":0},"up":{"uv":[5.0,7.25,3.0,6.0],"rotation":0,"texture":"#0","tintindex":0},"west":{"uv":[4.0,3.0,5.25,6.0],"rotation":0,"texture":"#0","tintindex":0}}},{"name":"cube","from":[5.48,7.88,6.38],"to":[10.52,15.320001,9.62],"rotation":{"angle":0.0,"axis":"x","origin":[8.0,0.7999997,8.0]},"faces":{"down":{"uv":[9.0,5.25,7.0,6.5],"rotation":0,"texture":"#0","tintindex":0},"east":{"uv":[5.25,0.0,6.5,3.0],"rotation":0,"texture":"#0","tintindex":0},"north":{"uv":[0.0,3.0,2.0,6.0],"rotation":0,"texture":"#0","tintindex":0},"south":{"uv":[2.0,3.0,4.0,6.0],"rotation":0,"texture":"#0","tintindex":0},"up":{"uv":[8.5,5.25,6.5,4.0],"rotation":0,"texture":"#0","tintindex":0},"west":{"uv":[5.25,3.0,6.5,6.0],"rotation":0,"texture":"#0","tintindex":0}}}],"display":{"head":{"translation":[0.0,-6.4,0.0],"rotation":[0.0,0.0,0.0],"scale":[3.8095,3.8095,3.8095]}}}