{"textures":{"0":"modelengine:entity/striker"},"elements":[{"name":"cube","from":[6.2,8.0,6.8],"to":[9.8,12.8,9.8],"rotation":{"angle":0.0,"axis":"x","origin":[8.0,-6.4000006,8.6]},"faces":{"down":{"uv":[9.25,1.25,7.75,2.5],"rotation":0,"texture":"#0","tintindex":0},"east":{"uv":[6.5,0.0,7.75,2.0],"rotation":0,"texture":"#0","tintindex":0},"north":{"uv":[0.0,6.0,1.5,8.0],"rotation":0,"texture":"#0","tintindex":0},"south":{"uv":[1.5,6.0,3.0,8.0],"rotation":0,"texture":"#0","tintindex":0},"up":{"uv":[9.25,1.25,7.75,0.0],"rotation":0,"texture":"#0","tintindex":0},"west":{"uv":[6.5,2.0,7.75,4.0],"rotation":0,"texture":"#0","tintindex":0}}}],"display":{"head":{"translation":[0.0,-6.4,0.0],"rotation":[0.0,0.0,0.0],"scale":[3.8095,3.8095,3.8095]}}}