{"textures":{"0":"modelengine:entity/striker"},"elements":[{"name":"cube","from":[4.3999996,7.1,6.2],"to":[8.0,8.9,8.0],"rotation":{"angle":0.0,"axis":"x","origin":[10.4,-5.500001,6.8]},"faces":{"down":{"uv":[12.75,2.25,11.25,3.0],"rotation":0,"texture":"#0","tintindex":0},"east":{"uv":[3.0,12.0,3.75,12.75],"rotation":0,"texture":"#0","tintindex":0},"north":{"uv":[10.75,9.0,12.25,9.75],"rotation":0,"texture":"#0","tintindex":0},"south":{"uv":[10.75,9.75,12.25,10.5],"rotation":0,"texture":"#0","tintindex":0},"up":{"uv":[12.25,11.25,10.75,10.5],"rotation":0,"texture":"#0","tintindex":0},"west":{"uv":[6.75,12.0,7.5,12.75],"rotation":0,"texture":"#0","tintindex":0}}}],"display":{"head":{"translation":[0.0,-6.4,0.0],"rotation":[0.0,0.0,0.0],"scale":[3.8095,3.8095,3.8095]}}}