{"textures":{"0":"modelengine:entity/striker"},"elements":[{"name":"cube","from":[4.3999996,6.2,6.8],"to":[8.0,8.0,9.2],"rotation":{"angle":0.0,"axis":"x","origin":[10.4,-6.4000006,8.0]},"faces":{"down":{"uv":[4.5,9.25,3.0,10.25],"rotation":0,"texture":"#0","tintindex":0},"east":{"uv":[7.75,11.75,8.75,12.5],"rotation":0,"texture":"#0","tintindex":0},"north":{"uv":[10.75,7.5,12.25,8.25],"rotation":0,"texture":"#0","tintindex":0},"south":{"uv":[10.75,8.25,12.25,9.0],"rotation":0,"texture":"#0","tintindex":0},"up":{"uv":[10.75,2.5,9.25,1.5],"rotation":0,"texture":"#0","tintindex":0},"west":{"uv":[2.0,12.0,3.0,12.75],"rotation":0,"texture":"#0","tintindex":0}}}],"display":{"head":{"translation":[0.0,-6.4,0.0],"rotation":[0.0,0.0,0.0],"scale":[3.8095,3.8095,3.8095]}}}