{"textures":{"0":"modelengine:entity/striker"},"elements":[{"name":"cube","from":[6.8,4.3999996,8.0],"to":[9.2,8.0,10.4],"rotation":{"angle":0.0,"axis":"x","origin":[9.2,4.3999996,9.2]},"faces":{"down":{"uv":[10.75,11.5,9.75,12.5],"rotation":0,"texture":"#0","tintindex":0},"east":{"uv":[9.0,9.25,10.0,10.75],"rotation":0,"texture":"#0","tintindex":0},"north":{"uv":[4.5,9.25,5.5,10.75],"rotation":0,"texture":"#0","tintindex":0},"south":{"uv":[9.5,2.5,10.5,4.0],"rotation":0,"texture":"#0","tintindex":0},"up":{"uv":[5.0,12.5,4.0,11.5],"rotation":0,"texture":"#0","tintindex":0},"west":{"uv":[0.0,9.75,1.0,11.25],"rotation":0,"texture":"#0","tintindex":0}}}],"display":{"head":{"translation":[0.0,-6.4,0.0],"rotation":[0.0,0.0,0.0],"scale":[3.8095,3.8095,3.8095]}}}