{"textures":{"0":"modelengine:entity/striker"},"elements":[{"name":"cube","from":[7.4,4.3999996,6.8],"to":[9.8,8.6,9.2],"rotation":{"angle":0.0,"axis":"x","origin":[9.8,0.7999997,8.0]},"faces":{"down":{"uv":[2.0,11.5,1.0,12.5],"rotation":0,"texture":"#0","tintindex":0},"east":{"uv":[8.0,8.25,9.0,10.0],"rotation":0,"texture":"#0","tintindex":0},"north":{"uv":[8.0,6.5,9.0,8.25],"rotation":0,"texture":"#0","tintindex":0},"south":{"uv":[8.5,2.5,9.5,4.25],"rotation":0,"texture":"#0","tintindex":0},"up":{"uv":[12.25,12.25,11.25,11.25],"rotation":0,"texture":"#0","tintindex":0},"west":{"uv":[7.0,8.5,8.0,10.25],"rotation":0,"texture":"#0","tintindex":0}}}],"display":{"head":{"translation":[0.0,-6.4,0.0],"rotation":[0.0,0.0,0.0],"scale":[3.8095,3.8095,3.8095]}}}