{"textures":{"0":"modelengine:entity/striker"},"elements":[{"name":"cube","from":[6.389576,5.906,4.9276314],"to":[7.589576,10.705999,7.327631],"rotation":{"angle":0.0,"axis":"x","origin":[6.389576,8.0,9.127631]},"faces":{"down":{"uv":[0.5,12.25,0.0,13.25],"rotation":0,"texture":"#0","tintindex":0},"east":{"uv":[4.0,7.25,5.0,9.25],"rotation":0,"texture":"#0","tintindex":0},"north":{"uv":[9.25,10.75,9.75,12.75],"rotation":0,"texture":"#0","tintindex":0},"south":{"uv":[10.75,11.25,11.25,13.25],"rotation":0,"texture":"#0","tintindex":0},"up":{"uv":[5.5,12.5,5.0,11.5],"rotation":0,"texture":"#0","tintindex":0},"west":{"uv":[5.0,7.25,6.0,9.25],"rotation":0,"texture":"#0","tintindex":0}}},{"name":"cube","from":[7.589576,5.906,5.827631],"to":[9.389576,10.106001,5.827631],"rotation":{"angle":0.0,"axis":"x","origin":[6.389576,8.0,9.127631]},"faces":{"down":{"uv":[0.75,0.0,0.0,0.0],"rotation":0,"texture":"#0","tintindex":0},"east":{"uv":[0.0,0.0,0.0,1.75],"rotation":0,"texture":"#0","tintindex":0},"north":{"uv":[1.0,9.75,1.75,11.5],"rotation":0,"texture":"#0","tintindex":0},"south":{"uv":[1.75,9.75,2.5,11.5],"rotation":0,"texture":"#0","tintindex":0},"up":{"uv":[0.75,0.0,0.0,0.0],"rotation":0,"texture":"#0","tintindex":0},"west":{"uv":[0.0,0.0,0.0,1.75],"rotation":0,"texture":"#0","tintindex":0}}},{"name":"cube","from":[7.589576,5.906,5.527631],"to":[9.389576,10.106001,5.527631],"rotation":{"angle":0.0,"axis":"x","origin":[6.389576,8.0,9.127631]},"faces":{"down":{"uv":[0.75,0.0,0.0,0.0],"rotation":0,"texture":"#0","tintindex":0},"east":{"uv":[0.0,0.0,0.0,1.75],"rotation":0,"texture":"#0","tintindex":0},"north":{"uv":[10.0,6.25,10.75,8.0],"rotation":0,"texture":"#0","tintindex":0},"south":{"uv":[8.0,10.0,8.75,11.75],"rotation":0,"texture":"#0","tintindex":0},"up":{"uv":[0.75,0.0,0.0,0.0],"rotation":0,"texture":"#0","tintindex":0},"west":{"uv":[0.0,0.0,0.0,1.75],"rotation":0,"texture":"#0","tintindex":0}}},{"name":"cube","from":[7.589576,5.906,5.2276306],"to":[9.389576,10.106001,5.2276306],"rotation":{"angle":0.0,"axis":"x","origin":[6.389576,8.0,9.127631]},"faces":{"down":{"uv":[0.75,0.0,0.0,0.0],"rotation":0,"texture":"#0","tintindex":0},"east":{"uv":[0.0,0.0,0.0,1.75],"rotation":0,"texture":"#0","tintindex":0},"north":{"uv":[10.0,8.0,10.75,9.75],"rotation":0,"texture":"#0","tintindex":0},"south":{"uv":[10.0,9.75,10.75,11.5],"rotation":0,"texture":"#0","tintindex":0},"up":{"uv":[0.75,0.0,0.0,0.0],"rotation":0,"texture":"#0","tintindex":0},"west":{"uv":[0.0,0.0,0.0,1.75],"rotation":0,"texture":"#0","tintindex":0}}}],"display":{"head":{"translation":[0.0,-6.4,0.0],"rotation":[0.0,0.0,0.0],"scale":[3.8095,3.8095,3.8095]}}}