{"textures":{"0":"modelengine:entity/striker"},"elements":[{"name":"cube","from":[8.0,6.2,6.8],"to":[11.6,8.0,9.2],"rotation":{"angle":0.0,"axis":"x","origin":[5.6,-6.4000006,8.0]},"faces":{"down":{"uv":[10.5,5.25,9.0,6.25],"rotation":0,"texture":"#0","tintindex":0},"east":{"uv":[11.75,0.0,12.75,0.75],"rotation":0,"texture":"#0","tintindex":0},"north":{"uv":[10.25,0.0,11.75,0.75],"rotation":0,"texture":"#0","tintindex":0},"south":{"uv":[10.25,0.75,11.75,1.5],"rotation":0,"texture":"#0","tintindex":0},"up":{"uv":[10.0,5.25,8.5,4.25],"rotation":0,"texture":"#0","tintindex":0},"west":{"uv":[11.75,0.75,12.75,1.5],"rotation":0,"texture":"#0","tintindex":0}}}],"display":{"head":{"translation":[0.0,-6.4,0.0],"rotation":[0.0,0.0,0.0],"scale":[3.8095,3.8095,3.8095]}}}