{"textures":{"0":"modelengine:entity/striker"},"elements":[{"name":"cube","from":[6.8,4.3999996,8.0],"to":[9.2,8.0,10.4],"rotation":{"angle":0.0,"axis":"x","origin":[6.8,4.3999996,9.2]},"faces":{"down":{"uv":[12.25,5.0,11.25,6.0],"rotation":0,"texture":"#0","tintindex":0},"east":{"uv":[9.0,6.25,10.0,7.75],"rotation":0,"texture":"#0","tintindex":0},"north":{"uv":[6.0,9.0,7.0,10.5],"rotation":0,"texture":"#0","tintindex":0},"south":{"uv":[9.0,7.75,10.0,9.25],"rotation":0,"texture":"#0","tintindex":0},"up":{"uv":[12.25,5.0,11.25,4.0],"rotation":0,"texture":"#0","tintindex":0},"west":{"uv":[9.25,0.0,10.25,1.5],"rotation":0,"texture":"#0","tintindex":0}}}],"display":{"head":{"translation":[0.0,-6.4,0.0],"rotation":[0.0,0.0,0.0],"scale":[3.8095,3.8095,3.8095]}}}