{"textures":{"0":"modelengine:entity/striker"},"elements":[{"name":"cube","from":[8.410424,5.906,4.9276314],"to":[9.610424,10.705999,7.327631],"rotation":{"angle":0.0,"axis":"x","origin":[9.610424,8.0,9.127631]},"faces":{"down":{"uv":[10.5,4.0,10.0,5.0],"rotation":0,"texture":"#0","tintindex":0},"east":{"uv":[7.0,6.5,8.0,8.5],"rotation":0,"texture":"#0","tintindex":0},"north":{"uv":[6.25,10.5,6.75,12.5],"rotation":0,"texture":"#0","tintindex":0},"south":{"uv":[8.75,10.75,9.25,12.75],"rotation":0,"texture":"#0","tintindex":0},"up":{"uv":[6.0,10.25,5.5,9.25],"rotation":0,"texture":"#0","tintindex":0},"west":{"uv":[3.0,7.25,4.0,9.25],"rotation":0,"texture":"#0","tintindex":0}}},{"name":"cube","from":[6.610424,5.8999996,5.2276306],"to":[8.410424,10.1,5.2276306],"rotation":{"angle":0.0,"axis":"x","origin":[6.610424,8.0,9.127631]},"faces":{"down":{"uv":[0.75,0.0,0.0,0.0],"rotation":0,"texture":"#0","tintindex":0},"east":{"uv":[0.0,0.0,0.0,1.75],"rotation":0,"texture":"#0","tintindex":0},"north":{"uv":[2.5,10.25,3.25,12.0],"rotation":0,"texture":"#0","tintindex":0},"south":{"uv":[3.25,10.25,4.0,12.0],"rotation":0,"texture":"#0","tintindex":0},"up":{"uv":[0.75,0.0,0.0,0.0],"rotation":0,"texture":"#0","tintindex":0},"west":{"uv":[0.0,0.0,0.0,1.75],"rotation":0,"texture":"#0","tintindex":0}}},{"name":"cube","from":[6.610424,6.05,5.527631],"to":[8.410424,10.25,5.527631],"rotation":{"angle":0.0,"axis":"x","origin":[6.610424,8.0,9.127631]},"faces":{"down":{"uv":[0.75,0.0,0.0,0.0],"rotation":0,"texture":"#0","tintindex":0},"east":{"uv":[0.0,0.0,0.0,1.75],"rotation":0,"texture":"#0","tintindex":0},"north":{"uv":[7.0,10.25,7.75,12.0],"rotation":0,"texture":"#0","tintindex":0},"south":{"uv":[10.5,2.5,11.25,4.25],"rotation":0,"texture":"#0","tintindex":0},"up":{"uv":[0.75,0.0,0.0,0.0],"rotation":0,"texture":"#0","tintindex":0},"west":{"uv":[0.0,0.0,0.0,1.75],"rotation":0,"texture":"#0","tintindex":0}}},{"name":"cube","from":[6.610424,6.2,5.827631],"to":[8.410424,10.4,5.827631],"rotation":{"angle":0.0,"axis":"x","origin":[6.610424,8.0,9.127631]},"faces":{"down":{"uv":[0.75,0.0,0.0,0.0],"rotation":0,"texture":"#0","tintindex":0},"east":{"uv":[0.0,0.0,0.0,1.75],"rotation":0,"texture":"#0","tintindex":0},"north":{"uv":[10.5,4.25,11.25,6.0],"rotation":0,"texture":"#0","tintindex":0},"south":{"uv":[5.5,10.5,6.25,12.25],"rotation":0,"texture":"#0","tintindex":0},"up":{"uv":[0.75,0.0,0.0,0.0],"rotation":0,"texture":"#0","tintindex":0},"west":{"uv":[0.0,0.0,0.0,1.75],"rotation":0,"texture":"#0","tintindex":0}}}],"display":{"head":{"translation":[0.0,-6.4,0.0],"rotation":[0.0,0.0,0.0],"scale":[3.8095,3.8095,3.8095]}}}