{"textures":{"0":"modelengine:entity/striker"},"elements":[{"name":"cube","from":[6.2,4.3999996,6.8],"to":[8.6,8.6,9.2],"rotation":{"angle":0.0,"axis":"x","origin":[6.2,0.7999997,8.0]},"faces":{"down":{"uv":[12.25,3.0,11.25,4.0],"rotation":0,"texture":"#0","tintindex":0},"east":{"uv":[0.0,8.0,1.0,9.75],"rotation":0,"texture":"#0","tintindex":0},"north":{"uv":[6.0,7.25,7.0,9.0],"rotation":0,"texture":"#0","tintindex":0},"south":{"uv":[1.0,8.0,2.0,9.75],"rotation":0,"texture":"#0","tintindex":0},"up":{"uv":[1.0,12.25,0.0,11.25],"rotation":0,"texture":"#0","tintindex":0},"west":{"uv":[2.0,8.0,3.0,9.75],"rotation":0,"texture":"#0","tintindex":0}}}],"display":{"head":{"translation":[0.0,-6.4,0.0],"rotation":[0.0,0.0,0.0],"scale":[3.8095,3.8095,3.8095]}}}