{"textures":{"0":"modelengine:entity/striker"},"elements":[{"name":"cube","from":[8.0,7.1,6.2],"to":[11.6,8.9,8.0],"rotation":{"angle":0.0,"axis":"x","origin":[5.6,-5.500001,6.8]},"faces":{"down":{"uv":[12.25,6.75,10.75,7.5],"rotation":0,"texture":"#0","tintindex":0},"east":{"uv":[7.75,2.5,8.5,3.25],"rotation":0,"texture":"#0","tintindex":0},"north":{"uv":[10.75,1.5,12.25,2.25],"rotation":0,"texture":"#0","tintindex":0},"south":{"uv":[4.0,10.75,5.5,11.5],"rotation":0,"texture":"#0","tintindex":0},"up":{"uv":[12.25,6.75,10.75,6.0],"rotation":0,"texture":"#0","tintindex":0},"west":{"uv":[7.75,3.25,8.5,4.0],"rotation":0,"texture":"#0","tintindex":0}}}],"display":{"head":{"translation":[0.0,-6.4,0.0],"rotation":[0.0,0.0,0.0],"scale":[3.8095,3.8095,3.8095]}}}