{"textures":{"0":"modelengine:entity/bird-void"},"elements":[{"name":"cube","from":[6.8,7.4,7.1],"to":[8.6,10.4,8.9],"rotation":{"angle":0.0,"axis":"x","origin":[7.7,8.9,8.0]},"faces":{"down":{"uv":[13.0,13.0,12.25,13.75],"rotation":0,"texture":"#0","tintindex":0},"east":{"uv":[12.5,2.5,13.25,3.75],"rotation":0,"texture":"#0","tintindex":0},"north":{"uv":[12.25,11.75,13.0,13.0],"rotation":0,"texture":"#0","tintindex":0},"south":{"uv":[12.5,7.0,13.25,8.25],"rotation":0,"texture":"#0","tintindex":0},"up":{"uv":[13.25,10.25,12.5,9.5],"rotation":0,"texture":"#0","tintindex":0},"west":{"uv":[12.5,8.25,13.25,9.5],"rotation":0,"texture":"#0","tintindex":0}}},{"name":"cube","from":[8.6,5.6,8.0],"to":[11.0,11.0,8.0],"rotation":{"angle":0.0,"axis":"x","origin":[8.0,8.0,8.0]},"faces":{"down":{"uv":[1.0,0.0,0.0,0.0],"rotation":0,"texture":"#0","tintindex":0},"east":{"uv":[0.0,0.0,0.0,2.25],"rotation":0,"texture":"#0","tintindex":0},"north":{"uv":[7.0,4.25,8.0,6.5],"rotation":0,"texture":"#0","tintindex":0},"south":{"uv":[11.25,4.75,12.25,7.0],"rotation":0,"texture":"#0","tintindex":0},"up":{"uv":[1.0,0.0,0.0,0.0],"rotation":0,"texture":"#0","tintindex":0},"west":{"uv":[0.0,0.0,0.0,2.25],"rotation":0,"texture":"#0","tintindex":0}}}],"display":{"head":{"translation":[0.0,-6.4,0.0],"rotation":[0.0,0.0,0.0],"scale":[3.8095,3.8095,3.8095]}}}