{"textures":{"0":"modelengine:entity/bird-void"},"elements":[{"name":"cube","from":[6.8,5.0,6.8],"to":[8.0,9.2,9.2],"rotation":{"angle":0.0,"axis":"x","origin":[7.4,7.1,8.0]},"faces":{"down":{"uv":[8.25,13.25,7.75,14.25],"rotation":0,"texture":"#0","tintindex":0},"east":{"uv":[11.5,7.0,12.5,8.75],"rotation":0,"texture":"#0","tintindex":0},"north":{"uv":[9.5,11.75,10.0,13.5],"rotation":0,"texture":"#0","tintindex":0},"south":{"uv":[11.0,12.75,11.5,14.5],"rotation":0,"texture":"#0","tintindex":0},"up":{"uv":[8.0,11.75,7.5,10.75],"rotation":0,"texture":"#0","tintindex":0},"west":{"uv":[11.5,8.75,12.5,10.5],"rotation":0,"texture":"#0","tintindex":0}}},{"name":"cube","from":[8.0,1.9999998,5.6],"to":[8.0,9.8,10.4],"rotation":{"angle":0.0,"axis":"x","origin":[8.0,5.8999996,8.0]},"faces":{"down":{"uv":[0.0,0.0,0.0,2.0],"rotation":0,"texture":"#0","tintindex":0},"east":{"uv":[8.0,8.5,10.0,11.75],"rotation":0,"texture":"#0","tintindex":0},"north":{"uv":[0.0,0.0,0.0,3.25],"rotation":0,"texture":"#0","tintindex":0},"south":{"uv":[0.0,0.0,0.0,3.25],"rotation":0,"texture":"#0","tintindex":0},"up":{"uv":[0.0,2.0,0.0,0.0],"rotation":0,"texture":"#0","tintindex":0},"west":{"uv":[8.75,0.0,10.75,3.25],"rotation":0,"texture":"#0","tintindex":0}}},{"name":"cube","from":[7.4,-1.0000005,6.2],"to":[7.4,8.0,9.8],"rotation":{"angle":0.0,"axis":"x","origin":[7.4,2.6,8.0]},"faces":{"down":{"uv":[0.0,0.0,0.0,1.5],"rotation":0,"texture":"#0","tintindex":0},"east":{"uv":[9.75,3.25,11.25,7.0],"rotation":0,"texture":"#0","tintindex":0},"north":{"uv":[0.0,0.0,0.0,3.75],"rotation":0,"texture":"#0","tintindex":0},"south":{"uv":[0.0,0.0,0.0,3.75],"rotation":0,"texture":"#0","tintindex":0},"up":{"uv":[0.0,1.5,0.0,0.0],"rotation":0,"texture":"#0","tintindex":0},"west":{"uv":[10.0,7.0,11.5,10.75],"rotation":0,"texture":"#0","tintindex":0}}}],"display":{"head":{"translation":[0.0,-6.4,0.0],"rotation":[0.0,0.0,0.0],"scale":[3.8095,3.8095,3.8095]}}}