{"data":238,"parent":"item/generated","textures":{"layer0":"item/leather_horse_armor"},"overrides":[{"predicate":{"custom_model_data":1},"model":"modelengine:car/cop0"},{"predicate":{"custom_model_data":2},"model":"modelengine:car/b1"},{"predicate":{"custom_model_data":3},"model":"modelengine:car/b0"},{"predicate":{"custom_model_data":4},"model":"modelengine:car/b5"},{"predicate":{"custom_model_data":5},"model":"modelengine:car/bb0"},{"predicate":{"custom_model_data":6},"model":"modelengine:car/seat0"},{"predicate":{"custom_model_data":7},"model":"modelengine:car/seat1"},{"predicate":{"custom_model_data":8},"model":"modelengine:car/light0"},{"predicate":{"custom_model_data":9},"model":"modelengine:car/b4"},{"predicate":{"custom_model_data":10},"model":"modelengine:car/b3"},{"predicate":{"custom_model_data":11},"model":"modelengine:car/b2"},{"predicate":{"custom_model_data":12},"model":"modelengine:car/door0"},{"predicate":{"custom_model_data":13},"model":"modelengine:car/b8"},{"predicate":{"custom_model_data":14},"model":"modelengine:car/b7"},{"predicate":{"custom_model_data":15},"model":"modelengine:car/b6"},{"predicate":{"custom_model_data":16},"model":"modelengine:car/door2"},{"predicate":{"custom_model_data":17},"model":"modelengine:car/d2"},{"predicate":{"custom_model_data":18},"model":"modelengine:car/d1"},{"predicate":{"custom_model_data":19},"model":"modelengine:car/d0"},{"predicate":{"custom_model_data":20},"model":"modelengine:car/door1"},{"predicate":{"custom_model_data":21},"model":"modelengine:car/d5"},{"predicate":{"custom_model_data":22},"model":"modelengine:car/d4"},{"predicate":{"custom_model_data":23},"model":"modelengine:car/d3"},{"predicate":{"custom_model_data":24},"model":"modelengine:car/door3"},{"predicate":{"custom_model_data":25},"model":"modelengine:car/r3"},{"predicate":{"custom_model_data":26},"model":"modelengine:car/r2"},{"predicate":{"custom_model_data":27},"model":"modelengine:car/r1"},{"predicate":{"custom_model_data":28},"model":"modelengine:car/r0"},{"predicate":{"custom_model_data":29},"model":"modelengine:car/rudder0"},{"predicate":{"custom_model_data":30},"model":"modelengine:car/body41"},{"predicate":{"custom_model_data":31},"model":"modelengine:car/body13"},{"predicate":{"custom_model_data":32},"model":"modelengine:car/body15"},{"predicate":{"custom_model_data":33},"model":"modelengine:car/bb2"},{"predicate":{"custom_model_data":34},"model":"modelengine:car/body19"},{"predicate":{"custom_model_data":35},"model":"modelengine:car/body18"},{"predicate":{"custom_model_data":36},"model":"modelengine:car/body5"},{"predicate":{"custom_model_data":37},"model":"modelengine:car/body4"},{"predicate":{"custom_model_data":38},"model":"modelengine:car/body3"},{"predicate":{"custom_model_data":39},"model":"modelengine:car/body2"},{"predicate":{"custom_model_data":40},"model":"modelengine:car/body1"},{"predicate":{"custom_model_data":41},"model":"modelengine:car/body10"},{"predicate":{"custom_model_data":42},"model":"modelengine:car/body9"},{"predicate":{"custom_model_data":43},"model":"modelengine:car/body8"},{"predicate":{"custom_model_data":44},"model":"modelengine:car/body7"},{"predicate":{"custom_model_data":45},"model":"modelengine:car/body6"},{"predicate":{"custom_model_data":46},"model":"modelengine:car/body26"},{"predicate":{"custom_model_data":47},"model":"modelengine:car/body25"},{"predicate":{"custom_model_data":48},"model":"modelengine:car/body24"},{"predicate":{"custom_model_data":49},"model":"modelengine:car/body22"},{"predicate":{"custom_model_data":50},"model":"modelengine:car/body23"},{"predicate":{"custom_model_data":51},"model":"modelengine:car/body16"},{"predicate":{"custom_model_data":52},"model":"modelengine:car/body17"},{"predicate":{"custom_model_data":53},"model":"modelengine:car/body12"},{"predicate":{"custom_model_data":54},"model":"modelengine:car/body21"},{"predicate":{"custom_model_data":55},"model":"modelengine:car/body20"},{"predicate":{"custom_model_data":56},"model":"modelengine:car/body11"},{"predicate":{"custom_model_data":57},"model":"modelengine:car/wi3"},{"predicate":{"custom_model_data":58},"model":"modelengine:car/wi2"},{"predicate":{"custom_model_data":59},"model":"modelengine:car/wi1"},{"predicate":{"custom_model_data":60},"model":"modelengine:car/wheel0"},{"predicate":{"custom_model_data":61},"model":"modelengine:car/wi6"},{"predicate":{"custom_model_data":62},"model":"modelengine:car/wi5"},{"predicate":{"custom_model_data":63},"model":"modelengine:car/wi4"},{"predicate":{"custom_model_data":64},"model":"modelengine:car/wheel1"},{"predicate":{"custom_model_data":65},"model":"modelengine:car/body0"},{"predicate":{"custom_model_data":66},"model":"modelengine:cerberus/left_ear"},{"predicate":{"custom_model_data":67},"model":"modelengine:cerberus/right_ear"},{"predicate":{"custom_model_data":68},"model":"modelengine:cerberus/jaw"},{"predicate":{"custom_model_data":69},"model":"modelengine:cerberus/head"},{"predicate":{"custom_model_data":70},"model":"modelengine:cerberus/mane"},{"predicate":{"custom_model_data":71},"model":"modelengine:cerberus/left_ear3"},{"predicate":{"custom_model_data":72},"model":"modelengine:cerberus/right_ear3"},{"predicate":{"custom_model_data":73},"model":"modelengine:cerberus/jaw3"},{"predicate":{"custom_model_data":74},"model":"modelengine:cerberus/head3"},{"predicate":{"custom_model_data":75},"model":"modelengine:cerberus/mane3"},{"predicate":{"custom_model_data":76},"model":"modelengine:cerberus/left_ear2"},{"predicate":{"custom_model_data":77},"model":"modelengine:cerberus/right_ear2"},{"predicate":{"custom_model_data":78},"model":"modelengine:cerberus/jaw2"},{"predicate":{"custom_model_data":79},"model":"modelengine:cerberus/head2"},{"predicate":{"custom_model_data":80},"model":"modelengine:cerberus/mane2"},{"predicate":{"custom_model_data":81},"model":"modelengine:cerberus/tail_tip"},{"predicate":{"custom_model_data":82},"model":"modelengine:cerberus/tail_2"},{"predicate":{"custom_model_data":83},"model":"modelengine:cerberus/tail_1p"},{"predicate":{"custom_model_data":84},"model":"modelengine:cerberus/tail"},{"predicate":{"custom_model_data":85},"model":"modelengine:cerberus/left_foot_back"},{"predicate":{"custom_model_data":86},"model":"modelengine:cerberus/left_leg_back_lower"},{"predicate":{"custom_model_data":87},"model":"modelengine:cerberus/left_leg_back_top"},{"predicate":{"custom_model_data":88},"model":"modelengine:cerberus/leg_left_back"},{"predicate":{"custom_model_data":89},"model":"modelengine:cerberus/right_foot_back"},{"predicate":{"custom_model_data":90},"model":"modelengine:cerberus/right_leg_back_lower"},{"predicate":{"custom_model_data":91},"model":"modelengine:cerberus/right_leg_back_top"},{"predicate":{"custom_model_data":92},"model":"modelengine:cerberus/leg_right_back"},{"predicate":{"custom_model_data":93},"model":"modelengine:cerberus/hip"},{"predicate":{"custom_model_data":94},"model":"modelengine:cerberus/left_foot_front"},{"predicate":{"custom_model_data":95},"model":"modelengine:cerberus/left_leg_front_lower"},{"predicate":{"custom_model_data":96},"model":"modelengine:cerberus/left_leg_front_top"},{"predicate":{"custom_model_data":97},"model":"modelengine:cerberus/leg_left_front"},{"predicate":{"custom_model_data":98},"model":"modelengine:cerberus/right_foot_front"},{"predicate":{"custom_model_data":99},"model":"modelengine:cerberus/right_leg_front_lower"},{"predicate":{"custom_model_data":100},"model":"modelengine:cerberus/right_leg_front_top"},{"predicate":{"custom_model_data":101},"model":"modelengine:cerberus/leg_right_front"},{"predicate":{"custom_model_data":102},"model":"modelengine:cerberus/body"},{"predicate":{"custom_model_data":103},"model":"modelengine:hades/head"},{"predicate":{"custom_model_data":104},"model":"modelengine:hades/staff_tip"},{"predicate":{"custom_model_data":105},"model":"modelengine:hades/staff"},{"predicate":{"custom_model_data":106},"model":"modelengine:hades/left_hand"},{"predicate":{"custom_model_data":107},"model":"modelengine:hades/left_elbow"},{"predicate":{"custom_model_data":108},"model":"modelengine:hades/left_arm"},{"predicate":{"custom_model_data":109},"model":"modelengine:hades/right_hand"},{"predicate":{"custom_model_data":110},"model":"modelengine:hades/right_elbow"},{"predicate":{"custom_model_data":111},"model":"modelengine:hades/right_arm"},{"predicate":{"custom_model_data":112},"model":"modelengine:hades/chest"},{"predicate":{"custom_model_data":113},"model":"modelengine:hades/spine"},{"predicate":{"custom_model_data":114},"model":"modelengine:hades/left_foot"},{"predicate":{"custom_model_data":115},"model":"modelengine:hades/left_knee"},{"predicate":{"custom_model_data":116},"model":"modelengine:hades/left_leg"},{"predicate":{"custom_model_data":117},"model":"modelengine:hades/right_foot"},{"predicate":{"custom_model_data":118},"model":"modelengine:hades/right_knee"},{"predicate":{"custom_model_data":119},"model":"modelengine:hades/right_leg"},{"predicate":{"custom_model_data":120},"model":"modelengine:hades/left_side_cloth_tip"},{"predicate":{"custom_model_data":121},"model":"modelengine:hades/left_side_cloth"},{"predicate":{"custom_model_data":122},"model":"modelengine:hades/middle_cloth"},{"predicate":{"custom_model_data":123},"model":"modelengine:hades/right_side_cloth_tip"},{"predicate":{"custom_model_data":124},"model":"modelengine:hades/right_side_cloth"},{"predicate":{"custom_model_data":125},"model":"modelengine:hades/left_bum_cloth_tip"},{"predicate":{"custom_model_data":126},"model":"modelengine:hades/left_bum_cloth"},{"predicate":{"custom_model_data":127},"model":"modelengine:hades/right_bum_cloth_tip"},{"predicate":{"custom_model_data":128},"model":"modelengine:hades/right_bum_cloth"},{"predicate":{"custom_model_data":129},"model":"modelengine:hades/hip"},{"predicate":{"custom_model_data":130},"model":"modelengine:tank/b2"},{"predicate":{"custom_model_data":131},"model":"modelengine:tank/b3"},{"predicate":{"custom_model_data":132},"model":"modelengine:tank/b4"},{"predicate":{"custom_model_data":133},"model":"modelengine:tank/bb1"},{"predicate":{"custom_model_data":134},"model":"modelengine:tank/bb2"},{"predicate":{"custom_model_data":135},"model":"modelengine:tank/bb3"},{"predicate":{"custom_model_data":136},"model":"modelengine:tank/bb4"},{"predicate":{"custom_model_data":137},"model":"modelengine:tank/bb5"},{"predicate":{"custom_model_data":138},"model":"modelengine:tank/bb6"},{"predicate":{"custom_model_data":139},"model":"modelengine:tank/bb8"},{"predicate":{"custom_model_data":140},"model":"modelengine:tank/bb9"},{"predicate":{"custom_model_data":141},"model":"modelengine:tank/bb10"},{"predicate":{"custom_model_data":142},"model":"modelengine:tank/bb11"},{"predicate":{"custom_model_data":143},"model":"modelengine:tank/bb12"},{"predicate":{"custom_model_data":144},"model":"modelengine:tank/bb13"},{"predicate":{"custom_model_data":145},"model":"modelengine:tank/bb0"},{"predicate":{"custom_model_data":146},"model":"modelengine:tank/b1"},{"predicate":{"custom_model_data":147},"model":"modelengine:tank/b5"},{"predicate":{"custom_model_data":148},"model":"modelengine:tank/b0"},{"predicate":{"custom_model_data":149},"model":"modelengine:tank/bbb1"},{"predicate":{"custom_model_data":150},"model":"modelengine:tank/bbb0"},{"predicate":{"custom_model_data":151},"model":"modelengine:tank/bbb3"},{"predicate":{"custom_model_data":152},"model":"modelengine:tank/bbb2"},{"predicate":{"custom_model_data":153},"model":"modelengine:tank/door0"},{"predicate":{"custom_model_data":154},"model":"modelengine:tank/top0"},{"predicate":{"custom_model_data":155},"model":"modelengine:tank/wheel0"},{"predicate":{"custom_model_data":156},"model":"modelengine:tank/wheel1"},{"predicate":{"custom_model_data":157},"model":"modelengine:tank/stick0"},{"predicate":{"custom_model_data":158},"model":"modelengine:tank/stick1"},{"predicate":{"custom_model_data":159},"model":"modelengine:tank/stick2"},{"predicate":{"custom_model_data":160},"model":"modelengine:tank/stick3"},{"predicate":{"custom_model_data":161},"model":"modelengine:tank/stick4"},{"predicate":{"custom_model_data":162},"model":"modelengine:tank/stick5"},{"predicate":{"custom_model_data":163},"model":"modelengine:tank/stick6"},{"predicate":{"custom_model_data":164},"model":"modelengine:tank/stick7"},{"predicate":{"custom_model_data":165},"model":"modelengine:tank/stick8"},{"predicate":{"custom_model_data":166},"model":"modelengine:tank/stick9"},{"predicate":{"custom_model_data":167},"model":"modelengine:tank/stick10"},{"predicate":{"custom_model_data":168},"model":"modelengine:tank/stick11"},{"predicate":{"custom_model_data":169},"model":"modelengine:tank/stick12"},{"predicate":{"custom_model_data":170},"model":"modelengine:tank/stick13"},{"predicate":{"custom_model_data":171},"model":"modelengine:tank/stick14"},{"predicate":{"custom_model_data":172},"model":"modelengine:tank/stick15"},{"predicate":{"custom_model_data":173},"model":"modelengine:tank/stick16"},{"predicate":{"custom_model_data":174},"model":"modelengine:tank/stick17"},{"predicate":{"custom_model_data":175},"model":"modelengine:tank/stick18"},{"predicate":{"custom_model_data":176},"model":"modelengine:tank/stick19"},{"predicate":{"custom_model_data":177},"model":"modelengine:tank/stick20"},{"predicate":{"custom_model_data":178},"model":"modelengine:tank/stick21"},{"predicate":{"custom_model_data":179},"model":"modelengine:tank/stick26"},{"predicate":{"custom_model_data":180},"model":"modelengine:tank/stick27"},{"predicate":{"custom_model_data":181},"model":"modelengine:tank/stick28"},{"predicate":{"custom_model_data":182},"model":"modelengine:tank/stick29"},{"predicate":{"custom_model_data":183},"model":"modelengine:tank/stick30"},{"predicate":{"custom_model_data":184},"model":"modelengine:tank/stick31"},{"predicate":{"custom_model_data":185},"model":"modelengine:tank/stick32"},{"predicate":{"custom_model_data":186},"model":"modelengine:tank/stick33"},{"predicate":{"custom_model_data":187},"model":"modelengine:tank/stick34"},{"predicate":{"custom_model_data":188},"model":"modelengine:tank/stick35"},{"predicate":{"custom_model_data":189},"model":"modelengine:tank/stick36"},{"predicate":{"custom_model_data":190},"model":"modelengine:tank/stick38"},{"predicate":{"custom_model_data":191},"model":"modelengine:tank/stick39"},{"predicate":{"custom_model_data":192},"model":"modelengine:tank/stick40"},{"predicate":{"custom_model_data":193},"model":"modelengine:tank/stick41"},{"predicate":{"custom_model_data":194},"model":"modelengine:tank/stick37"},{"predicate":{"custom_model_data":195},"model":"modelengine:tank/stick42"},{"predicate":{"custom_model_data":196},"model":"modelengine:tank/stick43"},{"predicate":{"custom_model_data":197},"model":"modelengine:tank/stick22"},{"predicate":{"custom_model_data":198},"model":"modelengine:tank/stick23"},{"predicate":{"custom_model_data":199},"model":"modelengine:tank/stick24"},{"predicate":{"custom_model_data":200},"model":"modelengine:tank/stick25"},{"predicate":{"custom_model_data":201},"model":"modelengine:tank/seat0"},{"predicate":{"custom_model_data":202},"model":"modelengine:tank/wheel2"},{"predicate":{"custom_model_data":203},"model":"modelengine:tank/wheel3"},{"predicate":{"custom_model_data":204},"model":"modelengine:tank/wheel4"},{"predicate":{"custom_model_data":205},"model":"modelengine:tank/wheel5"},{"predicate":{"custom_model_data":206},"model":"modelengine:tank/base0"},{"predicate":{"custom_model_data":207},"model":"modelengine:zeus/beard2"},{"predicate":{"custom_model_data":208},"model":"modelengine:zeus/beard"},{"predicate":{"custom_model_data":209},"model":"modelengine:zeus/head"},{"predicate":{"custom_model_data":210},"model":"modelengine:zeus/left_hand"},{"predicate":{"custom_model_data":211},"model":"modelengine:zeus/shield"},{"predicate":{"custom_model_data":212},"model":"modelengine:zeus/left_elbow"},{"predicate":{"custom_model_data":213},"model":"modelengine:zeus/left_arm"},{"predicate":{"custom_model_data":214},"model":"modelengine:zeus/jolt"},{"predicate":{"custom_model_data":215},"model":"modelengine:zeus/right_hand"},{"predicate":{"custom_model_data":216},"model":"modelengine:zeus/right_elbow"},{"predicate":{"custom_model_data":217},"model":"modelengine:zeus/right_arm"},{"predicate":{"custom_model_data":218},"model":"modelengine:zeus/chest"},{"predicate":{"custom_model_data":219},"model":"modelengine:zeus/spine"},{"predicate":{"custom_model_data":220},"model":"modelengine:zeus/left_foot"},{"predicate":{"custom_model_data":221},"model":"modelengine:zeus/left_knee"},{"predicate":{"custom_model_data":222},"model":"modelengine:zeus/left_leg"},{"predicate":{"custom_model_data":223},"model":"modelengine:zeus/right_foot"},{"predicate":{"custom_model_data":224},"model":"modelengine:zeus/right_knee"},{"predicate":{"custom_model_data":225},"model":"modelengine:zeus/right_leg"},{"predicate":{"custom_model_data":226},"model":"modelengine:zeus/left_cloth_tip"},{"predicate":{"custom_model_data":227},"model":"modelengine:zeus/left_cloth"},{"predicate":{"custom_model_data":228},"model":"modelengine:zeus/right_cloth_tip"},{"predicate":{"custom_model_data":229},"model":"modelengine:zeus/right_cloth"},{"predicate":{"custom_model_data":230},"model":"modelengine:zeus/left_back_cloth_tip"},{"predicate":{"custom_model_data":231},"model":"modelengine:zeus/left_back_cloth"},{"predicate":{"custom_model_data":232},"model":"modelengine:zeus/right_back_cloth_tip"},{"predicate":{"custom_model_data":233},"model":"modelengine:zeus/right_back_cloth"},{"predicate":{"custom_model_data":234},"model":"modelengine:zeus/left_front_cloth_tip"},{"predicate":{"custom_model_data":235},"model":"modelengine:zeus/left_front_cloth"},{"predicate":{"custom_model_data":236},"model":"modelengine:zeus/right_front_cloth_tip"},{"predicate":{"custom_model_data":237},"model":"modelengine:zeus/right_front_cloth"},{"predicate":{"custom_model_data":238},"model":"modelengine:zeus/hip"}]}