{"data":70,"parent":"item/generated","textures":{"layer0":"item/leather_horse_armor"},"overrides":[{"predicate":{"custom_model_data":1},"model":"modelengine:hades/head"},{"predicate":{"custom_model_data":2},"model":"modelengine:hades/staff_tip"},{"predicate":{"custom_model_data":3},"model":"modelengine:hades/staff"},{"predicate":{"custom_model_data":4},"model":"modelengine:hades/left_hand"},{"predicate":{"custom_model_data":5},"model":"modelengine:hades/left_elbow"},{"predicate":{"custom_model_data":6},"model":"modelengine:hades/left_arm"},{"predicate":{"custom_model_data":7},"model":"modelengine:hades/right_hand"},{"predicate":{"custom_model_data":8},"model":"modelengine:hades/right_elbow"},{"predicate":{"custom_model_data":9},"model":"modelengine:hades/right_arm"},{"predicate":{"custom_model_data":10},"model":"modelengine:hades/chest"},{"predicate":{"custom_model_data":11},"model":"modelengine:hades/spine"},{"predicate":{"custom_model_data":12},"model":"modelengine:hades/left_foot"},{"predicate":{"custom_model_data":13},"model":"modelengine:hades/left_knee"},{"predicate":{"custom_model_data":14},"model":"modelengine:hades/left_leg"},{"predicate":{"custom_model_data":15},"model":"modelengine:hades/right_foot"},{"predicate":{"custom_model_data":16},"model":"modelengine:hades/right_knee"},{"predicate":{"custom_model_data":17},"model":"modelengine:hades/right_leg"},{"predicate":{"custom_model_data":18},"model":"modelengine:hades/left_side_cloth_tip"},{"predicate":{"custom_model_data":19},"model":"modelengine:hades/left_side_cloth"},{"predicate":{"custom_model_data":20},"model":"modelengine:hades/middle_cloth"},{"predicate":{"custom_model_data":21},"model":"modelengine:hades/right_side_cloth_tip"},{"predicate":{"custom_model_data":22},"model":"modelengine:hades/right_side_cloth"},{"predicate":{"custom_model_data":23},"model":"modelengine:hades/left_bum_cloth_tip"},{"predicate":{"custom_model_data":24},"model":"modelengine:hades/left_bum_cloth"},{"predicate":{"custom_model_data":25},"model":"modelengine:hades/right_bum_cloth_tip"},{"predicate":{"custom_model_data":26},"model":"modelengine:hades/right_bum_cloth"},{"predicate":{"custom_model_data":27},"model":"modelengine:hades/hip"},{"predicate":{"custom_model_data":28},"model":"modelengine:steve_stand/head"},{"predicate":{"custom_model_data":29},"model":"modelengine:steve_stand/arm_right_bot"},{"predicate":{"custom_model_data":30},"model":"modelengine:steve_stand/arm_right"},{"predicate":{"custom_model_data":31},"model":"modelengine:steve_stand/arm_left_bot"},{"predicate":{"custom_model_data":32},"model":"modelengine:steve_stand/arm_left"},{"predicate":{"custom_model_data":33},"model":"modelengine:steve_stand/leg_right_bot"},{"predicate":{"custom_model_data":34},"model":"modelengine:steve_stand/leg_right"},{"predicate":{"custom_model_data":35},"model":"modelengine:steve_stand/leg_left_bot"},{"predicate":{"custom_model_data":36},"model":"modelengine:steve_stand/leg_left"},{"predicate":{"custom_model_data":37},"model":"modelengine:steve_stand/body_bot"},{"predicate":{"custom_model_data":38},"model":"modelengine:steve_stand/body"},{"predicate":{"custom_model_data":39},"model":"modelengine:zeus/beard2"},{"predicate":{"custom_model_data":40},"model":"modelengine:zeus/beard"},{"predicate":{"custom_model_data":41},"model":"modelengine:zeus/head"},{"predicate":{"custom_model_data":42},"model":"modelengine:zeus/left_hand"},{"predicate":{"custom_model_data":43},"model":"modelengine:zeus/shield"},{"predicate":{"custom_model_data":44},"model":"modelengine:zeus/left_elbow"},{"predicate":{"custom_model_data":45},"model":"modelengine:zeus/left_arm"},{"predicate":{"custom_model_data":46},"model":"modelengine:zeus/jolt"},{"predicate":{"custom_model_data":47},"model":"modelengine:zeus/right_hand"},{"predicate":{"custom_model_data":48},"model":"modelengine:zeus/right_elbow"},{"predicate":{"custom_model_data":49},"model":"modelengine:zeus/right_arm"},{"predicate":{"custom_model_data":50},"model":"modelengine:zeus/chest"},{"predicate":{"custom_model_data":51},"model":"modelengine:zeus/spine"},{"predicate":{"custom_model_data":52},"model":"modelengine:zeus/left_foot"},{"predicate":{"custom_model_data":53},"model":"modelengine:zeus/left_knee"},{"predicate":{"custom_model_data":54},"model":"modelengine:zeus/left_leg"},{"predicate":{"custom_model_data":55},"model":"modelengine:zeus/right_foot"},{"predicate":{"custom_model_data":56},"model":"modelengine:zeus/right_knee"},{"predicate":{"custom_model_data":57},"model":"modelengine:zeus/right_leg"},{"predicate":{"custom_model_data":58},"model":"modelengine:zeus/left_cloth_tip"},{"predicate":{"custom_model_data":59},"model":"modelengine:zeus/left_cloth"},{"predicate":{"custom_model_data":60},"model":"modelengine:zeus/right_cloth_tip"},{"predicate":{"custom_model_data":61},"model":"modelengine:zeus/right_cloth"},{"predicate":{"custom_model_data":62},"model":"modelengine:zeus/left_back_cloth_tip"},{"predicate":{"custom_model_data":63},"model":"modelengine:zeus/left_back_cloth"},{"predicate":{"custom_model_data":64},"model":"modelengine:zeus/right_back_cloth_tip"},{"predicate":{"custom_model_data":65},"model":"modelengine:zeus/right_back_cloth"},{"predicate":{"custom_model_data":66},"model":"modelengine:zeus/left_front_cloth_tip"},{"predicate":{"custom_model_data":67},"model":"modelengine:zeus/left_front_cloth"},{"predicate":{"custom_model_data":68},"model":"modelengine:zeus/right_front_cloth_tip"},{"predicate":{"custom_model_data":69},"model":"modelengine:zeus/right_front_cloth"},{"predicate":{"custom_model_data":70},"model":"modelengine:zeus/hip"}]}