{"data":151,"parent":"item/generated","textures":{"layer0":"item/leather_horse_armor"},"overrides":[{"predicate":{"custom_model_data":1},"model":"modelengine:rocky/crystal3"},{"predicate":{"custom_model_data":2},"model":"modelengine:rocky/cryatla1"},{"predicate":{"custom_model_data":3},"model":"modelengine:rocky/cystal3"},{"predicate":{"custom_model_data":4},"model":"modelengine:rocky/crystal2"},{"predicate":{"custom_model_data":5},"model":"modelengine:rocky/lowerleftarm"},{"predicate":{"custom_model_data":6},"model":"modelengine:rocky/leftarm"},{"predicate":{"custom_model_data":7},"model":"modelengine:rocky/lowerrightarm"},{"predicate":{"custom_model_data":8},"model":"modelengine:rocky/rightarm"},{"predicate":{"custom_model_data":9},"model":"modelengine:rocky/bone"},{"predicate":{"custom_model_data":10},"model":"modelengine:rocky/bone2"},{"predicate":{"custom_model_data":11},"model":"modelengine:rocky/bone3"},{"predicate":{"custom_model_data":12},"model":"modelengine:rocky/bone4"},{"predicate":{"custom_model_data":13},"model":"modelengine:rocky/bone5"},{"predicate":{"custom_model_data":14},"model":"modelengine:rocky/bone6"},{"predicate":{"custom_model_data":15},"model":"modelengine:rocky/bone7"},{"predicate":{"custom_model_data":16},"model":"modelengine:rocky/jaw"},{"predicate":{"custom_model_data":17},"model":"modelengine:rocky/head"},{"predicate":{"custom_model_data":18},"model":"modelengine:rocky/body"},{"predicate":{"custom_model_data":19},"model":"modelengine:rocky/rightleg4"},{"predicate":{"custom_model_data":20},"model":"modelengine:rocky/leftleg"},{"predicate":{"custom_model_data":21},"model":"modelengine:rocky/rightleg2"},{"predicate":{"custom_model_data":22},"model":"modelengine:rocky/rightleg"},{"predicate":{"custom_model_data":23},"model":"modelengine:cerberus/left_ear"},{"predicate":{"custom_model_data":24},"model":"modelengine:cerberus/right_ear"},{"predicate":{"custom_model_data":25},"model":"modelengine:cerberus/jaw"},{"predicate":{"custom_model_data":26},"model":"modelengine:cerberus/head"},{"predicate":{"custom_model_data":27},"model":"modelengine:cerberus/mane"},{"predicate":{"custom_model_data":28},"model":"modelengine:cerberus/left_ear3"},{"predicate":{"custom_model_data":29},"model":"modelengine:cerberus/right_ear3"},{"predicate":{"custom_model_data":30},"model":"modelengine:cerberus/jaw3"},{"predicate":{"custom_model_data":31},"model":"modelengine:cerberus/head3"},{"predicate":{"custom_model_data":32},"model":"modelengine:cerberus/mane3"},{"predicate":{"custom_model_data":33},"model":"modelengine:cerberus/left_ear2"},{"predicate":{"custom_model_data":34},"model":"modelengine:cerberus/right_ear2"},{"predicate":{"custom_model_data":35},"model":"modelengine:cerberus/jaw2"},{"predicate":{"custom_model_data":36},"model":"modelengine:cerberus/head2"},{"predicate":{"custom_model_data":37},"model":"modelengine:cerberus/mane2"},{"predicate":{"custom_model_data":38},"model":"modelengine:cerberus/tail_tip"},{"predicate":{"custom_model_data":39},"model":"modelengine:cerberus/tail_2"},{"predicate":{"custom_model_data":40},"model":"modelengine:cerberus/tail_1p"},{"predicate":{"custom_model_data":41},"model":"modelengine:cerberus/tail"},{"predicate":{"custom_model_data":42},"model":"modelengine:cerberus/left_foot_back"},{"predicate":{"custom_model_data":43},"model":"modelengine:cerberus/left_leg_back_lower"},{"predicate":{"custom_model_data":44},"model":"modelengine:cerberus/left_leg_back_top"},{"predicate":{"custom_model_data":45},"model":"modelengine:cerberus/leg_left_back"},{"predicate":{"custom_model_data":46},"model":"modelengine:cerberus/right_foot_back"},{"predicate":{"custom_model_data":47},"model":"modelengine:cerberus/right_leg_back_lower"},{"predicate":{"custom_model_data":48},"model":"modelengine:cerberus/right_leg_back_top"},{"predicate":{"custom_model_data":49},"model":"modelengine:cerberus/leg_right_back"},{"predicate":{"custom_model_data":50},"model":"modelengine:cerberus/hip"},{"predicate":{"custom_model_data":51},"model":"modelengine:cerberus/left_foot_front"},{"predicate":{"custom_model_data":52},"model":"modelengine:cerberus/left_leg_front_lower"},{"predicate":{"custom_model_data":53},"model":"modelengine:cerberus/left_leg_front_top"},{"predicate":{"custom_model_data":54},"model":"modelengine:cerberus/leg_left_front"},{"predicate":{"custom_model_data":55},"model":"modelengine:cerberus/right_foot_front"},{"predicate":{"custom_model_data":56},"model":"modelengine:cerberus/right_leg_front_lower"},{"predicate":{"custom_model_data":57},"model":"modelengine:cerberus/right_leg_front_top"},{"predicate":{"custom_model_data":58},"model":"modelengine:cerberus/leg_right_front"},{"predicate":{"custom_model_data":59},"model":"modelengine:cerberus/body"},{"predicate":{"custom_model_data":60},"model":"modelengine:hades/head"},{"predicate":{"custom_model_data":61},"model":"modelengine:hades/staff_tip"},{"predicate":{"custom_model_data":62},"model":"modelengine:hades/staff"},{"predicate":{"custom_model_data":63},"model":"modelengine:hades/left_hand"},{"predicate":{"custom_model_data":64},"model":"modelengine:hades/left_elbow"},{"predicate":{"custom_model_data":65},"model":"modelengine:hades/left_arm"},{"predicate":{"custom_model_data":66},"model":"modelengine:hades/right_hand"},{"predicate":{"custom_model_data":67},"model":"modelengine:hades/right_elbow"},{"predicate":{"custom_model_data":68},"model":"modelengine:hades/right_arm"},{"predicate":{"custom_model_data":69},"model":"modelengine:hades/chest"},{"predicate":{"custom_model_data":70},"model":"modelengine:hades/spine"},{"predicate":{"custom_model_data":71},"model":"modelengine:hades/left_foot"},{"predicate":{"custom_model_data":72},"model":"modelengine:hades/left_knee"},{"predicate":{"custom_model_data":73},"model":"modelengine:hades/left_leg"},{"predicate":{"custom_model_data":74},"model":"modelengine:hades/right_foot"},{"predicate":{"custom_model_data":75},"model":"modelengine:hades/right_knee"},{"predicate":{"custom_model_data":76},"model":"modelengine:hades/right_leg"},{"predicate":{"custom_model_data":77},"model":"modelengine:hades/left_side_cloth_tip"},{"predicate":{"custom_model_data":78},"model":"modelengine:hades/left_side_cloth"},{"predicate":{"custom_model_data":79},"model":"modelengine:hades/middle_cloth"},{"predicate":{"custom_model_data":80},"model":"modelengine:hades/right_side_cloth_tip"},{"predicate":{"custom_model_data":81},"model":"modelengine:hades/right_side_cloth"},{"predicate":{"custom_model_data":82},"model":"modelengine:hades/left_bum_cloth_tip"},{"predicate":{"custom_model_data":83},"model":"modelengine:hades/left_bum_cloth"},{"predicate":{"custom_model_data":84},"model":"modelengine:hades/right_bum_cloth_tip"},{"predicate":{"custom_model_data":85},"model":"modelengine:hades/right_bum_cloth"},{"predicate":{"custom_model_data":86},"model":"modelengine:hades/hip"},{"predicate":{"custom_model_data":87},"model":"modelengine:santarocky/crystal3"},{"predicate":{"custom_model_data":88},"model":"modelengine:santarocky/cryatla1"},{"predicate":{"custom_model_data":89},"model":"modelengine:santarocky/cystal3"},{"predicate":{"custom_model_data":90},"model":"modelengine:santarocky/crystal2"},{"predicate":{"custom_model_data":91},"model":"modelengine:santarocky/lowerleftarm"},{"predicate":{"custom_model_data":92},"model":"modelengine:santarocky/leftarm"},{"predicate":{"custom_model_data":93},"model":"modelengine:santarocky/lowerrightarm"},{"predicate":{"custom_model_data":94},"model":"modelengine:santarocky/rightarm"},{"predicate":{"custom_model_data":95},"model":"modelengine:santarocky/bone7"},{"predicate":{"custom_model_data":96},"model":"modelengine:santarocky/bone6"},{"predicate":{"custom_model_data":97},"model":"modelengine:santarocky/bone5"},{"predicate":{"custom_model_data":98},"model":"modelengine:santarocky/bone4"},{"predicate":{"custom_model_data":99},"model":"modelengine:santarocky/bone3"},{"predicate":{"custom_model_data":100},"model":"modelengine:santarocky/bone2"},{"predicate":{"custom_model_data":101},"model":"modelengine:santarocky/bone"},{"predicate":{"custom_model_data":102},"model":"modelengine:santarocky/jaw"},{"predicate":{"custom_model_data":103},"model":"modelengine:santarocky/head"},{"predicate":{"custom_model_data":104},"model":"modelengine:santarocky/body"},{"predicate":{"custom_model_data":105},"model":"modelengine:santarocky/rightleg4"},{"predicate":{"custom_model_data":106},"model":"modelengine:santarocky/leftleg"},{"predicate":{"custom_model_data":107},"model":"modelengine:santarocky/rightleg2"},{"predicate":{"custom_model_data":108},"model":"modelengine:santarocky/rightleg"},{"predicate":{"custom_model_data":109},"model":"modelengine:steve_stand/head"},{"predicate":{"custom_model_data":110},"model":"modelengine:steve_stand/arm_right_bot"},{"predicate":{"custom_model_data":111},"model":"modelengine:steve_stand/arm_right"},{"predicate":{"custom_model_data":112},"model":"modelengine:steve_stand/arm_left_bot"},{"predicate":{"custom_model_data":113},"model":"modelengine:steve_stand/arm_left"},{"predicate":{"custom_model_data":114},"model":"modelengine:steve_stand/leg_right_bot"},{"predicate":{"custom_model_data":115},"model":"modelengine:steve_stand/leg_right"},{"predicate":{"custom_model_data":116},"model":"modelengine:steve_stand/leg_left_bot"},{"predicate":{"custom_model_data":117},"model":"modelengine:steve_stand/leg_left"},{"predicate":{"custom_model_data":118},"model":"modelengine:steve_stand/body_bot"},{"predicate":{"custom_model_data":119},"model":"modelengine:steve_stand/body"},{"predicate":{"custom_model_data":120},"model":"modelengine:zeus/beard2"},{"predicate":{"custom_model_data":121},"model":"modelengine:zeus/beard"},{"predicate":{"custom_model_data":122},"model":"modelengine:zeus/head"},{"predicate":{"custom_model_data":123},"model":"modelengine:zeus/left_hand"},{"predicate":{"custom_model_data":124},"model":"modelengine:zeus/shield"},{"predicate":{"custom_model_data":125},"model":"modelengine:zeus/left_elbow"},{"predicate":{"custom_model_data":126},"model":"modelengine:zeus/left_arm"},{"predicate":{"custom_model_data":127},"model":"modelengine:zeus/jolt"},{"predicate":{"custom_model_data":128},"model":"modelengine:zeus/right_hand"},{"predicate":{"custom_model_data":129},"model":"modelengine:zeus/right_elbow"},{"predicate":{"custom_model_data":130},"model":"modelengine:zeus/right_arm"},{"predicate":{"custom_model_data":131},"model":"modelengine:zeus/chest"},{"predicate":{"custom_model_data":132},"model":"modelengine:zeus/spine"},{"predicate":{"custom_model_data":133},"model":"modelengine:zeus/left_foot"},{"predicate":{"custom_model_data":134},"model":"modelengine:zeus/left_knee"},{"predicate":{"custom_model_data":135},"model":"modelengine:zeus/left_leg"},{"predicate":{"custom_model_data":136},"model":"modelengine:zeus/right_foot"},{"predicate":{"custom_model_data":137},"model":"modelengine:zeus/right_knee"},{"predicate":{"custom_model_data":138},"model":"modelengine:zeus/right_leg"},{"predicate":{"custom_model_data":139},"model":"modelengine:zeus/left_cloth_tip"},{"predicate":{"custom_model_data":140},"model":"modelengine:zeus/left_cloth"},{"predicate":{"custom_model_data":141},"model":"modelengine:zeus/right_cloth_tip"},{"predicate":{"custom_model_data":142},"model":"modelengine:zeus/right_cloth"},{"predicate":{"custom_model_data":143},"model":"modelengine:zeus/left_back_cloth_tip"},{"predicate":{"custom_model_data":144},"model":"modelengine:zeus/left_back_cloth"},{"predicate":{"custom_model_data":145},"model":"modelengine:zeus/right_back_cloth_tip"},{"predicate":{"custom_model_data":146},"model":"modelengine:zeus/right_back_cloth"},{"predicate":{"custom_model_data":147},"model":"modelengine:zeus/left_front_cloth_tip"},{"predicate":{"custom_model_data":148},"model":"modelengine:zeus/left_front_cloth"},{"predicate":{"custom_model_data":149},"model":"modelengine:zeus/right_front_cloth_tip"},{"predicate":{"custom_model_data":150},"model":"modelengine:zeus/right_front_cloth"},{"predicate":{"custom_model_data":151},"model":"modelengine:zeus/hip"}]}