{"data":97,"parent":"item/generated","textures":{"layer0":"item/leather_horse_armor"},"overrides":[{"predicate":{"custom_model_data":1},"model":"modelengine:car/cop0"},{"predicate":{"custom_model_data":2},"model":"modelengine:car/b1"},{"predicate":{"custom_model_data":3},"model":"modelengine:car/b0"},{"predicate":{"custom_model_data":4},"model":"modelengine:car/b5"},{"predicate":{"custom_model_data":5},"model":"modelengine:car/bb0"},{"predicate":{"custom_model_data":6},"model":"modelengine:car/seat0"},{"predicate":{"custom_model_data":7},"model":"modelengine:car/seat1"},{"predicate":{"custom_model_data":8},"model":"modelengine:car/light0"},{"predicate":{"custom_model_data":9},"model":"modelengine:car/b4"},{"predicate":{"custom_model_data":10},"model":"modelengine:car/b3"},{"predicate":{"custom_model_data":11},"model":"modelengine:car/b2"},{"predicate":{"custom_model_data":12},"model":"modelengine:car/door0"},{"predicate":{"custom_model_data":13},"model":"modelengine:car/b8"},{"predicate":{"custom_model_data":14},"model":"modelengine:car/b7"},{"predicate":{"custom_model_data":15},"model":"modelengine:car/b6"},{"predicate":{"custom_model_data":16},"model":"modelengine:car/door2"},{"predicate":{"custom_model_data":17},"model":"modelengine:car/d2"},{"predicate":{"custom_model_data":18},"model":"modelengine:car/d1"},{"predicate":{"custom_model_data":19},"model":"modelengine:car/d0"},{"predicate":{"custom_model_data":20},"model":"modelengine:car/door1"},{"predicate":{"custom_model_data":21},"model":"modelengine:car/d5"},{"predicate":{"custom_model_data":22},"model":"modelengine:car/d4"},{"predicate":{"custom_model_data":23},"model":"modelengine:car/d3"},{"predicate":{"custom_model_data":24},"model":"modelengine:car/door3"},{"predicate":{"custom_model_data":25},"model":"modelengine:car/r3"},{"predicate":{"custom_model_data":26},"model":"modelengine:car/r2"},{"predicate":{"custom_model_data":27},"model":"modelengine:car/r1"},{"predicate":{"custom_model_data":28},"model":"modelengine:car/r0"},{"predicate":{"custom_model_data":29},"model":"modelengine:car/rudder0"},{"predicate":{"custom_model_data":30},"model":"modelengine:car/body41"},{"predicate":{"custom_model_data":31},"model":"modelengine:car/body13"},{"predicate":{"custom_model_data":32},"model":"modelengine:car/body15"},{"predicate":{"custom_model_data":33},"model":"modelengine:car/bb2"},{"predicate":{"custom_model_data":34},"model":"modelengine:car/body19"},{"predicate":{"custom_model_data":35},"model":"modelengine:car/body18"},{"predicate":{"custom_model_data":36},"model":"modelengine:car/body5"},{"predicate":{"custom_model_data":37},"model":"modelengine:car/body4"},{"predicate":{"custom_model_data":38},"model":"modelengine:car/body3"},{"predicate":{"custom_model_data":39},"model":"modelengine:car/body2"},{"predicate":{"custom_model_data":40},"model":"modelengine:car/body1"},{"predicate":{"custom_model_data":41},"model":"modelengine:car/body10"},{"predicate":{"custom_model_data":42},"model":"modelengine:car/body9"},{"predicate":{"custom_model_data":43},"model":"modelengine:car/body8"},{"predicate":{"custom_model_data":44},"model":"modelengine:car/body7"},{"predicate":{"custom_model_data":45},"model":"modelengine:car/body6"},{"predicate":{"custom_model_data":46},"model":"modelengine:car/body26"},{"predicate":{"custom_model_data":47},"model":"modelengine:car/body25"},{"predicate":{"custom_model_data":48},"model":"modelengine:car/body24"},{"predicate":{"custom_model_data":49},"model":"modelengine:car/body22"},{"predicate":{"custom_model_data":50},"model":"modelengine:car/body23"},{"predicate":{"custom_model_data":51},"model":"modelengine:car/body16"},{"predicate":{"custom_model_data":52},"model":"modelengine:car/body17"},{"predicate":{"custom_model_data":53},"model":"modelengine:car/body12"},{"predicate":{"custom_model_data":54},"model":"modelengine:car/body21"},{"predicate":{"custom_model_data":55},"model":"modelengine:car/body20"},{"predicate":{"custom_model_data":56},"model":"modelengine:car/body11"},{"predicate":{"custom_model_data":57},"model":"modelengine:car/wi3"},{"predicate":{"custom_model_data":58},"model":"modelengine:car/wi2"},{"predicate":{"custom_model_data":59},"model":"modelengine:car/wi1"},{"predicate":{"custom_model_data":60},"model":"modelengine:car/wheel0"},{"predicate":{"custom_model_data":61},"model":"modelengine:car/wi6"},{"predicate":{"custom_model_data":62},"model":"modelengine:car/wi5"},{"predicate":{"custom_model_data":63},"model":"modelengine:car/wi4"},{"predicate":{"custom_model_data":64},"model":"modelengine:car/wheel1"},{"predicate":{"custom_model_data":65},"model":"modelengine:car/body0"},{"predicate":{"custom_model_data":66},"model":"modelengine:zeus/beard2"},{"predicate":{"custom_model_data":67},"model":"modelengine:zeus/beard"},{"predicate":{"custom_model_data":68},"model":"modelengine:zeus/head"},{"predicate":{"custom_model_data":69},"model":"modelengine:zeus/left_hand"},{"predicate":{"custom_model_data":70},"model":"modelengine:zeus/shield"},{"predicate":{"custom_model_data":71},"model":"modelengine:zeus/left_elbow"},{"predicate":{"custom_model_data":72},"model":"modelengine:zeus/left_arm"},{"predicate":{"custom_model_data":73},"model":"modelengine:zeus/jolt"},{"predicate":{"custom_model_data":74},"model":"modelengine:zeus/right_hand"},{"predicate":{"custom_model_data":75},"model":"modelengine:zeus/right_elbow"},{"predicate":{"custom_model_data":76},"model":"modelengine:zeus/right_arm"},{"predicate":{"custom_model_data":77},"model":"modelengine:zeus/chest"},{"predicate":{"custom_model_data":78},"model":"modelengine:zeus/spine"},{"predicate":{"custom_model_data":79},"model":"modelengine:zeus/left_foot"},{"predicate":{"custom_model_data":80},"model":"modelengine:zeus/left_knee"},{"predicate":{"custom_model_data":81},"model":"modelengine:zeus/left_leg"},{"predicate":{"custom_model_data":82},"model":"modelengine:zeus/right_foot"},{"predicate":{"custom_model_data":83},"model":"modelengine:zeus/right_knee"},{"predicate":{"custom_model_data":84},"model":"modelengine:zeus/right_leg"},{"predicate":{"custom_model_data":85},"model":"modelengine:zeus/left_cloth_tip"},{"predicate":{"custom_model_data":86},"model":"modelengine:zeus/left_cloth"},{"predicate":{"custom_model_data":87},"model":"modelengine:zeus/right_cloth_tip"},{"predicate":{"custom_model_data":88},"model":"modelengine:zeus/right_cloth"},{"predicate":{"custom_model_data":89},"model":"modelengine:zeus/left_back_cloth_tip"},{"predicate":{"custom_model_data":90},"model":"modelengine:zeus/left_back_cloth"},{"predicate":{"custom_model_data":91},"model":"modelengine:zeus/right_back_cloth_tip"},{"predicate":{"custom_model_data":92},"model":"modelengine:zeus/right_back_cloth"},{"predicate":{"custom_model_data":93},"model":"modelengine:zeus/left_front_cloth_tip"},{"predicate":{"custom_model_data":94},"model":"modelengine:zeus/left_front_cloth"},{"predicate":{"custom_model_data":95},"model":"modelengine:zeus/right_front_cloth_tip"},{"predicate":{"custom_model_data":96},"model":"modelengine:zeus/right_front_cloth"},{"predicate":{"custom_model_data":97},"model":"modelengine:zeus/hip"}]}