{"data":156,"parent":"item/generated","textures":{"layer0":"item/leather_horse_armor"},"overrides":[{"predicate":{"custom_model_data":1},"model":"modelengine:cerberus/left_ear"},{"predicate":{"custom_model_data":2},"model":"modelengine:cerberus/right_ear"},{"predicate":{"custom_model_data":3},"model":"modelengine:cerberus/jaw"},{"predicate":{"custom_model_data":4},"model":"modelengine:cerberus/head"},{"predicate":{"custom_model_data":5},"model":"modelengine:cerberus/mane"},{"predicate":{"custom_model_data":6},"model":"modelengine:cerberus/left_ear3"},{"predicate":{"custom_model_data":7},"model":"modelengine:cerberus/right_ear3"},{"predicate":{"custom_model_data":8},"model":"modelengine:cerberus/jaw3"},{"predicate":{"custom_model_data":9},"model":"modelengine:cerberus/head3"},{"predicate":{"custom_model_data":10},"model":"modelengine:cerberus/mane3"},{"predicate":{"custom_model_data":11},"model":"modelengine:cerberus/left_ear2"},{"predicate":{"custom_model_data":12},"model":"modelengine:cerberus/right_ear2"},{"predicate":{"custom_model_data":13},"model":"modelengine:cerberus/jaw2"},{"predicate":{"custom_model_data":14},"model":"modelengine:cerberus/head2"},{"predicate":{"custom_model_data":15},"model":"modelengine:cerberus/mane2"},{"predicate":{"custom_model_data":16},"model":"modelengine:cerberus/tail_tip"},{"predicate":{"custom_model_data":17},"model":"modelengine:cerberus/tail_2"},{"predicate":{"custom_model_data":18},"model":"modelengine:cerberus/tail_1p"},{"predicate":{"custom_model_data":19},"model":"modelengine:cerberus/tail"},{"predicate":{"custom_model_data":20},"model":"modelengine:cerberus/left_foot_back"},{"predicate":{"custom_model_data":21},"model":"modelengine:cerberus/left_leg_back_lower"},{"predicate":{"custom_model_data":22},"model":"modelengine:cerberus/left_leg_back_top"},{"predicate":{"custom_model_data":23},"model":"modelengine:cerberus/leg_left_back"},{"predicate":{"custom_model_data":24},"model":"modelengine:cerberus/right_foot_back"},{"predicate":{"custom_model_data":25},"model":"modelengine:cerberus/right_leg_back_lower"},{"predicate":{"custom_model_data":26},"model":"modelengine:cerberus/right_leg_back_top"},{"predicate":{"custom_model_data":27},"model":"modelengine:cerberus/leg_right_back"},{"predicate":{"custom_model_data":28},"model":"modelengine:cerberus/hip"},{"predicate":{"custom_model_data":29},"model":"modelengine:cerberus/left_foot_front"},{"predicate":{"custom_model_data":30},"model":"modelengine:cerberus/left_leg_front_lower"},{"predicate":{"custom_model_data":31},"model":"modelengine:cerberus/left_leg_front_top"},{"predicate":{"custom_model_data":32},"model":"modelengine:cerberus/leg_left_front"},{"predicate":{"custom_model_data":33},"model":"modelengine:cerberus/right_foot_front"},{"predicate":{"custom_model_data":34},"model":"modelengine:cerberus/right_leg_front_lower"},{"predicate":{"custom_model_data":35},"model":"modelengine:cerberus/right_leg_front_top"},{"predicate":{"custom_model_data":36},"model":"modelengine:cerberus/leg_right_front"},{"predicate":{"custom_model_data":37},"model":"modelengine:cerberus/body"},{"predicate":{"custom_model_data":38},"model":"modelengine:hades/head"},{"predicate":{"custom_model_data":39},"model":"modelengine:hades/staff_tip"},{"predicate":{"custom_model_data":40},"model":"modelengine:hades/staff"},{"predicate":{"custom_model_data":41},"model":"modelengine:hades/left_hand"},{"predicate":{"custom_model_data":42},"model":"modelengine:hades/left_elbow"},{"predicate":{"custom_model_data":43},"model":"modelengine:hades/left_arm"},{"predicate":{"custom_model_data":44},"model":"modelengine:hades/right_hand"},{"predicate":{"custom_model_data":45},"model":"modelengine:hades/right_elbow"},{"predicate":{"custom_model_data":46},"model":"modelengine:hades/right_arm"},{"predicate":{"custom_model_data":47},"model":"modelengine:hades/chest"},{"predicate":{"custom_model_data":48},"model":"modelengine:hades/spine"},{"predicate":{"custom_model_data":49},"model":"modelengine:hades/left_foot"},{"predicate":{"custom_model_data":50},"model":"modelengine:hades/left_knee"},{"predicate":{"custom_model_data":51},"model":"modelengine:hades/left_leg"},{"predicate":{"custom_model_data":52},"model":"modelengine:hades/right_foot"},{"predicate":{"custom_model_data":53},"model":"modelengine:hades/right_knee"},{"predicate":{"custom_model_data":54},"model":"modelengine:hades/right_leg"},{"predicate":{"custom_model_data":55},"model":"modelengine:hades/left_side_cloth_tip"},{"predicate":{"custom_model_data":56},"model":"modelengine:hades/left_side_cloth"},{"predicate":{"custom_model_data":57},"model":"modelengine:hades/middle_cloth"},{"predicate":{"custom_model_data":58},"model":"modelengine:hades/right_side_cloth_tip"},{"predicate":{"custom_model_data":59},"model":"modelengine:hades/right_side_cloth"},{"predicate":{"custom_model_data":60},"model":"modelengine:hades/left_bum_cloth_tip"},{"predicate":{"custom_model_data":61},"model":"modelengine:hades/left_bum_cloth"},{"predicate":{"custom_model_data":62},"model":"modelengine:hades/right_bum_cloth_tip"},{"predicate":{"custom_model_data":63},"model":"modelengine:hades/right_bum_cloth"},{"predicate":{"custom_model_data":64},"model":"modelengine:hades/hip"},{"predicate":{"custom_model_data":65},"model":"modelengine:suv/bb0"},{"predicate":{"custom_model_data":66},"model":"modelengine:suv/bb2"},{"predicate":{"custom_model_data":67},"model":"modelengine:suv/bb1"},{"predicate":{"custom_model_data":68},"model":"modelengine:suv/bb3"},{"predicate":{"custom_model_data":69},"model":"modelengine:suv/b1"},{"predicate":{"custom_model_data":70},"model":"modelengine:suv/seat0"},{"predicate":{"custom_model_data":71},"model":"modelengine:suv/seat1"},{"predicate":{"custom_model_data":72},"model":"modelengine:suv/b3"},{"predicate":{"custom_model_data":73},"model":"modelengine:suv/b7"},{"predicate":{"custom_model_data":74},"model":"modelengine:suv/b2"},{"predicate":{"custom_model_data":75},"model":"modelengine:suv/d2"},{"predicate":{"custom_model_data":76},"model":"modelengine:suv/door1"},{"predicate":{"custom_model_data":77},"model":"modelengine:suv/d5"},{"predicate":{"custom_model_data":78},"model":"modelengine:suv/door3"},{"predicate":{"custom_model_data":79},"model":"modelengine:suv/d1"},{"predicate":{"custom_model_data":80},"model":"modelengine:suv/d0"},{"predicate":{"custom_model_data":81},"model":"modelengine:suv/door0"},{"predicate":{"custom_model_data":82},"model":"modelengine:suv/d4"},{"predicate":{"custom_model_data":83},"model":"modelengine:suv/d3"},{"predicate":{"custom_model_data":84},"model":"modelengine:suv/door2"},{"predicate":{"custom_model_data":85},"model":"modelengine:suv/r3"},{"predicate":{"custom_model_data":86},"model":"modelengine:suv/r2"},{"predicate":{"custom_model_data":87},"model":"modelengine:suv/r1"},{"predicate":{"custom_model_data":88},"model":"modelengine:suv/r0"},{"predicate":{"custom_model_data":89},"model":"modelengine:suv/rudder0"},{"predicate":{"custom_model_data":90},"model":"modelengine:suv/body41"},{"predicate":{"custom_model_data":91},"model":"modelengine:suv/body17"},{"predicate":{"custom_model_data":92},"model":"modelengine:suv/body13"},{"predicate":{"custom_model_data":93},"model":"modelengine:suv/b0"},{"predicate":{"custom_model_data":94},"model":"modelengine:suv/b6"},{"predicate":{"custom_model_data":95},"model":"modelengine:suv/body24"},{"predicate":{"custom_model_data":96},"model":"modelengine:suv/body22"},{"predicate":{"custom_model_data":97},"model":"modelengine:suv/body19"},{"predicate":{"custom_model_data":98},"model":"modelengine:suv/body15"},{"predicate":{"custom_model_data":99},"model":"modelengine:suv/body10"},{"predicate":{"custom_model_data":100},"model":"modelengine:suv/body9"},{"predicate":{"custom_model_data":101},"model":"modelengine:suv/body8"},{"predicate":{"custom_model_data":102},"model":"modelengine:suv/body7"},{"predicate":{"custom_model_data":103},"model":"modelengine:suv/body6"},{"predicate":{"custom_model_data":104},"model":"modelengine:suv/body12"},{"predicate":{"custom_model_data":105},"model":"modelengine:suv/body5"},{"predicate":{"custom_model_data":106},"model":"modelengine:suv/body4"},{"predicate":{"custom_model_data":107},"model":"modelengine:suv/body3"},{"predicate":{"custom_model_data":108},"model":"modelengine:suv/body2"},{"predicate":{"custom_model_data":109},"model":"modelengine:suv/b4"},{"predicate":{"custom_model_data":110},"model":"modelengine:suv/b5"},{"predicate":{"custom_model_data":111},"model":"modelengine:suv/body18"},{"predicate":{"custom_model_data":112},"model":"modelengine:suv/body1"},{"predicate":{"custom_model_data":113},"model":"modelengine:suv/body21"},{"predicate":{"custom_model_data":114},"model":"modelengine:suv/body20"},{"predicate":{"custom_model_data":115},"model":"modelengine:suv/body11"},{"predicate":{"custom_model_data":116},"model":"modelengine:suv/wi2"},{"predicate":{"custom_model_data":117},"model":"modelengine:suv/wi1"},{"predicate":{"custom_model_data":118},"model":"modelengine:suv/wi0"},{"predicate":{"custom_model_data":119},"model":"modelengine:suv/wheel0"},{"predicate":{"custom_model_data":120},"model":"modelengine:suv/wi5"},{"predicate":{"custom_model_data":121},"model":"modelengine:suv/wi4"},{"predicate":{"custom_model_data":122},"model":"modelengine:suv/wi3"},{"predicate":{"custom_model_data":123},"model":"modelengine:suv/wheel1"},{"predicate":{"custom_model_data":124},"model":"modelengine:suv/body0"},{"predicate":{"custom_model_data":125},"model":"modelengine:zeus/beard2"},{"predicate":{"custom_model_data":126},"model":"modelengine:zeus/beard"},{"predicate":{"custom_model_data":127},"model":"modelengine:zeus/head"},{"predicate":{"custom_model_data":128},"model":"modelengine:zeus/left_hand"},{"predicate":{"custom_model_data":129},"model":"modelengine:zeus/shield"},{"predicate":{"custom_model_data":130},"model":"modelengine:zeus/left_elbow"},{"predicate":{"custom_model_data":131},"model":"modelengine:zeus/left_arm"},{"predicate":{"custom_model_data":132},"model":"modelengine:zeus/jolt"},{"predicate":{"custom_model_data":133},"model":"modelengine:zeus/right_hand"},{"predicate":{"custom_model_data":134},"model":"modelengine:zeus/right_elbow"},{"predicate":{"custom_model_data":135},"model":"modelengine:zeus/right_arm"},{"predicate":{"custom_model_data":136},"model":"modelengine:zeus/chest"},{"predicate":{"custom_model_data":137},"model":"modelengine:zeus/spine"},{"predicate":{"custom_model_data":138},"model":"modelengine:zeus/left_foot"},{"predicate":{"custom_model_data":139},"model":"modelengine:zeus/left_knee"},{"predicate":{"custom_model_data":140},"model":"modelengine:zeus/left_leg"},{"predicate":{"custom_model_data":141},"model":"modelengine:zeus/right_foot"},{"predicate":{"custom_model_data":142},"model":"modelengine:zeus/right_knee"},{"predicate":{"custom_model_data":143},"model":"modelengine:zeus/right_leg"},{"predicate":{"custom_model_data":144},"model":"modelengine:zeus/left_cloth_tip"},{"predicate":{"custom_model_data":145},"model":"modelengine:zeus/left_cloth"},{"predicate":{"custom_model_data":146},"model":"modelengine:zeus/right_cloth_tip"},{"predicate":{"custom_model_data":147},"model":"modelengine:zeus/right_cloth"},{"predicate":{"custom_model_data":148},"model":"modelengine:zeus/left_back_cloth_tip"},{"predicate":{"custom_model_data":149},"model":"modelengine:zeus/left_back_cloth"},{"predicate":{"custom_model_data":150},"model":"modelengine:zeus/right_back_cloth_tip"},{"predicate":{"custom_model_data":151},"model":"modelengine:zeus/right_back_cloth"},{"predicate":{"custom_model_data":152},"model":"modelengine:zeus/left_front_cloth_tip"},{"predicate":{"custom_model_data":153},"model":"modelengine:zeus/left_front_cloth"},{"predicate":{"custom_model_data":154},"model":"modelengine:zeus/right_front_cloth_tip"},{"predicate":{"custom_model_data":155},"model":"modelengine:zeus/right_front_cloth"},{"predicate":{"custom_model_data":156},"model":"modelengine:zeus/hip"}]}