{"data":37,"parent":"item/generated","textures":{"layer0":"item/leather_horse_armor"},"overrides":[{"predicate":{"custom_model_data":1},"model":"modelengine:cerberus/left_ear"},{"predicate":{"custom_model_data":2},"model":"modelengine:cerberus/right_ear"},{"predicate":{"custom_model_data":3},"model":"modelengine:cerberus/jaw"},{"predicate":{"custom_model_data":4},"model":"modelengine:cerberus/head"},{"predicate":{"custom_model_data":5},"model":"modelengine:cerberus/mane"},{"predicate":{"custom_model_data":6},"model":"modelengine:cerberus/left_ear3"},{"predicate":{"custom_model_data":7},"model":"modelengine:cerberus/right_ear3"},{"predicate":{"custom_model_data":8},"model":"modelengine:cerberus/jaw3"},{"predicate":{"custom_model_data":9},"model":"modelengine:cerberus/head3"},{"predicate":{"custom_model_data":10},"model":"modelengine:cerberus/mane3"},{"predicate":{"custom_model_data":11},"model":"modelengine:cerberus/left_ear2"},{"predicate":{"custom_model_data":12},"model":"modelengine:cerberus/right_ear2"},{"predicate":{"custom_model_data":13},"model":"modelengine:cerberus/jaw2"},{"predicate":{"custom_model_data":14},"model":"modelengine:cerberus/head2"},{"predicate":{"custom_model_data":15},"model":"modelengine:cerberus/mane2"},{"predicate":{"custom_model_data":16},"model":"modelengine:cerberus/tail_tip"},{"predicate":{"custom_model_data":17},"model":"modelengine:cerberus/tail_2"},{"predicate":{"custom_model_data":18},"model":"modelengine:cerberus/tail_1p"},{"predicate":{"custom_model_data":19},"model":"modelengine:cerberus/tail"},{"predicate":{"custom_model_data":20},"model":"modelengine:cerberus/left_foot_back"},{"predicate":{"custom_model_data":21},"model":"modelengine:cerberus/left_leg_back_lower"},{"predicate":{"custom_model_data":22},"model":"modelengine:cerberus/left_leg_back_top"},{"predicate":{"custom_model_data":23},"model":"modelengine:cerberus/leg_left_back"},{"predicate":{"custom_model_data":24},"model":"modelengine:cerberus/right_foot_back"},{"predicate":{"custom_model_data":25},"model":"modelengine:cerberus/right_leg_back_lower"},{"predicate":{"custom_model_data":26},"model":"modelengine:cerberus/right_leg_back_top"},{"predicate":{"custom_model_data":27},"model":"modelengine:cerberus/leg_right_back"},{"predicate":{"custom_model_data":28},"model":"modelengine:cerberus/hip"},{"predicate":{"custom_model_data":29},"model":"modelengine:cerberus/left_foot_front"},{"predicate":{"custom_model_data":30},"model":"modelengine:cerberus/left_leg_front_lower"},{"predicate":{"custom_model_data":31},"model":"modelengine:cerberus/left_leg_front_top"},{"predicate":{"custom_model_data":32},"model":"modelengine:cerberus/leg_left_front"},{"predicate":{"custom_model_data":33},"model":"modelengine:cerberus/right_foot_front"},{"predicate":{"custom_model_data":34},"model":"modelengine:cerberus/right_leg_front_lower"},{"predicate":{"custom_model_data":35},"model":"modelengine:cerberus/right_leg_front_top"},{"predicate":{"custom_model_data":36},"model":"modelengine:cerberus/leg_right_front"},{"predicate":{"custom_model_data":37},"model":"modelengine:cerberus/body"}]}