{"data":364,"parent":"item/generated","textures":{"layer0":"item/leather_horse_armor"},"overrides":[{"predicate":{"custom_model_data":1},"model":"modelengine:rocky/crystal3"},{"predicate":{"custom_model_data":2},"model":"modelengine:rocky/cryatla1"},{"predicate":{"custom_model_data":3},"model":"modelengine:rocky/cystal3"},{"predicate":{"custom_model_data":4},"model":"modelengine:rocky/crystal2"},{"predicate":{"custom_model_data":5},"model":"modelengine:rocky/lowerleftarm"},{"predicate":{"custom_model_data":6},"model":"modelengine:rocky/leftarm"},{"predicate":{"custom_model_data":7},"model":"modelengine:rocky/lowerrightarm"},{"predicate":{"custom_model_data":8},"model":"modelengine:rocky/rightarm"},{"predicate":{"custom_model_data":9},"model":"modelengine:rocky/bone"},{"predicate":{"custom_model_data":10},"model":"modelengine:rocky/bone2"},{"predicate":{"custom_model_data":11},"model":"modelengine:rocky/bone3"},{"predicate":{"custom_model_data":12},"model":"modelengine:rocky/bone4"},{"predicate":{"custom_model_data":13},"model":"modelengine:rocky/bone5"},{"predicate":{"custom_model_data":14},"model":"modelengine:rocky/bone6"},{"predicate":{"custom_model_data":15},"model":"modelengine:rocky/bone7"},{"predicate":{"custom_model_data":16},"model":"modelengine:rocky/jaw"},{"predicate":{"custom_model_data":17},"model":"modelengine:rocky/head"},{"predicate":{"custom_model_data":18},"model":"modelengine:rocky/body"},{"predicate":{"custom_model_data":19},"model":"modelengine:rocky/rightleg4"},{"predicate":{"custom_model_data":20},"model":"modelengine:rocky/leftleg"},{"predicate":{"custom_model_data":21},"model":"modelengine:rocky/rightleg2"},{"predicate":{"custom_model_data":22},"model":"modelengine:rocky/rightleg"},{"predicate":{"custom_model_data":23},"model":"modelengine:cerberus/left_ear"},{"predicate":{"custom_model_data":24},"model":"modelengine:cerberus/right_ear"},{"predicate":{"custom_model_data":25},"model":"modelengine:cerberus/jaw"},{"predicate":{"custom_model_data":26},"model":"modelengine:cerberus/head"},{"predicate":{"custom_model_data":27},"model":"modelengine:cerberus/mane"},{"predicate":{"custom_model_data":28},"model":"modelengine:cerberus/left_ear3"},{"predicate":{"custom_model_data":29},"model":"modelengine:cerberus/right_ear3"},{"predicate":{"custom_model_data":30},"model":"modelengine:cerberus/jaw3"},{"predicate":{"custom_model_data":31},"model":"modelengine:cerberus/head3"},{"predicate":{"custom_model_data":32},"model":"modelengine:cerberus/mane3"},{"predicate":{"custom_model_data":33},"model":"modelengine:cerberus/left_ear2"},{"predicate":{"custom_model_data":34},"model":"modelengine:cerberus/right_ear2"},{"predicate":{"custom_model_data":35},"model":"modelengine:cerberus/jaw2"},{"predicate":{"custom_model_data":36},"model":"modelengine:cerberus/head2"},{"predicate":{"custom_model_data":37},"model":"modelengine:cerberus/mane2"},{"predicate":{"custom_model_data":38},"model":"modelengine:cerberus/tail_tip"},{"predicate":{"custom_model_data":39},"model":"modelengine:cerberus/tail_2"},{"predicate":{"custom_model_data":40},"model":"modelengine:cerberus/tail_1p"},{"predicate":{"custom_model_data":41},"model":"modelengine:cerberus/tail"},{"predicate":{"custom_model_data":42},"model":"modelengine:cerberus/left_foot_back"},{"predicate":{"custom_model_data":43},"model":"modelengine:cerberus/left_leg_back_lower"},{"predicate":{"custom_model_data":44},"model":"modelengine:cerberus/left_leg_back_top"},{"predicate":{"custom_model_data":45},"model":"modelengine:cerberus/leg_left_back"},{"predicate":{"custom_model_data":46},"model":"modelengine:cerberus/right_foot_back"},{"predicate":{"custom_model_data":47},"model":"modelengine:cerberus/right_leg_back_lower"},{"predicate":{"custom_model_data":48},"model":"modelengine:cerberus/right_leg_back_top"},{"predicate":{"custom_model_data":49},"model":"modelengine:cerberus/leg_right_back"},{"predicate":{"custom_model_data":50},"model":"modelengine:cerberus/hip"},{"predicate":{"custom_model_data":51},"model":"modelengine:cerberus/left_foot_front"},{"predicate":{"custom_model_data":52},"model":"modelengine:cerberus/left_leg_front_lower"},{"predicate":{"custom_model_data":53},"model":"modelengine:cerberus/left_leg_front_top"},{"predicate":{"custom_model_data":54},"model":"modelengine:cerberus/leg_left_front"},{"predicate":{"custom_model_data":55},"model":"modelengine:cerberus/right_foot_front"},{"predicate":{"custom_model_data":56},"model":"modelengine:cerberus/right_leg_front_lower"},{"predicate":{"custom_model_data":57},"model":"modelengine:cerberus/right_leg_front_top"},{"predicate":{"custom_model_data":58},"model":"modelengine:cerberus/leg_right_front"},{"predicate":{"custom_model_data":59},"model":"modelengine:cerberus/body"},{"predicate":{"custom_model_data":60},"model":"modelengine:crocodile/fl_foot"},{"predicate":{"custom_model_data":61},"model":"modelengine:crocodile/fl_knee"},{"predicate":{"custom_model_data":62},"model":"modelengine:crocodile/fl_leg"},{"predicate":{"custom_model_data":63},"model":"modelengine:crocodile/fr_foot"},{"predicate":{"custom_model_data":64},"model":"modelengine:crocodile/fr_knee"},{"predicate":{"custom_model_data":65},"model":"modelengine:crocodile/fr_leg"},{"predicate":{"custom_model_data":66},"model":"modelengine:crocodile/jaw"},{"predicate":{"custom_model_data":67},"model":"modelengine:crocodile/head"},{"predicate":{"custom_model_data":68},"model":"modelengine:crocodile/chest"},{"predicate":{"custom_model_data":69},"model":"modelengine:crocodile/bl_foot"},{"predicate":{"custom_model_data":70},"model":"modelengine:crocodile/bl_knee"},{"predicate":{"custom_model_data":71},"model":"modelengine:crocodile/bl_leg"},{"predicate":{"custom_model_data":72},"model":"modelengine:crocodile/br_foot"},{"predicate":{"custom_model_data":73},"model":"modelengine:crocodile/br_knee"},{"predicate":{"custom_model_data":74},"model":"modelengine:crocodile/br_leg"},{"predicate":{"custom_model_data":75},"model":"modelengine:crocodile/tail_tip"},{"predicate":{"custom_model_data":76},"model":"modelengine:crocodile/tail_seg_4"},{"predicate":{"custom_model_data":77},"model":"modelengine:crocodile/tail_seg_3"},{"predicate":{"custom_model_data":78},"model":"modelengine:crocodile/tail_seg_2"},{"predicate":{"custom_model_data":79},"model":"modelengine:crocodile/tail_seg_1"},{"predicate":{"custom_model_data":80},"model":"modelengine:crocodile/tail_base"},{"predicate":{"custom_model_data":81},"model":"modelengine:crocodile/hips"},{"predicate":{"custom_model_data":82},"model":"modelengine:crocodile/body"},{"predicate":{"custom_model_data":83},"model":"modelengine:em_angel/right_hand"},{"predicate":{"custom_model_data":84},"model":"modelengine:em_angel/right_forearm"},{"predicate":{"custom_model_data":85},"model":"modelengine:em_angel/right_arm"},{"predicate":{"custom_model_data":86},"model":"modelengine:em_angel/left_hand"},{"predicate":{"custom_model_data":87},"model":"modelengine:em_angel/left_forearm"},{"predicate":{"custom_model_data":88},"model":"modelengine:em_angel/left_arm"},{"predicate":{"custom_model_data":89},"model":"modelengine:em_angel/left_eyebrow"},{"predicate":{"custom_model_data":90},"model":"modelengine:em_angel/right_eyebrow"},{"predicate":{"custom_model_data":91},"model":"modelengine:em_angel/head"},{"predicate":{"custom_model_data":92},"model":"modelengine:em_angel/right_mid_wing_tip"},{"predicate":{"custom_model_data":93},"model":"modelengine:em_angel/right_mid_wing"},{"predicate":{"custom_model_data":94},"model":"modelengine:em_angel/right_top_wing_tip"},{"predicate":{"custom_model_data":95},"model":"modelengine:em_angel/right_top_wing"},{"predicate":{"custom_model_data":96},"model":"modelengine:em_angel/left_top_wing_tip"},{"predicate":{"custom_model_data":97},"model":"modelengine:em_angel/left_top_wing"},{"predicate":{"custom_model_data":98},"model":"modelengine:em_angel/right_bot_wing_tip"},{"predicate":{"custom_model_data":99},"model":"modelengine:em_angel/right_bot_wing"},{"predicate":{"custom_model_data":100},"model":"modelengine:em_angel/left_bot_wing_tip"},{"predicate":{"custom_model_data":101},"model":"modelengine:em_angel/left_bot_wing"},{"predicate":{"custom_model_data":102},"model":"modelengine:em_angel/left_mid_wing_tip"},{"predicate":{"custom_model_data":103},"model":"modelengine:em_angel/left_mid_wing"},{"predicate":{"custom_model_data":104},"model":"modelengine:em_angel/torso"},{"predicate":{"custom_model_data":105},"model":"modelengine:em_angel/hip"},{"predicate":{"custom_model_data":106},"model":"modelengine:em_angel/left_foot"},{"predicate":{"custom_model_data":107},"model":"modelengine:em_angel/left_shin"},{"predicate":{"custom_model_data":108},"model":"modelengine:em_angel/left_leg"},{"predicate":{"custom_model_data":109},"model":"modelengine:em_angel/right_foot"},{"predicate":{"custom_model_data":110},"model":"modelengine:em_angel/right_shin"},{"predicate":{"custom_model_data":111},"model":"modelengine:em_angel/right_leg"},{"predicate":{"custom_model_data":112},"model":"modelengine:em_angel_white/right_hand"},{"predicate":{"custom_model_data":113},"model":"modelengine:em_angel_white/right_forearm"},{"predicate":{"custom_model_data":114},"model":"modelengine:em_angel_white/right_arm"},{"predicate":{"custom_model_data":115},"model":"modelengine:em_angel_white/left_hand"},{"predicate":{"custom_model_data":116},"model":"modelengine:em_angel_white/left_forearm"},{"predicate":{"custom_model_data":117},"model":"modelengine:em_angel_white/left_arm"},{"predicate":{"custom_model_data":118},"model":"modelengine:em_angel_white/left_eyebrow"},{"predicate":{"custom_model_data":119},"model":"modelengine:em_angel_white/right_eyebrow"},{"predicate":{"custom_model_data":120},"model":"modelengine:em_angel_white/head"},{"predicate":{"custom_model_data":121},"model":"modelengine:em_angel_white/right_mid_wing_tip"},{"predicate":{"custom_model_data":122},"model":"modelengine:em_angel_white/right_mid_wing"},{"predicate":{"custom_model_data":123},"model":"modelengine:em_angel_white/right_top_wing_tip"},{"predicate":{"custom_model_data":124},"model":"modelengine:em_angel_white/right_top_wing"},{"predicate":{"custom_model_data":125},"model":"modelengine:em_angel_white/left_top_wing_tip"},{"predicate":{"custom_model_data":126},"model":"modelengine:em_angel_white/left_top_wing"},{"predicate":{"custom_model_data":127},"model":"modelengine:em_angel_white/right_bot_wing_tip"},{"predicate":{"custom_model_data":128},"model":"modelengine:em_angel_white/right_bot_wing"},{"predicate":{"custom_model_data":129},"model":"modelengine:em_angel_white/left_bot_wing_tip"},{"predicate":{"custom_model_data":130},"model":"modelengine:em_angel_white/left_bot_wing"},{"predicate":{"custom_model_data":131},"model":"modelengine:em_angel_white/left_mid_wing_tip"},{"predicate":{"custom_model_data":132},"model":"modelengine:em_angel_white/left_mid_wing"},{"predicate":{"custom_model_data":133},"model":"modelengine:em_angel_white/torso"},{"predicate":{"custom_model_data":134},"model":"modelengine:em_angel_white/hip"},{"predicate":{"custom_model_data":135},"model":"modelengine:em_angel_white/left_foot"},{"predicate":{"custom_model_data":136},"model":"modelengine:em_angel_white/left_shin"},{"predicate":{"custom_model_data":137},"model":"modelengine:em_angel_white/left_leg"},{"predicate":{"custom_model_data":138},"model":"modelengine:em_angel_white/right_foot"},{"predicate":{"custom_model_data":139},"model":"modelengine:em_angel_white/right_shin"},{"predicate":{"custom_model_data":140},"model":"modelengine:em_angel_white/right_leg"},{"predicate":{"custom_model_data":141},"model":"modelengine:em_angel_xd/right_hand"},{"predicate":{"custom_model_data":142},"model":"modelengine:em_angel_xd/right_forearm"},{"predicate":{"custom_model_data":143},"model":"modelengine:em_angel_xd/right_arm"},{"predicate":{"custom_model_data":144},"model":"modelengine:em_angel_xd/left_hand"},{"predicate":{"custom_model_data":145},"model":"modelengine:em_angel_xd/left_forearm"},{"predicate":{"custom_model_data":146},"model":"modelengine:em_angel_xd/left_arm"},{"predicate":{"custom_model_data":147},"model":"modelengine:em_angel_xd/left_eyebrow"},{"predicate":{"custom_model_data":148},"model":"modelengine:em_angel_xd/right_eyebrow"},{"predicate":{"custom_model_data":149},"model":"modelengine:em_angel_xd/jaw"},{"predicate":{"custom_model_data":150},"model":"modelengine:em_angel_xd/head"},{"predicate":{"custom_model_data":151},"model":"modelengine:em_angel_xd/right_mid_wing_tip"},{"predicate":{"custom_model_data":152},"model":"modelengine:em_angel_xd/right_mid_wing"},{"predicate":{"custom_model_data":153},"model":"modelengine:em_angel_xd/right_top_wing_tip"},{"predicate":{"custom_model_data":154},"model":"modelengine:em_angel_xd/right_top_wing"},{"predicate":{"custom_model_data":155},"model":"modelengine:em_angel_xd/left_top_wing_tip"},{"predicate":{"custom_model_data":156},"model":"modelengine:em_angel_xd/left_top_wing"},{"predicate":{"custom_model_data":157},"model":"modelengine:em_angel_xd/right_bot_wing_tip"},{"predicate":{"custom_model_data":158},"model":"modelengine:em_angel_xd/right_bot_wing"},{"predicate":{"custom_model_data":159},"model":"modelengine:em_angel_xd/left_bot_wing_tip"},{"predicate":{"custom_model_data":160},"model":"modelengine:em_angel_xd/left_bot_wing"},{"predicate":{"custom_model_data":161},"model":"modelengine:em_angel_xd/left_mid_wing_tip"},{"predicate":{"custom_model_data":162},"model":"modelengine:em_angel_xd/left_mid_wing"},{"predicate":{"custom_model_data":163},"model":"modelengine:em_angel_xd/torso"},{"predicate":{"custom_model_data":164},"model":"modelengine:em_angel_xd/hip"},{"predicate":{"custom_model_data":165},"model":"modelengine:em_angel_xd/left_foot"},{"predicate":{"custom_model_data":166},"model":"modelengine:em_angel_xd/left_shin"},{"predicate":{"custom_model_data":167},"model":"modelengine:em_angel_xd/left_leg"},{"predicate":{"custom_model_data":168},"model":"modelengine:em_angel_xd/right_foot"},{"predicate":{"custom_model_data":169},"model":"modelengine:em_angel_xd/right_shin"},{"predicate":{"custom_model_data":170},"model":"modelengine:em_angel_xd/right_leg"},{"predicate":{"custom_model_data":171},"model":"modelengine:frog/tongue_2"},{"predicate":{"custom_model_data":172},"model":"modelengine:frog/tongue_1"},{"predicate":{"custom_model_data":173},"model":"modelengine:frog/jaw"},{"predicate":{"custom_model_data":174},"model":"modelengine:frog/head"},{"predicate":{"custom_model_data":175},"model":"modelengine:frog/br_foot"},{"predicate":{"custom_model_data":176},"model":"modelengine:frog/br_knee"},{"predicate":{"custom_model_data":177},"model":"modelengine:frog/br_leg"},{"predicate":{"custom_model_data":178},"model":"modelengine:frog/bl_foot"},{"predicate":{"custom_model_data":179},"model":"modelengine:frog/bl_knee"},{"predicate":{"custom_model_data":180},"model":"modelengine:frog/bl_leg"},{"predicate":{"custom_model_data":181},"model":"modelengine:frog/fr_foot"},{"predicate":{"custom_model_data":182},"model":"modelengine:frog/fr_knee"},{"predicate":{"custom_model_data":183},"model":"modelengine:frog/fr_leg"},{"predicate":{"custom_model_data":184},"model":"modelengine:frog/fl_foot"},{"predicate":{"custom_model_data":185},"model":"modelengine:frog/fl_knee"},{"predicate":{"custom_model_data":186},"model":"modelengine:frog/fl_leg"},{"predicate":{"custom_model_data":187},"model":"modelengine:frog/body"},{"predicate":{"custom_model_data":188},"model":"modelengine:glaceous/arse_crystal_big"},{"predicate":{"custom_model_data":189},"model":"modelengine:glaceous/jaw"},{"predicate":{"custom_model_data":190},"model":"modelengine:glaceous/head"},{"predicate":{"custom_model_data":191},"model":"modelengine:glaceous/l_arm_crystal_big"},{"predicate":{"custom_model_data":192},"model":"modelengine:glaceous/l_wrist"},{"predicate":{"custom_model_data":193},"model":"modelengine:glaceous/l_elbow"},{"predicate":{"custom_model_data":194},"model":"modelengine:glaceous/l_arm"},{"predicate":{"custom_model_data":195},"model":"modelengine:glaceous/r_arm_crystal_big"},{"predicate":{"custom_model_data":196},"model":"modelengine:glaceous/r_wrist"},{"predicate":{"custom_model_data":197},"model":"modelengine:glaceous/r_elbow"},{"predicate":{"custom_model_data":198},"model":"modelengine:glaceous/r_arm"},{"predicate":{"custom_model_data":199},"model":"modelengine:glaceous/l_shin_crystal"},{"predicate":{"custom_model_data":200},"model":"modelengine:glaceous/l_ankle"},{"predicate":{"custom_model_data":201},"model":"modelengine:glaceous/l_knee"},{"predicate":{"custom_model_data":202},"model":"modelengine:glaceous/l_leg"},{"predicate":{"custom_model_data":203},"model":"modelengine:glaceous/r_shin_crystal"},{"predicate":{"custom_model_data":204},"model":"modelengine:glaceous/r_ankle"},{"predicate":{"custom_model_data":205},"model":"modelengine:glaceous/r_knee"},{"predicate":{"custom_model_data":206},"model":"modelengine:glaceous/r_leg"},{"predicate":{"custom_model_data":207},"model":"modelengine:glaceous/body"},{"predicate":{"custom_model_data":208},"model":"modelengine:hades/head"},{"predicate":{"custom_model_data":209},"model":"modelengine:hades/staff_tip"},{"predicate":{"custom_model_data":210},"model":"modelengine:hades/staff"},{"predicate":{"custom_model_data":211},"model":"modelengine:hades/left_hand"},{"predicate":{"custom_model_data":212},"model":"modelengine:hades/left_elbow"},{"predicate":{"custom_model_data":213},"model":"modelengine:hades/left_arm"},{"predicate":{"custom_model_data":214},"model":"modelengine:hades/right_hand"},{"predicate":{"custom_model_data":215},"model":"modelengine:hades/right_elbow"},{"predicate":{"custom_model_data":216},"model":"modelengine:hades/right_arm"},{"predicate":{"custom_model_data":217},"model":"modelengine:hades/chest"},{"predicate":{"custom_model_data":218},"model":"modelengine:hades/spine"},{"predicate":{"custom_model_data":219},"model":"modelengine:hades/left_foot"},{"predicate":{"custom_model_data":220},"model":"modelengine:hades/left_knee"},{"predicate":{"custom_model_data":221},"model":"modelengine:hades/left_leg"},{"predicate":{"custom_model_data":222},"model":"modelengine:hades/right_foot"},{"predicate":{"custom_model_data":223},"model":"modelengine:hades/right_knee"},{"predicate":{"custom_model_data":224},"model":"modelengine:hades/right_leg"},{"predicate":{"custom_model_data":225},"model":"modelengine:hades/left_side_cloth_tip"},{"predicate":{"custom_model_data":226},"model":"modelengine:hades/left_side_cloth"},{"predicate":{"custom_model_data":227},"model":"modelengine:hades/middle_cloth"},{"predicate":{"custom_model_data":228},"model":"modelengine:hades/right_side_cloth_tip"},{"predicate":{"custom_model_data":229},"model":"modelengine:hades/right_side_cloth"},{"predicate":{"custom_model_data":230},"model":"modelengine:hades/left_bum_cloth_tip"},{"predicate":{"custom_model_data":231},"model":"modelengine:hades/left_bum_cloth"},{"predicate":{"custom_model_data":232},"model":"modelengine:hades/right_bum_cloth_tip"},{"predicate":{"custom_model_data":233},"model":"modelengine:hades/right_bum_cloth"},{"predicate":{"custom_model_data":234},"model":"modelengine:hades/hip"},{"predicate":{"custom_model_data":235},"model":"modelengine:khanmar/head"},{"predicate":{"custom_model_data":236},"model":"modelengine:khanmar/l_elbow"},{"predicate":{"custom_model_data":237},"model":"modelengine:khanmar/l_arm"},{"predicate":{"custom_model_data":238},"model":"modelengine:khanmar/l_elbow2"},{"predicate":{"custom_model_data":239},"model":"modelengine:khanmar/l_arm2"},{"predicate":{"custom_model_data":240},"model":"modelengine:khanmar/shoulders"},{"predicate":{"custom_model_data":241},"model":"modelengine:khanmar/l_knee"},{"predicate":{"custom_model_data":242},"model":"modelengine:khanmar/l_leg"},{"predicate":{"custom_model_data":243},"model":"modelengine:khanmar/l_knee2"},{"predicate":{"custom_model_data":244},"model":"modelengine:khanmar/l_leg2"},{"predicate":{"custom_model_data":245},"model":"modelengine:khanmar/body"},{"predicate":{"custom_model_data":246},"model":"modelengine:khrell/head"},{"predicate":{"custom_model_data":247},"model":"modelengine:khrell/l_ankle"},{"predicate":{"custom_model_data":248},"model":"modelengine:khrell/l_knee"},{"predicate":{"custom_model_data":249},"model":"modelengine:khrell/l_leg"},{"predicate":{"custom_model_data":250},"model":"modelengine:khrell/r_ankle"},{"predicate":{"custom_model_data":251},"model":"modelengine:khrell/r_knee"},{"predicate":{"custom_model_data":252},"model":"modelengine:khrell/r_leg"},{"predicate":{"custom_model_data":253},"model":"modelengine:khrell/l_wrist"},{"predicate":{"custom_model_data":254},"model":"modelengine:khrell/l_elbow"},{"predicate":{"custom_model_data":255},"model":"modelengine:khrell/l_arm"},{"predicate":{"custom_model_data":256},"model":"modelengine:khrell/r_elbow"},{"predicate":{"custom_model_data":257},"model":"modelengine:khrell/r_arm"},{"predicate":{"custom_model_data":258},"model":"modelengine:khrell/body"},{"predicate":{"custom_model_data":259},"model":"modelengine:lamina/bot_body"},{"predicate":{"custom_model_data":260},"model":"modelengine:lamina/head"},{"predicate":{"custom_model_data":261},"model":"modelengine:lamina/l_wrist"},{"predicate":{"custom_model_data":262},"model":"modelengine:lamina/l_elbow"},{"predicate":{"custom_model_data":263},"model":"modelengine:lamina/l_arm"},{"predicate":{"custom_model_data":264},"model":"modelengine:lamina/r_wrist"},{"predicate":{"custom_model_data":265},"model":"modelengine:lamina/r_elbow"},{"predicate":{"custom_model_data":266},"model":"modelengine:lamina/r_arm"},{"predicate":{"custom_model_data":267},"model":"modelengine:lamina/top_body"},{"predicate":{"custom_model_data":268},"model":"modelengine:lamina/body"},{"predicate":{"custom_model_data":269},"model":"modelengine:lizard/jaw"},{"predicate":{"custom_model_data":270},"model":"modelengine:lizard/head"},{"predicate":{"custom_model_data":271},"model":"modelengine:lizard/second_tail"},{"predicate":{"custom_model_data":272},"model":"modelengine:lizard/first_tail"},{"predicate":{"custom_model_data":273},"model":"modelengine:lizard/front_right_leg"},{"predicate":{"custom_model_data":274},"model":"modelengine:lizard/front_left_leg"},{"predicate":{"custom_model_data":275},"model":"modelengine:lizard/back_right_leg"},{"predicate":{"custom_model_data":276},"model":"modelengine:lizard/back_left_leg"},{"predicate":{"custom_model_data":277},"model":"modelengine:lizard/body"},{"predicate":{"custom_model_data":278},"model":"modelengine:marsh_strider/head"},{"predicate":{"custom_model_data":279},"model":"modelengine:marsh_strider/fl_leg"},{"predicate":{"custom_model_data":280},"model":"modelengine:marsh_strider/fr_leg"},{"predicate":{"custom_model_data":281},"model":"modelengine:marsh_strider/bl_leg"},{"predicate":{"custom_model_data":282},"model":"modelengine:marsh_strider/br_leg"},{"predicate":{"custom_model_data":283},"model":"modelengine:marsh_strider/body"},{"predicate":{"custom_model_data":284},"model":"modelengine:santarocky/crystal3"},{"predicate":{"custom_model_data":285},"model":"modelengine:santarocky/cryatla1"},{"predicate":{"custom_model_data":286},"model":"modelengine:santarocky/cystal3"},{"predicate":{"custom_model_data":287},"model":"modelengine:santarocky/crystal2"},{"predicate":{"custom_model_data":288},"model":"modelengine:santarocky/lowerleftarm"},{"predicate":{"custom_model_data":289},"model":"modelengine:santarocky/leftarm"},{"predicate":{"custom_model_data":290},"model":"modelengine:santarocky/lowerrightarm"},{"predicate":{"custom_model_data":291},"model":"modelengine:santarocky/rightarm"},{"predicate":{"custom_model_data":292},"model":"modelengine:santarocky/hat7"},{"predicate":{"custom_model_data":293},"model":"modelengine:santarocky/hat6"},{"predicate":{"custom_model_data":294},"model":"modelengine:santarocky/hat5"},{"predicate":{"custom_model_data":295},"model":"modelengine:santarocky/hat4"},{"predicate":{"custom_model_data":296},"model":"modelengine:santarocky/hat3"},{"predicate":{"custom_model_data":297},"model":"modelengine:santarocky/hat2"},{"predicate":{"custom_model_data":298},"model":"modelengine:santarocky/hat1"},{"predicate":{"custom_model_data":299},"model":"modelengine:santarocky/jaw"},{"predicate":{"custom_model_data":300},"model":"modelengine:santarocky/head"},{"predicate":{"custom_model_data":301},"model":"modelengine:santarocky/body"},{"predicate":{"custom_model_data":302},"model":"modelengine:santarocky/rightleg4"},{"predicate":{"custom_model_data":303},"model":"modelengine:santarocky/leftleg"},{"predicate":{"custom_model_data":304},"model":"modelengine:santarocky/rightleg2"},{"predicate":{"custom_model_data":305},"model":"modelengine:santarocky/rightleg"},{"predicate":{"custom_model_data":306},"model":"modelengine:simple-phoenix-fire/right_wing_end"},{"predicate":{"custom_model_data":307},"model":"modelengine:simple-phoenix-fire/right_wing"},{"predicate":{"custom_model_data":308},"model":"modelengine:simple-phoenix-fire/left_wing_end"},{"predicate":{"custom_model_data":309},"model":"modelengine:simple-phoenix-fire/left_wing"},{"predicate":{"custom_model_data":310},"model":"modelengine:simple-phoenix-fire/jaw"},{"predicate":{"custom_model_data":311},"model":"modelengine:simple-phoenix-fire/head"},{"predicate":{"custom_model_data":312},"model":"modelengine:simple-phoenix-fire/neck"},{"predicate":{"custom_model_data":313},"model":"modelengine:simple-phoenix-fire/right_leg"},{"predicate":{"custom_model_data":314},"model":"modelengine:simple-phoenix-fire/left_leg"},{"predicate":{"custom_model_data":315},"model":"modelengine:simple-phoenix-fire/tail"},{"predicate":{"custom_model_data":316},"model":"modelengine:simple-phoenix-fire/bone"},{"predicate":{"custom_model_data":317},"model":"modelengine:snail/shell"},{"predicate":{"custom_model_data":318},"model":"modelengine:snail/back_body"},{"predicate":{"custom_model_data":319},"model":"modelengine:snail/right_eye"},{"predicate":{"custom_model_data":320},"model":"modelengine:snail/left_eye"},{"predicate":{"custom_model_data":321},"model":"modelengine:snail/front_body"},{"predicate":{"custom_model_data":322},"model":"modelengine:steve_stand/head"},{"predicate":{"custom_model_data":323},"model":"modelengine:steve_stand/arm_right_bot"},{"predicate":{"custom_model_data":324},"model":"modelengine:steve_stand/arm_right"},{"predicate":{"custom_model_data":325},"model":"modelengine:steve_stand/arm_left_bot"},{"predicate":{"custom_model_data":326},"model":"modelengine:steve_stand/arm_left"},{"predicate":{"custom_model_data":327},"model":"modelengine:steve_stand/leg_right_bot"},{"predicate":{"custom_model_data":328},"model":"modelengine:steve_stand/leg_right"},{"predicate":{"custom_model_data":329},"model":"modelengine:steve_stand/leg_left_bot"},{"predicate":{"custom_model_data":330},"model":"modelengine:steve_stand/leg_left"},{"predicate":{"custom_model_data":331},"model":"modelengine:steve_stand/body_bot"},{"predicate":{"custom_model_data":332},"model":"modelengine:steve_stand/body"},{"predicate":{"custom_model_data":333},"model":"modelengine:zeus/beard2"},{"predicate":{"custom_model_data":334},"model":"modelengine:zeus/beard"},{"predicate":{"custom_model_data":335},"model":"modelengine:zeus/head"},{"predicate":{"custom_model_data":336},"model":"modelengine:zeus/left_hand"},{"predicate":{"custom_model_data":337},"model":"modelengine:zeus/shield"},{"predicate":{"custom_model_data":338},"model":"modelengine:zeus/left_elbow"},{"predicate":{"custom_model_data":339},"model":"modelengine:zeus/left_arm"},{"predicate":{"custom_model_data":340},"model":"modelengine:zeus/jolt"},{"predicate":{"custom_model_data":341},"model":"modelengine:zeus/right_hand"},{"predicate":{"custom_model_data":342},"model":"modelengine:zeus/right_elbow"},{"predicate":{"custom_model_data":343},"model":"modelengine:zeus/right_arm"},{"predicate":{"custom_model_data":344},"model":"modelengine:zeus/chest"},{"predicate":{"custom_model_data":345},"model":"modelengine:zeus/spine"},{"predicate":{"custom_model_data":346},"model":"modelengine:zeus/left_foot"},{"predicate":{"custom_model_data":347},"model":"modelengine:zeus/left_knee"},{"predicate":{"custom_model_data":348},"model":"modelengine:zeus/left_leg"},{"predicate":{"custom_model_data":349},"model":"modelengine:zeus/right_foot"},{"predicate":{"custom_model_data":350},"model":"modelengine:zeus/right_knee"},{"predicate":{"custom_model_data":351},"model":"modelengine:zeus/right_leg"},{"predicate":{"custom_model_data":352},"model":"modelengine:zeus/left_cloth_tip"},{"predicate":{"custom_model_data":353},"model":"modelengine:zeus/left_cloth"},{"predicate":{"custom_model_data":354},"model":"modelengine:zeus/right_cloth_tip"},{"predicate":{"custom_model_data":355},"model":"modelengine:zeus/right_cloth"},{"predicate":{"custom_model_data":356},"model":"modelengine:zeus/left_back_cloth_tip"},{"predicate":{"custom_model_data":357},"model":"modelengine:zeus/left_back_cloth"},{"predicate":{"custom_model_data":358},"model":"modelengine:zeus/right_back_cloth_tip"},{"predicate":{"custom_model_data":359},"model":"modelengine:zeus/right_back_cloth"},{"predicate":{"custom_model_data":360},"model":"modelengine:zeus/left_front_cloth_tip"},{"predicate":{"custom_model_data":361},"model":"modelengine:zeus/left_front_cloth"},{"predicate":{"custom_model_data":362},"model":"modelengine:zeus/right_front_cloth_tip"},{"predicate":{"custom_model_data":363},"model":"modelengine:zeus/right_front_cloth"},{"predicate":{"custom_model_data":364},"model":"modelengine:zeus/hip"}]}