{"textures":{"0":"modelengine:entity/phoenix-ice"},"elements":[{"name":"cube","from":[6.8,4.7,6.2],"to":[9.2,11.3,9.8],"rotation":{"angle":0.0,"axis":"x","origin":[8.0,8.0,8.0]},"faces":{"down":{"uv":[9.5,11.75,8.5,13.25],"rotation":0,"texture":"#0","tintindex":0},"east":{"uv":[10.75,0.0,12.25,2.75],"rotation":0,"texture":"#0","tintindex":0},"north":{"uv":[6.5,10.75,7.5,13.5],"rotation":0,"texture":"#0","tintindex":0},"south":{"uv":[10.0,10.75,11.0,13.5],"rotation":0,"texture":"#0","tintindex":0},"up":{"uv":[8.5,13.25,7.5,11.75],"rotation":0,"texture":"#0","tintindex":0},"west":{"uv":[5.0,10.75,6.5,13.5],"rotation":0,"texture":"#0","tintindex":0}}},{"name":"cube","from":[9.2,1.9999998,9.2],"to":[12.2,11.0,9.2],"rotation":{"angle":0.0,"axis":"x","origin":[8.0,8.0,8.0]},"faces":{"down":{"uv":[1.25,0.0,0.0,0.0],"rotation":0,"texture":"#0","tintindex":0},"east":{"uv":[0.0,0.0,0.0,3.75],"rotation":0,"texture":"#0","tintindex":0},"north":{"uv":[0.0,10.75,1.25,14.5],"rotation":0,"texture":"#0","tintindex":0},"south":{"uv":[1.25,10.75,2.5,14.5],"rotation":0,"texture":"#0","tintindex":0},"up":{"uv":[1.25,0.0,0.0,0.0],"rotation":0,"texture":"#0","tintindex":0},"west":{"uv":[0.0,0.0,0.0,3.75],"rotation":0,"texture":"#0","tintindex":0}}},{"name":"cube","from":[9.2,1.9999998,6.8],"to":[12.2,11.0,6.8],"rotation":{"angle":0.0,"axis":"x","origin":[8.0,8.0,8.0]},"faces":{"down":{"uv":[1.25,0.0,0.0,0.0],"rotation":0,"texture":"#0","tintindex":0},"east":{"uv":[0.0,0.0,0.0,3.75],"rotation":0,"texture":"#0","tintindex":0},"north":{"uv":[2.5,10.75,3.75,14.5],"rotation":0,"texture":"#0","tintindex":0},"south":{"uv":[3.75,10.75,5.0,14.5],"rotation":0,"texture":"#0","tintindex":0},"up":{"uv":[1.25,0.0,0.0,0.0],"rotation":0,"texture":"#0","tintindex":0},"west":{"uv":[0.0,0.0,0.0,3.75],"rotation":0,"texture":"#0","tintindex":0}}},{"name":"cube","from":[9.2,0.7999997,8.0],"to":[13.400001,11.0,8.0],"rotation":{"angle":0.0,"axis":"x","origin":[8.0,8.0,8.0]},"faces":{"down":{"uv":[1.75,0.0,0.0,0.0],"rotation":0,"texture":"#0","tintindex":0},"east":{"uv":[0.0,0.0,0.0,4.25],"rotation":0,"texture":"#0","tintindex":0},"north":{"uv":[7.0,0.0,8.75,4.25],"rotation":0,"texture":"#0","tintindex":0},"south":{"uv":[8.0,4.25,9.75,8.5],"rotation":0,"texture":"#0","tintindex":0},"up":{"uv":[1.75,0.0,0.0,0.0],"rotation":0,"texture":"#0","tintindex":0},"west":{"uv":[0.0,0.0,0.0,4.25],"rotation":0,"texture":"#0","tintindex":0}}}],"display":{"head":{"translation":[0.0,-6.4,0.0],"rotation":[0.0,0.0,0.0],"scale":[3.8095,3.8095,3.8095]}}}