{"textures":{"0":"modelengine:entity/phoenix-ice"},"elements":[{"name":"cube","from":[7.4,7.4,8.0],"to":[8.0,8.0,14.0],"rotation":{"angle":0.0,"axis":"x","origin":[7.7,7.7,11.0]},"faces":{"down":{"uv":[13.25,11.75,13.0,14.25],"rotation":0,"texture":"#0","tintindex":0},"east":{"uv":[12.5,4.25,15.0,4.5],"rotation":0,"texture":"#0","tintindex":0},"north":{"uv":[13.75,11.25,14.0,11.5],"rotation":0,"texture":"#0","tintindex":0},"south":{"uv":[13.75,11.5,14.0,11.75],"rotation":0,"texture":"#0","tintindex":0},"up":{"uv":[12.25,15.25,12.0,12.75],"rotation":0,"texture":"#0","tintindex":0},"west":{"uv":[12.5,4.5,15.0,4.75],"rotation":0,"texture":"#0","tintindex":0}}},{"name":"cube","from":[8.0,-0.40000033,8.0],"to":[8.0,7.4,16.400002],"rotation":{"angle":0.0,"axis":"x","origin":[8.0,5.0,12.2]},"faces":{"down":{"uv":[0.0,0.0,0.0,3.5],"rotation":0,"texture":"#0","tintindex":0},"east":{"uv":[3.5,0.0,7.0,3.25],"rotation":0,"texture":"#0","tintindex":0},"north":{"uv":[0.0,0.0,0.0,3.25],"rotation":0,"texture":"#0","tintindex":0},"south":{"uv":[0.0,0.0,0.0,3.25],"rotation":0,"texture":"#0","tintindex":0},"up":{"uv":[0.0,3.5,0.0,0.0],"rotation":0,"texture":"#0","tintindex":0},"west":{"uv":[3.5,3.25,7.0,6.5],"rotation":0,"texture":"#0","tintindex":0}}}],"display":{"head":{"translation":[0.0,-6.4,0.0],"rotation":[0.0,0.0,0.0],"scale":[3.8095,3.8095,3.8095]}}}