{"textures":{"0":"modelengine:entity/texture"},"elements":[{"name":"cube","from":[6.26,6.379999,5.6],"to":[9.860001,9.98,9.2],"rotation":{"angle":0.0,"axis":"x","origin":[8.06,8.179999,8.0]},"faces":{"down":{"uv":[8.875,5.6875,8.6875,5.875],"rotation":0,"texture":"#0","tintindex":0},"east":{"uv":[8.3125,5.875,8.5,6.0625],"rotation":0,"texture":"#0","tintindex":0},"north":{"uv":[8.5,5.875,8.6875,6.0625],"rotation":0,"texture":"#0","tintindex":0},"south":{"uv":[8.875,5.875,9.0625,6.0625],"rotation":0,"texture":"#0","tintindex":0},"up":{"uv":[8.6875,5.875,8.5,5.6875],"rotation":0,"texture":"#0","tintindex":0},"west":{"uv":[8.6875,5.875,8.875,6.0625],"rotation":0,"texture":"#0","tintindex":0}}}],"display":{"head":{"translation":[0.0,-6.4,0.0],"rotation":[0.0,0.0,0.0],"scale":[3.8095,3.8095,3.8095]}}}