{"textures":{"0":"modelengine:entity/texture"},"elements":[{"name":"cube","from":[6.2,6.2,5.6],"to":[9.8,9.8,9.2],"rotation":{"angle":0.0,"axis":"x","origin":[8.0,8.0,8.0]},"faces":{"down":{"uv":[8.875,4.9375,8.6875,5.125],"rotation":0,"texture":"#0","tintindex":0},"east":{"uv":[8.3125,5.125,8.5,5.3125],"rotation":0,"texture":"#0","tintindex":0},"north":{"uv":[8.5,5.125,8.6875,5.3125],"rotation":0,"texture":"#0","tintindex":0},"south":{"uv":[8.875,5.125,9.0625,5.3125],"rotation":0,"texture":"#0","tintindex":0},"up":{"uv":[8.6875,5.125,8.5,4.9375],"rotation":0,"texture":"#0","tintindex":0},"west":{"uv":[8.6875,5.125,8.875,5.3125],"rotation":0,"texture":"#0","tintindex":0}}}],"display":{"head":{"translation":[0.0,-6.4,0.0],"rotation":[0.0,0.0,0.0],"scale":[3.8095,3.8095,3.8095]}}}