{"textures":{"0":"modelengine:entity/texture"},"elements":[{"name":"cube","from":[2.568039,7.4,6.8],"to":[31.368038,8.6,9.2],"rotation":{"angle":0.0,"axis":"x","origin":[2.568039,8.0,8.0]},"faces":{"down":{"uv":[3.125,0.375,1.625,0.5],"rotation":0,"texture":"#0","tintindex":0},"east":{"uv":[0.0,0.5,0.125,0.5625],"rotation":0,"texture":"#0","tintindex":0},"north":{"uv":[0.125,0.5,1.625,0.5625],"rotation":0,"texture":"#0","tintindex":0},"south":{"uv":[1.75,0.5,3.25,0.5625],"rotation":0,"texture":"#0","tintindex":0},"up":{"uv":[1.625,0.5,0.125,0.375],"rotation":0,"texture":"#0","tintindex":0},"west":{"uv":[1.625,0.5,1.75,0.5625],"rotation":0,"texture":"#0","tintindex":0}}},{"name":"feather","from":[3.1680393,-6.249999,7.4],"to":[6.768037,7.4,8.0],"rotation":{"angle":-45.0,"axis":"z","origin":[4.9680367,7.4,7.7]},"faces":{"down":{"uv":[8.28125,2.96875,8.09375,3.0],"rotation":0,"texture":"#0","tintindex":0},"east":{"uv":[7.875,3.0,7.90625,3.6875],"rotation":0,"texture":"#0","tintindex":0},"north":{"uv":[7.90625,3.0,8.09375,3.6875],"rotation":0,"texture":"#0","tintindex":0},"south":{"uv":[8.125,3.0,8.3125,3.6875],"rotation":0,"texture":"#0","tintindex":0},"up":{"uv":[8.09375,3.0,7.90625,2.96875],"rotation":0,"texture":"#0","tintindex":0},"west":{"uv":[8.09375,3.0,8.125,3.6875],"rotation":0,"texture":"#0","tintindex":0}}},{"name":"feather","from":[6.1680365,-6.3999996,7.4],"to":[9.768037,7.4,8.0],"rotation":{"angle":-22.5,"axis":"z","origin":[7.9680367,7.4,7.7]},"faces":{"down":{"uv":[6.96875,2.25,6.78125,2.28125],"rotation":0,"texture":"#0","tintindex":0},"east":{"uv":[6.5625,2.28125,6.59375,3.0],"rotation":0,"texture":"#0","tintindex":0},"north":{"uv":[6.59375,2.28125,6.78125,3.0],"rotation":0,"texture":"#0","tintindex":0},"south":{"uv":[6.8125,2.28125,7.0,3.0],"rotation":0,"texture":"#0","tintindex":0},"up":{"uv":[6.78125,2.28125,6.59375,2.25],"rotation":0,"texture":"#0","tintindex":0},"west":{"uv":[6.78125,2.28125,6.8125,3.0],"rotation":0,"texture":"#0","tintindex":0}}},{"name":"feather","from":[8.568037,-6.3999996,7.4],"to":[12.168037,7.4,8.0],"rotation":{"angle":0.0,"axis":"x","origin":[11.568037,7.4,7.7]},"faces":{"down":{"uv":[5.1875,6.46875,5.0,6.5],"rotation":0,"texture":"#0","tintindex":0},"east":{"uv":[4.78125,6.5,4.8125,7.21875],"rotation":0,"texture":"#0","tintindex":0},"north":{"uv":[4.8125,6.5,5.0,7.21875],"rotation":0,"texture":"#0","tintindex":0},"south":{"uv":[5.03125,6.5,5.21875,7.21875],"rotation":0,"texture":"#0","tintindex":0},"up":{"uv":[5.0,6.5,4.8125,6.46875],"rotation":0,"texture":"#0","tintindex":0},"west":{"uv":[5.0,6.5,5.03125,7.21875],"rotation":0,"texture":"#0","tintindex":0}}},{"name":"feather","from":[13.368038,-6.3999996,7.4],"to":[16.968037,7.4,8.0],"rotation":{"angle":0.0,"axis":"x","origin":[15.168037,7.4,7.7]},"faces":{"down":{"uv":[4.75,6.46875,4.5625,6.5],"rotation":0,"texture":"#0","tintindex":0},"east":{"uv":[4.34375,6.5,4.375,7.21875],"rotation":0,"texture":"#0","tintindex":0},"north":{"uv":[4.375,6.5,4.5625,7.21875],"rotation":0,"texture":"#0","tintindex":0},"south":{"uv":[4.59375,6.5,4.78125,7.21875],"rotation":0,"texture":"#0","tintindex":0},"up":{"uv":[4.5625,6.5,4.375,6.46875],"rotation":0,"texture":"#0","tintindex":0},"west":{"uv":[4.5625,6.5,4.59375,7.21875],"rotation":0,"texture":"#0","tintindex":0}}},{"name":"feather","from":[7.368037,-8.2,8.0],"to":[10.968037,7.4,8.6],"rotation":{"angle":-45.0,"axis":"z","origin":[9.168036,7.4,8.3]},"faces":{"down":{"uv":[0.84375,3.0,0.65625,3.03125],"rotation":0,"texture":"#0","tintindex":0},"east":{"uv":[0.4375,3.03125,0.46875,3.84375],"rotation":0,"texture":"#0","tintindex":0},"north":{"uv":[0.46875,3.03125,0.65625,3.84375],"rotation":0,"texture":"#0","tintindex":0},"south":{"uv":[0.6875,3.03125,0.875,3.84375],"rotation":0,"texture":"#0","tintindex":0},"up":{"uv":[0.65625,3.03125,0.46875,3.0],"rotation":0,"texture":"#0","tintindex":0},"west":{"uv":[0.65625,3.03125,0.6875,3.84375],"rotation":0,"texture":"#0","tintindex":0}}},{"name":"feather","from":[9.768037,-7.5999994,8.0],"to":[13.368038,7.4,8.6],"rotation":{"angle":-22.5,"axis":"z","origin":[12.768036,7.4,8.3]},"faces":{"down":{"uv":[4.53125,1.625,4.34375,1.65625],"rotation":0,"texture":"#0","tintindex":0},"east":{"uv":[4.125,1.65625,4.15625,2.4375],"rotation":0,"texture":"#0","tintindex":0},"north":{"uv":[4.15625,1.65625,4.34375,2.4375],"rotation":0,"texture":"#0","tintindex":0},"south":{"uv":[4.375,1.65625,4.5625,2.4375],"rotation":0,"texture":"#0","tintindex":0},"up":{"uv":[4.34375,1.65625,4.15625,1.625],"rotation":0,"texture":"#0","tintindex":0},"west":{"uv":[4.34375,1.65625,4.375,2.4375],"rotation":0,"texture":"#0","tintindex":0}}},{"name":"feather","from":[10.968037,-6.999999,8.0],"to":[14.568039,7.4,8.6],"rotation":{"angle":0.0,"axis":"x","origin":[16.368038,7.4,8.3]},"faces":{"down":{"uv":[0.84375,5.5,0.65625,5.53125],"rotation":0,"texture":"#0","tintindex":0},"east":{"uv":[0.4375,5.53125,0.46875,6.28125],"rotation":0,"texture":"#0","tintindex":0},"north":{"uv":[0.46875,5.53125,0.65625,6.28125],"rotation":0,"texture":"#0","tintindex":0},"south":{"uv":[0.6875,5.53125,0.875,6.28125],"rotation":0,"texture":"#0","tintindex":0},"up":{"uv":[0.65625,5.53125,0.46875,5.5],"rotation":0,"texture":"#0","tintindex":0},"west":{"uv":[0.65625,5.53125,0.6875,6.28125],"rotation":0,"texture":"#0","tintindex":0}}},{"name":"feather","from":[15.799999,-7.5999994,8.0],"to":[19.399998,7.4,8.6],"rotation":{"angle":0.0,"axis":"x","origin":[18.199997,7.4,8.3]},"faces":{"down":{"uv":[4.53125,0.8125,4.34375,0.84375],"rotation":0,"texture":"#0","tintindex":0},"east":{"uv":[4.125,0.84375,4.15625,1.625],"rotation":0,"texture":"#0","tintindex":0},"north":{"uv":[4.15625,0.84375,4.34375,1.625],"rotation":0,"texture":"#0","tintindex":0},"south":{"uv":[4.375,0.84375,4.5625,1.625],"rotation":0,"texture":"#0","tintindex":0},"up":{"uv":[4.34375,0.84375,4.15625,0.8125],"rotation":0,"texture":"#0","tintindex":0},"west":{"uv":[4.34375,0.84375,4.375,1.625],"rotation":0,"texture":"#0","tintindex":0}}},{"name":"feather","from":[28.399998,-6.249999,7.4],"to":[32.0,7.4,8.0],"rotation":{"angle":45.0,"axis":"z","origin":[30.2,7.4,7.7]},"faces":{"down":{"uv":[8.28125,2.25,8.09375,2.28125],"rotation":0,"texture":"#0","tintindex":0},"east":{"uv":[7.875,2.28125,7.90625,2.96875],"rotation":0,"texture":"#0","tintindex":0},"north":{"uv":[7.90625,2.28125,8.09375,2.96875],"rotation":0,"texture":"#0","tintindex":0},"south":{"uv":[8.125,2.28125,8.3125,2.96875],"rotation":0,"texture":"#0","tintindex":0},"up":{"uv":[8.09375,2.28125,7.90625,2.25],"rotation":0,"texture":"#0","tintindex":0},"west":{"uv":[8.09375,2.28125,8.125,2.96875],"rotation":0,"texture":"#0","tintindex":0}}},{"name":"feather","from":[25.399998,-6.3999996,7.4],"to":[29.0,7.4,8.0],"rotation":{"angle":22.5,"axis":"z","origin":[27.199997,7.4,7.7]},"faces":{"down":{"uv":[6.53125,6.34375,6.34375,6.375],"rotation":0,"texture":"#0","tintindex":0},"east":{"uv":[6.125,6.375,6.15625,7.09375],"rotation":0,"texture":"#0","tintindex":0},"north":{"uv":[6.15625,6.375,6.34375,7.09375],"rotation":0,"texture":"#0","tintindex":0},"south":{"uv":[6.375,6.375,6.5625,7.09375],"rotation":0,"texture":"#0","tintindex":0},"up":{"uv":[6.34375,6.375,6.15625,6.34375],"rotation":0,"texture":"#0","tintindex":0},"west":{"uv":[6.34375,6.375,6.375,7.09375],"rotation":0,"texture":"#0","tintindex":0}}},{"name":"feather","from":[23.0,-6.3999996,7.4],"to":[26.599998,7.4,8.0],"rotation":{"angle":0.0,"axis":"x","origin":[23.599998,7.4,7.7]},"faces":{"down":{"uv":[6.09375,6.34375,5.90625,6.375],"rotation":0,"texture":"#0","tintindex":0},"east":{"uv":[5.6875,6.375,5.71875,7.09375],"rotation":0,"texture":"#0","tintindex":0},"north":{"uv":[5.71875,6.375,5.90625,7.09375],"rotation":0,"texture":"#0","tintindex":0},"south":{"uv":[5.9375,6.375,6.125,7.09375],"rotation":0,"texture":"#0","tintindex":0},"up":{"uv":[5.90625,6.375,5.71875,6.34375],"rotation":0,"texture":"#0","tintindex":0},"west":{"uv":[5.90625,6.375,5.9375,7.09375],"rotation":0,"texture":"#0","tintindex":0}}},{"name":"feather","from":[18.199997,-6.3999996,7.4],"to":[21.8,7.4,8.0],"rotation":{"angle":0.0,"axis":"x","origin":[20.0,7.4,7.7]},"faces":{"down":{"uv":[5.65625,6.34375,5.46875,6.375],"rotation":0,"texture":"#0","tintindex":0},"east":{"uv":[5.25,6.375,5.28125,7.09375],"rotation":0,"texture":"#0","tintindex":0},"north":{"uv":[5.28125,6.375,5.46875,7.09375],"rotation":0,"texture":"#0","tintindex":0},"south":{"uv":[5.5,6.375,5.6875,7.09375],"rotation":0,"texture":"#0","tintindex":0},"up":{"uv":[5.46875,6.375,5.28125,6.34375],"rotation":0,"texture":"#0","tintindex":0},"west":{"uv":[5.46875,6.375,5.5,7.09375],"rotation":0,"texture":"#0","tintindex":0}}},{"name":"feather","from":[24.199997,-8.2,8.0],"to":[27.8,7.4,8.6],"rotation":{"angle":45.0,"axis":"z","origin":[26.0,7.4,8.3]},"faces":{"down":{"uv":[0.40625,3.0,0.21875,3.03125],"rotation":0,"texture":"#0","tintindex":0},"east":{"uv":[0.0,3.03125,0.03125,3.84375],"rotation":0,"texture":"#0","tintindex":0},"north":{"uv":[0.03125,3.03125,0.21875,3.84375],"rotation":0,"texture":"#0","tintindex":0},"south":{"uv":[0.25,3.03125,0.4375,3.84375],"rotation":0,"texture":"#0","tintindex":0},"up":{"uv":[0.21875,3.03125,0.03125,3.0],"rotation":0,"texture":"#0","tintindex":0},"west":{"uv":[0.21875,3.03125,0.25,3.84375],"rotation":0,"texture":"#0","tintindex":0}}},{"name":"feather","from":[21.8,-7.5999994,8.0],"to":[25.399998,7.4,8.6],"rotation":{"angle":22.5,"axis":"z","origin":[22.399998,7.4,8.3]},"faces":{"down":{"uv":[4.53125,0.0,4.34375,0.03125],"rotation":0,"texture":"#0","tintindex":0},"east":{"uv":[4.125,0.03125,4.15625,0.8125],"rotation":0,"texture":"#0","tintindex":0},"north":{"uv":[4.15625,0.03125,4.34375,0.8125],"rotation":0,"texture":"#0","tintindex":0},"south":{"uv":[4.375,0.03125,4.5625,0.8125],"rotation":0,"texture":"#0","tintindex":0},"up":{"uv":[4.34375,0.03125,4.15625,0.0],"rotation":0,"texture":"#0","tintindex":0},"west":{"uv":[4.34375,0.03125,4.375,0.8125],"rotation":0,"texture":"#0","tintindex":0}}},{"name":"feather","from":[20.599998,-6.999999,8.0],"to":[24.199997,7.4,8.6],"rotation":{"angle":0.0,"axis":"x","origin":[18.8,7.4,8.3]},"faces":{"down":{"uv":[0.40625,5.5,0.21875,5.53125],"rotation":0,"texture":"#0","tintindex":0},"east":{"uv":[0.0,5.53125,0.03125,6.28125],"rotation":0,"texture":"#0","tintindex":0},"north":{"uv":[0.03125,5.53125,0.21875,6.28125],"rotation":0,"texture":"#0","tintindex":0},"south":{"uv":[0.25,5.53125,0.4375,6.28125],"rotation":0,"texture":"#0","tintindex":0},"up":{"uv":[0.21875,5.53125,0.03125,5.5],"rotation":0,"texture":"#0","tintindex":0},"west":{"uv":[0.21875,5.53125,0.25,6.28125],"rotation":0,"texture":"#0","tintindex":0}}}],"display":{"head":{"translation":[20.279322,-6.4,0.0],"rotation":[0.0,0.0,0.0],"scale":[3.8095,3.8095,3.8095]}}}