{"textures":{"0":"modelengine:entity/texture"},"elements":[{"name":"cube","from":[4.3999996,4.3999996,4.3999996],"to":[11.6,11.6,11.6],"rotation":{"angle":0.0,"axis":"x","origin":[8.0,8.0,8.0]},"faces":{"down":{"uv":[1.125,2.25,0.75,2.625],"rotation":0,"texture":"#0","tintindex":0},"east":{"uv":[0.0,2.625,0.375,3.0],"rotation":0,"texture":"#0","tintindex":0},"north":{"uv":[0.375,2.625,0.75,3.0],"rotation":0,"texture":"#0","tintindex":0},"south":{"uv":[1.125,2.625,1.5,3.0],"rotation":0,"texture":"#0","tintindex":0},"up":{"uv":[0.75,2.625,0.375,2.25],"rotation":0,"texture":"#0","tintindex":0},"west":{"uv":[0.75,2.625,1.125,3.0],"rotation":0,"texture":"#0","tintindex":0}}}],"display":{"head":{"translation":[0.0,-6.4,0.0],"rotation":[0.0,0.0,0.0],"scale":[3.8095,3.8095,3.8095]}}}