{"textures":{"0":"modelengine:entity/texture"},"elements":[{"name":"cube","from":[6.2,6.2,6.2],"to":[9.8,9.8,9.8],"rotation":{"angle":0.0,"axis":"x","origin":[8.0,8.0,8.0]},"faces":{"down":{"uv":[8.875,7.5625,8.6875,7.75],"rotation":0,"texture":"#0","tintindex":0},"east":{"uv":[8.3125,7.75,8.5,7.9375],"rotation":0,"texture":"#0","tintindex":0},"north":{"uv":[8.5,7.75,8.6875,7.9375],"rotation":0,"texture":"#0","tintindex":0},"south":{"uv":[8.875,7.75,9.0625,7.9375],"rotation":0,"texture":"#0","tintindex":0},"up":{"uv":[8.6875,7.75,8.5,7.5625],"rotation":0,"texture":"#0","tintindex":0},"west":{"uv":[8.6875,7.75,8.875,7.9375],"rotation":0,"texture":"#0","tintindex":0}}}],"display":{"head":{"translation":[0.0,-6.4,0.0],"rotation":[0.0,0.0,0.0],"scale":[3.8095,3.8095,3.8095]}}}