{"textures":{"0":"modelengine:entity/shadow_freddy","1":"modelengine:entity/microphone"},"elements":[{"name":"armleft","from":[7.79,4.0999994,7.88],"to":[8.15,8.059999,8.24],"rotation":{"angle":0.0,"axis":"x","origin":[11.3,-7.6000004,8.0]},"faces":{"down":{"uv":[4.0,5.5,4.2,5.75],"rotation":0,"texture":"#0","tintindex":0},"east":{"uv":[4.2,5.75,4.0,7.5],"rotation":0,"texture":"#0","tintindex":0},"north":{"uv":[4.0,5.75,3.8,7.5],"rotation":0,"texture":"#0","tintindex":0},"south":{"uv":[4.4,5.75,4.2,7.5],"rotation":0,"texture":"#0","tintindex":0},"up":{"uv":[3.8,5.75,4.0,5.5],"rotation":0,"texture":"#0","tintindex":0},"west":{"uv":[3.8,5.75,3.6,7.5],"rotation":0,"texture":"#0","tintindex":0}}},{"name":"armleft","from":[6.71,4.6100006,6.8],"to":[9.23,7.7300005,9.32],"rotation":{"angle":0.0,"axis":"x","origin":[11.3,-7.6000004,8.0]},"faces":{"down":{"uv":[14.4,0.0,15.2,1.0],"rotation":0,"texture":"#0","tintindex":0},"east":{"uv":[15.2,1.0,14.4,2.25],"rotation":0,"texture":"#0","tintindex":0},"north":{"uv":[14.4,1.0,13.6,2.25],"rotation":0,"texture":"#0","tintindex":0},"south":{"uv":[16.0,1.0,15.2,2.25],"rotation":0,"texture":"#0","tintindex":0},"up":{"uv":[13.6,1.0,14.4,0.0],"rotation":0,"texture":"#0","tintindex":0},"west":{"uv":[13.6,1.0,12.8,2.25],"rotation":0,"texture":"#0","tintindex":0}}},{"name":"armleft","from":[7.37,4.5200005,7.46],"to":[8.57,7.5200005,8.66],"rotation":{"angle":0.0,"axis":"x","origin":[11.3,-7.6000004,8.0]},"faces":{"down":{"uv":[3.2,3.5,3.6,4.0],"rotation":0,"texture":"#0","tintindex":0},"east":{"uv":[3.6,4.0,3.2,5.25],"rotation":0,"texture":"#0","tintindex":0},"north":{"uv":[3.2,4.0,2.8,5.25],"rotation":0,"texture":"#0","tintindex":0},"south":{"uv":[4.0,4.0,3.6,5.25],"rotation":0,"texture":"#0","tintindex":0},"up":{"uv":[2.8,4.0,3.2,3.5],"rotation":0,"texture":"#0","tintindex":0},"west":{"uv":[2.8,4.0,2.4,5.25],"rotation":0,"texture":"#0","tintindex":0}}}],"display":{"head":{"translation":[0.0,-6.4,0.0],"rotation":[0.0,0.0,0.0],"scale":[3.8095,3.8095,3.8095]}}}