{"textures":{"0":"modelengine:entity/shadow_freddy","1":"modelengine:entity/microphone"},"elements":[{"name":"armright","from":[7.85,4.0999994,7.88],"to":[8.21,8.059999,8.24],"rotation":{"angle":0.0,"axis":"x","origin":[4.7,-7.6000004,8.0]},"faces":{"down":{"uv":[4.2,5.5,4.0,5.75],"rotation":0,"texture":"#0","tintindex":0},"east":{"uv":[3.6,5.75,3.8,7.5],"rotation":0,"texture":"#0","tintindex":0},"north":{"uv":[3.8,5.75,4.0,7.5],"rotation":0,"texture":"#0","tintindex":0},"south":{"uv":[4.2,5.75,4.4,7.5],"rotation":0,"texture":"#0","tintindex":0},"up":{"uv":[4.0,5.75,3.8,5.5],"rotation":0,"texture":"#0","tintindex":0},"west":{"uv":[4.0,5.75,4.2,7.5],"rotation":0,"texture":"#0","tintindex":0}}},{"name":"armright","from":[6.7699995,4.6100006,6.8],"to":[9.29,7.7300005,9.32],"rotation":{"angle":0.0,"axis":"x","origin":[4.7,-7.6000004,8.0]},"faces":{"down":{"uv":[15.2,2.25,14.4,3.25],"rotation":0,"texture":"#0","tintindex":0},"east":{"uv":[12.8,3.25,13.6,4.5],"rotation":0,"texture":"#0","tintindex":0},"north":{"uv":[13.6,3.25,14.4,4.5],"rotation":0,"texture":"#0","tintindex":0},"south":{"uv":[15.2,3.25,16.0,4.5],"rotation":0,"texture":"#0","tintindex":0},"up":{"uv":[14.4,3.25,13.6,2.25],"rotation":0,"texture":"#0","tintindex":0},"west":{"uv":[14.4,3.25,15.2,4.5],"rotation":0,"texture":"#0","tintindex":0}}},{"name":"armright","from":[7.4300003,4.5200005,7.46],"to":[8.63,7.5200005,8.66],"rotation":{"angle":0.0,"axis":"x","origin":[4.7,-7.6000004,8.0]},"faces":{"down":{"uv":[3.6,3.5,3.2,4.0],"rotation":0,"texture":"#0","tintindex":0},"east":{"uv":[2.4,4.0,2.8,5.25],"rotation":0,"texture":"#0","tintindex":0},"north":{"uv":[2.8,4.0,3.2,5.25],"rotation":0,"texture":"#0","tintindex":0},"south":{"uv":[3.6,4.0,4.0,5.25],"rotation":0,"texture":"#0","tintindex":0},"up":{"uv":[3.2,4.0,2.8,3.5],"rotation":0,"texture":"#0","tintindex":0},"west":{"uv":[3.2,4.0,3.6,5.25],"rotation":0,"texture":"#0","tintindex":0}}}],"display":{"head":{"translation":[0.0,-6.4,0.0],"rotation":[0.0,0.0,0.0],"scale":[3.8095,3.8095,3.8095]}}}