{"textures":{"0":"modelengine:entity/shadow_freddy","1":"modelengine:entity/microphone"},"elements":[{"name":"body","from":[5.3,11.45,6.8],"to":[10.700001,13.85,9.2],"rotation":{"angle":0.0,"axis":"x","origin":[8.0,-2.8000002,8.0]},"faces":{"down":{"uv":[10.4,9.75,8.6,10.75],"rotation":0,"texture":"#0","tintindex":0},"east":{"uv":[6.0,10.75,6.8,11.75],"rotation":0,"texture":"#0","tintindex":0},"north":{"uv":[6.8,10.75,8.6,11.75],"rotation":0,"texture":"#0","tintindex":0},"south":{"uv":[9.4,10.75,11.2,11.75],"rotation":0,"texture":"#0","tintindex":0},"up":{"uv":[8.6,10.75,6.8,9.75],"rotation":0,"texture":"#0","tintindex":0},"west":{"uv":[8.6,10.75,9.4,11.75],"rotation":0,"texture":"#0","tintindex":0}}},{"name":"body","from":[5.0,8.24,6.5],"to":[11.0,11.84,9.5],"rotation":{"angle":0.0,"axis":"x","origin":[8.0,-2.8000002,8.0]},"faces":{"down":{"uv":[10.0,7.0,8.0,8.25],"rotation":0,"texture":"#0","tintindex":0},"east":{"uv":[5.0,8.25,6.0,9.75],"rotation":0,"texture":"#0","tintindex":0},"north":{"uv":[6.0,8.25,8.0,9.75],"rotation":0,"texture":"#0","tintindex":0},"south":{"uv":[9.0,8.25,11.0,9.75],"rotation":0,"texture":"#0","tintindex":0},"up":{"uv":[8.0,8.25,6.0,7.0],"rotation":0,"texture":"#0","tintindex":0},"west":{"uv":[8.0,8.25,9.0,9.75],"rotation":0,"texture":"#0","tintindex":0}}},{"name":"body","from":[6.5,12.170001,6.6499996],"to":[9.5,13.370001,6.6499996],"rotation":{"angle":0.0,"axis":"x","origin":[8.0,-2.8000002,8.0]},"faces":{"down":{"uv":[6.8,12.5,5.8,12.5],"rotation":0,"texture":"#0","tintindex":0},"east":{"uv":[4.8,12.5,4.8,13.0],"rotation":0,"texture":"#0","tintindex":0},"north":{"uv":[4.8,12.5,5.8,13.0],"rotation":0,"texture":"#0","tintindex":0},"south":{"uv":[5.8,12.5,6.8,13.0],"rotation":0,"texture":"#0","tintindex":0},"up":{"uv":[5.8,12.5,4.8,12.5],"rotation":0,"texture":"#0","tintindex":0},"west":{"uv":[5.8,12.5,5.8,13.0],"rotation":0,"texture":"#0","tintindex":0}}},{"name":"body","from":[6.5,10.85,7.7599998],"to":[9.5,11.45,8.360001],"rotation":{"angle":0.0,"axis":"x","origin":[8.0,-2.8000002,8.0]},"faces":{"down":{"uv":[5.8,3.5,4.8,3.75],"rotation":0,"texture":"#0","tintindex":0},"east":{"uv":[3.6,3.75,3.8,4.0],"rotation":0,"texture":"#0","tintindex":0},"north":{"uv":[3.8,3.75,4.8,4.0],"rotation":0,"texture":"#0","tintindex":0},"south":{"uv":[5.0,3.75,6.0,4.0],"rotation":0,"texture":"#0","tintindex":0},"up":{"uv":[4.8,3.75,3.8,3.5],"rotation":0,"texture":"#0","tintindex":0},"west":{"uv":[4.8,3.75,5.0,4.0],"rotation":0,"texture":"#0","tintindex":0}}},{"name":"body","from":[7.37,9.26,7.37],"to":[8.63,9.92,8.63],"rotation":{"angle":0.0,"axis":"x","origin":[8.0,-2.8000002,8.0]},"faces":{"down":{"uv":[4.4,7.5,4.0,8.0],"rotation":0,"texture":"#0","tintindex":0},"east":{"uv":[3.2,8.0,3.6,8.25],"rotation":0,"texture":"#0","tintindex":0},"north":{"uv":[3.6,8.0,4.0,8.25],"rotation":0,"texture":"#0","tintindex":0},"south":{"uv":[4.4,8.0,4.8,8.25],"rotation":0,"texture":"#0","tintindex":0},"up":{"uv":[4.0,8.0,3.6,7.5],"rotation":0,"texture":"#0","tintindex":0},"west":{"uv":[4.0,8.0,4.4,8.25],"rotation":0,"texture":"#0","tintindex":0}}},{"name":"body","from":[6.2,8.0,8.0],"to":[9.8,12.8,8.0],"rotation":{"angle":0.0,"axis":"x","origin":[8.0,-2.8000002,8.0]},"faces":{"down":{"uv":[2.4,0.0,1.2,0.0],"rotation":0,"texture":"#0","tintindex":0},"east":{"uv":[0.0,0.0,0.0,2.0],"rotation":0,"texture":"#0","tintindex":0},"north":{"uv":[0.0,0.0,1.2,2.0],"rotation":0,"texture":"#0","tintindex":0},"south":{"uv":[1.2,0.0,2.4,2.0],"rotation":0,"texture":"#0","tintindex":0},"up":{"uv":[1.2,0.0,0.0,0.0],"rotation":0,"texture":"#0","tintindex":0},"west":{"uv":[1.2,0.0,1.2,2.0],"rotation":0,"texture":"#0","tintindex":0}}},{"name":"body","from":[5.8399997,12.56,7.46],"to":[6.3199997,13.64,8.54],"rotation":{"angle":0.0,"axis":"x","origin":[8.0,-2.8000002,8.0]},"faces":{"down":{"uv":[0.8,6.25,0.6,6.75],"rotation":0,"texture":"#0","tintindex":0},"east":{"uv":[0.0,6.75,0.4,7.25],"rotation":0,"texture":"#0","tintindex":0},"north":{"uv":[0.4,6.75,0.6,7.25],"rotation":0,"texture":"#0","tintindex":0},"south":{"uv":[1.0,6.75,1.2,7.25],"rotation":0,"texture":"#0","tintindex":0},"up":{"uv":[0.6,6.75,0.4,6.25],"rotation":0,"texture":"#0","tintindex":0},"west":{"uv":[0.6,6.75,1.0,7.25],"rotation":0,"texture":"#0","tintindex":0}}},{"name":"body","from":[10.940001,12.5,7.7],"to":[11.54,13.1,8.3],"rotation":{"angle":0.0,"axis":"x","origin":[8.0,-2.8000002,8.0]},"faces":{"down":{"uv":[6.4,1.25,6.2,1.5],"rotation":0,"texture":"#0","tintindex":0},"east":{"uv":[5.8,1.5,6.0,1.75],"rotation":0,"texture":"#0","tintindex":0},"north":{"uv":[6.0,1.5,6.2,1.75],"rotation":0,"texture":"#0","tintindex":0},"south":{"uv":[6.4,1.5,6.6,1.75],"rotation":0,"texture":"#0","tintindex":0},"up":{"uv":[6.2,1.5,6.0,1.25],"rotation":0,"texture":"#0","tintindex":0},"west":{"uv":[6.2,1.5,6.4,1.75],"rotation":0,"texture":"#0","tintindex":0}}},{"name":"body","from":[4.9399996,12.62,7.8199997],"to":[5.8999996,12.98,8.18],"rotation":{"angle":0.0,"axis":"x","origin":[8.0,-2.8000002,8.0]},"faces":{"down":{"uv":[5.8,1.5,5.4,1.75],"rotation":0,"texture":"#0","tintindex":0},"east":{"uv":[4.8,1.75,5.0,2.0],"rotation":0,"texture":"#0","tintindex":0},"north":{"uv":[5.0,1.75,5.4,2.0],"rotation":0,"texture":"#0","tintindex":0},"south":{"uv":[5.6,1.75,6.0,2.0],"rotation":0,"texture":"#0","tintindex":0},"up":{"uv":[5.4,1.75,5.0,1.5],"rotation":0,"texture":"#0","tintindex":0},"west":{"uv":[5.4,1.75,5.6,2.0],"rotation":0,"texture":"#0","tintindex":0}}},{"name":"body","from":[10.1,12.62,7.8199997],"to":[11.06,12.98,8.18],"rotation":{"angle":0.0,"axis":"x","origin":[8.0,-2.8000002,8.0]},"faces":{"down":{"uv":[5.2,0.0,4.8,0.25],"rotation":0,"texture":"#0","tintindex":0},"east":{"uv":[4.2,0.25,4.4,0.5],"rotation":0,"texture":"#0","tintindex":0},"north":{"uv":[4.4,0.25,4.8,0.5],"rotation":0,"texture":"#0","tintindex":0},"south":{"uv":[5.0,0.25,5.4,0.5],"rotation":0,"texture":"#0","tintindex":0},"up":{"uv":[4.8,0.25,4.4,0.0],"rotation":0,"texture":"#0","tintindex":0},"west":{"uv":[4.8,0.25,5.0,0.5],"rotation":0,"texture":"#0","tintindex":0}}},{"name":"body_r1","from":[23.219864,15.25386,7.1],"to":[24.419865,16.453861,8.9],"rotation":{"angle":45.0,"axis":"z","origin":[20.279865,-0.64613986,8.0]},"faces":{"down":{"uv":[4.0,13.0,4.4,13.75],"rotation":0,"texture":"#0","tintindex":0},"east":{"uv":[4.6,13.75,4.0,14.25],"rotation":0,"texture":"#0","tintindex":0},"north":{"uv":[4.0,13.75,3.6,14.25],"rotation":0,"texture":"#0","tintindex":0},"south":{"uv":[5.0,13.75,4.6,14.25],"rotation":0,"texture":"#0","tintindex":0},"up":{"uv":[3.6,13.75,4.0,13.0],"rotation":0,"texture":"#0","tintindex":0},"west":{"uv":[3.6,13.75,3.0,14.25],"rotation":0,"texture":"#0","tintindex":0}}},{"name":"body_r2","from":[-8.419866,15.25386,7.1],"to":[-7.219866,16.453861,8.9],"rotation":{"angle":-45.0,"axis":"z","origin":[-4.2798657,-0.64613986,8.0]},"faces":{"down":{"uv":[4.4,13.0,4.0,13.75],"rotation":0,"texture":"#0","tintindex":0},"east":{"uv":[3.0,13.75,3.6,14.25],"rotation":0,"texture":"#0","tintindex":0},"north":{"uv":[3.6,13.75,4.0,14.25],"rotation":0,"texture":"#0","tintindex":0},"south":{"uv":[4.6,13.75,5.0,14.25],"rotation":0,"texture":"#0","tintindex":0},"up":{"uv":[4.0,13.75,3.6,13.0],"rotation":0,"texture":"#0","tintindex":0},"west":{"uv":[4.0,13.75,4.6,14.25],"rotation":0,"texture":"#0","tintindex":0}}},{"name":"legs","from":[6.56,7.16,7.7599998],"to":[9.440001,7.64,8.24],"rotation":{"angle":0.0,"axis":"x","origin":[8.0,-2.8000002,8.0]},"faces":{"down":{"uv":[2.2,4.75,1.2,5.0],"rotation":0,"texture":"#0","tintindex":0},"east":{"uv":[0.0,5.0,0.2,5.25],"rotation":0,"texture":"#0","tintindex":0},"north":{"uv":[0.2,5.0,1.2,5.25],"rotation":0,"texture":"#0","tintindex":0},"south":{"uv":[1.4,5.0,2.4,5.25],"rotation":0,"texture":"#0","tintindex":0},"up":{"uv":[1.2,5.0,0.2,4.75],"rotation":0,"texture":"#0","tintindex":0},"west":{"uv":[1.2,5.0,1.4,5.25],"rotation":0,"texture":"#0","tintindex":0}}},{"name":"legs","from":[7.1,6.38,6.8],"to":[8.9,6.9799995,9.2],"rotation":{"angle":0.0,"axis":"x","origin":[8.0,-2.8000002,8.0]},"faces":{"down":{"uv":[8.0,5.0,7.4,6.0],"rotation":0,"texture":"#0","tintindex":0},"east":{"uv":[6.0,6.0,6.8,6.25],"rotation":0,"texture":"#0","tintindex":0},"north":{"uv":[6.8,6.0,7.4,6.25],"rotation":0,"texture":"#0","tintindex":0},"south":{"uv":[8.2,6.0,8.8,6.25],"rotation":0,"texture":"#0","tintindex":0},"up":{"uv":[7.4,6.0,6.8,5.0],"rotation":0,"texture":"#0","tintindex":0},"west":{"uv":[7.4,6.0,8.2,6.25],"rotation":0,"texture":"#0","tintindex":0}}},{"name":"legs","from":[5.0,6.9799995,6.5],"to":[11.0,8.179999,9.5],"rotation":{"angle":0.0,"axis":"x","origin":[8.0,-2.8000002,8.0]},"faces":{"down":{"uv":[11.0,3.25,9.0,4.5],"rotation":0,"texture":"#0","tintindex":0},"east":{"uv":[6.0,4.5,7.0,5.0],"rotation":0,"texture":"#0","tintindex":0},"north":{"uv":[7.0,4.5,9.0,5.0],"rotation":0,"texture":"#0","tintindex":0},"south":{"uv":[10.0,4.5,12.0,5.0],"rotation":0,"texture":"#0","tintindex":0},"up":{"uv":[9.0,4.5,7.0,3.25],"rotation":0,"texture":"#0","tintindex":0},"west":{"uv":[9.0,4.5,10.0,5.0],"rotation":0,"texture":"#0","tintindex":0}}}],"display":{"head":{"translation":[0.0,-6.4,0.0],"rotation":[0.0,0.0,0.0],"scale":[3.8095,3.8095,3.8095]}}}