{"textures":{"0":"modelengine:entity/shadow_freddy","1":"modelengine:entity/microphone"},"elements":[{"name":"downleftarm","from":[7.58,5.0,7.58],"to":[8.42,7.6400003,8.42],"rotation":{"angle":0.0,"axis":"x","origin":[11.3,-3.7000003,8.0]},"faces":{"down":{"uv":[1.6,6.5,1.8,6.75],"rotation":0,"texture":"#0","tintindex":0},"east":{"uv":[1.8,6.75,1.6,7.75],"rotation":0,"texture":"#0","tintindex":0},"north":{"uv":[1.6,6.75,1.4,7.75],"rotation":0,"texture":"#0","tintindex":0},"south":{"uv":[2.0,6.75,1.8,7.75],"rotation":0,"texture":"#0","tintindex":0},"up":{"uv":[1.4,6.75,1.6,6.5],"rotation":0,"texture":"#0","tintindex":0},"west":{"uv":[1.4,6.75,1.2,7.75],"rotation":0,"texture":"#0","tintindex":0}}},{"name":"downleftarm","from":[6.98,6.200001,6.98],"to":[9.02,8.24,9.02],"rotation":{"angle":0.0,"axis":"x","origin":[11.3,-3.7000003,8.0]},"faces":{"down":{"uv":[14.8,6.0,15.4,6.75],"rotation":0,"texture":"#0","tintindex":0},"east":{"uv":[15.4,6.75,14.8,7.5],"rotation":0,"texture":"#0","tintindex":0},"north":{"uv":[14.8,6.75,14.2,7.5],"rotation":0,"texture":"#0","tintindex":0},"south":{"uv":[16.0,6.75,15.4,7.5],"rotation":0,"texture":"#0","tintindex":0},"up":{"uv":[14.2,6.75,14.8,6.0],"rotation":0,"texture":"#0","tintindex":0},"west":{"uv":[14.2,6.75,13.6,7.5],"rotation":0,"texture":"#0","tintindex":0}}},{"name":"downleftarm","from":[7.16,5.18,7.16],"to":[8.84,6.26,8.84],"rotation":{"angle":0.0,"axis":"x","origin":[11.3,-3.7000003,8.0]},"faces":{"down":{"uv":[9.2,13.25,9.8,14.0],"rotation":0,"texture":"#0","tintindex":0},"east":{"uv":[9.8,14.0,9.2,14.5],"rotation":0,"texture":"#0","tintindex":0},"north":{"uv":[9.2,14.0,8.6,14.5],"rotation":0,"texture":"#0","tintindex":0},"south":{"uv":[10.4,14.0,9.8,14.5],"rotation":0,"texture":"#0","tintindex":0},"up":{"uv":[8.6,14.0,9.2,13.25],"rotation":0,"texture":"#0","tintindex":0},"west":{"uv":[8.6,14.0,8.0,14.5],"rotation":0,"texture":"#0","tintindex":0}}},{"name":"downleftarm","from":[7.7,7.5799994,7.7],"to":[8.3,8.179999,8.3],"rotation":{"angle":0.0,"axis":"x","origin":[11.3,-3.7000003,8.0]},"faces":{"down":{"uv":[6.4,1.25,6.2,1.5],"rotation":0,"texture":"#0","tintindex":0},"east":{"uv":[5.8,1.5,6.0,1.75],"rotation":0,"texture":"#0","tintindex":0},"north":{"uv":[6.0,1.5,6.2,1.75],"rotation":0,"texture":"#0","tintindex":0},"south":{"uv":[6.4,1.5,6.6,1.75],"rotation":0,"texture":"#0","tintindex":0},"up":{"uv":[6.2,1.5,6.0,1.25],"rotation":0,"texture":"#0","tintindex":0},"west":{"uv":[6.2,1.5,6.4,1.75],"rotation":0,"texture":"#0","tintindex":0}}},{"name":"fingerright11_r","from":[6.915353,4.31,6.95313],"to":[7.5153527,4.91,8.15313],"rotation":{"angle":-22.5,"axis":"y","origin":[10.523813,-3.7000003,9.27627]},"faces":{"down":{"uv":[13.0,2.5,13.2,3.0],"rotation":0,"texture":"#0","tintindex":0},"east":{"uv":[13.4,3.0,13.0,3.25],"rotation":0,"texture":"#0","tintindex":0},"north":{"uv":[13.0,3.0,12.8,3.25],"rotation":0,"texture":"#0","tintindex":0},"south":{"uv":[13.6,3.0,13.4,3.25],"rotation":0,"texture":"#0","tintindex":0},"up":{"uv":[12.8,3.0,13.0,2.5],"rotation":0,"texture":"#0","tintindex":0},"west":{"uv":[12.8,3.0,12.4,3.25],"rotation":0,"texture":"#0","tintindex":0}}},{"name":"fingerleft6","from":[7.7,4.31,6.74],"to":[8.3,4.91,7.34],"rotation":{"angle":0.0,"axis":"x","origin":[11.3,-3.7000003,8.0]},"faces":{"down":{"uv":[15.6,0.0,15.8,0.25],"rotation":0,"texture":"#0","tintindex":0},"east":{"uv":[15.8,0.25,15.6,0.5],"rotation":0,"texture":"#0","tintindex":0},"north":{"uv":[15.6,0.25,15.4,0.5],"rotation":0,"texture":"#0","tintindex":0},"south":{"uv":[16.0,0.25,15.8,0.5],"rotation":0,"texture":"#0","tintindex":0},"up":{"uv":[15.4,0.25,15.6,0.0],"rotation":0,"texture":"#0","tintindex":0},"west":{"uv":[15.4,0.25,15.2,0.5],"rotation":0,"texture":"#0","tintindex":0}}},{"name":"fingerright10_r","from":[7.6658473,2.3527646,8.496857],"to":[8.265847,3.5527644,9.036858],"rotation":{"angle":0.0,"axis":"x","origin":[11.094307,4.512765,16.309998]},"faces":{"down":{"uv":[13.0,2.5,13.2,3.0],"rotation":0,"texture":"#0","tintindex":0},"east":{"uv":[13.4,3.0,13.0,3.25],"rotation":0,"texture":"#0","tintindex":0},"north":{"uv":[13.0,3.0,12.8,3.25],"rotation":0,"texture":"#0","tintindex":0},"south":{"uv":[13.6,3.0,13.4,3.25],"rotation":0,"texture":"#0","tintindex":0},"up":{"uv":[12.8,3.0,13.0,2.5],"rotation":0,"texture":"#0","tintindex":0},"west":{"uv":[12.8,3.0,12.4,3.25],"rotation":0,"texture":"#0","tintindex":0}}},{"name":"fingerleft4","from":[7.7,3.170026,8.480002],"to":[8.3,3.770026,9.080002],"rotation":{"angle":0.0,"axis":"x","origin":[11.3,3.1100264,16.310003]},"faces":{"down":{"uv":[15.6,0.0,15.8,0.25],"rotation":0,"texture":"#0","tintindex":0},"east":{"uv":[15.8,0.25,15.6,0.5],"rotation":0,"texture":"#0","tintindex":0},"north":{"uv":[15.6,0.25,15.4,0.5],"rotation":0,"texture":"#0","tintindex":0},"south":{"uv":[16.0,0.25,15.8,0.5],"rotation":0,"texture":"#0","tintindex":0},"up":{"uv":[15.4,0.25,15.6,0.0],"rotation":0,"texture":"#0","tintindex":0},"west":{"uv":[15.4,0.25,15.2,0.5],"rotation":0,"texture":"#0","tintindex":0}}},{"name":"fingerright9_r","from":[7.5889063,2.3725061,7.776854],"to":[8.188907,3.512506,8.256854],"rotation":{"angle":0.0,"axis":"x","origin":[10.777367,5.192506,15.559995]},"faces":{"down":{"uv":[13.0,2.5,13.2,3.0],"rotation":0,"texture":"#0","tintindex":0},"east":{"uv":[13.4,3.0,13.0,3.25],"rotation":0,"texture":"#0","tintindex":0},"north":{"uv":[13.0,3.0,12.8,3.25],"rotation":0,"texture":"#0","tintindex":0},"south":{"uv":[13.6,3.0,13.4,3.25],"rotation":0,"texture":"#0","tintindex":0},"up":{"uv":[12.8,3.0,13.0,2.5],"rotation":0,"texture":"#0","tintindex":0},"west":{"uv":[12.8,3.0,12.4,3.25],"rotation":0,"texture":"#0","tintindex":0}}},{"name":"fingerleft3","from":[7.7,3.200026,7.7],"to":[8.3,3.8000262,8.3],"rotation":{"angle":0.0,"axis":"x","origin":[11.3,3.8600264,15.56]},"faces":{"down":{"uv":[15.6,0.0,15.8,0.25],"rotation":0,"texture":"#0","tintindex":0},"east":{"uv":[15.8,0.25,15.6,0.5],"rotation":0,"texture":"#0","tintindex":0},"north":{"uv":[15.6,0.25,15.4,0.5],"rotation":0,"texture":"#0","tintindex":0},"south":{"uv":[16.0,0.25,15.8,0.5],"rotation":0,"texture":"#0","tintindex":0},"up":{"uv":[15.4,0.25,15.6,0.0],"rotation":0,"texture":"#0","tintindex":0},"west":{"uv":[15.4,0.25,15.2,0.5],"rotation":0,"texture":"#0","tintindex":0}}},{"name":"fingerright8_r","from":[7.631965,2.3322475,7.0568514],"to":[8.231965,3.5322475,7.5968513],"rotation":{"angle":0.0,"axis":"x","origin":[10.460424,5.8722477,14.809993]},"faces":{"down":{"uv":[13.0,2.5,13.2,3.0],"rotation":0,"texture":"#0","tintindex":0},"east":{"uv":[13.4,3.0,13.0,3.25],"rotation":0,"texture":"#0","tintindex":0},"north":{"uv":[13.0,3.0,12.8,3.25],"rotation":0,"texture":"#0","tintindex":0},"south":{"uv":[13.6,3.0,13.4,3.25],"rotation":0,"texture":"#0","tintindex":0},"up":{"uv":[12.8,3.0,13.0,2.5],"rotation":0,"texture":"#0","tintindex":0},"west":{"uv":[12.8,3.0,12.4,3.25],"rotation":0,"texture":"#0","tintindex":0}}},{"name":"fingerleft","from":[7.7,3.170026,6.979997],"to":[8.3,3.770026,7.579997],"rotation":{"angle":0.0,"axis":"x","origin":[11.3,4.6100264,14.809997]},"faces":{"down":{"uv":[15.6,0.0,15.8,0.25],"rotation":0,"texture":"#0","tintindex":0},"east":{"uv":[15.8,0.25,15.6,0.5],"rotation":0,"texture":"#0","tintindex":0},"north":{"uv":[15.6,0.25,15.4,0.5],"rotation":0,"texture":"#0","tintindex":0},"south":{"uv":[16.0,0.25,15.8,0.5],"rotation":0,"texture":"#0","tintindex":0},"up":{"uv":[15.4,0.25,15.6,0.0],"rotation":0,"texture":"#0","tintindex":0},"west":{"uv":[15.4,0.25,15.2,0.5],"rotation":0,"texture":"#0","tintindex":0}}},{"name":"handleft","from":[7.577,3.737,6.977],"to":[8.423,5.183,9.023],"rotation":{"angle":0.0,"axis":"x","origin":[11.3,-3.7000003,8.0]},"faces":{"down":{"uv":[11.8,3.0,12.0,3.75],"rotation":0,"texture":"#0","tintindex":0},"east":{"uv":[12.4,3.75,11.8,4.25],"rotation":0,"texture":"#0","tintindex":0},"north":{"uv":[11.8,3.75,11.6,4.25],"rotation":0,"texture":"#0","tintindex":0},"south":{"uv":[12.6,3.75,12.4,4.25],"rotation":0,"texture":"#0","tintindex":0},"up":{"uv":[11.6,3.75,11.8,3.0],"rotation":0,"texture":"#0","tintindex":0},"west":{"uv":[11.6,3.75,11.0,4.25],"rotation":0,"texture":"#0","tintindex":0}}}],"display":{"head":{"translation":[0.0,-6.4,0.0],"rotation":[0.0,0.0,0.0],"scale":[3.8095,3.8095,3.8095]}}}