{"textures":{"0":"modelengine:entity/shadow_freddy","1":"modelengine:entity/microphone"},"elements":[{"name":"downrightarm","from":[7.58,5.0,7.58],"to":[8.42,7.6400003,8.42],"rotation":{"angle":0.0,"axis":"x","origin":[4.7,-3.7000003,8.0]},"faces":{"down":{"uv":[1.8,6.5,1.6,6.75],"rotation":0,"texture":"#0","tintindex":0},"east":{"uv":[1.2,6.75,1.4,7.75],"rotation":0,"texture":"#0","tintindex":0},"north":{"uv":[1.4,6.75,1.6,7.75],"rotation":0,"texture":"#0","tintindex":0},"south":{"uv":[1.8,6.75,2.0,7.75],"rotation":0,"texture":"#0","tintindex":0},"up":{"uv":[1.6,6.75,1.4,6.5],"rotation":0,"texture":"#0","tintindex":0},"west":{"uv":[1.6,6.75,1.8,7.75],"rotation":0,"texture":"#0","tintindex":0}}},{"name":"downrightarm","from":[6.98,6.200001,6.98],"to":[9.02,8.24,9.02],"rotation":{"angle":0.0,"axis":"x","origin":[4.7,-3.7000003,8.0]},"faces":{"down":{"uv":[15.4,4.5,14.8,5.25],"rotation":0,"texture":"#0","tintindex":0},"east":{"uv":[13.6,5.25,14.2,6.0],"rotation":0,"texture":"#0","tintindex":0},"north":{"uv":[14.2,5.25,14.8,6.0],"rotation":0,"texture":"#0","tintindex":0},"south":{"uv":[15.4,5.25,16.0,6.0],"rotation":0,"texture":"#0","tintindex":0},"up":{"uv":[14.8,5.25,14.2,4.5],"rotation":0,"texture":"#0","tintindex":0},"west":{"uv":[14.8,5.25,15.4,6.0],"rotation":0,"texture":"#0","tintindex":0}}},{"name":"downrightarm","from":[7.16,5.18,7.16],"to":[8.84,6.26,8.84],"rotation":{"angle":0.0,"axis":"x","origin":[4.7,-3.7000003,8.0]},"faces":{"down":{"uv":[11.8,7.0,11.2,7.75],"rotation":0,"texture":"#0","tintindex":0},"east":{"uv":[10.0,7.75,10.6,8.25],"rotation":0,"texture":"#0","tintindex":0},"north":{"uv":[10.6,7.75,11.2,8.25],"rotation":0,"texture":"#0","tintindex":0},"south":{"uv":[11.8,7.75,12.4,8.25],"rotation":0,"texture":"#0","tintindex":0},"up":{"uv":[11.2,7.75,10.6,7.0],"rotation":0,"texture":"#0","tintindex":0},"west":{"uv":[11.2,7.75,11.8,8.25],"rotation":0,"texture":"#0","tintindex":0}}},{"name":"fingerleft11_r","from":[8.484647,4.31,6.95313],"to":[9.084647,4.91,8.15313],"rotation":{"angle":22.5,"axis":"y","origin":[5.4761877,-3.7000003,9.27627]},"faces":{"down":{"uv":[13.2,2.5,13.0,3.0],"rotation":0,"texture":"#0","tintindex":0},"east":{"uv":[12.4,3.0,12.8,3.25],"rotation":0,"texture":"#0","tintindex":0},"north":{"uv":[12.8,3.0,13.0,3.25],"rotation":0,"texture":"#0","tintindex":0},"south":{"uv":[13.4,3.0,13.6,3.25],"rotation":0,"texture":"#0","tintindex":0},"up":{"uv":[13.0,3.0,12.8,2.5],"rotation":0,"texture":"#0","tintindex":0},"west":{"uv":[13.0,3.0,13.4,3.25],"rotation":0,"texture":"#0","tintindex":0}}},{"name":"fingerright8","from":[7.7,4.31,6.74],"to":[8.3,4.91,7.34],"rotation":{"angle":0.0,"axis":"x","origin":[4.7,-3.7000003,8.0]},"faces":{"down":{"uv":[15.8,0.0,15.6,0.25],"rotation":0,"texture":"#0","tintindex":0},"east":{"uv":[15.2,0.25,15.4,0.5],"rotation":0,"texture":"#0","tintindex":0},"north":{"uv":[15.4,0.25,15.6,0.5],"rotation":0,"texture":"#0","tintindex":0},"south":{"uv":[15.8,0.25,16.0,0.5],"rotation":0,"texture":"#0","tintindex":0},"up":{"uv":[15.6,0.25,15.4,0.0],"rotation":0,"texture":"#0","tintindex":0},"west":{"uv":[15.6,0.25,15.8,0.5],"rotation":0,"texture":"#0","tintindex":0}}},{"name":"fingerleft10_r","from":[7.8541527,2.1127648,8.436857],"to":[8.454153,3.3727643,8.976856],"rotation":{"angle":0.0,"axis":"x","origin":[4.905692,4.512765,16.309998]},"faces":{"down":{"uv":[13.2,2.5,13.0,3.0],"rotation":0,"texture":"#0","tintindex":0},"east":{"uv":[12.4,3.0,12.8,3.25],"rotation":0,"texture":"#0","tintindex":0},"north":{"uv":[12.8,3.0,13.0,3.25],"rotation":0,"texture":"#0","tintindex":0},"south":{"uv":[13.4,3.0,13.6,3.25],"rotation":0,"texture":"#0","tintindex":0},"up":{"uv":[13.0,3.0,12.8,2.5],"rotation":0,"texture":"#0","tintindex":0},"west":{"uv":[13.0,3.0,13.4,3.25],"rotation":0,"texture":"#0","tintindex":0}}},{"name":"fingerright7","from":[7.7,3.170026,8.420003],"to":[8.3,3.770026,9.020002],"rotation":{"angle":0.0,"axis":"x","origin":[4.7,3.1100264,16.310003]},"faces":{"down":{"uv":[15.8,0.0,15.6,0.25],"rotation":0,"texture":"#0","tintindex":0},"east":{"uv":[15.2,0.25,15.4,0.5],"rotation":0,"texture":"#0","tintindex":0},"north":{"uv":[15.4,0.25,15.6,0.5],"rotation":0,"texture":"#0","tintindex":0},"south":{"uv":[15.8,0.25,16.0,0.5],"rotation":0,"texture":"#0","tintindex":0},"up":{"uv":[15.6,0.25,15.4,0.0],"rotation":0,"texture":"#0","tintindex":0},"west":{"uv":[15.6,0.25,15.8,0.5],"rotation":0,"texture":"#0","tintindex":0}}},{"name":"fingerleft9_r","from":[7.8110933,2.132506,7.716854],"to":[8.411094,3.3325057,8.3168545],"rotation":{"angle":0.0,"axis":"x","origin":[5.2226334,5.192506,15.559995]},"faces":{"down":{"uv":[13.2,2.5,13.0,3.0],"rotation":0,"texture":"#0","tintindex":0},"east":{"uv":[12.4,3.0,12.8,3.25],"rotation":0,"texture":"#0","tintindex":0},"north":{"uv":[12.8,3.0,13.0,3.25],"rotation":0,"texture":"#0","tintindex":0},"south":{"uv":[13.4,3.0,13.6,3.25],"rotation":0,"texture":"#0","tintindex":0},"up":{"uv":[13.0,3.0,12.8,2.5],"rotation":0,"texture":"#0","tintindex":0},"west":{"uv":[13.0,3.0,13.4,3.25],"rotation":0,"texture":"#0","tintindex":0}}},{"name":"fingerright5","from":[7.7,3.200026,7.7],"to":[8.3,3.8000262,8.3],"rotation":{"angle":0.0,"axis":"x","origin":[4.7,3.8600264,15.56]},"faces":{"down":{"uv":[15.8,0.0,15.6,0.25],"rotation":0,"texture":"#0","tintindex":0},"east":{"uv":[15.2,0.25,15.4,0.5],"rotation":0,"texture":"#0","tintindex":0},"north":{"uv":[15.4,0.25,15.6,0.5],"rotation":0,"texture":"#0","tintindex":0},"south":{"uv":[15.8,0.25,16.0,0.5],"rotation":0,"texture":"#0","tintindex":0},"up":{"uv":[15.6,0.25,15.4,0.0],"rotation":0,"texture":"#0","tintindex":0},"west":{"uv":[15.6,0.25,15.8,0.5],"rotation":0,"texture":"#0","tintindex":0}}},{"name":"fingerleft8_r","from":[7.8246465,2.1662989,6.9368525],"to":[8.424646,3.3662992,7.5368524],"rotation":{"angle":0.0,"axis":"x","origin":[5.4761868,5.736299,14.959992]},"faces":{"down":{"uv":[13.2,2.5,13.0,3.0],"rotation":0,"texture":"#0","tintindex":0},"east":{"uv":[12.4,3.0,12.8,3.25],"rotation":0,"texture":"#0","tintindex":0},"north":{"uv":[12.8,3.0,13.0,3.25],"rotation":0,"texture":"#0","tintindex":0},"south":{"uv":[13.4,3.0,13.6,3.25],"rotation":0,"texture":"#0","tintindex":0},"up":{"uv":[13.0,3.0,12.8,2.5],"rotation":0,"texture":"#0","tintindex":0},"west":{"uv":[13.0,3.0,13.4,3.25],"rotation":0,"texture":"#0","tintindex":0}}},{"name":"fingerright","from":[7.7,3.2300262,6.919998],"to":[8.3,3.8300261,7.519998],"rotation":{"angle":0.0,"axis":"x","origin":[4.7,4.4600263,14.959998]},"faces":{"down":{"uv":[15.8,0.0,15.6,0.25],"rotation":0,"texture":"#0","tintindex":0},"east":{"uv":[15.2,0.25,15.4,0.5],"rotation":0,"texture":"#0","tintindex":0},"north":{"uv":[15.4,0.25,15.6,0.5],"rotation":0,"texture":"#0","tintindex":0},"south":{"uv":[15.8,0.25,16.0,0.5],"rotation":0,"texture":"#0","tintindex":0},"up":{"uv":[15.6,0.25,15.4,0.0],"rotation":0,"texture":"#0","tintindex":0},"west":{"uv":[15.6,0.25,15.8,0.5],"rotation":0,"texture":"#0","tintindex":0}}},{"name":"handright","from":[7.577,3.737,6.977],"to":[8.423,5.183,9.023],"rotation":{"angle":0.0,"axis":"x","origin":[4.7,-3.7000003,8.0]},"faces":{"down":{"uv":[12.0,3.0,11.8,3.75],"rotation":0,"texture":"#0","tintindex":0},"east":{"uv":[11.0,3.75,11.6,4.25],"rotation":0,"texture":"#0","tintindex":0},"north":{"uv":[11.6,3.75,11.8,4.25],"rotation":0,"texture":"#0","tintindex":0},"south":{"uv":[12.4,3.75,12.6,4.25],"rotation":0,"texture":"#0","tintindex":0},"up":{"uv":[11.8,3.75,11.6,3.0],"rotation":0,"texture":"#0","tintindex":0},"west":{"uv":[11.8,3.75,12.4,4.25],"rotation":0,"texture":"#0","tintindex":0}}},{"name":"microphone","from":[7.31,3.185,6.38],"to":[7.91,3.785,8.6],"rotation":{"angle":0.0,"axis":"x","origin":[7.28,4.01,7.1]},"faces":{"down":{"uv":[1.0,5.75,0.0,2.0],"rotation":0,"texture":"#1","tintindex":0},"east":{"uv":[0.0,1.0,3.75,2.0],"rotation":0,"texture":"#1","tintindex":0},"north":{"uv":[6.0,2.0,7.0,3.0],"rotation":0,"texture":"#1","tintindex":0},"south":{"uv":[6.0,3.0,7.0,4.0],"rotation":0,"texture":"#1","tintindex":0},"up":{"uv":[1.0,5.75,0.0,2.0],"rotation":0,"texture":"#1","tintindex":0},"west":{"uv":[0.0,1.0,3.75,2.0],"rotation":0,"texture":"#1","tintindex":0}}},{"name":"microphone","from":[7.16,3.035,5.42],"to":[8.06,3.935,6.38],"rotation":{"angle":0.0,"axis":"x","origin":[7.28,4.01,7.1]},"faces":{"down":{"uv":[1.5,6.0,0.0,7.5],"rotation":0,"texture":"#1","tintindex":0},"east":{"uv":[4.0,0.0,5.5,1.5],"rotation":0,"texture":"#1","tintindex":0},"north":{"uv":[2.0,2.0,3.5,3.5],"rotation":0,"texture":"#1","tintindex":0},"south":{"uv":[2.0,4.0,3.5,5.5],"rotation":0,"texture":"#1","tintindex":0},"up":{"uv":[5.5,5.5,4.0,4.0],"rotation":0,"texture":"#1","tintindex":0},"west":{"uv":[4.0,2.0,5.5,3.5],"rotation":0,"texture":"#1","tintindex":0}}},{"name":"microphone","from":[7.1449995,3.0199997,5.81],"to":[8.075,3.9499998,5.99],"rotation":{"angle":0.0,"axis":"x","origin":[7.28,4.01,7.1]},"faces":{"down":{"uv":[8.5,2.0,7.0,2.25],"rotation":0,"texture":"#1","tintindex":0},"east":{"uv":[4.0,6.0,4.25,7.5],"rotation":0,"texture":"#1","tintindex":0},"north":{"uv":[6.0,0.0,7.5,1.5],"rotation":0,"texture":"#1","tintindex":0},"south":{"uv":[2.0,6.0,3.5,7.5],"rotation":0,"texture":"#1","tintindex":0},"up":{"uv":[6.5,6.25,5.0,6.0],"rotation":0,"texture":"#1","tintindex":0},"west":{"uv":[6.0,4.0,6.25,5.5],"rotation":0,"texture":"#1","tintindex":0}}}],"display":{"head":{"translation":[0.0,-6.4,0.0],"rotation":[0.0,0.0,0.0],"scale":[3.8095,3.8095,3.8095]}}}