{"textures":{"0":"modelengine:entity/shadow_freddy","1":"modelengine:entity/microphone"},"elements":[{"name":"downleftleg","from":[7.814,3.1699996,7.8199997],"to":[8.174,7.73,8.18],"rotation":{"angle":0.0,"axis":"x","origin":[9.5,2.4499998,8.0]},"faces":{"down":{"uv":[3.2,5.25,3.4,5.5],"rotation":0,"texture":"#0","tintindex":0},"east":{"uv":[3.4,5.5,3.2,7.5],"rotation":0,"texture":"#0","tintindex":0},"north":{"uv":[3.2,5.5,3.0,7.5],"rotation":0,"texture":"#0","tintindex":0},"south":{"uv":[3.6,5.5,3.4,7.5],"rotation":0,"texture":"#0","tintindex":0},"up":{"uv":[3.0,5.5,3.2,5.25],"rotation":0,"texture":"#0","tintindex":0},"west":{"uv":[3.0,5.5,2.8,7.5],"rotation":0,"texture":"#0","tintindex":0}}},{"name":"downleftleg","from":[7.694,7.73,7.7],"to":[8.294,8.33,8.3],"rotation":{"angle":0.0,"axis":"x","origin":[9.5,2.4499998,8.0]},"faces":{"down":{"uv":[6.4,1.25,6.2,1.5],"rotation":0,"texture":"#0","tintindex":0},"east":{"uv":[5.8,1.5,6.0,1.75],"rotation":0,"texture":"#0","tintindex":0},"north":{"uv":[6.0,1.5,6.2,1.75],"rotation":0,"texture":"#0","tintindex":0},"south":{"uv":[6.4,1.5,6.6,1.75],"rotation":0,"texture":"#0","tintindex":0},"up":{"uv":[6.2,1.5,6.0,1.25],"rotation":0,"texture":"#0","tintindex":0},"west":{"uv":[6.2,1.5,6.4,1.75],"rotation":0,"texture":"#0","tintindex":0}}},{"name":"downleftleg","from":[7.394,3.4399998,8.0],"to":[8.594,4.04,8.0],"rotation":{"angle":0.0,"axis":"x","origin":[9.5,2.4499998,8.0]},"faces":{"down":{"uv":[2.2,3.75,2.6,3.75],"rotation":0,"texture":"#0","tintindex":0},"east":{"uv":[2.2,3.75,2.2,4.0],"rotation":0,"texture":"#0","tintindex":0},"north":{"uv":[2.2,3.75,1.8,4.0],"rotation":0,"texture":"#0","tintindex":0},"south":{"uv":[2.6,3.75,2.2,4.0],"rotation":0,"texture":"#0","tintindex":0},"up":{"uv":[1.8,3.75,2.2,3.75],"rotation":0,"texture":"#0","tintindex":0},"west":{"uv":[1.8,3.75,1.8,4.0],"rotation":0,"texture":"#0","tintindex":0}}},{"name":"downleftleg","from":[7.394,3.4399998,7.7],"to":[7.394,4.04,8.3],"rotation":{"angle":0.0,"axis":"x","origin":[9.5,2.4499998,8.0]},"faces":{"down":{"uv":[0.2,3.0,0.2,3.25],"rotation":0,"texture":"#0","tintindex":0},"east":{"uv":[0.4,3.25,0.2,3.5],"rotation":0,"texture":"#0","tintindex":0},"north":{"uv":[0.2,3.25,0.2,3.5],"rotation":0,"texture":"#0","tintindex":0},"south":{"uv":[0.4,3.25,0.4,3.5],"rotation":0,"texture":"#0","tintindex":0},"up":{"uv":[0.2,3.25,0.2,3.0],"rotation":0,"texture":"#0","tintindex":0},"west":{"uv":[0.2,3.25,0.0,3.5],"rotation":0,"texture":"#0","tintindex":0}}},{"name":"downleftleg","from":[8.594,3.4399998,7.7],"to":[8.594,4.04,8.3],"rotation":{"angle":0.0,"axis":"x","origin":[9.5,2.4499998,8.0]},"faces":{"down":{"uv":[0.2,2.0,0.2,2.25],"rotation":0,"texture":"#0","tintindex":0},"east":{"uv":[0.0,2.25,0.2,2.5],"rotation":0,"texture":"#0","tintindex":0},"north":{"uv":[0.2,2.25,0.2,2.5],"rotation":0,"texture":"#0","tintindex":0},"south":{"uv":[0.4,2.25,0.4,2.5],"rotation":0,"texture":"#0","tintindex":0},"up":{"uv":[0.2,2.25,0.2,2.0],"rotation":0,"texture":"#0","tintindex":0},"west":{"uv":[0.2,2.25,0.4,2.5],"rotation":0,"texture":"#0","tintindex":0}}},{"name":"downleftleg","from":[7.454,7.16,7.46],"to":[8.534,7.64,8.54],"rotation":{"angle":0.0,"axis":"x","origin":[9.5,2.4499998,8.0]},"faces":{"down":{"uv":[5.2,5.5,5.6,6.0],"rotation":0,"texture":"#0","tintindex":0},"east":{"uv":[5.6,6.0,5.2,6.25],"rotation":0,"texture":"#0","tintindex":0},"north":{"uv":[5.2,6.0,4.8,6.25],"rotation":0,"texture":"#0","tintindex":0},"south":{"uv":[6.0,6.0,5.6,6.25],"rotation":0,"texture":"#0","tintindex":0},"up":{"uv":[4.8,6.0,5.2,5.5],"rotation":0,"texture":"#0","tintindex":0},"west":{"uv":[4.8,6.0,4.4,6.25],"rotation":0,"texture":"#0","tintindex":0}}},{"name":"downleftleg","from":[7.394,4.3999996,8.0],"to":[8.594,7.4,8.0],"rotation":{"angle":0.0,"axis":"x","origin":[9.5,2.4499998,8.0]},"faces":{"down":{"uv":[5.6,7.0,6.0,7.0],"rotation":0,"texture":"#0","tintindex":0},"east":{"uv":[5.6,7.0,5.6,8.25],"rotation":0,"texture":"#0","tintindex":0},"north":{"uv":[5.6,7.0,5.2,8.25],"rotation":0,"texture":"#0","tintindex":0},"south":{"uv":[6.0,7.0,5.6,8.25],"rotation":0,"texture":"#0","tintindex":0},"up":{"uv":[5.2,7.0,5.6,7.0],"rotation":0,"texture":"#0","tintindex":0},"west":{"uv":[5.2,7.0,5.2,8.25],"rotation":0,"texture":"#0","tintindex":0}}},{"name":"downleftleg","from":[6.7939997,5.6,6.8],"to":[9.194,8.0,9.2],"rotation":{"angle":0.0,"axis":"x","origin":[9.5,2.4499998,8.0]},"faces":{"down":{"uv":[11.0,1.0,11.8,2.0],"rotation":0,"texture":"#0","tintindex":0},"east":{"uv":[11.8,2.0,11.0,3.0],"rotation":0,"texture":"#0","tintindex":0},"north":{"uv":[11.0,2.0,10.2,3.0],"rotation":0,"texture":"#0","tintindex":0},"south":{"uv":[12.6,2.0,11.8,3.0],"rotation":0,"texture":"#0","tintindex":0},"up":{"uv":[10.2,2.0,11.0,1.0],"rotation":0,"texture":"#0","tintindex":0},"west":{"uv":[10.2,2.0,9.4,3.0],"rotation":0,"texture":"#0","tintindex":0}}},{"name":"downleftleg","from":[6.9139996,4.0399995,6.92],"to":[9.073999,5.6,9.08],"rotation":{"angle":0.0,"axis":"x","origin":[9.5,2.4499998,8.0]},"faces":{"down":{"uv":[14.4,7.5,15.2,8.5],"rotation":0,"texture":"#0","tintindex":0},"east":{"uv":[15.2,8.5,14.4,9.25],"rotation":0,"texture":"#0","tintindex":0},"north":{"uv":[14.4,8.5,13.6,9.25],"rotation":0,"texture":"#0","tintindex":0},"south":{"uv":[16.0,8.5,15.2,9.25],"rotation":0,"texture":"#0","tintindex":0},"up":{"uv":[13.6,8.5,14.4,7.5],"rotation":0,"texture":"#0","tintindex":0},"west":{"uv":[13.6,8.5,12.8,9.25],"rotation":0,"texture":"#0","tintindex":0}}},{"name":"downleftleg","from":[7.454,6.1099997,7.46],"to":[8.534,6.59,8.54],"rotation":{"angle":0.0,"axis":"x","origin":[9.5,2.4499998,8.0]},"faces":{"down":{"uv":[5.2,5.5,5.6,6.0],"rotation":0,"texture":"#0","tintindex":0},"east":{"uv":[5.6,6.0,5.2,6.25],"rotation":0,"texture":"#0","tintindex":0},"north":{"uv":[5.2,6.0,4.8,6.25],"rotation":0,"texture":"#0","tintindex":0},"south":{"uv":[6.0,6.0,5.6,6.25],"rotation":0,"texture":"#0","tintindex":0},"up":{"uv":[4.8,6.0,5.2,5.5],"rotation":0,"texture":"#0","tintindex":0},"west":{"uv":[4.8,6.0,4.4,6.25],"rotation":0,"texture":"#0","tintindex":0}}},{"name":"downleftleg","from":[7.454,5.06,7.46],"to":[8.534,5.54,8.54],"rotation":{"angle":0.0,"axis":"x","origin":[9.5,2.4499998,8.0]},"faces":{"down":{"uv":[5.2,5.5,5.6,6.0],"rotation":0,"texture":"#0","tintindex":0},"east":{"uv":[5.6,6.0,5.2,6.25],"rotation":0,"texture":"#0","tintindex":0},"north":{"uv":[5.2,6.0,4.8,6.25],"rotation":0,"texture":"#0","tintindex":0},"south":{"uv":[6.0,6.0,5.6,6.25],"rotation":0,"texture":"#0","tintindex":0},"up":{"uv":[4.8,6.0,5.2,5.5],"rotation":0,"texture":"#0","tintindex":0},"west":{"uv":[4.8,6.0,4.4,6.25],"rotation":0,"texture":"#0","tintindex":0}}},{"name":"downleftleg","from":[7.454,4.0099998,7.46],"to":[8.534,4.49,8.54],"rotation":{"angle":0.0,"axis":"x","origin":[9.5,2.4499998,8.0]},"faces":{"down":{"uv":[5.2,5.5,5.6,6.0],"rotation":0,"texture":"#0","tintindex":0},"east":{"uv":[5.6,6.0,5.2,6.25],"rotation":0,"texture":"#0","tintindex":0},"north":{"uv":[5.2,6.0,4.8,6.25],"rotation":0,"texture":"#0","tintindex":0},"south":{"uv":[6.0,6.0,5.6,6.25],"rotation":0,"texture":"#0","tintindex":0},"up":{"uv":[4.8,6.0,5.2,5.5],"rotation":0,"texture":"#0","tintindex":0},"west":{"uv":[4.8,6.0,4.4,6.25],"rotation":0,"texture":"#0","tintindex":0}}}],"display":{"head":{"translation":[0.0,-6.4,0.0],"rotation":[0.0,0.0,0.0],"scale":[3.8095,3.8095,3.8095]}}}