{"textures":{"0":"modelengine:entity/shadow_freddy","1":"modelengine:entity/microphone"},"elements":[{"name":"downrightleg","from":[7.826,3.1699996,7.8199997],"to":[8.186001,7.73,8.18],"rotation":{"angle":0.0,"axis":"x","origin":[6.5,2.4499998,8.0]},"faces":{"down":{"uv":[3.4,5.25,3.2,5.5],"rotation":0,"texture":"#0","tintindex":0},"east":{"uv":[2.8,5.5,3.0,7.5],"rotation":0,"texture":"#0","tintindex":0},"north":{"uv":[3.0,5.5,3.2,7.5],"rotation":0,"texture":"#0","tintindex":0},"south":{"uv":[3.4,5.5,3.6,7.5],"rotation":0,"texture":"#0","tintindex":0},"up":{"uv":[3.2,5.5,3.0,5.25],"rotation":0,"texture":"#0","tintindex":0},"west":{"uv":[3.2,5.5,3.4,7.5],"rotation":0,"texture":"#0","tintindex":0}}},{"name":"downrightleg","from":[7.7060003,7.73,7.7],"to":[8.306,8.33,8.3],"rotation":{"angle":0.0,"axis":"x","origin":[6.5,2.4499998,8.0]},"faces":{"down":{"uv":[6.4,1.25,6.2,1.5],"rotation":0,"texture":"#0","tintindex":0},"east":{"uv":[5.8,1.5,6.0,1.75],"rotation":0,"texture":"#0","tintindex":0},"north":{"uv":[6.0,1.5,6.2,1.75],"rotation":0,"texture":"#0","tintindex":0},"south":{"uv":[6.4,1.5,6.6,1.75],"rotation":0,"texture":"#0","tintindex":0},"up":{"uv":[6.2,1.5,6.0,1.25],"rotation":0,"texture":"#0","tintindex":0},"west":{"uv":[6.2,1.5,6.4,1.75],"rotation":0,"texture":"#0","tintindex":0}}},{"name":"downrightleg","from":[7.406,3.4399998,8.0],"to":[8.606,4.04,8.0],"rotation":{"angle":0.0,"axis":"x","origin":[6.5,2.4499998,8.0]},"faces":{"down":{"uv":[2.6,3.75,2.2,3.75],"rotation":0,"texture":"#0","tintindex":0},"east":{"uv":[1.8,3.75,1.8,4.0],"rotation":0,"texture":"#0","tintindex":0},"north":{"uv":[1.8,3.75,2.2,4.0],"rotation":0,"texture":"#0","tintindex":0},"south":{"uv":[2.2,3.75,2.6,4.0],"rotation":0,"texture":"#0","tintindex":0},"up":{"uv":[2.2,3.75,1.8,3.75],"rotation":0,"texture":"#0","tintindex":0},"west":{"uv":[2.2,3.75,2.2,4.0],"rotation":0,"texture":"#0","tintindex":0}}},{"name":"downrightleg","from":[7.466,7.16,7.46],"to":[8.546,7.64,8.54],"rotation":{"angle":0.0,"axis":"x","origin":[6.5,2.4499998,8.0]},"faces":{"down":{"uv":[5.6,5.5,5.2,6.0],"rotation":0,"texture":"#0","tintindex":0},"east":{"uv":[4.4,6.0,4.8,6.25],"rotation":0,"texture":"#0","tintindex":0},"north":{"uv":[4.8,6.0,5.2,6.25],"rotation":0,"texture":"#0","tintindex":0},"south":{"uv":[5.6,6.0,6.0,6.25],"rotation":0,"texture":"#0","tintindex":0},"up":{"uv":[5.2,6.0,4.8,5.5],"rotation":0,"texture":"#0","tintindex":0},"west":{"uv":[5.2,6.0,5.6,6.25],"rotation":0,"texture":"#0","tintindex":0}}},{"name":"downrightleg","from":[7.406,4.3999996,8.0],"to":[8.606,7.4,8.0],"rotation":{"angle":0.0,"axis":"x","origin":[6.5,2.4499998,8.0]},"faces":{"down":{"uv":[6.0,7.0,5.6,7.0],"rotation":0,"texture":"#0","tintindex":0},"east":{"uv":[5.2,7.0,5.2,8.25],"rotation":0,"texture":"#0","tintindex":0},"north":{"uv":[5.2,7.0,5.6,8.25],"rotation":0,"texture":"#0","tintindex":0},"south":{"uv":[5.6,7.0,6.0,8.25],"rotation":0,"texture":"#0","tintindex":0},"up":{"uv":[5.6,7.0,5.2,7.0],"rotation":0,"texture":"#0","tintindex":0},"west":{"uv":[5.6,7.0,5.6,8.25],"rotation":0,"texture":"#0","tintindex":0}}},{"name":"downrightleg","from":[6.8059998,5.6,6.8],"to":[9.206,8.0,9.2],"rotation":{"angle":0.0,"axis":"x","origin":[6.5,2.4499998,8.0]},"faces":{"down":{"uv":[11.2,5.0,10.4,6.0],"rotation":0,"texture":"#0","tintindex":0},"east":{"uv":[8.8,6.0,9.6,7.0],"rotation":0,"texture":"#0","tintindex":0},"north":{"uv":[9.6,6.0,10.4,7.0],"rotation":0,"texture":"#0","tintindex":0},"south":{"uv":[11.2,6.0,12.0,7.0],"rotation":0,"texture":"#0","tintindex":0},"up":{"uv":[10.4,6.0,9.6,5.0],"rotation":0,"texture":"#0","tintindex":0},"west":{"uv":[10.4,6.0,11.2,7.0],"rotation":0,"texture":"#0","tintindex":0}}},{"name":"downrightleg","from":[6.9259996,4.0399995,6.92],"to":[9.086,5.6,9.08],"rotation":{"angle":0.0,"axis":"x","origin":[6.5,2.4499998,8.0]},"faces":{"down":{"uv":[15.2,9.25,14.4,10.25],"rotation":0,"texture":"#0","tintindex":0},"east":{"uv":[12.8,10.25,13.6,11.0],"rotation":0,"texture":"#0","tintindex":0},"north":{"uv":[13.6,10.25,14.4,11.0],"rotation":0,"texture":"#0","tintindex":0},"south":{"uv":[15.2,10.25,16.0,11.0],"rotation":0,"texture":"#0","tintindex":0},"up":{"uv":[14.4,10.25,13.6,9.25],"rotation":0,"texture":"#0","tintindex":0},"west":{"uv":[14.4,10.25,15.2,11.0],"rotation":0,"texture":"#0","tintindex":0}}},{"name":"downrightleg","from":[7.466,6.1099997,7.46],"to":[8.546,6.59,8.54],"rotation":{"angle":0.0,"axis":"x","origin":[6.5,2.4499998,8.0]},"faces":{"down":{"uv":[5.6,5.5,5.2,6.0],"rotation":0,"texture":"#0","tintindex":0},"east":{"uv":[4.4,6.0,4.8,6.25],"rotation":0,"texture":"#0","tintindex":0},"north":{"uv":[4.8,6.0,5.2,6.25],"rotation":0,"texture":"#0","tintindex":0},"south":{"uv":[5.6,6.0,6.0,6.25],"rotation":0,"texture":"#0","tintindex":0},"up":{"uv":[5.2,6.0,4.8,5.5],"rotation":0,"texture":"#0","tintindex":0},"west":{"uv":[5.2,6.0,5.6,6.25],"rotation":0,"texture":"#0","tintindex":0}}},{"name":"downrightleg","from":[7.466,5.06,7.46],"to":[8.546,5.54,8.54],"rotation":{"angle":0.0,"axis":"x","origin":[6.5,2.4499998,8.0]},"faces":{"down":{"uv":[5.6,5.5,5.2,6.0],"rotation":0,"texture":"#0","tintindex":0},"east":{"uv":[4.4,6.0,4.8,6.25],"rotation":0,"texture":"#0","tintindex":0},"north":{"uv":[4.8,6.0,5.2,6.25],"rotation":0,"texture":"#0","tintindex":0},"south":{"uv":[5.6,6.0,6.0,6.25],"rotation":0,"texture":"#0","tintindex":0},"up":{"uv":[5.2,6.0,4.8,5.5],"rotation":0,"texture":"#0","tintindex":0},"west":{"uv":[5.2,6.0,5.6,6.25],"rotation":0,"texture":"#0","tintindex":0}}},{"name":"downrightleg","from":[7.466,4.0099998,7.46],"to":[8.546,4.49,8.54],"rotation":{"angle":0.0,"axis":"x","origin":[6.5,2.4499998,8.0]},"faces":{"down":{"uv":[5.6,5.5,5.2,6.0],"rotation":0,"texture":"#0","tintindex":0},"east":{"uv":[4.4,6.0,4.8,6.25],"rotation":0,"texture":"#0","tintindex":0},"north":{"uv":[4.8,6.0,5.2,6.25],"rotation":0,"texture":"#0","tintindex":0},"south":{"uv":[5.6,6.0,6.0,6.25],"rotation":0,"texture":"#0","tintindex":0},"up":{"uv":[5.2,6.0,4.8,5.5],"rotation":0,"texture":"#0","tintindex":0},"west":{"uv":[5.2,6.0,5.6,6.25],"rotation":0,"texture":"#0","tintindex":0}}}],"display":{"head":{"translation":[0.0,-6.4,0.0],"rotation":[0.0,0.0,0.0],"scale":[3.8095,3.8095,3.8095]}}}