{"textures":{"0":"modelengine:entity/shadow_freddy","1":"modelengine:entity/microphone"},"elements":[{"name":"earleft","from":[6.92,7.7599998,7.7599998],"to":[8.0,8.24,8.24],"rotation":{"angle":0.0,"axis":"x","origin":[9.8,-13.750001,7.85]},"faces":{"down":{"uv":[4.8,0.0,5.2,0.25],"rotation":0,"texture":"#0","tintindex":0},"east":{"uv":[5.0,0.25,4.8,0.5],"rotation":0,"texture":"#0","tintindex":0},"north":{"uv":[4.8,0.25,4.4,0.5],"rotation":0,"texture":"#0","tintindex":0},"south":{"uv":[5.4,0.25,5.0,0.5],"rotation":0,"texture":"#0","tintindex":0},"up":{"uv":[4.4,0.25,4.8,0.0],"rotation":0,"texture":"#0","tintindex":0},"west":{"uv":[4.4,0.25,4.2,0.5],"rotation":0,"texture":"#0","tintindex":0}}},{"name":"earleft","from":[5.6,7.28,7.58],"to":[7.04,8.719999,8.42],"rotation":{"angle":0.0,"axis":"x","origin":[9.8,-13.750001,7.85]},"faces":{"down":{"uv":[1.2,8.5,0.8,8.75],"rotation":0,"texture":"#0","tintindex":0},"east":{"uv":[0.2,8.75,0.4,9.25],"rotation":0,"texture":"#0","tintindex":0},"north":{"uv":[0.4,8.75,0.8,9.25],"rotation":0,"texture":"#0","tintindex":0},"south":{"uv":[1.0,8.75,1.4,9.25],"rotation":0,"texture":"#0","tintindex":0},"up":{"uv":[0.8,8.75,0.4,8.5],"rotation":0,"texture":"#0","tintindex":0},"west":{"uv":[0.8,8.75,1.0,9.25],"rotation":0,"texture":"#0","tintindex":0}}}],"display":{"head":{"translation":[0.0,-6.4,0.0],"rotation":[0.0,0.0,0.0],"scale":[3.8095,3.8095,3.8095]}}}