{"textures":{"0":"modelengine:entity/shadow_freddy","1":"modelengine:entity/microphone"},"elements":[{"name":"earright","from":[8.0,7.7599998,7.7599998],"to":[9.08,8.24,8.24],"rotation":{"angle":0.0,"axis":"x","origin":[6.2,-13.750001,7.85]},"faces":{"down":{"uv":[5.2,0.0,4.8,0.25],"rotation":0,"texture":"#0","tintindex":0},"east":{"uv":[4.2,0.25,4.4,0.5],"rotation":0,"texture":"#0","tintindex":0},"north":{"uv":[4.4,0.25,4.8,0.5],"rotation":0,"texture":"#0","tintindex":0},"south":{"uv":[5.0,0.25,5.4,0.5],"rotation":0,"texture":"#0","tintindex":0},"up":{"uv":[4.8,0.25,4.4,0.0],"rotation":0,"texture":"#0","tintindex":0},"west":{"uv":[4.8,0.25,5.0,0.5],"rotation":0,"texture":"#0","tintindex":0}}},{"name":"earright","from":[8.96,7.28,7.58],"to":[10.4,8.719999,8.42],"rotation":{"angle":0.0,"axis":"x","origin":[6.2,-13.750001,7.85]},"faces":{"down":{"uv":[0.8,8.5,1.2,8.75],"rotation":0,"texture":"#0","tintindex":0},"east":{"uv":[1.0,8.75,0.8,9.25],"rotation":0,"texture":"#0","tintindex":0},"north":{"uv":[0.8,8.75,0.4,9.25],"rotation":0,"texture":"#0","tintindex":0},"south":{"uv":[1.4,8.75,1.0,9.25],"rotation":0,"texture":"#0","tintindex":0},"up":{"uv":[0.4,8.75,0.8,8.5],"rotation":0,"texture":"#0","tintindex":0},"west":{"uv":[0.4,8.75,0.2,9.25],"rotation":0,"texture":"#0","tintindex":0}}}],"display":{"head":{"translation":[0.0,-6.4,0.0],"rotation":[0.0,0.0,0.0],"scale":[3.8095,3.8095,3.8095]}}}