{"textures":{"0":"modelengine:entity/shadow_freddy","1":"modelengine:entity/microphone"},"elements":[{"name":"footright","from":[6.686,7.34,6.08],"to":[9.326,8.780001,9.32],"rotation":{"angle":0.0,"axis":"x","origin":[6.5,7.4,8.0]},"faces":{"down":{"uv":[15.0,11.25,14.2,12.5],"rotation":0,"texture":"#0","tintindex":0},"east":{"uv":[12.4,12.5,13.4,13.0],"rotation":0,"texture":"#0","tintindex":0},"north":{"uv":[13.4,12.5,14.2,13.0],"rotation":0,"texture":"#0","tintindex":0},"south":{"uv":[15.2,12.5,16.0,13.0],"rotation":0,"texture":"#0","tintindex":0},"up":{"uv":[14.2,12.5,13.4,11.25],"rotation":0,"texture":"#0","tintindex":0},"west":{"uv":[14.2,12.5,15.2,13.0],"rotation":0,"texture":"#0","tintindex":0}}},{"name":"fingerrightleg","from":[7.919524,7.46,4.0216174],"to":[8.999523,8.54,5.7016177],"rotation":{"angle":-22.5,"axis":"y","origin":[6.176944,7.4,7.4742575]},"faces":{"down":{"uv":[12.8,4.75,12.4,5.5],"rotation":0,"texture":"#0","tintindex":0},"east":{"uv":[11.4,5.5,12.0,6.0],"rotation":0,"texture":"#0","tintindex":0},"north":{"uv":[12.0,5.5,12.4,6.0],"rotation":0,"texture":"#0","tintindex":0},"south":{"uv":[13.0,5.5,13.4,6.0],"rotation":0,"texture":"#0","tintindex":0},"up":{"uv":[12.4,5.5,12.0,4.75],"rotation":0,"texture":"#0","tintindex":0},"west":{"uv":[12.4,5.5,13.0,6.0],"rotation":0,"texture":"#0","tintindex":0}}},{"name":"fingerrightleg2","from":[7.559084,7.46,5.0077524],"to":[8.639084,8.54,6.6877527],"rotation":{"angle":22.5,"axis":"y","origin":[6.889244,7.4,8.104113]},"faces":{"down":{"uv":[12.8,4.75,12.4,5.5],"rotation":0,"texture":"#0","tintindex":0},"east":{"uv":[11.4,5.5,12.0,6.0],"rotation":0,"texture":"#0","tintindex":0},"north":{"uv":[12.0,5.5,12.4,6.0],"rotation":0,"texture":"#0","tintindex":0},"south":{"uv":[13.0,5.5,13.4,6.0],"rotation":0,"texture":"#0","tintindex":0},"up":{"uv":[12.4,5.5,12.0,4.75],"rotation":0,"texture":"#0","tintindex":0},"west":{"uv":[12.4,5.5,13.0,6.0],"rotation":0,"texture":"#0","tintindex":0}}},{"name":"fingerrightleg2","from":[7.619084,7.52,5.067753],"to":[8.579084,7.88,6.6277523],"rotation":{"angle":22.5,"axis":"y","origin":[6.889244,7.4,8.104113]},"faces":{"down":{"uv":[4.8,4.5,4.4,5.25],"rotation":0,"texture":"#0","tintindex":0},"east":{"uv":[3.4,5.25,4.0,5.5],"rotation":0,"texture":"#0","tintindex":0},"north":{"uv":[4.0,5.25,4.4,5.5],"rotation":0,"texture":"#0","tintindex":0},"south":{"uv":[5.0,5.25,5.4,5.5],"rotation":0,"texture":"#0","tintindex":0},"up":{"uv":[4.4,5.25,4.0,4.5],"rotation":0,"texture":"#0","tintindex":0},"west":{"uv":[4.4,5.25,5.0,5.5],"rotation":0,"texture":"#0","tintindex":0}}},{"name":"fingerrightleg3","from":[7.826,7.4,4.3999996],"to":[9.026,8.6,6.2],"rotation":{"angle":0.0,"axis":"x","origin":[6.5,7.4,8.0]},"faces":{"down":{"uv":[12.8,4.75,12.4,5.5],"rotation":0,"texture":"#0","tintindex":0},"east":{"uv":[11.4,5.5,12.0,6.0],"rotation":0,"texture":"#0","tintindex":0},"north":{"uv":[12.0,5.5,12.4,6.0],"rotation":0,"texture":"#0","tintindex":0},"south":{"uv":[13.0,5.5,13.4,6.0],"rotation":0,"texture":"#0","tintindex":0},"up":{"uv":[12.4,5.5,12.0,4.75],"rotation":0,"texture":"#0","tintindex":0},"west":{"uv":[12.4,5.5,13.0,6.0],"rotation":0,"texture":"#0","tintindex":0}}}],"display":{"head":{"translation":[0.0,-6.4,0.0],"rotation":[0.0,0.0,0.0],"scale":[3.8095,3.8095,3.8095]}}}