{"textures":{"0":"modelengine:entity/shadow_freddy","1":"modelengine:entity/microphone"},"elements":[{"name":"footleft","from":[6.674,7.34,6.08],"to":[9.314001,8.780001,9.32],"rotation":{"angle":0.0,"axis":"x","origin":[9.5,7.4,8.0]},"faces":{"down":{"uv":[14.2,11.25,15.0,12.5],"rotation":0,"texture":"#0","tintindex":0},"east":{"uv":[15.2,12.5,14.2,13.0],"rotation":0,"texture":"#0","tintindex":0},"north":{"uv":[14.2,12.5,13.4,13.0],"rotation":0,"texture":"#0","tintindex":0},"south":{"uv":[16.0,12.5,15.2,13.0],"rotation":0,"texture":"#0","tintindex":0},"up":{"uv":[13.4,12.5,14.2,11.25],"rotation":0,"texture":"#0","tintindex":0},"west":{"uv":[13.4,12.5,12.4,13.0],"rotation":0,"texture":"#0","tintindex":0}}},{"name":"fingerleftleg4","from":[6.940476,7.46,4.0216174],"to":[8.020476,8.54,5.7016177],"rotation":{"angle":22.5,"axis":"y","origin":[9.823057,7.4,7.4742575]},"faces":{"down":{"uv":[12.4,4.75,12.8,5.5],"rotation":0,"texture":"#0","tintindex":0},"east":{"uv":[13.0,5.5,12.4,6.0],"rotation":0,"texture":"#0","tintindex":0},"north":{"uv":[12.4,5.5,12.0,6.0],"rotation":0,"texture":"#0","tintindex":0},"south":{"uv":[13.4,5.5,13.0,6.0],"rotation":0,"texture":"#0","tintindex":0},"up":{"uv":[12.0,5.5,12.4,4.75],"rotation":0,"texture":"#0","tintindex":0},"west":{"uv":[12.0,5.5,11.4,6.0],"rotation":0,"texture":"#0","tintindex":0}}},{"name":"fingerleftleg5","from":[7.180916,7.46,5.067753],"to":[8.260916,8.54,6.747753],"rotation":{"angle":-22.5,"axis":"y","origin":[9.110756,7.4,8.104113]},"faces":{"down":{"uv":[12.4,4.75,12.8,5.5],"rotation":0,"texture":"#0","tintindex":0},"east":{"uv":[13.0,5.5,12.4,6.0],"rotation":0,"texture":"#0","tintindex":0},"north":{"uv":[12.4,5.5,12.0,6.0],"rotation":0,"texture":"#0","tintindex":0},"south":{"uv":[13.4,5.5,13.0,6.0],"rotation":0,"texture":"#0","tintindex":0},"up":{"uv":[12.0,5.5,12.4,4.75],"rotation":0,"texture":"#0","tintindex":0},"west":{"uv":[12.0,5.5,11.4,6.0],"rotation":0,"texture":"#0","tintindex":0}}},{"name":"fingerleftleg6","from":[6.914,7.4,4.3999996],"to":[8.114,8.6,6.2],"rotation":{"angle":0.0,"axis":"x","origin":[9.5,7.4,8.0]},"faces":{"down":{"uv":[12.4,4.75,12.8,5.5],"rotation":0,"texture":"#0","tintindex":0},"east":{"uv":[13.0,5.5,12.4,6.0],"rotation":0,"texture":"#0","tintindex":0},"north":{"uv":[12.4,5.5,12.0,6.0],"rotation":0,"texture":"#0","tintindex":0},"south":{"uv":[13.4,5.5,13.0,6.0],"rotation":0,"texture":"#0","tintindex":0},"up":{"uv":[12.0,5.5,12.4,4.75],"rotation":0,"texture":"#0","tintindex":0},"west":{"uv":[12.0,5.5,11.4,6.0],"rotation":0,"texture":"#0","tintindex":0}}}],"display":{"head":{"translation":[0.0,-6.4,0.0],"rotation":[0.0,0.0,0.0],"scale":[3.8095,3.8095,3.8095]}}}