{"textures":{"0":"modelengine:entity/shadow_freddy","1":"modelengine:entity/microphone"},"elements":[{"name":"head","from":[8.15,8.0,7.67],"to":[8.75,9.8,8.27],"rotation":{"angle":0.0,"axis":"x","origin":[8.0,-8.200001,8.0]},"faces":{"down":{"uv":[6.2,0.0,6.0,0.25],"rotation":0,"texture":"#0","tintindex":0},"east":{"uv":[5.6,0.25,5.8,1.0],"rotation":0,"texture":"#0","tintindex":0},"north":{"uv":[5.8,0.25,6.0,1.0],"rotation":0,"texture":"#0","tintindex":0},"south":{"uv":[6.2,0.25,6.4,1.0],"rotation":0,"texture":"#0","tintindex":0},"up":{"uv":[6.0,0.25,5.8,0.0],"rotation":0,"texture":"#0","tintindex":0},"west":{"uv":[6.0,0.25,6.2,1.0],"rotation":0,"texture":"#0","tintindex":0}}},{"name":"head","from":[7.25,8.0,7.67],"to":[7.85,9.8,8.27],"rotation":{"angle":0.0,"axis":"x","origin":[8.0,-8.200001,8.0]},"faces":{"down":{"uv":[6.2,0.0,6.0,0.25],"rotation":0,"texture":"#0","tintindex":0},"east":{"uv":[5.6,0.25,5.8,1.0],"rotation":0,"texture":"#0","tintindex":0},"north":{"uv":[5.8,0.25,6.0,1.0],"rotation":0,"texture":"#0","tintindex":0},"south":{"uv":[6.2,0.25,6.4,1.0],"rotation":0,"texture":"#0","tintindex":0},"up":{"uv":[6.0,0.25,5.8,0.0],"rotation":0,"texture":"#0","tintindex":0},"west":{"uv":[6.0,0.25,6.2,1.0],"rotation":0,"texture":"#0","tintindex":0}}},{"name":"head","from":[7.4,9.8,7.55],"to":[8.6,11.6,8.75],"rotation":{"angle":0.0,"axis":"x","origin":[8.0,-8.200001,8.0]},"faces":{"down":{"uv":[2.4,5.25,2.0,5.75],"rotation":0,"texture":"#0","tintindex":0},"east":{"uv":[1.2,5.75,1.6,6.5],"rotation":0,"texture":"#0","tintindex":0},"north":{"uv":[1.6,5.75,2.0,6.5],"rotation":0,"texture":"#0","tintindex":0},"south":{"uv":[2.4,5.75,2.8,6.5],"rotation":0,"texture":"#0","tintindex":0},"up":{"uv":[2.0,5.75,1.6,5.25],"rotation":0,"texture":"#0","tintindex":0},"west":{"uv":[2.0,5.75,2.4,6.5],"rotation":0,"texture":"#0","tintindex":0}}},{"name":"head","from":[7.1,10.610001,5.84],"to":[8.9,11.209999,7.64],"rotation":{"angle":0.0,"axis":"x","origin":[8.0,-8.200001,8.0]},"faces":{"down":{"uv":[1.8,3.25,1.2,4.0],"rotation":0,"texture":"#0","tintindex":0},"east":{"uv":[0.0,4.0,0.6,4.25],"rotation":0,"texture":"#0","tintindex":0},"north":{"uv":[0.6,4.0,1.2,4.25],"rotation":0,"texture":"#0","tintindex":0},"south":{"uv":[1.8,4.0,2.4,4.25],"rotation":0,"texture":"#0","tintindex":0},"up":{"uv":[1.2,4.0,0.6,3.25],"rotation":0,"texture":"#0","tintindex":0},"west":{"uv":[1.2,4.0,1.8,4.25],"rotation":0,"texture":"#0","tintindex":0}}},{"name":"head","from":[6.5,11.6,7.55],"to":[9.5,13.400001,8.75],"rotation":{"angle":0.0,"axis":"x","origin":[8.0,-8.200001,8.0]},"faces":{"down":{"uv":[2.4,2.0,1.4,2.5],"rotation":0,"texture":"#0","tintindex":0},"east":{"uv":[0.0,2.5,0.4,3.25],"rotation":0,"texture":"#0","tintindex":0},"north":{"uv":[0.4,2.5,1.4,3.25],"rotation":0,"texture":"#0","tintindex":0},"south":{"uv":[1.8,2.5,2.8,3.25],"rotation":0,"texture":"#0","tintindex":0},"up":{"uv":[1.4,2.5,0.4,2.0],"rotation":0,"texture":"#0","tintindex":0},"west":{"uv":[1.4,2.5,1.8,3.25],"rotation":0,"texture":"#0","tintindex":0}}},{"name":"head","from":[7.04,11.0,6.35],"to":[7.04,13.400001,8.15],"rotation":{"angle":0.0,"axis":"x","origin":[8.0,-8.200001,8.0]},"faces":{"down":{"uv":[0.6,4.5,0.6,5.25],"rotation":0,"texture":"#0","tintindex":0},"east":{"uv":[1.2,5.25,0.6,6.25],"rotation":0,"texture":"#0","tintindex":0},"north":{"uv":[0.6,5.25,0.6,6.25],"rotation":0,"texture":"#0","tintindex":0},"south":{"uv":[1.2,5.25,1.2,6.25],"rotation":0,"texture":"#0","tintindex":0},"up":{"uv":[0.6,5.25,0.6,4.5],"rotation":0,"texture":"#0","tintindex":0},"west":{"uv":[0.6,5.25,0.0,6.25],"rotation":0,"texture":"#0","tintindex":0}}},{"name":"head_r5","from":[10.008558,10.6892805,6.2],"to":[10.608558,12.489282,9.8],"rotation":{"angle":0.0,"axis":"x","origin":[8.868557,-8.28572,8.0]},"faces":{"down":{"uv":[11.4,10.25,11.6,11.75],"rotation":0,"texture":"#0","tintindex":0},"east":{"uv":[12.6,11.75,11.4,12.5],"rotation":0,"texture":"#0","tintindex":0},"north":{"uv":[11.4,11.75,11.2,12.5],"rotation":0,"texture":"#0","tintindex":0},"south":{"uv":[12.8,11.75,12.6,12.5],"rotation":0,"texture":"#0","tintindex":0},"up":{"uv":[11.2,11.75,11.4,10.25],"rotation":0,"texture":"#0","tintindex":0},"west":{"uv":[11.2,11.75,10.0,12.5],"rotation":0,"texture":"#0","tintindex":0}}},{"name":"head_r4","from":[5.4514422,10.6892805,6.2],"to":[6.051442,12.489282,9.8],"rotation":{"angle":0.0,"axis":"x","origin":[7.131442,-8.28572,8.0]},"faces":{"down":{"uv":[11.6,10.25,11.4,11.75],"rotation":0,"texture":"#0","tintindex":0},"east":{"uv":[10.0,11.75,11.2,12.5],"rotation":0,"texture":"#0","tintindex":0},"north":{"uv":[11.2,11.75,11.4,12.5],"rotation":0,"texture":"#0","tintindex":0},"south":{"uv":[12.6,11.75,12.8,12.5],"rotation":0,"texture":"#0","tintindex":0},"up":{"uv":[11.4,11.75,11.2,10.25],"rotation":0,"texture":"#0","tintindex":0},"west":{"uv":[11.4,11.75,12.6,12.5],"rotation":0,"texture":"#0","tintindex":0}}},{"name":"head_r3","from":[5.8999996,10.096218,9.419737],"to":[10.1,11.296219,10.019737],"rotation":{"angle":0.0,"axis":"x","origin":[8.0,-7.783782,5.5497375]},"faces":{"down":{"uv":[10.0,12.5,8.6,12.75],"rotation":0,"texture":"#0","tintindex":0},"east":{"uv":[7.0,12.75,7.2,13.25],"rotation":0,"texture":"#0","tintindex":0},"north":{"uv":[7.2,12.75,8.6,13.25],"rotation":0,"texture":"#0","tintindex":0},"south":{"uv":[8.8,12.75,10.2,13.25],"rotation":0,"texture":"#0","tintindex":0},"up":{"uv":[8.6,12.75,7.2,12.5],"rotation":0,"texture":"#0","tintindex":0},"west":{"uv":[8.6,12.75,8.8,13.25],"rotation":0,"texture":"#0","tintindex":0}}},{"name":"mask","from":[9.860001,10.4,6.8],"to":[10.219999,10.76,7.16],"rotation":{"angle":0.0,"axis":"x","origin":[8.0,-8.200001,8.0]},"faces":{"down":{"uv":[6.4,2.5,6.6,2.75],"rotation":0,"texture":"#0","tintindex":0},"east":{"uv":[6.6,2.75,6.4,3.0],"rotation":0,"texture":"#0","tintindex":0},"north":{"uv":[6.4,2.75,6.2,3.0],"rotation":0,"texture":"#0","tintindex":0},"south":{"uv":[6.8,2.75,6.6,3.0],"rotation":0,"texture":"#0","tintindex":0},"up":{"uv":[6.2,2.75,6.4,2.5],"rotation":0,"texture":"#0","tintindex":0},"west":{"uv":[6.2,2.75,6.0,3.0],"rotation":0,"texture":"#0","tintindex":0}}},{"name":"mask","from":[9.860001,10.4,6.05],"to":[10.219999,10.76,6.41],"rotation":{"angle":0.0,"axis":"x","origin":[8.0,-8.200001,8.0]},"faces":{"down":{"uv":[6.4,2.5,6.6,2.75],"rotation":0,"texture":"#0","tintindex":0},"east":{"uv":[6.6,2.75,6.4,3.0],"rotation":0,"texture":"#0","tintindex":0},"north":{"uv":[6.4,2.75,6.2,3.0],"rotation":0,"texture":"#0","tintindex":0},"south":{"uv":[6.8,2.75,6.6,3.0],"rotation":0,"texture":"#0","tintindex":0},"up":{"uv":[6.2,2.75,6.4,2.5],"rotation":0,"texture":"#0","tintindex":0},"west":{"uv":[6.2,2.75,6.0,3.0],"rotation":0,"texture":"#0","tintindex":0}}},{"name":"mask","from":[9.02,10.4,5.1499996],"to":[9.38,10.76,5.5099998],"rotation":{"angle":0.0,"axis":"x","origin":[8.0,-8.200001,8.0]},"faces":{"down":{"uv":[6.4,2.5,6.6,2.75],"rotation":0,"texture":"#0","tintindex":0},"east":{"uv":[6.6,2.75,6.4,3.0],"rotation":0,"texture":"#0","tintindex":0},"north":{"uv":[6.4,2.75,6.2,3.0],"rotation":0,"texture":"#0","tintindex":0},"south":{"uv":[6.8,2.75,6.6,3.0],"rotation":0,"texture":"#0","tintindex":0},"up":{"uv":[6.2,2.75,6.4,2.5],"rotation":0,"texture":"#0","tintindex":0},"west":{"uv":[6.2,2.75,6.0,3.0],"rotation":0,"texture":"#0","tintindex":0}}},{"name":"mask","from":[8.360001,10.4,4.7899995],"to":[8.719999,10.76,5.1499996],"rotation":{"angle":0.0,"axis":"x","origin":[8.0,-8.200001,8.0]},"faces":{"down":{"uv":[6.4,2.5,6.6,2.75],"rotation":0,"texture":"#0","tintindex":0},"east":{"uv":[6.6,2.75,6.4,3.0],"rotation":0,"texture":"#0","tintindex":0},"north":{"uv":[6.4,2.75,6.2,3.0],"rotation":0,"texture":"#0","tintindex":0},"south":{"uv":[6.8,2.75,6.6,3.0],"rotation":0,"texture":"#0","tintindex":0},"up":{"uv":[6.2,2.75,6.4,2.5],"rotation":0,"texture":"#0","tintindex":0},"west":{"uv":[6.2,2.75,6.0,3.0],"rotation":0,"texture":"#0","tintindex":0}}},{"name":"mask","from":[7.28,10.4,4.7899995],"to":[7.64,10.76,5.1499996],"rotation":{"angle":0.0,"axis":"x","origin":[8.0,-8.200001,8.0]},"faces":{"down":{"uv":[6.6,2.5,6.4,2.75],"rotation":0,"texture":"#0","tintindex":0},"east":{"uv":[6.0,2.75,6.2,3.0],"rotation":0,"texture":"#0","tintindex":0},"north":{"uv":[6.2,2.75,6.4,3.0],"rotation":0,"texture":"#0","tintindex":0},"south":{"uv":[6.6,2.75,6.8,3.0],"rotation":0,"texture":"#0","tintindex":0},"up":{"uv":[6.4,2.75,6.2,2.5],"rotation":0,"texture":"#0","tintindex":0},"west":{"uv":[6.4,2.75,6.6,3.0],"rotation":0,"texture":"#0","tintindex":0}}},{"name":"mask","from":[6.62,10.4,5.1499996],"to":[6.98,10.76,5.5099998],"rotation":{"angle":0.0,"axis":"x","origin":[8.0,-8.200001,8.0]},"faces":{"down":{"uv":[6.6,2.5,6.4,2.75],"rotation":0,"texture":"#0","tintindex":0},"east":{"uv":[6.0,2.75,6.2,3.0],"rotation":0,"texture":"#0","tintindex":0},"north":{"uv":[6.2,2.75,6.4,3.0],"rotation":0,"texture":"#0","tintindex":0},"south":{"uv":[6.6,2.75,6.8,3.0],"rotation":0,"texture":"#0","tintindex":0},"up":{"uv":[6.4,2.75,6.2,2.5],"rotation":0,"texture":"#0","tintindex":0},"west":{"uv":[6.4,2.75,6.6,3.0],"rotation":0,"texture":"#0","tintindex":0}}},{"name":"mask","from":[5.7799997,10.4,6.05],"to":[6.1399994,10.76,6.41],"rotation":{"angle":0.0,"axis":"x","origin":[8.0,-8.200001,8.0]},"faces":{"down":{"uv":[6.6,2.5,6.4,2.75],"rotation":0,"texture":"#0","tintindex":0},"east":{"uv":[6.0,2.75,6.2,3.0],"rotation":0,"texture":"#0","tintindex":0},"north":{"uv":[6.2,2.75,6.4,3.0],"rotation":0,"texture":"#0","tintindex":0},"south":{"uv":[6.6,2.75,6.8,3.0],"rotation":0,"texture":"#0","tintindex":0},"up":{"uv":[6.4,2.75,6.2,2.5],"rotation":0,"texture":"#0","tintindex":0},"west":{"uv":[6.4,2.75,6.6,3.0],"rotation":0,"texture":"#0","tintindex":0}}},{"name":"mask","from":[5.7799997,10.4,6.8],"to":[6.1399994,10.76,7.16],"rotation":{"angle":0.0,"axis":"x","origin":[8.0,-8.200001,8.0]},"faces":{"down":{"uv":[6.6,2.5,6.4,2.75],"rotation":0,"texture":"#0","tintindex":0},"east":{"uv":[6.0,2.75,6.2,3.0],"rotation":0,"texture":"#0","tintindex":0},"north":{"uv":[6.2,2.75,6.4,3.0],"rotation":0,"texture":"#0","tintindex":0},"south":{"uv":[6.6,2.75,6.8,3.0],"rotation":0,"texture":"#0","tintindex":0},"up":{"uv":[6.4,2.75,6.2,2.5],"rotation":0,"texture":"#0","tintindex":0},"west":{"uv":[6.4,2.75,6.6,3.0],"rotation":0,"texture":"#0","tintindex":0}}},{"name":"mask","from":[7.04,15.080001,6.95],"to":[8.96,17.000002,8.87],"rotation":{"angle":0.0,"axis":"x","origin":[8.0,-8.200001,8.0]},"faces":{"down":{"uv":[12.2,12.5,11.6,13.25],"rotation":0,"texture":"#0","tintindex":0},"east":{"uv":[10.4,13.25,11.0,14.0],"rotation":0,"texture":"#0","tintindex":0},"north":{"uv":[11.0,13.25,11.6,14.0],"rotation":0,"texture":"#0","tintindex":0},"south":{"uv":[12.2,13.25,12.8,14.0],"rotation":0,"texture":"#0","tintindex":0},"up":{"uv":[11.6,13.25,11.0,12.5],"rotation":0,"texture":"#0","tintindex":0},"west":{"uv":[11.6,13.25,12.2,14.0],"rotation":0,"texture":"#0","tintindex":0}}},{"name":"mask","from":[6.5,14.48,6.35],"to":[9.5,15.08,9.35],"rotation":{"angle":0.0,"axis":"x","origin":[8.0,-8.200001,8.0]},"faces":{"down":{"uv":[11.0,14.5,10.0,15.75],"rotation":0,"texture":"#0","tintindex":0},"east":{"uv":[8.0,15.75,9.0,16.0],"rotation":0,"texture":"#0","tintindex":0},"north":{"uv":[9.0,15.75,10.0,16.0],"rotation":0,"texture":"#0","tintindex":0},"south":{"uv":[11.0,15.75,12.0,16.0],"rotation":0,"texture":"#0","tintindex":0},"up":{"uv":[10.0,15.75,9.0,14.5],"rotation":0,"texture":"#0","tintindex":0},"west":{"uv":[10.0,15.75,11.0,16.0],"rotation":0,"texture":"#0","tintindex":0}}},{"name":"mask","from":[6.26,14.300001,5.81],"to":[9.74,14.780001,9.889999],"rotation":{"angle":0.0,"axis":"x","origin":[8.0,-8.200001,8.0]},"faces":{"down":{"uv":[9.2,1.25,8.0,3.0],"rotation":0,"texture":"#0","tintindex":0},"east":{"uv":[5.4,3.0,6.8,3.25],"rotation":0,"texture":"#0","tintindex":0},"north":{"uv":[6.8,3.0,8.0,3.25],"rotation":0,"texture":"#0","tintindex":0},"south":{"uv":[9.4,3.0,10.6,3.25],"rotation":0,"texture":"#0","tintindex":0},"up":{"uv":[8.0,3.0,6.8,1.25],"rotation":0,"texture":"#0","tintindex":0},"west":{"uv":[8.0,3.0,9.4,3.25],"rotation":0,"texture":"#0","tintindex":0}}},{"name":"mask","from":[6.38,10.58,4.5499997],"to":[9.62,12.02,5.99],"rotation":{"angle":0.0,"axis":"x","origin":[8.0,-8.200001,8.0]},"faces":{"down":{"uv":[8.8,0.0,7.8,0.5],"rotation":0,"texture":"#0","tintindex":0},"east":{"uv":[6.4,0.5,6.8,1.0],"rotation":0,"texture":"#0","tintindex":0},"north":{"uv":[6.8,0.5,7.8,1.0],"rotation":0,"texture":"#0","tintindex":0},"south":{"uv":[8.2,0.5,9.2,1.0],"rotation":0,"texture":"#0","tintindex":0},"up":{"uv":[7.8,0.5,6.8,0.0],"rotation":0,"texture":"#0","tintindex":0},"west":{"uv":[7.8,0.5,8.2,1.0],"rotation":0,"texture":"#0","tintindex":0}}},{"name":"mask","from":[5.6,10.700001,5.75],"to":[10.4,14.3,9.950001],"rotation":{"angle":0.0,"axis":"x","origin":[8.0,-8.200001,8.0]},"faces":{"down":{"uv":[4.6,8.25,3.0,10.0],"rotation":0,"texture":"#0","tintindex":0},"east":{"uv":[0.0,10.0,1.4,11.5],"rotation":0,"texture":"#0","tintindex":0},"north":{"uv":[1.4,10.0,3.0,11.5],"rotation":0,"texture":"#0","tintindex":0},"south":{"uv":[4.4,10.0,6.0,11.5],"rotation":0,"texture":"#0","tintindex":0},"up":{"uv":[3.0,10.0,1.4,8.25],"rotation":0,"texture":"#0","tintindex":0},"west":{"uv":[3.0,10.0,4.4,11.5],"rotation":0,"texture":"#0","tintindex":0}}},{"name":"righteye","from":[8.360001,11.840001,6.35],"to":[9.56,13.040001,7.55],"rotation":{"angle":0.0,"axis":"x","origin":[8.0,-8.200001,8.0]},"faces":{"down":{"uv":[5.6,0.5,5.2,1.0],"rotation":0,"texture":"#0","tintindex":0},"east":{"uv":[4.4,1.0,4.8,1.5],"rotation":0,"texture":"#0","tintindex":0},"north":{"uv":[4.8,1.0,5.2,1.5],"rotation":0,"texture":"#0","tintindex":0},"south":{"uv":[5.6,1.0,6.0,1.5],"rotation":0,"texture":"#0","tintindex":0},"up":{"uv":[5.2,1.0,4.8,0.5],"rotation":0,"texture":"#0","tintindex":0},"west":{"uv":[5.2,1.0,5.6,1.5],"rotation":0,"texture":"#0","tintindex":0}}},{"name":"lefteye","from":[6.44,11.840001,6.35],"to":[7.64,13.040001,7.55],"rotation":{"angle":0.0,"axis":"x","origin":[8.0,-8.200001,8.0]},"faces":{"down":{"uv":[5.6,0.5,5.2,1.0],"rotation":0,"texture":"#0","tintindex":0},"east":{"uv":[4.4,1.0,4.8,1.5],"rotation":0,"texture":"#0","tintindex":0},"north":{"uv":[4.8,1.0,5.2,1.5],"rotation":0,"texture":"#0","tintindex":0},"south":{"uv":[5.6,1.0,6.0,1.5],"rotation":0,"texture":"#0","tintindex":0},"up":{"uv":[5.2,1.0,4.8,0.5],"rotation":0,"texture":"#0","tintindex":0},"west":{"uv":[5.2,1.0,5.6,1.5],"rotation":0,"texture":"#0","tintindex":0}}}],"display":{"head":{"translation":[0.0,-6.4,0.0],"rotation":[0.0,0.0,0.0],"scale":[3.8095,3.8095,3.8095]}}}