{"textures":{"0":"modelengine:entity/shadow_freddy","1":"modelengine:entity/microphone"},"elements":[{"name":"jaw","from":[7.1,7.9399996,6.3199997],"to":[8.9,8.54,8.12],"rotation":{"angle":0.0,"axis":"x","origin":[8.0,-10.420001,8.45]},"faces":{"down":{"uv":[4.2,1.0,3.6,1.75],"rotation":0,"texture":"#0","tintindex":0},"east":{"uv":[2.4,1.75,3.0,2.0],"rotation":0,"texture":"#0","tintindex":0},"north":{"uv":[3.0,1.75,3.6,2.0],"rotation":0,"texture":"#0","tintindex":0},"south":{"uv":[4.2,1.75,4.8,2.0],"rotation":0,"texture":"#0","tintindex":0},"up":{"uv":[3.6,1.75,3.0,1.0],"rotation":0,"texture":"#0","tintindex":0},"west":{"uv":[3.6,1.75,4.2,2.0],"rotation":0,"texture":"#0","tintindex":0}}},{"name":"jaw","from":[5.66,6.7999997,6.38],"to":[10.34,7.8799996,8.66],"rotation":{"angle":0.0,"axis":"x","origin":[8.0,-10.420001,8.45]},"faces":{"down":{"uv":[4.0,11.5,2.4,12.5],"rotation":0,"texture":"#0","tintindex":0},"east":{"uv":[0.0,12.5,0.8,13.0],"rotation":0,"texture":"#0","tintindex":0},"north":{"uv":[0.8,12.5,2.4,13.0],"rotation":0,"texture":"#0","tintindex":0},"south":{"uv":[3.2,12.5,4.8,13.0],"rotation":0,"texture":"#0","tintindex":0},"up":{"uv":[2.4,12.5,0.8,11.5],"rotation":0,"texture":"#0","tintindex":0},"west":{"uv":[2.4,12.5,3.2,13.0],"rotation":0,"texture":"#0","tintindex":0}}},{"name":"jaw","from":[5.8999996,6.6799994,5.7799997],"to":[10.1,7.8799996,6.38],"rotation":{"angle":0.0,"axis":"x","origin":[8.0,-10.420001,8.45]},"faces":{"down":{"uv":[9.4,11.75,8.0,12.0],"rotation":0,"texture":"#0","tintindex":0},"east":{"uv":[6.4,12.0,6.6,12.5],"rotation":0,"texture":"#0","tintindex":0},"north":{"uv":[6.6,12.0,8.0,12.5],"rotation":0,"texture":"#0","tintindex":0},"south":{"uv":[8.2,12.0,9.6,12.5],"rotation":0,"texture":"#0","tintindex":0},"up":{"uv":[8.0,12.0,6.6,11.75],"rotation":0,"texture":"#0","tintindex":0},"west":{"uv":[8.0,12.0,8.2,12.5],"rotation":0,"texture":"#0","tintindex":0}}},{"name":"jaw","from":[6.5,6.6799994,5.18],"to":[9.5,7.8799996,5.7799997],"rotation":{"angle":0.0,"axis":"x","origin":[8.0,-10.420001,8.45]},"faces":{"down":{"uv":[6.2,11.75,5.2,12.0],"rotation":0,"texture":"#0","tintindex":0},"east":{"uv":[4.0,12.0,4.2,12.5],"rotation":0,"texture":"#0","tintindex":0},"north":{"uv":[4.2,12.0,5.2,12.5],"rotation":0,"texture":"#0","tintindex":0},"south":{"uv":[5.4,12.0,6.4,12.5],"rotation":0,"texture":"#0","tintindex":0},"up":{"uv":[5.2,12.0,4.2,11.75],"rotation":0,"texture":"#0","tintindex":0},"west":{"uv":[5.2,12.0,5.4,12.5],"rotation":0,"texture":"#0","tintindex":0}}},{"name":"jaw","from":[7.34,7.7599998,5.3599997],"to":[7.7,8.12,5.72],"rotation":{"angle":0.0,"axis":"x","origin":[8.0,-10.420001,8.45]},"faces":{"down":{"uv":[6.6,2.5,6.4,2.75],"rotation":0,"texture":"#0","tintindex":0},"east":{"uv":[6.0,2.75,6.2,3.0],"rotation":0,"texture":"#0","tintindex":0},"north":{"uv":[6.2,2.75,6.4,3.0],"rotation":0,"texture":"#0","tintindex":0},"south":{"uv":[6.6,2.75,6.8,3.0],"rotation":0,"texture":"#0","tintindex":0},"up":{"uv":[6.4,2.75,6.2,2.5],"rotation":0,"texture":"#0","tintindex":0},"west":{"uv":[6.4,2.75,6.6,3.0],"rotation":0,"texture":"#0","tintindex":0}}},{"name":"jaw","from":[5.87,7.7599998,7.3100004],"to":[6.23,8.12,7.67],"rotation":{"angle":0.0,"axis":"x","origin":[8.0,-10.420001,8.45]},"faces":{"down":{"uv":[6.6,2.5,6.4,2.75],"rotation":0,"texture":"#0","tintindex":0},"east":{"uv":[6.0,2.75,6.2,3.0],"rotation":0,"texture":"#0","tintindex":0},"north":{"uv":[6.2,2.75,6.4,3.0],"rotation":0,"texture":"#0","tintindex":0},"south":{"uv":[6.6,2.75,6.8,3.0],"rotation":0,"texture":"#0","tintindex":0},"up":{"uv":[6.4,2.75,6.2,2.5],"rotation":0,"texture":"#0","tintindex":0},"west":{"uv":[6.4,2.75,6.6,3.0],"rotation":0,"texture":"#0","tintindex":0}}},{"name":"jaw","from":[9.77,7.7599998,7.3100004],"to":[10.13,8.12,7.67],"rotation":{"angle":0.0,"axis":"x","origin":[8.0,-10.420001,8.45]},"faces":{"down":{"uv":[6.4,2.5,6.6,2.75],"rotation":0,"texture":"#0","tintindex":0},"east":{"uv":[6.6,2.75,6.4,3.0],"rotation":0,"texture":"#0","tintindex":0},"north":{"uv":[6.4,2.75,6.2,3.0],"rotation":0,"texture":"#0","tintindex":0},"south":{"uv":[6.8,2.75,6.6,3.0],"rotation":0,"texture":"#0","tintindex":0},"up":{"uv":[6.2,2.75,6.4,2.5],"rotation":0,"texture":"#0","tintindex":0},"west":{"uv":[6.2,2.75,6.0,3.0],"rotation":0,"texture":"#0","tintindex":0}}},{"name":"jaw","from":[5.87,7.7599998,8.06],"to":[6.23,8.12,8.42],"rotation":{"angle":0.0,"axis":"x","origin":[8.0,-10.420001,8.45]},"faces":{"down":{"uv":[6.6,2.5,6.4,2.75],"rotation":0,"texture":"#0","tintindex":0},"east":{"uv":[6.0,2.75,6.2,3.0],"rotation":0,"texture":"#0","tintindex":0},"north":{"uv":[6.2,2.75,6.4,3.0],"rotation":0,"texture":"#0","tintindex":0},"south":{"uv":[6.6,2.75,6.8,3.0],"rotation":0,"texture":"#0","tintindex":0},"up":{"uv":[6.4,2.75,6.2,2.5],"rotation":0,"texture":"#0","tintindex":0},"west":{"uv":[6.4,2.75,6.6,3.0],"rotation":0,"texture":"#0","tintindex":0}}},{"name":"jaw","from":[9.77,7.7599998,8.06],"to":[10.13,8.12,8.42],"rotation":{"angle":0.0,"axis":"x","origin":[8.0,-10.420001,8.45]},"faces":{"down":{"uv":[6.4,2.5,6.6,2.75],"rotation":0,"texture":"#0","tintindex":0},"east":{"uv":[6.6,2.75,6.4,3.0],"rotation":0,"texture":"#0","tintindex":0},"north":{"uv":[6.4,2.75,6.2,3.0],"rotation":0,"texture":"#0","tintindex":0},"south":{"uv":[6.8,2.75,6.6,3.0],"rotation":0,"texture":"#0","tintindex":0},"up":{"uv":[6.2,2.75,6.4,2.5],"rotation":0,"texture":"#0","tintindex":0},"west":{"uv":[6.2,2.75,6.0,3.0],"rotation":0,"texture":"#0","tintindex":0}}},{"name":"jaw","from":[8.3,7.7599998,5.3599997],"to":[8.66,8.12,5.72],"rotation":{"angle":0.0,"axis":"x","origin":[8.0,-10.420001,8.45]},"faces":{"down":{"uv":[6.4,2.5,6.6,2.75],"rotation":0,"texture":"#0","tintindex":0},"east":{"uv":[6.6,2.75,6.4,3.0],"rotation":0,"texture":"#0","tintindex":0},"north":{"uv":[6.4,2.75,6.2,3.0],"rotation":0,"texture":"#0","tintindex":0},"south":{"uv":[6.8,2.75,6.6,3.0],"rotation":0,"texture":"#0","tintindex":0},"up":{"uv":[6.2,2.75,6.4,2.5],"rotation":0,"texture":"#0","tintindex":0},"west":{"uv":[6.2,2.75,6.0,3.0],"rotation":0,"texture":"#0","tintindex":0}}},{"name":"jaw","from":[6.26,6.7999997,8.66],"to":[9.74,7.8799996,9.74],"rotation":{"angle":0.0,"axis":"x","origin":[8.0,-10.420001,8.45]},"faces":{"down":{"uv":[12.0,0.0,10.8,0.5],"rotation":0,"texture":"#0","tintindex":0},"east":{"uv":[9.2,0.5,9.6,1.0],"rotation":0,"texture":"#0","tintindex":0},"north":{"uv":[9.6,0.5,10.8,1.0],"rotation":0,"texture":"#0","tintindex":0},"south":{"uv":[11.2,0.5,12.4,1.0],"rotation":0,"texture":"#0","tintindex":0},"up":{"uv":[10.8,0.5,9.6,0.0],"rotation":0,"texture":"#0","tintindex":0},"west":{"uv":[10.8,0.5,11.2,1.0],"rotation":0,"texture":"#0","tintindex":0}}},{"name":"jaw_r1","from":[9.796497,7.7599998,6.572582],"to":[10.156496,8.12,6.9325814],"rotation":{"angle":0.0,"axis":"x","origin":[8.326496,-10.420001,8.762582]},"faces":{"down":{"uv":[6.4,2.5,6.6,2.75],"rotation":0,"texture":"#0","tintindex":0},"east":{"uv":[6.6,2.75,6.4,3.0],"rotation":0,"texture":"#0","tintindex":0},"north":{"uv":[6.4,2.75,6.2,3.0],"rotation":0,"texture":"#0","tintindex":0},"south":{"uv":[6.8,2.75,6.6,3.0],"rotation":0,"texture":"#0","tintindex":0},"up":{"uv":[6.2,2.75,6.4,2.5],"rotation":0,"texture":"#0","tintindex":0},"west":{"uv":[6.2,2.75,6.0,3.0],"rotation":0,"texture":"#0","tintindex":0}}},{"name":"jaw_r2","from":[5.9035034,7.7599998,6.6925817],"to":[6.263503,8.12,7.052582],"rotation":{"angle":0.0,"axis":"x","origin":[7.6735034,-10.420001,8.762582]},"faces":{"down":{"uv":[6.6,2.5,6.4,2.75],"rotation":0,"texture":"#0","tintindex":0},"east":{"uv":[6.0,2.75,6.2,3.0],"rotation":0,"texture":"#0","tintindex":0},"north":{"uv":[6.2,2.75,6.4,3.0],"rotation":0,"texture":"#0","tintindex":0},"south":{"uv":[6.6,2.75,6.8,3.0],"rotation":0,"texture":"#0","tintindex":0},"up":{"uv":[6.4,2.75,6.2,2.5],"rotation":0,"texture":"#0","tintindex":0},"west":{"uv":[6.4,2.75,6.6,3.0],"rotation":0,"texture":"#0","tintindex":0}}},{"name":"jaw_r3","from":[8.177011,7.7599998,7.6110077],"to":[8.53701,8.12,7.971008],"rotation":{"angle":45.0,"axis":"y","origin":[6.9770103,-10.420001,5.3610077]},"faces":{"down":{"uv":[6.4,2.5,6.6,2.75],"rotation":0,"texture":"#0","tintindex":0},"east":{"uv":[6.6,2.75,6.4,3.0],"rotation":0,"texture":"#0","tintindex":0},"north":{"uv":[6.4,2.75,6.2,3.0],"rotation":0,"texture":"#0","tintindex":0},"south":{"uv":[6.8,2.75,6.6,3.0],"rotation":0,"texture":"#0","tintindex":0},"up":{"uv":[6.2,2.75,6.4,2.5],"rotation":0,"texture":"#0","tintindex":0},"west":{"uv":[6.2,2.75,6.0,3.0],"rotation":0,"texture":"#0","tintindex":0}}},{"name":"jaw_r4","from":[6.3229895,7.7599998,3.8310075],"to":[6.68299,8.12,4.1910076],"rotation":{"angle":45.0,"axis":"y","origin":[9.022989,-10.420001,5.3610077]},"faces":{"down":{"uv":[6.6,2.5,6.4,2.75],"rotation":0,"texture":"#0","tintindex":0},"east":{"uv":[6.0,2.75,6.2,3.0],"rotation":0,"texture":"#0","tintindex":0},"north":{"uv":[6.2,2.75,6.4,3.0],"rotation":0,"texture":"#0","tintindex":0},"south":{"uv":[6.6,2.75,6.8,3.0],"rotation":0,"texture":"#0","tintindex":0},"up":{"uv":[6.4,2.75,6.2,2.5],"rotation":0,"texture":"#0","tintindex":0},"west":{"uv":[6.4,2.75,6.6,3.0],"rotation":0,"texture":"#0","tintindex":0}}},{"name":"jaw_r5","from":[11.273502,7.7599998,5.578058],"to":[11.633503,8.12,5.938058],"rotation":{"angle":45.0,"axis":"y","origin":[10.313502,-10.420001,8.488058]},"faces":{"down":{"uv":[6.4,2.5,6.6,2.75],"rotation":0,"texture":"#0","tintindex":0},"east":{"uv":[6.6,2.75,6.4,3.0],"rotation":0,"texture":"#0","tintindex":0},"north":{"uv":[6.4,2.75,6.2,3.0],"rotation":0,"texture":"#0","tintindex":0},"south":{"uv":[6.8,2.75,6.6,3.0],"rotation":0,"texture":"#0","tintindex":0},"up":{"uv":[6.2,2.75,6.4,2.5],"rotation":0,"texture":"#0","tintindex":0},"west":{"uv":[6.2,2.75,6.0,3.0],"rotation":0,"texture":"#0","tintindex":0}}},{"name":"jaw_r6","from":[4.246497,7.7599998,5.398058],"to":[4.606498,8.12,5.7580585],"rotation":{"angle":-45.0,"axis":"y","origin":[5.6864977,-10.420001,8.488058]},"faces":{"down":{"uv":[6.6,2.5,6.4,2.75],"rotation":0,"texture":"#0","tintindex":0},"east":{"uv":[6.0,2.75,6.2,3.0],"rotation":0,"texture":"#0","tintindex":0},"north":{"uv":[6.2,2.75,6.4,3.0],"rotation":0,"texture":"#0","tintindex":0},"south":{"uv":[6.6,2.75,6.8,3.0],"rotation":0,"texture":"#0","tintindex":0},"up":{"uv":[6.4,2.75,6.2,2.5],"rotation":0,"texture":"#0","tintindex":0},"west":{"uv":[6.4,2.75,6.6,3.0],"rotation":0,"texture":"#0","tintindex":0}}}],"display":{"head":{"translation":[0.0,-6.4,0.0],"rotation":[0.0,0.0,0.0],"scale":[3.8095,3.8095,3.8095]}}}