{"textures":{"0":"modelengine:entity/shadow_freddy","1":"modelengine:entity/microphone"},"elements":[{"name":"legleft","from":[7.574,4.16,7.58],"to":[8.414,7.4,8.42],"rotation":{"angle":0.0,"axis":"x","origin":[9.5,-2.2000003,8.0]},"faces":{"down":{"uv":[4.8,6.25,5.0,6.5],"rotation":0,"texture":"#0","tintindex":0},"east":{"uv":[5.0,6.5,4.8,7.75],"rotation":0,"texture":"#0","tintindex":0},"north":{"uv":[4.8,6.5,4.6,7.75],"rotation":0,"texture":"#0","tintindex":0},"south":{"uv":[5.2,6.5,5.0,7.75],"rotation":0,"texture":"#0","tintindex":0},"up":{"uv":[4.6,6.5,4.8,6.25],"rotation":0,"texture":"#0","tintindex":0},"west":{"uv":[4.6,6.5,4.4,7.75],"rotation":0,"texture":"#0","tintindex":0}}},{"name":"legleft","from":[6.404,3.4399998,6.56],"to":[9.284,7.5199995,9.440001],"rotation":{"angle":0.0,"axis":"x","origin":[9.5,-2.2000003,8.0]},"faces":{"down":{"uv":[3.0,13.0,2.0,14.25],"rotation":0,"texture":"#0","tintindex":0},"east":{"uv":[0.0,14.25,1.0,16.0],"rotation":0,"texture":"#0","tintindex":0},"north":{"uv":[1.0,14.25,2.0,16.0],"rotation":0,"texture":"#0","tintindex":0},"south":{"uv":[3.0,14.25,4.0,16.0],"rotation":0,"texture":"#0","tintindex":0},"up":{"uv":[2.0,14.25,1.0,13.0],"rotation":0,"texture":"#0","tintindex":0},"west":{"uv":[2.0,14.25,3.0,16.0],"rotation":0,"texture":"#0","tintindex":0}}},{"name":"legleft","from":[7.1239996,2.66,6.74],"to":[8.924,5.06,6.74],"rotation":{"angle":0.0,"axis":"x","origin":[9.5,-2.2000003,8.0]},"faces":{"down":{"uv":[1.2,0.0,0.6,0.0],"rotation":0,"texture":"#0","tintindex":0},"east":{"uv":[0.0,0.0,0.0,1.0],"rotation":0,"texture":"#0","tintindex":0},"north":{"uv":[0.0,0.0,0.6,1.0],"rotation":0,"texture":"#0","tintindex":0},"south":{"uv":[0.6,0.0,1.2,1.0],"rotation":0,"texture":"#0","tintindex":0},"up":{"uv":[0.6,0.0,0.0,0.0],"rotation":0,"texture":"#0","tintindex":0},"west":{"uv":[0.6,0.0,0.6,1.0],"rotation":0,"texture":"#0","tintindex":0}}},{"name":"legleft","from":[7.394,3.83,7.7],"to":[8.594,3.83,8.3],"rotation":{"angle":0.0,"axis":"x","origin":[9.5,-2.2000003,8.0]},"faces":{"down":{"uv":[2.8,2.0,3.2,2.25],"rotation":0,"texture":"#0","tintindex":0},"east":{"uv":[3.0,2.25,2.8,2.25],"rotation":0,"texture":"#0","tintindex":0},"north":{"uv":[2.8,2.25,2.4,2.25],"rotation":0,"texture":"#0","tintindex":0},"south":{"uv":[3.4,2.25,3.0,2.25],"rotation":0,"texture":"#0","tintindex":0},"up":{"uv":[2.4,2.25,2.8,2.0],"rotation":0,"texture":"#0","tintindex":0},"west":{"uv":[2.4,2.25,2.2,2.25],"rotation":0,"texture":"#0","tintindex":0}}},{"name":"legleft","from":[8.174,3.6799998,8.0],"to":[8.774,7.28,8.0],"rotation":{"angle":0.0,"axis":"x","origin":[9.5,-2.2000003,8.0]},"faces":{"down":{"uv":[0.4,7.25,0.2,7.25],"rotation":0,"texture":"#0","tintindex":0},"east":{"uv":[0.0,7.25,0.0,8.75],"rotation":0,"texture":"#0","tintindex":0},"north":{"uv":[0.0,7.25,0.2,8.75],"rotation":0,"texture":"#0","tintindex":0},"south":{"uv":[0.2,7.25,0.4,8.75],"rotation":0,"texture":"#0","tintindex":0},"up":{"uv":[0.2,7.25,0.0,7.25],"rotation":0,"texture":"#0","tintindex":0},"west":{"uv":[0.2,7.25,0.2,8.75],"rotation":0,"texture":"#0","tintindex":0}}},{"name":"legleft","from":[7.226,3.6799998,8.0],"to":[7.826,7.28,8.0],"rotation":{"angle":0.0,"axis":"x","origin":[9.5,-2.2000003,8.0]},"faces":{"down":{"uv":[0.2,7.25,0.4,7.25],"rotation":0,"texture":"#0","tintindex":0},"east":{"uv":[0.2,7.25,0.2,8.75],"rotation":0,"texture":"#0","tintindex":0},"north":{"uv":[0.2,7.25,0.0,8.75],"rotation":0,"texture":"#0","tintindex":0},"south":{"uv":[0.4,7.25,0.2,8.75],"rotation":0,"texture":"#0","tintindex":0},"up":{"uv":[0.0,7.25,0.2,7.25],"rotation":0,"texture":"#0","tintindex":0},"west":{"uv":[0.0,7.25,0.0,8.75],"rotation":0,"texture":"#0","tintindex":0}}},{"name":"legleft","from":[7.814,7.4,7.8199997],"to":[8.174,7.7599998,8.18],"rotation":{"angle":0.0,"axis":"x","origin":[9.5,-2.2000003,8.0]},"faces":{"down":{"uv":[6.0,4.0,6.2,4.25],"rotation":0,"texture":"#0","tintindex":0},"east":{"uv":[6.2,4.25,6.0,4.5],"rotation":0,"texture":"#0","tintindex":0},"north":{"uv":[6.0,4.25,5.8,4.5],"rotation":0,"texture":"#0","tintindex":0},"south":{"uv":[6.4,4.25,6.2,4.5],"rotation":0,"texture":"#0","tintindex":0},"up":{"uv":[5.8,4.25,6.0,4.0],"rotation":0,"texture":"#0","tintindex":0},"west":{"uv":[5.8,4.25,5.6,4.5],"rotation":0,"texture":"#0","tintindex":0}}},{"name":"legleft","from":[7.814,3.3199997,7.8199997],"to":[8.174,4.2799997,8.18],"rotation":{"angle":0.0,"axis":"x","origin":[9.5,-2.2000003,8.0]},"faces":{"down":{"uv":[0.8,7.25,1.0,7.5],"rotation":0,"texture":"#0","tintindex":0},"east":{"uv":[1.0,7.5,0.8,8.0],"rotation":0,"texture":"#0","tintindex":0},"north":{"uv":[0.8,7.5,0.6,8.0],"rotation":0,"texture":"#0","tintindex":0},"south":{"uv":[1.2,7.5,1.0,8.0],"rotation":0,"texture":"#0","tintindex":0},"up":{"uv":[0.6,7.5,0.8,7.25],"rotation":0,"texture":"#0","tintindex":0},"west":{"uv":[0.6,7.5,0.4,8.0],"rotation":0,"texture":"#0","tintindex":0}}}],"display":{"head":{"translation":[0.0,-6.4,0.0],"rotation":[0.0,0.0,0.0],"scale":[3.8095,3.8095,3.8095]}}}