{"textures":{"0":"modelengine:entity/lamina"},"elements":[{"name":"mid_body","from":[-0.40000033,5.4825172,7.983751],"to":[16.400002,22.282516,12.183751],"rotation":{"angle":0.0,"axis":"x","origin":[8.0,12.682517,10.083751]},"faces":{"down":{"uv":[6.8125,13.0625,5.0625,13.5],"rotation":0,"texture":"#0","tintindex":0},"east":{"uv":[9.8125,11.4375,10.25,13.1875],"rotation":0,"texture":"#0","tintindex":0},"north":{"uv":[6.875,4.0,8.625,5.75],"rotation":0,"texture":"#0","tintindex":0},"south":{"uv":[7.8125,0.0,9.5625,1.75],"rotation":0,"texture":"#0","tintindex":0},"up":{"uv":[14.6875,7.75,12.9375,7.3125],"rotation":0,"texture":"#0","tintindex":0},"west":{"uv":[8.1875,12.8125,8.625,14.5625],"rotation":0,"texture":"#0","tintindex":0}}},{"name":"mid_spine","from":[5.6,6.5489235,11.509869],"to":[10.4,22.463924,16.15987],"rotation":{"angle":0.0,"axis":"x","origin":[8.0,12.683925,10.009869]},"faces":{"down":{"uv":[12.0625,14.5625,11.5625,15.0625],"rotation":0,"texture":"#0","tintindex":0},"east":{"uv":[9.3125,11.4375,9.8125,13.125],"rotation":0,"texture":"#0","tintindex":0},"north":{"uv":[8.8125,11.4375,9.3125,13.125],"rotation":0,"texture":"#0","tintindex":0},"south":{"uv":[1.875,11.6875,2.375,13.375],"rotation":0,"texture":"#0","tintindex":0},"up":{"uv":[8.625,15.0625,8.125,14.5625],"rotation":0,"texture":"#0","tintindex":0},"west":{"uv":[2.375,11.6875,2.875,13.375],"rotation":0,"texture":"#0","tintindex":0}}},{"name":"mid_rib","from":[-2.5000005,8.482517,10.833751],"to":[18.5,21.982517,14.733752],"rotation":{"angle":0.0,"axis":"x","origin":[8.0,12.682517,10.083751]},"faces":{"down":{"uv":[7.25,11.6875,5.0625,12.125],"rotation":0,"texture":"#0","tintindex":0},"east":{"uv":[14.125,5.4375,14.5625,6.4375],"rotation":0,"texture":"#0","tintindex":0},"north":{"uv":[9.625,9.5625,11.8125,10.5625],"rotation":0,"texture":"#0","tintindex":0},"south":{"uv":[10.0625,5.6875,12.25,6.6875],"rotation":0,"texture":"#0","tintindex":0},"up":{"uv":[13.375,11.875,11.1875,11.4375],"rotation":0,"texture":"#0","tintindex":0},"west":{"uv":[14.125,14.0,14.5625,15.0],"rotation":0,"texture":"#0","tintindex":0}}},{"name":"mid_rib_2d","from":[-3.1000004,7.8825173,10.533751],"to":[19.1,7.8825173,15.333752],"rotation":{"angle":0.0,"axis":"x","origin":[8.0,12.682517,10.083751]},"faces":{"down":{"uv":[13.5625,0.5,11.3125,1.0],"rotation":0,"texture":"#0","tintindex":0},"east":{"uv":[7.6875,13.0625,8.1875,14.5],"rotation":0,"texture":"#0","tintindex":0},"north":{"uv":[6.0,6.375,8.25,7.8125],"rotation":0,"texture":"#0","tintindex":0},"south":{"uv":[0.0,6.4375,2.25,7.875],"rotation":0,"texture":"#0","tintindex":0},"up":{"uv":[13.5625,0.5,11.3125,0.0],"rotation":0,"texture":"#0","tintindex":0},"west":{"uv":[11.1875,13.0625,11.6875,14.5],"rotation":0,"texture":"#0","tintindex":0}}},{"name":"mid_rib_2d","from":[-3.1000004,22.58252,10.533751],"to":[19.1,22.58252,15.333752],"rotation":{"angle":0.0,"axis":"x","origin":[8.0,12.682517,10.083751]},"faces":{"down":{"uv":[13.5625,0.5,11.3125,1.0],"rotation":0,"texture":"#0","tintindex":0},"east":{"uv":[7.6875,13.0625,8.1875,14.5],"rotation":0,"texture":"#0","tintindex":0},"north":{"uv":[6.0,6.375,8.25,7.8125],"rotation":0,"texture":"#0","tintindex":0},"south":{"uv":[0.0,6.4375,2.25,7.875],"rotation":0,"texture":"#0","tintindex":0},"up":{"uv":[13.5625,0.5,11.3125,0.0],"rotation":0,"texture":"#0","tintindex":0},"west":{"uv":[11.1875,13.0625,11.6875,14.5],"rotation":0,"texture":"#0","tintindex":0}}},{"name":"mid_rib_2d","from":[-3.1000004,7.8825173,15.333752],"to":[19.1,22.58252,15.333752],"rotation":{"angle":0.0,"axis":"x","origin":[8.0,12.682517,10.083751]},"faces":{"down":{"uv":[13.5625,0.5,11.3125,1.0],"rotation":0,"texture":"#0","tintindex":0},"east":{"uv":[7.6875,13.0625,8.1875,14.5],"rotation":0,"texture":"#0","tintindex":0},"north":{"uv":[2.25,6.4375,0.0,7.875],"rotation":0,"texture":"#0","tintindex":0},"south":{"uv":[0.0,6.4375,2.25,7.875],"rotation":0,"texture":"#0","tintindex":0},"up":{"uv":[13.5625,0.5,11.3125,0.0],"rotation":0,"texture":"#0","tintindex":0},"west":{"uv":[11.1875,13.0625,11.6875,14.5],"rotation":0,"texture":"#0","tintindex":0}}},{"name":"mid_rib_2d","from":[19.1,7.8825173,10.533751],"to":[19.1,22.58252,15.333752],"rotation":{"angle":0.0,"axis":"x","origin":[8.0,12.682517,10.083751]},"faces":{"down":{"uv":[13.5625,0.5,11.3125,1.0],"rotation":0,"texture":"#0","tintindex":0},"east":{"uv":[7.6875,13.0625,8.1875,14.5],"rotation":0,"texture":"#0","tintindex":0},"north":{"uv":[6.0,6.375,8.25,7.8125],"rotation":0,"texture":"#0","tintindex":0},"south":{"uv":[0.0,6.4375,2.25,7.875],"rotation":0,"texture":"#0","tintindex":0},"up":{"uv":[13.5625,0.5,11.3125,0.0],"rotation":0,"texture":"#0","tintindex":0},"west":{"uv":[11.1875,13.0625,11.6875,14.5],"rotation":0,"texture":"#0","tintindex":0}}},{"name":"mid_rib_2d","from":[-3.1000004,7.8825173,10.533751],"to":[-3.1000004,22.58252,15.333752],"rotation":{"angle":0.0,"axis":"x","origin":[8.0,12.682517,10.083751]},"faces":{"down":{"uv":[13.5625,0.5,11.3125,1.0],"rotation":0,"texture":"#0","tintindex":0},"east":{"uv":[7.6875,13.0625,8.1875,14.5],"rotation":0,"texture":"#0","tintindex":0},"north":{"uv":[6.0,6.375,8.25,7.8125],"rotation":0,"texture":"#0","tintindex":0},"south":{"uv":[0.0,6.4375,2.25,7.875],"rotation":0,"texture":"#0","tintindex":0},"up":{"uv":[13.5625,0.5,11.3125,0.0],"rotation":0,"texture":"#0","tintindex":0},"west":{"uv":[11.1875,13.0625,11.6875,14.5],"rotation":0,"texture":"#0","tintindex":0}}}],"display":{"head":{"translation":[0.0,-6.4,0.0],"rotation":[0.0,0.0,0.0],"scale":[3.8095,3.8095,3.8095]}}}