{"textures":{"0":"modelengine:entity/lamina"},"elements":[{"name":"lower_body","from":[1.9999998,3.1110792,5.783244],"to":[14.0,30.711082,9.983244],"rotation":{"angle":0.0,"axis":"x","origin":[8.0,13.011081,7.5832443]},"faces":{"down":{"uv":[9.5,7.3125,8.25,7.75],"rotation":0,"texture":"#0","tintindex":0},"east":{"uv":[4.625,10.75,5.0625,13.625],"rotation":0,"texture":"#0","tintindex":0},"north":{"uv":[3.5,6.375,4.75,9.25],"rotation":0,"texture":"#0","tintindex":0},"south":{"uv":[4.75,6.375,6.0,9.25],"rotation":0,"texture":"#0","tintindex":0},"up":{"uv":[3.5,7.75,2.25,7.3125],"rotation":0,"texture":"#0","tintindex":0},"west":{"uv":[10.75,10.5625,11.1875,13.4375],"rotation":0,"texture":"#0","tintindex":0}}},{"name":"lower_spine","from":[5.6,4.3100004,9.287321],"to":[10.4,32.0,13.937321],"rotation":{"angle":0.0,"axis":"x","origin":[8.0,13.01,7.487321]},"faces":{"down":{"uv":[15.0625,5.75,14.5625,6.25],"rotation":0,"texture":"#0","tintindex":0},"east":{"uv":[3.125,10.75,3.625,13.625],"rotation":0,"texture":"#0","tintindex":0},"north":{"uv":[10.25,10.5625,10.75,13.4375],"rotation":0,"texture":"#0","tintindex":0},"south":{"uv":[3.625,10.75,4.125,13.625],"rotation":0,"texture":"#0","tintindex":0},"up":{"uv":[11.5625,15.0,11.0625,14.5],"rotation":0,"texture":"#0","tintindex":0},"west":{"uv":[4.125,10.75,4.625,13.625],"rotation":0,"texture":"#0","tintindex":0}}},{"name":"lower_rib","from":[-0.10000038,3.7110796,8.033245],"to":[16.1,26.511082,11.933245],"rotation":{"angle":0.0,"axis":"x","origin":[8.0,13.011081,7.5832443]},"faces":{"down":{"uv":[14.75,9.0625,13.0625,9.5],"rotation":0,"texture":"#0","tintindex":0},"east":{"uv":[1.0,10.8125,1.4375,13.1875],"rotation":0,"texture":"#0","tintindex":0},"north":{"uv":[3.5,4.0,5.1875,6.375],"rotation":0,"texture":"#0","tintindex":0},"south":{"uv":[5.1875,4.0,6.875,6.375],"rotation":0,"texture":"#0","tintindex":0},"up":{"uv":[14.75,9.0625,13.0625,8.625],"rotation":0,"texture":"#0","tintindex":0},"west":{"uv":[1.4375,10.8125,1.875,13.1875],"rotation":0,"texture":"#0","tintindex":0}}},{"name":"lower_rib_2d","from":[-0.7000003,3.1110792,7.7332444],"to":[16.7,27.11108,12.533245],"rotation":{"angle":0.0,"axis":"x","origin":[8.0,13.011081,7.5832443]},"faces":{"down":{"uv":[8.5,12.3125,6.75,12.8125],"rotation":0,"texture":"#0","tintindex":0},"east":{"uv":[0.0,10.8125,0.5,13.25],"rotation":0,"texture":"#0","tintindex":0},"north":{"uv":[0.0,4.0,1.75,6.4375],"rotation":0,"texture":"#0","tintindex":0},"south":{"uv":[1.75,4.0,3.5,6.4375],"rotation":0,"texture":"#0","tintindex":0},"up":{"uv":[14.0625,4.5,12.3125,4.0],"rotation":0,"texture":"#0","tintindex":0},"west":{"uv":[0.5,10.8125,1.0,13.25],"rotation":0,"texture":"#0","tintindex":0}}}],"display":{"head":{"translation":[0.0,0.5158467,0.0],"rotation":[0.0,0.0,0.0],"scale":[3.8095,3.8095,3.8095]}}}