{"textures":{"0":"modelengine:entity/lamina"},"elements":[{"name":"lower_body","from":[1.9999998,-16.0,7.51148],"to":[14.0,11.6,11.71148],"rotation":{"angle":0.0,"axis":"x","origin":[8.0,-6.1000004,9.31148]},"faces":{"down":{"uv":[9.5,7.3125,8.25,7.75],"rotation":0,"texture":"#0","tintindex":0},"east":{"uv":[4.625,10.75,5.0625,13.625],"rotation":0,"texture":"#0","tintindex":0},"north":{"uv":[3.5,6.375,4.75,9.25],"rotation":0,"texture":"#0","tintindex":0},"south":{"uv":[4.75,6.375,6.0,9.25],"rotation":0,"texture":"#0","tintindex":0},"up":{"uv":[3.5,7.75,2.25,7.3125],"rotation":0,"texture":"#0","tintindex":0},"west":{"uv":[10.75,10.5625,11.1875,13.4375],"rotation":0,"texture":"#0","tintindex":0}}},{"name":"lower_spine","from":[5.6,-14.801079,11.015556],"to":[10.4,12.888922,15.665556],"rotation":{"angle":0.0,"axis":"x","origin":[8.0,-6.101079,9.215556]},"faces":{"down":{"uv":[15.0625,5.75,14.5625,6.25],"rotation":0,"texture":"#0","tintindex":0},"east":{"uv":[3.125,10.75,3.625,13.625],"rotation":0,"texture":"#0","tintindex":0},"north":{"uv":[10.25,10.5625,10.75,13.4375],"rotation":0,"texture":"#0","tintindex":0},"south":{"uv":[3.625,10.75,4.125,13.625],"rotation":0,"texture":"#0","tintindex":0},"up":{"uv":[11.5625,15.0,11.0625,14.5],"rotation":0,"texture":"#0","tintindex":0},"west":{"uv":[4.125,10.75,4.625,13.625],"rotation":0,"texture":"#0","tintindex":0}}},{"name":"lower_rib","from":[-0.10000038,-15.400002,9.76148],"to":[16.1,7.4000006,13.661479],"rotation":{"angle":0.0,"axis":"x","origin":[8.0,-6.1000004,9.31148]},"faces":{"down":{"uv":[14.75,9.0625,13.0625,9.5],"rotation":0,"texture":"#0","tintindex":0},"east":{"uv":[1.0,10.8125,1.4375,13.1875],"rotation":0,"texture":"#0","tintindex":0},"north":{"uv":[3.5,4.0,5.1875,6.375],"rotation":0,"texture":"#0","tintindex":0},"south":{"uv":[5.1875,4.0,6.875,6.375],"rotation":0,"texture":"#0","tintindex":0},"up":{"uv":[14.75,9.0625,13.0625,8.625],"rotation":0,"texture":"#0","tintindex":0},"west":{"uv":[1.4375,10.8125,1.875,13.1875],"rotation":0,"texture":"#0","tintindex":0}}},{"name":"lower_rib_2d","from":[-0.7000003,-16.0,9.461479],"to":[16.7,-16.0,14.26148],"rotation":{"angle":0.0,"axis":"x","origin":[8.0,-6.1000004,9.31148]},"faces":{"down":{"uv":[8.5,12.3125,6.75,12.8125],"rotation":0,"texture":"#0","tintindex":0},"east":{"uv":[0.0,10.8125,0.5,13.25],"rotation":0,"texture":"#0","tintindex":0},"north":{"uv":[0.0,4.0,1.75,6.4375],"rotation":0,"texture":"#0","tintindex":0},"south":{"uv":[1.75,4.0,3.5,6.4375],"rotation":0,"texture":"#0","tintindex":0},"up":{"uv":[14.0625,4.5,12.3125,4.0],"rotation":0,"texture":"#0","tintindex":0},"west":{"uv":[0.5,10.8125,1.0,13.25],"rotation":0,"texture":"#0","tintindex":0}}},{"name":"lower_rib_2d","from":[-0.7000003,8.0,9.461479],"to":[16.7,8.0,14.26148],"rotation":{"angle":0.0,"axis":"x","origin":[8.0,-6.1000004,9.31148]},"faces":{"down":{"uv":[8.5,12.3125,6.75,12.8125],"rotation":0,"texture":"#0","tintindex":0},"east":{"uv":[0.0,10.8125,0.5,13.25],"rotation":0,"texture":"#0","tintindex":0},"north":{"uv":[0.0,4.0,1.75,6.4375],"rotation":0,"texture":"#0","tintindex":0},"south":{"uv":[1.75,4.0,3.5,6.4375],"rotation":0,"texture":"#0","tintindex":0},"up":{"uv":[14.0625,4.5,12.3125,4.0],"rotation":0,"texture":"#0","tintindex":0},"west":{"uv":[0.5,10.8125,1.0,13.25],"rotation":0,"texture":"#0","tintindex":0}}},{"name":"lower_rib_2d","from":[-0.7000003,-16.0,14.26148],"to":[16.7,8.0,14.26148],"rotation":{"angle":0.0,"axis":"x","origin":[8.0,-6.1000004,9.31148]},"faces":{"down":{"uv":[8.5,12.3125,6.75,12.8125],"rotation":0,"texture":"#0","tintindex":0},"east":{"uv":[0.0,10.8125,0.5,13.25],"rotation":0,"texture":"#0","tintindex":0},"north":{"uv":[3.5,4.0,1.75,6.4375],"rotation":0,"texture":"#0","tintindex":0},"south":{"uv":[1.75,4.0,3.5,6.4375],"rotation":0,"texture":"#0","tintindex":0},"up":{"uv":[14.0625,4.5,12.3125,4.0],"rotation":0,"texture":"#0","tintindex":0},"west":{"uv":[0.5,10.8125,1.0,13.25],"rotation":0,"texture":"#0","tintindex":0}}},{"name":"lower_rib_2d","from":[-0.7000003,-16.0,9.461479],"to":[-0.7000003,8.0,14.26148],"rotation":{"angle":0.0,"axis":"x","origin":[8.0,-6.1000004,9.31148]},"faces":{"down":{"uv":[8.5,12.3125,6.75,12.8125],"rotation":0,"texture":"#0","tintindex":0},"east":{"uv":[0.0,10.8125,0.5,13.25],"rotation":0,"texture":"#0","tintindex":0},"north":{"uv":[0.0,4.0,1.75,6.4375],"rotation":0,"texture":"#0","tintindex":0},"south":{"uv":[1.75,4.0,3.5,6.4375],"rotation":0,"texture":"#0","tintindex":0},"up":{"uv":[14.0625,4.5,12.3125,4.0],"rotation":0,"texture":"#0","tintindex":0},"west":{"uv":[0.5,10.8125,1.0,13.25],"rotation":0,"texture":"#0","tintindex":0}}},{"name":"lower_rib_2d","from":[16.7,-16.0,9.461479],"to":[16.7,8.0,14.26148],"rotation":{"angle":0.0,"axis":"x","origin":[8.0,-6.1000004,9.31148]},"faces":{"down":{"uv":[8.5,12.3125,6.75,12.8125],"rotation":0,"texture":"#0","tintindex":0},"east":{"uv":[0.0,10.8125,0.5,13.25],"rotation":0,"texture":"#0","tintindex":0},"north":{"uv":[0.0,4.0,1.75,6.4375],"rotation":0,"texture":"#0","tintindex":0},"south":{"uv":[1.75,4.0,3.5,6.4375],"rotation":0,"texture":"#0","tintindex":0},"up":{"uv":[14.0625,4.5,12.3125,4.0],"rotation":0,"texture":"#0","tintindex":0},"west":{"uv":[0.5,10.8125,1.0,13.25],"rotation":0,"texture":"#0","tintindex":0}}}],"display":{"head":{"translation":[0.0,-18.202873,0.0],"rotation":[0.0,0.0,0.0],"scale":[3.8095,3.8095,3.8095]}}}