{"textures":{"0":"modelengine:entity/lamina"},"elements":[{"name":"head","from":[3.1999998,5.2522326,4.624681],"to":[11.6,13.652232,10.024681],"rotation":{"angle":45.0,"axis":"z","origin":[8.0,10.052233,6.424681]},"faces":{"down":{"uv":[3.8125,13.9375,2.9375,14.5],"rotation":0,"texture":"#0","tintindex":0},"east":{"uv":[0.0,13.9375,0.5625,14.8125],"rotation":0,"texture":"#0","tintindex":0},"north":{"uv":[6.8125,13.0625,7.6875,13.9375],"rotation":0,"texture":"#0","tintindex":0},"south":{"uv":[13.0625,7.75,13.9375,8.625],"rotation":0,"texture":"#0","tintindex":0},"up":{"uv":[14.6875,12.9375,13.8125,12.375],"rotation":0,"texture":"#0","tintindex":0},"west":{"uv":[0.5625,13.9375,1.125,14.8125],"rotation":0,"texture":"#0","tintindex":0}}},{"name":"head_l_eye","from":[5.6,4.0522323,5.224681],"to":[11.6,6.4522324,8.224681],"rotation":{"angle":-45.0,"axis":"z","origin":[8.0,10.052233,6.424681]},"faces":{"down":{"uv":[15.1875,14.3125,14.5625,14.625],"rotation":0,"texture":"#0","tintindex":0},"east":{"uv":[4.6875,13.625,5.0,13.875],"rotation":0,"texture":"#0","tintindex":0},"north":{"uv":[7.6875,11.1875,8.3125,11.4375],"rotation":0,"texture":"#0","tintindex":0},"south":{"uv":[13.5,9.875,14.125,10.125],"rotation":0,"texture":"#0","tintindex":0},"up":{"uv":[15.1875,14.3125,14.5625,14.0],"rotation":0,"texture":"#0","tintindex":0},"west":{"uv":[14.8125,1.9375,15.125,2.1875],"rotation":0,"texture":"#0","tintindex":0}}},{"name":"head_r_flange","from":[0.41755867,8.970995,5.224681],"to":[7.017559,16.170994,8.82468],"rotation":{"angle":22.5,"axis":"z","origin":[1.9325591,14.070994,5.8246813]},"faces":{"down":{"uv":[8.375,10.8125,7.6875,11.1875],"rotation":0,"texture":"#0","tintindex":0},"east":{"uv":[13.9375,12.9375,14.3125,13.6875],"rotation":0,"texture":"#0","tintindex":0},"north":{"uv":[13.8125,10.375,14.5,11.125],"rotation":0,"texture":"#0","tintindex":0},"south":{"uv":[4.6875,13.875,5.375,14.625],"rotation":0,"texture":"#0","tintindex":0},"up":{"uv":[8.5,3.75,7.8125,3.375],"rotation":0,"texture":"#0","tintindex":0},"west":{"uv":[14.0625,3.75,14.4375,4.5],"rotation":0,"texture":"#0","tintindex":0}}},{"name":"head_r_flange","from":[1.1900258,15.340031,5.8246813],"to":[5.390026,25.540031,8.224681],"rotation":{"angle":0.0,"axis":"x","origin":[2.5850263,12.64003,5.224681]},"faces":{"down":{"uv":[14.5625,9.875,14.125,10.125],"rotation":0,"texture":"#0","tintindex":0},"east":{"uv":[2.875,11.6875,3.125,12.75],"rotation":0,"texture":"#0","tintindex":0},"north":{"uv":[4.125,13.9375,4.5625,15.0],"rotation":0,"texture":"#0","tintindex":0},"south":{"uv":[6.75,13.9375,7.1875,15.0],"rotation":0,"texture":"#0","tintindex":0},"up":{"uv":[14.0,4.0,13.5625,3.75],"rotation":0,"texture":"#0","tintindex":0},"west":{"uv":[3.5625,14.5,3.8125,15.5625],"rotation":0,"texture":"#0","tintindex":0}}},{"name":"head_r_eye","from":[4.3999996,4.0522323,5.224681],"to":[10.4,6.4522324,8.224681],"rotation":{"angle":45.0,"axis":"z","origin":[8.0,10.052233,6.424681]},"faces":{"down":{"uv":[5.8125,14.625,5.1875,14.9375],"rotation":0,"texture":"#0","tintindex":0},"east":{"uv":[14.8125,3.75,15.125,4.0],"rotation":0,"texture":"#0","tintindex":0},"north":{"uv":[13.5625,0.75,14.1875,1.0],"rotation":0,"texture":"#0","tintindex":0},"south":{"uv":[13.9375,7.0625,14.5625,7.3125],"rotation":0,"texture":"#0","tintindex":0},"up":{"uv":[5.1875,14.9375,4.5625,14.625],"rotation":0,"texture":"#0","tintindex":0},"west":{"uv":[14.8125,4.0,15.125,4.25],"rotation":0,"texture":"#0","tintindex":0}}},{"name":"head_r_flange","from":[8.982441,8.970995,5.224681],"to":[15.582441,16.170994,8.82468],"rotation":{"angle":-22.5,"axis":"z","origin":[14.06744,14.070994,5.8246813]},"faces":{"down":{"uv":[15.125,8.125,14.4375,8.5],"rotation":0,"texture":"#0","tintindex":0},"east":{"uv":[14.3125,12.9375,14.6875,13.6875],"rotation":0,"texture":"#0","tintindex":0},"north":{"uv":[5.375,13.875,6.0625,14.625],"rotation":0,"texture":"#0","tintindex":0},"south":{"uv":[6.0625,13.875,6.75,14.625],"rotation":0,"texture":"#0","tintindex":0},"up":{"uv":[15.125,8.125,14.4375,7.75],"rotation":0,"texture":"#0","tintindex":0},"west":{"uv":[14.4375,3.75,14.8125,4.5],"rotation":0,"texture":"#0","tintindex":0}}},{"name":"head_r_flange","from":[10.609974,15.340031,5.8246813],"to":[14.809974,25.540031,8.224681],"rotation":{"angle":0.0,"axis":"x","origin":[13.414973,12.64003,5.224681]},"faces":{"down":{"uv":[15.0,9.875,14.5625,10.125],"rotation":0,"texture":"#0","tintindex":0},"east":{"uv":[7.625,14.5,7.875,15.5625],"rotation":0,"texture":"#0","tintindex":0},"north":{"uv":[7.1875,13.9375,7.625,15.0],"rotation":0,"texture":"#0","tintindex":0},"south":{"uv":[12.9375,14.0,13.375,15.0625],"rotation":0,"texture":"#0","tintindex":0},"up":{"uv":[14.625,1.0,14.1875,0.75],"rotation":0,"texture":"#0","tintindex":0},"west":{"uv":[7.875,14.5,8.125,15.5625],"rotation":0,"texture":"#0","tintindex":0}}}],"display":{"head":{"translation":[0.0,-6.4,0.0],"rotation":[0.0,0.0,0.0],"scale":[3.8095,3.8095,3.8095]}}}