{"textures":{"0":"modelengine:entity/lamina"},"elements":[{"name":"l_upperarm","from":[-8.777334,5.4258003,6.248436],"to":[7.422666,10.825798,9.848436],"rotation":{"angle":0.0,"axis":"x","origin":[7.526374,9.625798,8.1116085]},"faces":{"down":{"uv":[15.25,0.0,13.5625,0.375],"rotation":0,"texture":"#0","tintindex":0},"east":{"uv":[3.125,10.1875,3.5,10.75],"rotation":0,"texture":"#0","tintindex":0},"north":{"uv":[11.8125,9.5625,13.5,10.125],"rotation":0,"texture":"#0","tintindex":0},"south":{"uv":[11.1875,11.875,12.875,12.4375],"rotation":0,"texture":"#0","tintindex":0},"up":{"uv":[6.75,13.875,5.0625,13.5],"rotation":0,"texture":"#0","tintindex":0},"west":{"uv":[7.25,11.6875,7.625,12.25],"rotation":0,"texture":"#0","tintindex":0}}}],"display":{"head":{"translation":[0.0,-6.4,0.0],"rotation":[0.0,0.0,0.0],"scale":[3.8095,3.8095,3.8095]}}}