{"textures":{"0":"modelengine:entity/lamina"},"elements":[{"name":"l_cover","from":[-15.571428,5.880907,7.1405916],"to":[5.8571434,10.166621,8.854877],"rotation":{"angle":0.0,"axis":"x","origin":[2.5026493,7.595193,8.042857]},"faces":{"down":{"uv":[8.1875,12.8125,5.0625,13.0625],"rotation":0,"texture":"#0","tintindex":0},"east":{"uv":[8.0,5.75,8.25,6.375],"rotation":0,"texture":"#0","tintindex":0},"north":{"uv":[10.0625,6.6875,13.1875,7.3125],"rotation":0,"texture":"#0","tintindex":0},"south":{"uv":[0.0,10.1875,3.125,10.8125],"rotation":0,"texture":"#0","tintindex":0},"up":{"uv":[15.5625,3.125,12.4375,2.875],"rotation":0,"texture":"#0","tintindex":0},"west":{"uv":[2.875,12.75,3.125,13.375],"rotation":0,"texture":"#0","tintindex":0}}},{"name":"l_blade_2d","from":[-21.571428,4.595193,7.997734],"to":[50.3162,11.452335,7.997734],"rotation":{"angle":0.0,"axis":"x","origin":[37.91065,7.0554504,8.1]},"faces":{"down":{"uv":[7.8125,0.0,0.0,0.0],"rotation":0,"texture":"#0","tintindex":0},"east":{"uv":[0.0,0.0,0.0,1.0],"rotation":0,"texture":"#0","tintindex":0},"north":{"uv":[0.0,0.0,7.8125,1.0],"rotation":0,"texture":"#0","tintindex":0},"south":{"uv":[7.8125,0.0,0.0,1.0],"rotation":0,"texture":"#0","tintindex":0},"up":{"uv":[7.8125,0.0,0.0,0.0],"rotation":0,"texture":"#0","tintindex":0},"west":{"uv":[0.0,0.0,0.0,1.0],"rotation":0,"texture":"#0","tintindex":0}}}],"display":{"head":{"translation":[68.38048,-6.4,0.0],"rotation":[0.0,0.0,0.0],"scale":[3.7333333,3.7333333,3.7333333]}}}