{"textures":{"0":"modelengine:entity/lamina"},"elements":[{"name":"l_cover","from":[-11.714289,5.880907,7.1405916],"to":[9.714283,10.166621,8.854877],"rotation":{"angle":0.0,"axis":"x","origin":[6.359789,7.595193,8.042857]},"faces":{"down":{"uv":[8.1875,12.8125,5.0625,13.0625],"rotation":0,"texture":"#0","tintindex":0},"east":{"uv":[8.0,5.75,8.25,6.375],"rotation":0,"texture":"#0","tintindex":0},"north":{"uv":[10.0625,6.6875,13.1875,7.3125],"rotation":0,"texture":"#0","tintindex":0},"south":{"uv":[0.0,10.1875,3.125,10.8125],"rotation":0,"texture":"#0","tintindex":0},"up":{"uv":[15.5625,3.125,12.4375,2.875],"rotation":0,"texture":"#0","tintindex":0},"west":{"uv":[2.875,12.75,3.125,13.375],"rotation":0,"texture":"#0","tintindex":0}}},{"name":"l_blade_2d","from":[-15.571432,4.916621,7.997734],"to":[32.0,10.916621,7.997734],"rotation":{"angle":0.0,"axis":"x","origin":[6.359789,7.595193,8.042857]},"faces":{"down":{"uv":[0.0,0.0,7.8125,0.0],"rotation":0,"texture":"#0","tintindex":0},"east":{"uv":[0.0,0.0,0.0,1.0],"rotation":0,"texture":"#0","tintindex":0},"north":{"uv":[7.8125,2.0,0.0,3.0],"rotation":0,"texture":"#0","tintindex":0},"south":{"uv":[0.0,2.0,7.8125,3.0],"rotation":0,"texture":"#0","tintindex":0},"up":{"uv":[0.0,0.0,7.8125,0.0],"rotation":0,"texture":"#0","tintindex":0},"west":{"uv":[0.0,0.0,0.0,1.0],"rotation":0,"texture":"#0","tintindex":0}}}],"display":{"head":{"translation":[53.98049,-6.4,0.0],"rotation":[0.0,0.0,0.0],"scale":[3.7333333,3.7333333,3.7333333]}}}