{"textures":{"0":"modelengine:entity/lamina"},"elements":[{"name":"l_lowerarm","from":[-11.200001,5.564908,5.836828],"to":[13.999998,8.564908,10.036829],"rotation":{"angle":0.0,"axis":"x","origin":[6.9037066,6.9149075,8.0]},"faces":{"down":{"uv":[13.8125,10.5625,11.1875,11.0],"rotation":0,"texture":"#0","tintindex":0},"east":{"uv":[14.75,8.875,15.1875,9.1875],"rotation":0,"texture":"#0","tintindex":0},"north":{"uv":[12.4375,2.25,15.0625,2.5625],"rotation":0,"texture":"#0","tintindex":0},"south":{"uv":[12.4375,2.5625,15.0625,2.875],"rotation":0,"texture":"#0","tintindex":0},"up":{"uv":[7.6875,11.25,5.0625,10.8125],"rotation":0,"texture":"#0","tintindex":0},"west":{"uv":[14.75,9.1875,15.1875,9.5],"rotation":0,"texture":"#0","tintindex":0}}},{"name":"l_lowerarm_armour","from":[-15.400002,8.114908,4.3368278],"to":[17.599998,10.814908,11.536828],"rotation":{"angle":0.0,"axis":"x","origin":[6.9037066,6.9149075,8.0]},"faces":{"down":{"uv":[12.9375,7.3125,9.5,8.0625],"rotation":0,"texture":"#0","tintindex":0},"east":{"uv":[7.8125,3.75,8.5625,4.0],"rotation":0,"texture":"#0","tintindex":0},"north":{"uv":[11.3125,3.125,14.75,3.375],"rotation":0,"texture":"#0","tintindex":0},"south":{"uv":[11.8125,10.125,15.25,10.375],"rotation":0,"texture":"#0","tintindex":0},"up":{"uv":[12.0625,5.6875,8.625,4.9375],"rotation":0,"texture":"#0","tintindex":0},"west":{"uv":[9.5625,1.5,10.3125,1.75],"rotation":0,"texture":"#0","tintindex":0}}},{"name":"l_lowerarm_armour_2d","from":[-16.0,11.414908,3.7368279],"to":[18.199999,11.414908,12.136828],"rotation":{"angle":0.0,"axis":"x","origin":[6.9037066,6.9149075,8.0]},"faces":{"down":{"uv":[11.3125,1.75,7.8125,2.5625],"rotation":0,"texture":"#0","tintindex":0},"east":{"uv":[13.8125,11.125,14.625,11.4375],"rotation":0,"texture":"#0","tintindex":0},"north":{"uv":[11.3125,1.0,14.8125,1.3125],"rotation":0,"texture":"#0","tintindex":0},"south":{"uv":[11.3125,1.3125,14.8125,1.625],"rotation":0,"texture":"#0","tintindex":0},"up":{"uv":[11.3125,2.5625,7.8125,1.75],"rotation":0,"texture":"#0","tintindex":0},"west":{"uv":[14.5,10.375,15.3125,10.6875],"rotation":0,"texture":"#0","tintindex":0}}},{"name":"l_lowerarm_armour_2d","from":[-16.0,7.814908,3.7368279],"to":[-16.0,11.414908,12.136828],"rotation":{"angle":0.0,"axis":"x","origin":[6.9037066,6.9149075,8.0]},"faces":{"down":{"uv":[11.3125,2.5625,7.8125,3.375],"rotation":0,"texture":"#0","tintindex":0},"east":{"uv":[13.8125,11.125,14.625,11.4375],"rotation":0,"texture":"#0","tintindex":0},"north":{"uv":[11.3125,1.0,14.8125,1.3125],"rotation":0,"texture":"#0","tintindex":0},"south":{"uv":[11.3125,1.3125,14.8125,1.625],"rotation":0,"texture":"#0","tintindex":0},"up":{"uv":[11.3125,2.5625,7.8125,1.75],"rotation":0,"texture":"#0","tintindex":0},"west":{"uv":[14.5,10.375,15.3125,10.6875],"rotation":0,"texture":"#0","tintindex":0}}},{"name":"l_lowerarm_armour_2d","from":[18.199999,7.814908,3.7368279],"to":[18.199999,11.414908,12.136828],"rotation":{"angle":0.0,"axis":"x","origin":[6.9037066,6.9149075,8.0]},"faces":{"down":{"uv":[11.3125,2.5625,7.8125,3.375],"rotation":0,"texture":"#0","tintindex":0},"east":{"uv":[13.8125,11.125,14.625,11.4375],"rotation":0,"texture":"#0","tintindex":0},"north":{"uv":[11.3125,1.0,14.8125,1.3125],"rotation":0,"texture":"#0","tintindex":0},"south":{"uv":[11.3125,1.3125,14.8125,1.625],"rotation":0,"texture":"#0","tintindex":0},"up":{"uv":[11.3125,2.5625,7.8125,1.75],"rotation":0,"texture":"#0","tintindex":0},"west":{"uv":[14.5,10.375,15.3125,10.6875],"rotation":0,"texture":"#0","tintindex":0}}},{"name":"l_lowerarm_armour_2d","from":[-16.0,7.814908,12.136828],"to":[18.199999,11.414908,12.136828],"rotation":{"angle":0.0,"axis":"x","origin":[6.9037066,6.9149075,8.0]},"faces":{"down":{"uv":[11.3125,2.5625,7.8125,3.375],"rotation":0,"texture":"#0","tintindex":0},"east":{"uv":[13.8125,11.125,14.625,11.4375],"rotation":0,"texture":"#0","tintindex":0},"north":{"uv":[11.3125,1.0,14.8125,1.3125],"rotation":0,"texture":"#0","tintindex":0},"south":{"uv":[11.3125,1.3125,14.8125,1.625],"rotation":0,"texture":"#0","tintindex":0},"up":{"uv":[11.3125,2.5625,7.8125,1.75],"rotation":0,"texture":"#0","tintindex":0},"west":{"uv":[14.5,10.375,15.3125,10.6875],"rotation":0,"texture":"#0","tintindex":0}}},{"name":"l_lowerarm_armour_2d","from":[-16.0,7.814908,3.7368279],"to":[18.199999,11.414908,3.7368279],"rotation":{"angle":0.0,"axis":"x","origin":[6.9037066,6.9149075,8.0]},"faces":{"down":{"uv":[11.3125,2.5625,7.8125,3.375],"rotation":0,"texture":"#0","tintindex":0},"east":{"uv":[13.8125,11.125,14.625,11.4375],"rotation":0,"texture":"#0","tintindex":0},"north":{"uv":[11.3125,1.0,14.8125,1.3125],"rotation":0,"texture":"#0","tintindex":0},"south":{"uv":[11.3125,1.3125,14.8125,1.625],"rotation":0,"texture":"#0","tintindex":0},"up":{"uv":[11.3125,2.5625,7.8125,1.75],"rotation":0,"texture":"#0","tintindex":0},"west":{"uv":[14.5,10.375,15.3125,10.6875],"rotation":0,"texture":"#0","tintindex":0}}}],"display":{"head":{"translation":[-3.3067994,-6.4,0.0],"rotation":[0.0,0.0,0.0],"scale":[3.8095,3.8095,3.8095]}}}