{"textures":{"0":"modelengine:entity/lamina"},"elements":[{"name":"r_upperarm","from":[8.577333,5.4258003,6.248436],"to":[24.777336,10.825798,9.848436],"rotation":{"angle":0.0,"axis":"x","origin":[8.473626,9.625798,8.1116085]},"faces":{"down":{"uv":[15.25,3.375,13.5625,3.75],"rotation":0,"texture":"#0","tintindex":0},"east":{"uv":[12.0625,14.5625,12.4375,15.125],"rotation":0,"texture":"#0","tintindex":0},"north":{"uv":[12.0625,4.875,13.75,5.4375],"rotation":0,"texture":"#0","tintindex":0},"south":{"uv":[5.0625,12.125,6.75,12.6875],"rotation":0,"texture":"#0","tintindex":0},"up":{"uv":[15.25,0.75,13.5625,0.375],"rotation":0,"texture":"#0","tintindex":0},"west":{"uv":[12.4375,14.5625,12.8125,15.125],"rotation":0,"texture":"#0","tintindex":0}}}],"display":{"head":{"translation":[0.0,-6.4,0.0],"rotation":[0.0,0.0,0.0],"scale":[3.8095,3.8095,3.8095]}}}