{"textures":{"0":"modelengine:entity/lamina"},"elements":[{"name":"r_lowerarm","from":[2.0000021,5.564905,5.836828],"to":[27.2,8.564905,10.036828],"rotation":{"angle":0.0,"axis":"x","origin":[9.096294,6.9149055,8.0]},"faces":{"down":{"uv":[7.6875,11.25,5.0625,11.6875],"rotation":0,"texture":"#0","tintindex":0},"east":{"uv":[9.625,14.75,10.0625,15.0625],"rotation":0,"texture":"#0","tintindex":0},"north":{"uv":[11.1875,12.4375,13.8125,12.75],"rotation":0,"texture":"#0","tintindex":0},"south":{"uv":[11.1875,12.75,13.8125,13.0625],"rotation":0,"texture":"#0","tintindex":0},"up":{"uv":[13.8125,11.4375,11.1875,11.0],"rotation":0,"texture":"#0","tintindex":0},"west":{"uv":[0.0,14.8125,0.4375,15.125],"rotation":0,"texture":"#0","tintindex":0}}},{"name":"r_lowerarm_armour","from":[-1.5999992,8.114905,4.3368278],"to":[31.400002,10.814905,11.536828],"rotation":{"angle":0.0,"axis":"x","origin":[9.096294,6.9149055,8.0]},"faces":{"down":{"uv":[13.0625,8.8125,9.625,9.5625],"rotation":0,"texture":"#0","tintindex":0},"east":{"uv":[10.3125,1.5,11.0625,1.75],"rotation":0,"texture":"#0","tintindex":0},"north":{"uv":[12.25,6.4375,15.6875,6.6875],"rotation":0,"texture":"#0","tintindex":0},"south":{"uv":[12.3125,4.5,15.75,4.75],"rotation":0,"texture":"#0","tintindex":0},"up":{"uv":[13.0625,8.8125,9.625,8.0625],"rotation":0,"texture":"#0","tintindex":0},"west":{"uv":[13.1875,7.0625,13.9375,7.3125],"rotation":0,"texture":"#0","tintindex":0}}},{"name":"r_lowerarm_armour_2d","from":[-2.1999993,11.414906,3.7368279],"to":[32.0,11.414906,12.136828],"rotation":{"angle":0.0,"axis":"x","origin":[9.096294,6.9149055,8.0]},"faces":{"down":{"uv":[9.5,7.8125,6.0,8.625],"rotation":0,"texture":"#0","tintindex":0},"east":{"uv":[14.5,10.6875,15.3125,11.0],"rotation":0,"texture":"#0","tintindex":0},"north":{"uv":[11.3125,1.625,14.8125,1.9375],"rotation":0,"texture":"#0","tintindex":0},"south":{"uv":[11.3125,1.9375,14.8125,2.25],"rotation":0,"texture":"#0","tintindex":0},"up":{"uv":[9.5,8.625,6.0,7.8125],"rotation":0,"texture":"#0","tintindex":0},"west":{"uv":[14.5625,5.4375,15.375,5.75],"rotation":0,"texture":"#0","tintindex":0}}},{"name":"r_lowerarm_armour_2d","from":[-2.1999993,7.8149056,3.7368279],"to":[-2.1999993,11.414906,12.136828],"rotation":{"angle":0.0,"axis":"x","origin":[9.096294,6.9149055,8.0]},"faces":{"down":{"uv":[3.5,7.875,0.0,8.6875],"rotation":0,"texture":"#0","tintindex":0},"east":{"uv":[14.5,10.6875,15.3125,11.0],"rotation":0,"texture":"#0","tintindex":0},"north":{"uv":[11.3125,1.625,14.8125,1.9375],"rotation":0,"texture":"#0","tintindex":0},"south":{"uv":[11.3125,1.9375,14.8125,2.25],"rotation":0,"texture":"#0","tintindex":0},"up":{"uv":[9.5,8.625,6.0,7.8125],"rotation":0,"texture":"#0","tintindex":0},"west":{"uv":[14.5625,5.4375,15.375,5.75],"rotation":0,"texture":"#0","tintindex":0}}},{"name":"r_lowerarm_armour_2d","from":[32.0,7.8149056,3.7368279],"to":[32.0,11.414906,12.136828],"rotation":{"angle":0.0,"axis":"x","origin":[9.096294,6.9149055,8.0]},"faces":{"down":{"uv":[3.5,7.875,0.0,8.6875],"rotation":0,"texture":"#0","tintindex":0},"east":{"uv":[14.5,10.6875,15.3125,11.0],"rotation":0,"texture":"#0","tintindex":0},"north":{"uv":[11.3125,1.625,14.8125,1.9375],"rotation":0,"texture":"#0","tintindex":0},"south":{"uv":[11.3125,1.9375,14.8125,2.25],"rotation":0,"texture":"#0","tintindex":0},"up":{"uv":[9.5,8.625,6.0,7.8125],"rotation":0,"texture":"#0","tintindex":0},"west":{"uv":[14.5625,5.4375,15.375,5.75],"rotation":0,"texture":"#0","tintindex":0}}},{"name":"r_lowerarm_armour_2d","from":[-2.1999993,7.8149056,12.136828],"to":[32.0,11.414906,12.136828],"rotation":{"angle":0.0,"axis":"x","origin":[9.096294,6.9149055,8.0]},"faces":{"down":{"uv":[3.5,7.875,0.0,8.6875],"rotation":0,"texture":"#0","tintindex":0},"east":{"uv":[14.5,10.6875,15.3125,11.0],"rotation":0,"texture":"#0","tintindex":0},"north":{"uv":[11.3125,1.625,14.8125,1.9375],"rotation":0,"texture":"#0","tintindex":0},"south":{"uv":[11.3125,1.9375,14.8125,2.25],"rotation":0,"texture":"#0","tintindex":0},"up":{"uv":[9.5,8.625,6.0,7.8125],"rotation":0,"texture":"#0","tintindex":0},"west":{"uv":[14.5625,5.4375,15.375,5.75],"rotation":0,"texture":"#0","tintindex":0}}},{"name":"r_lowerarm_armour_2d","from":[-2.1999993,7.8149056,3.7368279],"to":[32.0,11.414906,3.7368279],"rotation":{"angle":0.0,"axis":"x","origin":[9.096294,6.9149055,8.0]},"faces":{"down":{"uv":[3.5,7.875,0.0,8.6875],"rotation":0,"texture":"#0","tintindex":0},"east":{"uv":[14.5,10.6875,15.3125,11.0],"rotation":0,"texture":"#0","tintindex":0},"north":{"uv":[11.3125,1.625,14.8125,1.9375],"rotation":0,"texture":"#0","tintindex":0},"south":{"uv":[11.3125,1.9375,14.8125,2.25],"rotation":0,"texture":"#0","tintindex":0},"up":{"uv":[9.5,8.625,6.0,7.8125],"rotation":0,"texture":"#0","tintindex":0},"west":{"uv":[14.5625,5.4375,15.375,5.75],"rotation":0,"texture":"#0","tintindex":0}}}],"display":{"head":{"translation":[3.3067994,-6.4,0.0],"rotation":[0.0,0.0,0.0],"scale":[3.8095,3.8095,3.8095]}}}