{"textures":{"0":"modelengine:entity/lamina"},"elements":[{"name":"r_cover","from":[6.285715,5.880907,7.1405916],"to":[27.714287,10.166621,8.854877],"rotation":{"angle":0.0,"axis":"x","origin":[9.640209,7.595193,8.042857]},"faces":{"down":{"uv":[16.0,12.125,12.875,12.375],"rotation":0,"texture":"#0","tintindex":0},"east":{"uv":[14.6875,12.375,14.9375,13.0],"rotation":0,"texture":"#0","tintindex":0},"north":{"uv":[5.25,10.1875,8.375,10.8125],"rotation":0,"texture":"#0","tintindex":0},"south":{"uv":[10.4375,3.375,13.5625,4.0],"rotation":0,"texture":"#0","tintindex":0},"up":{"uv":[16.0,12.125,12.875,11.875],"rotation":0,"texture":"#0","tintindex":0},"west":{"uv":[14.6875,13.0,14.9375,13.625],"rotation":0,"texture":"#0","tintindex":0}}},{"name":"r_blade_2d","from":[-16.0,4.916621,7.997734],"to":[31.57143,10.916621,7.997734],"rotation":{"angle":0.0,"axis":"x","origin":[9.640209,7.595193,8.042857]},"faces":{"down":{"uv":[7.8125,0.0,0.0,0.0],"rotation":0,"texture":"#0","tintindex":0},"east":{"uv":[0.0,0.0,0.0,1.0],"rotation":0,"texture":"#0","tintindex":0},"north":{"uv":[0.0,2.0,7.8125,3.0],"rotation":0,"texture":"#0","tintindex":0},"south":{"uv":[7.8125,2.0,0.0,3.0],"rotation":0,"texture":"#0","tintindex":0},"up":{"uv":[7.8125,0.0,0.0,0.0],"rotation":0,"texture":"#0","tintindex":0},"west":{"uv":[0.0,0.0,0.0,1.0],"rotation":0,"texture":"#0","tintindex":0}}}],"display":{"head":{"translation":[-53.980488,-6.4,0.0],"rotation":[0.0,0.0,0.0],"scale":[3.7333333,3.7333333,3.7333333]}}}