{"textures":{"0":"modelengine:entity/lamina"},"elements":[{"name":"top_body","from":[-1.0000005,3.4279776,8.087873],"to":[17.0,11.827978,12.887874],"rotation":{"angle":0.0,"axis":"x","origin":[8.0,9.127977,10.487873]},"faces":{"down":{"uv":[14.125,5.9375,12.25,6.4375],"rotation":0,"texture":"#0","tintindex":0},"east":{"uv":[13.9375,7.75,14.4375,8.625],"rotation":0,"texture":"#0","tintindex":0},"north":{"uv":[10.4375,4.0,12.3125,4.875],"rotation":0,"texture":"#0","tintindex":0},"south":{"uv":[8.375,10.5625,10.25,11.4375],"rotation":0,"texture":"#0","tintindex":0},"up":{"uv":[14.125,5.9375,12.25,5.4375],"rotation":0,"texture":"#0","tintindex":0},"west":{"uv":[10.125,14.3125,10.625,15.1875],"rotation":0,"texture":"#0","tintindex":0}}},{"name":"top_spine","from":[5.6,3.8029776,12.287873],"to":[10.4,14.227978,15.287874],"rotation":{"angle":0.0,"axis":"x","origin":[8.0,9.127977,10.487873]},"faces":{"down":{"uv":[15.1875,7.375,14.6875,7.6875],"rotation":0,"texture":"#0","tintindex":0},"east":{"uv":[2.9375,14.5,3.25,15.5625],"rotation":0,"texture":"#0","tintindex":0},"north":{"uv":[8.625,13.75,9.125,14.8125],"rotation":0,"texture":"#0","tintindex":0},"south":{"uv":[9.125,13.75,9.625,14.8125],"rotation":0,"texture":"#0","tintindex":0},"up":{"uv":[15.1875,7.375,14.6875,7.0625],"rotation":0,"texture":"#0","tintindex":0},"west":{"uv":[3.25,14.5,3.5625,15.5625],"rotation":0,"texture":"#0","tintindex":0}}},{"name":"top_l_shoulder","from":[-5.8,5.8279777,8.687874],"to":[5.0,14.227978,14.687874],"rotation":{"angle":-22.5,"axis":"y","origin":[0.19999981,10.027978,11.687874]},"faces":{"down":{"uv":[12.8125,13.0625,11.6875,13.6875],"rotation":0,"texture":"#0","tintindex":0},"east":{"uv":[5.25,9.25,5.875,10.125],"rotation":0,"texture":"#0","tintindex":0},"north":{"uv":[2.25,6.4375,3.375,7.3125],"rotation":0,"texture":"#0","tintindex":0},"south":{"uv":[1.875,10.8125,3.0,11.6875],"rotation":0,"texture":"#0","tintindex":0},"up":{"uv":[8.0,6.375,6.875,5.75],"rotation":0,"texture":"#0","tintindex":0},"west":{"uv":[10.125,13.4375,10.75,14.3125],"rotation":0,"texture":"#0","tintindex":0}}},{"name":"top_l_shoulder_spine","from":[-8.200001,1.0279775,13.487874],"to":[8.6,15.4279785,16.187874],"rotation":{"angle":-22.5,"axis":"y","origin":[0.19999981,10.027978,11.687874]},"faces":{"down":{"uv":[4.6875,13.625,2.9375,13.9375],"rotation":0,"texture":"#0","tintindex":0},"east":{"uv":[10.75,13.4375,11.0625,14.9375],"rotation":0,"texture":"#0","tintindex":0},"north":{"uv":[0.0,8.6875,1.75,10.1875],"rotation":0,"texture":"#0","tintindex":0},"south":{"uv":[1.75,8.6875,3.5,10.1875],"rotation":0,"texture":"#0","tintindex":0},"up":{"uv":[1.75,13.9375,0.0,13.625],"rotation":0,"texture":"#0","tintindex":0},"west":{"uv":[1.125,13.9375,1.4375,15.4375],"rotation":0,"texture":"#0","tintindex":0}}},{"name":"top_r_shoulder","from":[11.0,5.8279777,8.687874],"to":[21.8,14.227978,14.687874],"rotation":{"angle":22.5,"axis":"y","origin":[15.8,10.027978,11.687874]},"faces":{"down":{"uv":[9.75,13.125,8.625,13.75],"rotation":0,"texture":"#0","tintindex":0},"east":{"uv":[11.6875,13.6875,12.3125,14.5625],"rotation":0,"texture":"#0","tintindex":0},"north":{"uv":[11.3125,2.25,12.4375,3.125],"rotation":0,"texture":"#0","tintindex":0},"south":{"uv":[7.6875,11.4375,8.8125,12.3125],"rotation":0,"texture":"#0","tintindex":0},"up":{"uv":[12.8125,13.6875,13.9375,13.0625],"rotation":0,"texture":"#0","tintindex":0},"west":{"uv":[12.3125,13.6875,12.9375,14.5625],"rotation":0,"texture":"#0","tintindex":0}}},{"name":"top_r_shoulder_spine","from":[7.4,1.0279775,13.487874],"to":[24.2,15.4279785,16.187874],"rotation":{"angle":22.5,"axis":"y","origin":[15.8,10.027978,11.687874]},"faces":{"down":{"uv":[15.5,4.75,13.75,5.0625],"rotation":0,"texture":"#0","tintindex":0},"east":{"uv":[1.4375,13.9375,1.75,15.4375],"rotation":0,"texture":"#0","tintindex":0},"north":{"uv":[3.5,9.25,5.25,10.75],"rotation":0,"texture":"#0","tintindex":0},"south":{"uv":[9.5625,0.0,11.3125,1.5],"rotation":0,"texture":"#0","tintindex":0},"up":{"uv":[14.6875,14.0,12.9375,13.6875],"rotation":0,"texture":"#0","tintindex":0},"west":{"uv":[3.8125,13.9375,4.125,15.4375],"rotation":0,"texture":"#0","tintindex":0}}},{"name":"top_r_shoulder_spine_2d","from":[6.8,0.42797756,16.787874],"to":[24.8,16.027977,16.787874],"rotation":{"angle":22.5,"axis":"y","origin":[15.8,10.027978,11.687874]},"faces":{"down":{"uv":[15.3125,9.5,13.5,9.875],"rotation":0,"texture":"#0","tintindex":0},"east":{"uv":[2.1875,13.375,2.5625,14.9375],"rotation":0,"texture":"#0","tintindex":0},"north":{"uv":[6.0,8.625,7.8125,10.1875],"rotation":0,"texture":"#0","tintindex":0},"south":{"uv":[7.8125,8.625,9.625,10.1875],"rotation":0,"texture":"#0","tintindex":0},"up":{"uv":[15.1875,11.8125,13.375,11.4375],"rotation":0,"texture":"#0","tintindex":0},"west":{"uv":[2.5625,13.375,2.9375,14.9375],"rotation":0,"texture":"#0","tintindex":0}}},{"name":"top_l_shoulder_spine_2d","from":[-8.8,0.42797756,16.787874],"to":[9.2,16.027977,16.787874],"rotation":{"angle":-22.5,"axis":"y","origin":[0.19999981,10.027978,11.687874]},"faces":{"down":{"uv":[1.8125,13.25,0.0,13.625],"rotation":0,"texture":"#0","tintindex":0},"east":{"uv":[9.75,13.1875,10.125,14.75],"rotation":0,"texture":"#0","tintindex":0},"north":{"uv":[8.25,5.75,10.0625,7.3125],"rotation":0,"texture":"#0","tintindex":0},"south":{"uv":[8.625,3.375,10.4375,4.9375],"rotation":0,"texture":"#0","tintindex":0},"up":{"uv":[15.0,7.0625,13.1875,6.6875],"rotation":0,"texture":"#0","tintindex":0},"west":{"uv":[1.8125,13.375,2.1875,14.9375],"rotation":0,"texture":"#0","tintindex":0}}},{"name":"top_r_shoulder_spine_2d","from":[6.8,0.42797756,13.187874],"to":[24.8,0.42797756,16.787874],"rotation":{"angle":22.5,"axis":"y","origin":[15.8,10.027978,11.687874]},"faces":{"down":{"uv":[15.3125,9.5,13.5,9.875],"rotation":0,"texture":"#0","tintindex":0},"east":{"uv":[2.1875,13.375,2.5625,14.9375],"rotation":0,"texture":"#0","tintindex":0},"north":{"uv":[6.0,8.625,7.8125,10.1875],"rotation":0,"texture":"#0","tintindex":0},"south":{"uv":[7.8125,8.625,9.625,10.1875],"rotation":0,"texture":"#0","tintindex":0},"up":{"uv":[15.1875,11.8125,13.375,11.4375],"rotation":0,"texture":"#0","tintindex":0},"west":{"uv":[2.5625,13.375,2.9375,14.9375],"rotation":0,"texture":"#0","tintindex":0}}},{"name":"top_l_shoulder_spine_2d","from":[-8.8,0.42797756,13.187874],"to":[9.2,0.42797756,16.787874],"rotation":{"angle":-22.5,"axis":"y","origin":[0.19999981,10.027978,11.687874]},"faces":{"down":{"uv":[1.8125,13.25,0.0,13.625],"rotation":0,"texture":"#0","tintindex":0},"east":{"uv":[9.75,13.1875,10.125,14.75],"rotation":0,"texture":"#0","tintindex":0},"north":{"uv":[8.25,5.75,10.0625,7.3125],"rotation":0,"texture":"#0","tintindex":0},"south":{"uv":[8.625,3.375,10.4375,4.9375],"rotation":0,"texture":"#0","tintindex":0},"up":{"uv":[15.0,7.0625,13.1875,6.6875],"rotation":0,"texture":"#0","tintindex":0},"west":{"uv":[1.8125,13.375,2.1875,14.9375],"rotation":0,"texture":"#0","tintindex":0}}},{"name":"top_r_shoulder_spine_2d","from":[6.8,16.027977,13.187874],"to":[24.8,16.027977,16.787874],"rotation":{"angle":22.5,"axis":"y","origin":[15.8,10.027978,11.687874]},"faces":{"down":{"uv":[15.3125,9.5,13.5,9.875],"rotation":0,"texture":"#0","tintindex":0},"east":{"uv":[2.1875,13.375,2.5625,14.9375],"rotation":0,"texture":"#0","tintindex":0},"north":{"uv":[6.0,8.625,7.8125,10.1875],"rotation":0,"texture":"#0","tintindex":0},"south":{"uv":[7.8125,8.625,9.625,10.1875],"rotation":0,"texture":"#0","tintindex":0},"up":{"uv":[15.1875,11.8125,13.375,11.4375],"rotation":0,"texture":"#0","tintindex":0},"west":{"uv":[2.5625,13.375,2.9375,14.9375],"rotation":0,"texture":"#0","tintindex":0}}},{"name":"top_l_shoulder_spine_2d","from":[-8.8,16.027977,13.187874],"to":[9.2,16.027977,16.787874],"rotation":{"angle":-22.5,"axis":"y","origin":[0.19999981,10.027978,11.687874]},"faces":{"down":{"uv":[1.8125,13.25,0.0,13.625],"rotation":0,"texture":"#0","tintindex":0},"east":{"uv":[9.75,13.1875,10.125,14.75],"rotation":0,"texture":"#0","tintindex":0},"north":{"uv":[8.25,5.75,10.0625,7.3125],"rotation":0,"texture":"#0","tintindex":0},"south":{"uv":[8.625,3.375,10.4375,4.9375],"rotation":0,"texture":"#0","tintindex":0},"up":{"uv":[15.0,7.0625,13.1875,6.6875],"rotation":0,"texture":"#0","tintindex":0},"west":{"uv":[1.8125,13.375,2.1875,14.9375],"rotation":0,"texture":"#0","tintindex":0}}},{"name":"top_r_shoulder_spine_2d","from":[24.8,0.42797756,13.187874],"to":[24.8,16.027977,16.787874],"rotation":{"angle":22.5,"axis":"y","origin":[15.8,10.027978,11.687874]},"faces":{"down":{"uv":[15.3125,9.5,13.5,9.875],"rotation":0,"texture":"#0","tintindex":0},"east":{"uv":[2.1875,13.375,2.5625,14.9375],"rotation":0,"texture":"#0","tintindex":0},"north":{"uv":[6.0,8.625,7.8125,10.1875],"rotation":0,"texture":"#0","tintindex":0},"south":{"uv":[7.8125,8.625,9.625,10.1875],"rotation":0,"texture":"#0","tintindex":0},"up":{"uv":[15.1875,11.8125,13.375,11.4375],"rotation":0,"texture":"#0","tintindex":0},"west":{"uv":[2.5625,13.375,2.9375,14.9375],"rotation":0,"texture":"#0","tintindex":0}}},{"name":"top_l_shoulder_spine_2d","from":[9.2,0.42797756,13.187874],"to":[9.2,16.027977,16.787874],"rotation":{"angle":-22.5,"axis":"y","origin":[0.19999981,10.027978,11.687874]},"faces":{"down":{"uv":[1.8125,13.25,0.0,13.625],"rotation":0,"texture":"#0","tintindex":0},"east":{"uv":[9.75,13.1875,10.125,14.75],"rotation":0,"texture":"#0","tintindex":0},"north":{"uv":[8.25,5.75,10.0625,7.3125],"rotation":0,"texture":"#0","tintindex":0},"south":{"uv":[8.625,3.375,10.4375,4.9375],"rotation":0,"texture":"#0","tintindex":0},"up":{"uv":[15.0,7.0625,13.1875,6.6875],"rotation":0,"texture":"#0","tintindex":0},"west":{"uv":[1.8125,13.375,2.1875,14.9375],"rotation":0,"texture":"#0","tintindex":0}}},{"name":"top_r_shoulder_spine_2d","from":[6.8,0.42797756,13.187874],"to":[6.8,16.027977,16.787874],"rotation":{"angle":22.5,"axis":"y","origin":[15.8,10.027978,11.687874]},"faces":{"down":{"uv":[15.3125,9.5,13.5,9.875],"rotation":0,"texture":"#0","tintindex":0},"east":{"uv":[2.1875,13.375,2.5625,14.9375],"rotation":0,"texture":"#0","tintindex":0},"north":{"uv":[6.0,8.625,7.8125,10.1875],"rotation":0,"texture":"#0","tintindex":0},"south":{"uv":[7.8125,8.625,9.625,10.1875],"rotation":0,"texture":"#0","tintindex":0},"up":{"uv":[15.1875,11.8125,13.375,11.4375],"rotation":0,"texture":"#0","tintindex":0},"west":{"uv":[2.5625,13.375,2.9375,14.9375],"rotation":0,"texture":"#0","tintindex":0}}},{"name":"top_l_shoulder_spine_2d","from":[-8.8,0.42797756,13.187874],"to":[-8.8,16.027977,16.787874],"rotation":{"angle":-22.5,"axis":"y","origin":[0.19999981,10.027978,11.687874]},"faces":{"down":{"uv":[1.8125,13.25,0.0,13.625],"rotation":0,"texture":"#0","tintindex":0},"east":{"uv":[9.75,13.1875,10.125,14.75],"rotation":0,"texture":"#0","tintindex":0},"north":{"uv":[8.25,5.75,10.0625,7.3125],"rotation":0,"texture":"#0","tintindex":0},"south":{"uv":[8.625,3.375,10.4375,4.9375],"rotation":0,"texture":"#0","tintindex":0},"up":{"uv":[15.0,7.0625,13.1875,6.6875],"rotation":0,"texture":"#0","tintindex":0},"west":{"uv":[1.8125,13.375,2.1875,14.9375],"rotation":0,"texture":"#0","tintindex":0}}},{"name":"neck","from":[4.5499997,13.177978,4.487873],"to":[8.15,16.777977,15.887874],"rotation":{"angle":45.0,"axis":"z","origin":[8.0,16.62798,9.287874]},"faces":{"down":{"uv":[14.125,14.0,13.75,15.1875],"rotation":0,"texture":"#0","tintindex":0},"east":{"uv":[8.375,10.1875,9.5625,10.5625],"rotation":0,"texture":"#0","tintindex":0},"north":{"uv":[14.6875,13.625,15.0625,14.0],"rotation":0,"texture":"#0","tintindex":0},"south":{"uv":[14.75,8.5,15.125,8.875],"rotation":0,"texture":"#0","tintindex":0},"up":{"uv":[13.75,15.1875,13.375,14.0],"rotation":0,"texture":"#0","tintindex":0},"west":{"uv":[13.75,5.0625,14.9375,5.4375],"rotation":0,"texture":"#0","tintindex":0}}}],"display":{"head":{"translation":[0.0,-6.4,0.0],"rotation":[0.0,0.0,0.0],"scale":[3.8095,3.8095,3.8095]}}}