{"textures":{"0":"modelengine:entity/wingen1xd","1":"modelengine:entity/woingen2xdd","2":"modelengine:entity/wingen1axd","3":"modelengine:entity/wing2axdan","4":"modelengine:entity/em_blackangel_xd","5":"modelengine:entity/essxd","6":"modelengine:entity/neyes"},"elements":[{"name":"kaputt","from":[4.421693,10.210524,4.4426],"to":[5.626493,11.415323,10.597401],"rotation":{"angle":-22.5,"axis":"z","origin":[4.724093,10.512924,7.295]},"faces":{"down":{"uv":[4.6875,7.3125,4.5625,7.9375],"rotation":0,"texture":"#4","tintindex":0},"east":{"uv":[5.875,1.125,6.5,1.25],"rotation":0,"texture":"#4","tintindex":0},"north":{"uv":[0.0,8.6875,0.125,8.8125],"rotation":0,"texture":"#4","tintindex":0},"south":{"uv":[7.0,8.6875,7.125,8.8125],"rotation":0,"texture":"#4","tintindex":0},"up":{"uv":[1.375,7.9375,1.25,7.3125],"rotation":0,"texture":"#4","tintindex":0},"west":{"uv":[5.25,7.3125,5.875,7.4375],"rotation":0,"texture":"#4","tintindex":0}}},{"name":"kaputt","from":[4.2806525,7.9763017,4.4455996],"to":[5.480653,10.826302,10.5896],"rotation":{"angle":45.0,"axis":"z","origin":[5.1806526,9.926302,7.295]},"faces":{"down":{"uv":[6.25,7.3125,6.125,7.9375],"rotation":0,"texture":"#4","tintindex":0},"east":{"uv":[1.125,3.625,1.75,3.9375],"rotation":0,"texture":"#4","tintindex":0},"north":{"uv":[4.5,8.0,4.625,8.3125],"rotation":0,"texture":"#4","tintindex":0},"south":{"uv":[6.3125,8.0,6.4375,8.3125],"rotation":0,"texture":"#4","tintindex":0},"up":{"uv":[6.0625,7.9375,5.9375,7.3125],"rotation":0,"texture":"#4","tintindex":0},"west":{"uv":[3.5625,3.6875,4.1875,4.0],"rotation":0,"texture":"#4","tintindex":0}}},{"name":"kaputt","from":[4.7,11.0,4.4449997],"to":[5.8999996,12.215001,10.594999],"rotation":{"angle":0.0,"axis":"x","origin":[4.1,10.700001,7.295]},"faces":{"down":{"uv":[7.1875,7.3125,7.0625,7.9375],"rotation":0,"texture":"#4","tintindex":0},"east":{"uv":[7.3125,5.6875,7.9375,5.8125],"rotation":0,"texture":"#4","tintindex":0},"north":{"uv":[7.1875,8.6875,7.3125,8.8125],"rotation":0,"texture":"#4","tintindex":0},"south":{"uv":[8.6875,7.1875,8.8125,7.3125],"rotation":0,"texture":"#4","tintindex":0},"up":{"uv":[6.4375,7.9375,6.3125,7.3125],"rotation":0,"texture":"#4","tintindex":0},"west":{"uv":[7.3125,6.5,7.9375,6.625],"rotation":0,"texture":"#4","tintindex":0}}},{"name":"kaputt","from":[5.0,12.2,4.4449997],"to":[6.2,14.6,10.594999],"rotation":{"angle":0.0,"axis":"x","origin":[4.3999996,12.5,7.295]},"faces":{"down":{"uv":[2.3125,7.375,2.1875,8.0],"rotation":0,"texture":"#4","tintindex":0},"east":{"uv":[4.6875,1.4375,5.3125,1.6875],"rotation":0,"texture":"#4","tintindex":0},"north":{"uv":[0.5625,3.0,0.6875,3.25],"rotation":0,"texture":"#4","tintindex":0},"south":{"uv":[1.125,3.3125,1.25,3.5625],"rotation":0,"texture":"#4","tintindex":0},"up":{"uv":[7.375,7.9375,7.25,7.3125],"rotation":0,"texture":"#4","tintindex":0},"west":{"uv":[4.6875,3.5,5.3125,3.75],"rotation":0,"texture":"#4","tintindex":0}}},{"name":"kaputt","from":[10.4,12.2,4.4449997],"to":[11.6,14.6,10.594999],"rotation":{"angle":0.0,"axis":"x","origin":[12.2,12.5,7.295]},"faces":{"down":{"uv":[2.6875,7.375,2.5625,8.0],"rotation":0,"texture":"#4","tintindex":0},"east":{"uv":[4.8125,0.5625,5.4375,0.8125],"rotation":0,"texture":"#4","tintindex":0},"north":{"uv":[8.1875,8.1875,8.3125,8.4375],"rotation":0,"texture":"#4","tintindex":0},"south":{"uv":[0.1875,8.25,0.3125,8.5],"rotation":0,"texture":"#4","tintindex":0},"up":{"uv":[2.5,8.0,2.375,7.375],"rotation":0,"texture":"#4","tintindex":0},"west":{"uv":[4.8125,4.5,5.4375,4.75],"rotation":0,"texture":"#4","tintindex":0}}},{"name":"kaputt","from":[9.8,14.0,4.4449997],"to":[10.4,14.6,10.594999],"rotation":{"angle":0.0,"axis":"x","origin":[11.0,12.5,7.295]},"faces":{"down":{"uv":[0.8125,8.0625,0.75,8.6875],"rotation":0,"texture":"#4","tintindex":0},"east":{"uv":[8.0625,6.1875,8.6875,6.25],"rotation":0,"texture":"#4","tintindex":0},"north":{"uv":[6.4375,8.75,6.5,8.8125],"rotation":0,"texture":"#4","tintindex":0},"south":{"uv":[6.5625,8.75,6.625,8.8125],"rotation":0,"texture":"#4","tintindex":0},"up":{"uv":[0.6875,8.6875,0.625,8.0625],"rotation":0,"texture":"#4","tintindex":0},"west":{"uv":[8.125,2.6875,8.75,2.75],"rotation":0,"texture":"#4","tintindex":0}}},{"name":"kaputt","from":[6.2,14.0,4.4449997],"to":[6.8,14.6,10.594999],"rotation":{"angle":0.0,"axis":"x","origin":[5.6,12.5,7.295]},"faces":{"down":{"uv":[2.625,8.0625,2.5625,8.6875],"rotation":0,"texture":"#4","tintindex":0},"east":{"uv":[8.125,2.8125,8.75,2.875],"rotation":0,"texture":"#4","tintindex":0},"north":{"uv":[8.75,6.9375,8.8125,7.0],"rotation":0,"texture":"#4","tintindex":0},"south":{"uv":[0.1875,8.8125,0.25,8.875],"rotation":0,"texture":"#4","tintindex":0},"up":{"uv":[2.5,8.6875,2.4375,8.0625],"rotation":0,"texture":"#4","tintindex":0},"west":{"uv":[8.125,3.5,8.75,3.5625],"rotation":0,"texture":"#4","tintindex":0}}},{"name":"kaputt","from":[10.700001,11.0,4.4449997],"to":[11.900001,12.215001,10.594999],"rotation":{"angle":0.0,"axis":"x","origin":[12.5,10.700001,7.295]},"faces":{"down":{"uv":[3.4375,7.375,3.3125,8.0],"rotation":0,"texture":"#4","tintindex":0},"east":{"uv":[7.3125,6.6875,7.9375,6.8125],"rotation":0,"texture":"#4","tintindex":0},"north":{"uv":[7.375,8.6875,7.5,8.8125],"rotation":0,"texture":"#4","tintindex":0},"south":{"uv":[8.6875,7.375,8.8125,7.5],"rotation":0,"texture":"#4","tintindex":0},"up":{"uv":[3.25,8.0,3.125,7.375],"rotation":0,"texture":"#4","tintindex":0},"west":{"uv":[7.3125,6.875,7.9375,7.0],"rotation":0,"texture":"#4","tintindex":0}}},{"name":"kaputt","from":[11.119347,7.9763017,4.4455996],"to":[12.319347,10.826302,10.5896],"rotation":{"angle":-45.0,"axis":"z","origin":[11.419347,9.926302,7.295]},"faces":{"down":{"uv":[4.4375,7.4375,4.3125,8.0625],"rotation":0,"texture":"#4","tintindex":0},"east":{"uv":[1.8125,3.75,2.4375,4.0625],"rotation":0,"texture":"#4","tintindex":0},"north":{"uv":[3.5,8.125,3.625,8.4375],"rotation":0,"texture":"#4","tintindex":0},"south":{"uv":[8.125,3.625,8.25,3.9375],"rotation":0,"texture":"#4","tintindex":0},"up":{"uv":[4.25,8.0625,4.125,7.4375],"rotation":0,"texture":"#4","tintindex":0},"west":{"uv":[2.5,3.75,3.125,4.0625],"rotation":0,"texture":"#4","tintindex":0}}},{"name":"kaputt","from":[10.973507,10.210524,4.4426],"to":[12.178307,11.415323,10.597401],"rotation":{"angle":22.5,"axis":"z","origin":[11.875907,10.512924,7.295]},"faces":{"down":{"uv":[6.8125,7.4375,6.6875,8.0625],"rotation":0,"texture":"#4","tintindex":0},"east":{"uv":[7.4375,2.3125,8.0625,2.4375],"rotation":0,"texture":"#4","tintindex":0},"north":{"uv":[7.5625,8.6875,7.6875,8.8125],"rotation":0,"texture":"#4","tintindex":0},"south":{"uv":[7.75,8.6875,7.875,8.8125],"rotation":0,"texture":"#4","tintindex":0},"up":{"uv":[6.625,8.0625,6.5,7.4375],"rotation":0,"texture":"#4","tintindex":0},"west":{"uv":[7.4375,2.5,8.0625,2.625],"rotation":0,"texture":"#4","tintindex":0}}},{"name":"kaputt","from":[5.87,14.570001,4.4149995],"to":[10.73,15.23,10.625],"rotation":{"angle":0.0,"axis":"x","origin":[10.4,13.1,7.295]},"faces":{"down":{"uv":[1.0625,1.875,0.5625,2.5],"rotation":0,"texture":"#4","tintindex":0},"east":{"uv":[8.125,4.875,8.75,4.9375],"rotation":0,"texture":"#4","tintindex":0},"north":{"uv":[1.625,8.25,2.125,8.3125],"rotation":0,"texture":"#4","tintindex":0},"south":{"uv":[8.3125,0.0,8.8125,0.0625],"rotation":0,"texture":"#4","tintindex":0},"up":{"uv":[0.5,2.5,0.0,1.875],"rotation":0,"texture":"#4","tintindex":0},"west":{"uv":[8.125,5.0,8.75,5.0625],"rotation":0,"texture":"#4","tintindex":0}}},{"name":"kaputt","from":[7.0699997,15.23,4.4149995],"to":[9.530001,15.889999,10.625],"rotation":{"angle":0.0,"axis":"x","origin":[10.4,13.759999,7.295]},"faces":{"down":{"uv":[5.0625,4.8125,4.8125,5.4375],"rotation":0,"texture":"#4","tintindex":0},"east":{"uv":[8.125,5.125,8.75,5.1875],"rotation":0,"texture":"#4","tintindex":0},"north":{"uv":[8.6875,7.75,8.9375,7.8125],"rotation":0,"texture":"#4","tintindex":0},"south":{"uv":[8.6875,7.875,8.9375,7.9375],"rotation":0,"texture":"#4","tintindex":0},"up":{"uv":[2.5,5.25,2.25,4.625],"rotation":0,"texture":"#4","tintindex":0},"west":{"uv":[8.125,5.25,8.75,5.3125],"rotation":0,"texture":"#4","tintindex":0}}},{"name":"kaputt","from":[7.7,14.0,4.4449997],"to":[8.9,14.6,4.595],"rotation":{"angle":0.0,"axis":"x","origin":[9.2,12.5,3.0949998]},"faces":{"down":{"uv":[6.75,7.0,6.625,7.0625],"rotation":0,"texture":"#4","tintindex":0},"east":{"uv":[0.3125,8.8125,0.375,8.875],"rotation":0,"texture":"#4","tintindex":0},"north":{"uv":[0.9375,4.3125,1.0625,4.375],"rotation":0,"texture":"#4","tintindex":0},"south":{"uv":[1.875,6.5,2.0,6.5625],"rotation":0,"texture":"#4","tintindex":0},"up":{"uv":[7.0,6.0625,6.875,6.0],"rotation":0,"texture":"#4","tintindex":0},"west":{"uv":[0.4375,8.8125,0.5,8.875],"rotation":0,"texture":"#4","tintindex":0}}},{"name":"kaputt","from":[8.0,13.400001,4.4449997],"to":[8.6,14.0,4.595],"rotation":{"angle":0.0,"axis":"x","origin":[9.5,11.900001,3.0949998]},"faces":{"down":{"uv":[2.0625,8.8125,2.0,8.875],"rotation":0,"texture":"#4","tintindex":0},"east":{"uv":[1.375,8.8125,1.4375,8.875],"rotation":0,"texture":"#4","tintindex":0},"north":{"uv":[8.8125,0.75,8.875,0.8125],"rotation":0,"texture":"#4","tintindex":0},"south":{"uv":[1.5,8.8125,1.5625,8.875],"rotation":0,"texture":"#4","tintindex":0},"up":{"uv":[1.8125,8.875,1.75,8.8125],"rotation":0,"texture":"#4","tintindex":0},"west":{"uv":[1.625,8.8125,1.6875,8.875],"rotation":0,"texture":"#4","tintindex":0}}},{"name":"kaputt","from":[6.5,9.2,10.594999],"to":[10.1,12.8,11.195],"rotation":{"angle":0.0,"axis":"x","origin":[10.4,13.1,8.495]},"faces":{"down":{"uv":[8.875,5.375,8.5,5.4375],"rotation":0,"texture":"#4","tintindex":0},"east":{"uv":[3.4375,2.6875,3.5,3.0625],"rotation":0,"texture":"#4","tintindex":0},"north":{"uv":[4.3125,5.0625,4.6875,5.4375],"rotation":0,"texture":"#4","tintindex":0},"south":{"uv":[1.25,5.125,1.625,5.5],"rotation":0,"texture":"#4","tintindex":0},"up":{"uv":[8.875,1.8125,8.5,1.75],"rotation":0,"texture":"#4","tintindex":0},"west":{"uv":[2.3125,8.25,2.375,8.625],"rotation":0,"texture":"#4","tintindex":0}}},{"name":"kaputt","from":[4.9046526,7.4003015,6.2696],"to":[6.6566525,10.802301,10.565599],"rotation":{"angle":45.0,"axis":"z","origin":[5.1806526,9.926302,7.295]},"faces":{"down":{"uv":[7.375,2.3125,7.1875,2.75],"rotation":0,"texture":"#4","tintindex":0},"east":{"uv":[2.5625,4.125,3.0,4.5],"rotation":0,"texture":"#4","tintindex":0},"north":{"uv":[3.0,0.5625,3.1875,0.9375],"rotation":0,"texture":"#4","tintindex":0},"south":{"uv":[5.6875,7.5,5.875,7.875],"rotation":0,"texture":"#4","tintindex":0},"up":{"uv":[0.1875,7.5,0.0,7.0625],"rotation":0,"texture":"#4","tintindex":0},"west":{"uv":[4.125,2.5625,4.5625,2.9375],"rotation":0,"texture":"#4","tintindex":0}}},{"name":"kaputt","from":[9.943348,7.4003015,6.2696],"to":[11.695348,10.802301,10.565599],"rotation":{"angle":-45.0,"axis":"z","origin":[11.419347,9.926302,7.295]},"faces":{"down":{"uv":[4.0625,7.1875,3.875,7.625],"rotation":0,"texture":"#4","tintindex":0},"east":{"uv":[4.1875,1.5,4.625,1.875],"rotation":0,"texture":"#4","tintindex":0},"north":{"uv":[0.0,7.5625,0.1875,7.9375],"rotation":0,"texture":"#4","tintindex":0},"south":{"uv":[1.4375,7.5625,1.625,7.9375],"rotation":0,"texture":"#4","tintindex":0},"up":{"uv":[3.8125,7.625,3.625,7.1875],"rotation":0,"texture":"#4","tintindex":0},"west":{"uv":[4.1875,3.0,4.625,3.375],"rotation":0,"texture":"#4","tintindex":0}}},{"name":"cuellum","from":[6.8012,6.5011997,5.9462],"to":[9.7987995,10.098801,8.9438],"rotation":{"angle":0.0,"axis":"x","origin":[8.0,10.700001,7.745]},"faces":{"down":{"uv":[1.0625,6.875,0.75,7.1875],"rotation":0,"texture":"#4","tintindex":0},"east":{"uv":[5.6875,6.5625,6.0,6.9375],"rotation":0,"texture":"#4","tintindex":0},"north":{"uv":[6.5625,1.125,6.875,1.5],"rotation":0,"texture":"#4","tintindex":0},"south":{"uv":[6.0625,6.5625,6.375,6.9375],"rotation":0,"texture":"#4","tintindex":0},"up":{"uv":[7.1875,0.6875,6.875,0.375],"rotation":0,"texture":"#4","tintindex":0},"west":{"uv":[6.4375,6.5625,6.75,6.9375],"rotation":0,"texture":"#4","tintindex":0}}},{"name":"cube","from":[5.8999996,12.259999,5.225],"to":[10.700001,14.659999,10.025],"rotation":{"angle":0.0,"axis":"x","origin":[7.7,-11.14,7.625]},"faces":{"down":{"uv":[4.0625,0.0,3.5625,0.5],"rotation":0,"texture":"#4","tintindex":0},"east":{"uv":[5.875,5.8125,6.375,6.0625],"rotation":0,"texture":"#4","tintindex":0},"north":{"uv":[5.875,3.8125,6.375,4.0625],"rotation":0,"texture":"#4","tintindex":0},"south":{"uv":[0.0,5.9375,0.5,6.1875],"rotation":0,"texture":"#4","tintindex":0},"up":{"uv":[0.5,4.0625,0.0,3.5625],"rotation":0,"texture":"#4","tintindex":0},"west":{"uv":[5.9375,0.25,6.4375,0.5],"rotation":0,"texture":"#4","tintindex":0}}},{"name":"cube","from":[10.1,8.059999,8.225],"to":[10.700001,9.259999,10.025],"rotation":{"angle":0.0,"axis":"x","origin":[7.7,-14.740003,7.625]},"faces":{"down":{"uv":[6.4375,0.0,6.375,0.1875],"rotation":0,"texture":"#4","tintindex":0},"east":{"uv":[8.0625,8.5,8.25,8.625],"rotation":0,"texture":"#4","tintindex":0},"north":{"uv":[1.25,4.9375,1.3125,5.0625],"rotation":0,"texture":"#4","tintindex":0},"south":{"uv":[2.125,5.125,2.1875,5.25],"rotation":0,"texture":"#4","tintindex":0},"up":{"uv":[3.125,4.3125,3.0625,4.125],"rotation":0,"texture":"#4","tintindex":0},"west":{"uv":[8.5625,0.75,8.75,0.875],"rotation":0,"texture":"#4","tintindex":0}}},{"name":"cube","from":[5.8976,11.0576,10.0226],"to":[10.7024,14.662399,10.627399],"rotation":{"angle":0.0,"axis":"x","origin":[8.3,-11.14,7.625]},"faces":{"down":{"uv":[8.8125,0.25,8.3125,0.3125],"rotation":0,"texture":"#4","tintindex":0},"east":{"uv":[3.0,8.375,3.0625,8.75],"rotation":0,"texture":"#4","tintindex":0},"north":{"uv":[3.8125,0.5625,4.3125,0.9375],"rotation":0,"texture":"#4","tintindex":0},"south":{"uv":[0.5625,3.875,1.0625,4.25],"rotation":0,"texture":"#4","tintindex":0},"up":{"uv":[8.8125,0.1875,8.3125,0.125],"rotation":0,"texture":"#4","tintindex":0},"west":{"uv":[6.6875,8.5,6.75,8.875],"rotation":0,"texture":"#4","tintindex":0}}},{"name":"cube","from":[5.8999996,7.459999,10.025],"to":[10.700001,11.059999,11.225],"rotation":{"angle":0.0,"axis":"x","origin":[8.3,-14.140002,7.625]},"faces":{"down":{"uv":[8.25,0.0,7.75,0.125],"rotation":0,"texture":"#4","tintindex":0},"east":{"uv":[5.6875,7.9375,5.8125,8.3125],"rotation":0,"texture":"#4","tintindex":0},"north":{"uv":[1.125,4.0,1.625,4.375],"rotation":0,"texture":"#4","tintindex":0},"south":{"uv":[4.0,2.125,4.5,2.5],"rotation":0,"texture":"#4","tintindex":0},"up":{"uv":[8.0,6.25,7.5,6.125],"rotation":0,"texture":"#4","tintindex":0},"west":{"uv":[0.0,8.0,0.125,8.375],"rotation":0,"texture":"#4","tintindex":0}}},{"name":"cube","from":[5.8999996,8.059999,8.225],"to":[6.5,9.259999,10.025],"rotation":{"angle":0.0,"axis":"x","origin":[8.9,-14.740003,7.625]},"faces":{"down":{"uv":[4.8125,7.3125,4.75,7.5],"rotation":0,"texture":"#4","tintindex":0},"east":{"uv":[0.875,8.5625,1.0625,8.6875],"rotation":0,"texture":"#4","tintindex":0},"north":{"uv":[0.25,7.0625,0.3125,7.1875],"rotation":0,"texture":"#4","tintindex":0},"south":{"uv":[3.5,7.375,3.5625,7.5],"rotation":0,"texture":"#4","tintindex":0},"up":{"uv":[2.8125,6.875,2.75,6.6875],"rotation":0,"texture":"#4","tintindex":0},"west":{"uv":[1.125,8.5625,1.3125,8.6875],"rotation":0,"texture":"#4","tintindex":0}}},{"name":"cube","from":[5.8999996,10.459999,5.225],"to":[10.700001,11.059999,10.025],"rotation":{"angle":0.0,"axis":"x","origin":[8.3,-10.540001,7.625]},"faces":{"down":{"uv":[4.0625,2.6875,3.5625,3.1875],"rotation":0,"texture":"#4","tintindex":0},"east":{"uv":[8.3125,0.5,8.8125,0.5625],"rotation":0,"texture":"#4","tintindex":0},"north":{"uv":[8.3125,0.375,8.8125,0.4375],"rotation":0,"texture":"#4","tintindex":0},"south":{"uv":[8.3125,0.625,8.8125,0.6875],"rotation":0,"texture":"#4","tintindex":0},"up":{"uv":[4.0625,1.625,3.5625,1.125],"rotation":0,"texture":"#4","tintindex":0},"west":{"uv":[8.3125,0.9375,8.8125,1.0],"rotation":0,"texture":"#4","tintindex":0}}},{"name":"cube","from":[10.1,11.059999,5.225],"to":[10.700001,12.259999,10.025],"rotation":{"angle":0.0,"axis":"x","origin":[7.7,-11.14,7.625]},"faces":{"down":{"uv":[0.4375,8.25,0.375,8.75],"rotation":0,"texture":"#4","tintindex":0},"east":{"uv":[7.75,0.1875,8.25,0.3125],"rotation":0,"texture":"#4","tintindex":0},"north":{"uv":[1.125,7.5625,1.1875,7.6875],"rotation":0,"texture":"#4","tintindex":0},"south":{"uv":[5.4375,8.3125,5.5,8.4375],"rotation":0,"texture":"#4","tintindex":0},"up":{"uv":[5.625,8.625,5.5625,8.125],"rotation":0,"texture":"#4","tintindex":0},"west":{"uv":[7.75,0.375,8.25,0.5],"rotation":0,"texture":"#4","tintindex":0}}},{"name":"cube","from":[5.8999996,11.059999,5.225],"to":[6.5,12.259999,10.025],"rotation":{"angle":0.0,"axis":"x","origin":[8.9,-11.14,7.625]},"faces":{"down":{"uv":[2.25,8.25,2.1875,8.75],"rotation":0,"texture":"#4","tintindex":0},"east":{"uv":[7.75,0.5625,8.25,0.6875],"rotation":0,"texture":"#4","tintindex":0},"north":{"uv":[2.875,8.5625,2.9375,8.6875],"rotation":0,"texture":"#4","tintindex":0},"south":{"uv":[1.875,8.6875,1.9375,8.8125],"rotation":0,"texture":"#4","tintindex":0},"up":{"uv":[0.5625,8.75,0.5,8.25],"rotation":0,"texture":"#4","tintindex":0},"west":{"uv":[7.75,1.0,8.25,1.125],"rotation":0,"texture":"#4","tintindex":0}}},{"name":"cube","from":[6.5,11.659999,7.625],"to":[10.1,12.86,10.025],"rotation":{"angle":0.0,"axis":"x","origin":[8.0,-10.540001,7.625]},"faces":{"down":{"uv":[5.25,6.9375,4.875,7.1875],"rotation":0,"texture":"#4","tintindex":0},"east":{"uv":[2.6875,1.5625,2.9375,1.6875],"rotation":0,"texture":"#4","tintindex":0},"north":{"uv":[8.0,4.0625,8.375,4.1875],"rotation":0,"texture":"#4","tintindex":0},"south":{"uv":[8.0,4.25,8.375,4.375],"rotation":0,"texture":"#4","tintindex":0},"up":{"uv":[1.8125,7.1875,1.4375,6.9375],"rotation":0,"texture":"#4","tintindex":0},"west":{"uv":[1.375,4.4375,1.625,4.5625],"rotation":0,"texture":"#4","tintindex":0}}},{"name":"cube","from":[7.7,11.059999,5.225],"to":[8.9,12.259999,7.625],"rotation":{"angle":0.0,"axis":"x","origin":[8.3,-11.14,7.625]},"faces":{"down":{"uv":[3.4375,8.25,3.3125,8.5],"rotation":0,"texture":"#4","tintindex":0},"east":{"uv":[4.6875,1.75,4.9375,1.875],"rotation":0,"texture":"#4","tintindex":0},"north":{"uv":[7.9375,8.6875,8.0625,8.8125],"rotation":0,"texture":"#4","tintindex":0},"south":{"uv":[8.125,8.6875,8.25,8.8125],"rotation":0,"texture":"#4","tintindex":0},"up":{"uv":[3.25,8.5,3.125,8.25],"rotation":0,"texture":"#4","tintindex":0},"west":{"uv":[5.625,0.25,5.875,0.375],"rotation":0,"texture":"#4","tintindex":0}}},{"name":"cube","from":[8.9,11.059999,5.375],"to":[10.1,12.259999,7.625],"rotation":{"angle":0.0,"axis":"x","origin":[8.3,-11.14,7.625]},"faces":{"down":{"uv":[5.0625,8.25,4.9375,8.5],"rotation":0,"texture":"#4","tintindex":0},"east":{"uv":[0.5625,5.8125,0.8125,5.9375],"rotation":0,"texture":"#4","tintindex":0},"north":{"uv":[8.6875,8.125,8.8125,8.25],"rotation":0,"texture":"#4","tintindex":0},"south":{"uv":[8.3125,8.6875,8.4375,8.8125],"rotation":0,"texture":"#4","tintindex":0},"up":{"uv":[4.0625,8.5,3.9375,8.25],"rotation":0,"texture":"#4","tintindex":0},"west":{"uv":[6.4375,2.0,6.6875,2.125],"rotation":0,"texture":"#4","tintindex":0}}},{"name":"cube","from":[6.5,11.059999,5.375],"to":[7.7,12.259999,7.625],"rotation":{"angle":0.0,"axis":"x","origin":[8.3,-11.14,7.625]},"faces":{"down":{"uv":[8.4375,1.5625,8.3125,1.8125],"rotation":0,"texture":"#4","tintindex":0},"east":{"uv":[6.875,8.25,7.125,8.375],"rotation":0,"texture":"#4","tintindex":0},"north":{"uv":[8.6875,8.3125,8.8125,8.4375],"rotation":0,"texture":"#4","tintindex":0},"south":{"uv":[8.5,8.6875,8.625,8.8125],"rotation":0,"texture":"#4","tintindex":0},"up":{"uv":[8.4375,1.5,8.3125,1.25],"rotation":0,"texture":"#4","tintindex":0},"west":{"uv":[8.3125,1.0625,8.5625,1.1875],"rotation":0,"texture":"#4","tintindex":0}}},{"name":"cube","from":[9.5,9.259999,5.225],"to":[10.700001,10.459999,10.025],"rotation":{"angle":0.0,"axis":"x","origin":[8.3,-9.34,7.625]},"faces":{"down":{"uv":[7.0,7.4375,6.875,7.9375],"rotation":0,"texture":"#4","tintindex":0},"east":{"uv":[7.75,1.1875,8.25,1.3125],"rotation":0,"texture":"#4","tintindex":0},"north":{"uv":[1.0,8.75,1.125,8.875],"rotation":0,"texture":"#4","tintindex":0},"south":{"uv":[1.1875,8.75,1.3125,8.875],"rotation":0,"texture":"#4","tintindex":0},"up":{"uv":[1.6875,2.5,1.5625,2.0],"rotation":0,"texture":"#4","tintindex":0},"west":{"uv":[7.75,1.375,8.25,1.5],"rotation":0,"texture":"#4","tintindex":0}}},{"name":"cube","from":[7.1,9.259999,8.825],"to":[9.5,10.459999,10.025],"rotation":{"angle":0.0,"axis":"x","origin":[8.0,-9.34,7.595]},"faces":{"down":{"uv":[1.4375,8.375,1.1875,8.5],"rotation":0,"texture":"#4","tintindex":0},"east":{"uv":[2.3125,8.75,2.4375,8.875],"rotation":0,"texture":"#4","tintindex":0},"north":{"uv":[8.3125,7.0625,8.5625,7.1875],"rotation":0,"texture":"#4","tintindex":0},"south":{"uv":[8.3125,7.625,8.5625,7.75],"rotation":0,"texture":"#4","tintindex":0},"up":{"uv":[1.125,8.5,0.875,8.375],"rotation":0,"texture":"#4","tintindex":0},"west":{"uv":[2.5,8.75,2.625,8.875],"rotation":0,"texture":"#4","tintindex":0}}},{"name":"cube","from":[7.01,9.169999,5.1349998],"to":[9.59,10.549999,7.715],"rotation":{"angle":0.0,"axis":"x","origin":[8.3,-9.34,7.625]},"faces":{"down":{"uv":[0.5,7.75,0.25,8.0],"rotation":0,"texture":"#4","tintindex":0},"east":{"uv":[1.8125,8.375,2.0625,8.5],"rotation":0,"texture":"#4","tintindex":0},"north":{"uv":[1.5,8.375,1.75,8.5],"rotation":0,"texture":"#4","tintindex":0},"south":{"uv":[8.375,1.875,8.625,2.0],"rotation":0,"texture":"#4","tintindex":0},"up":{"uv":[3.0,7.875,2.75,7.625],"rotation":0,"texture":"#4","tintindex":0},"west":{"uv":[8.375,2.0625,8.625,2.1875],"rotation":0,"texture":"#4","tintindex":0}}},{"name":"cube","from":[5.8999996,9.259999,5.225],"to":[7.1,10.459999,10.025],"rotation":{"angle":0.0,"axis":"x","origin":[7.7,-9.34,7.625]},"faces":{"down":{"uv":[7.875,2.9375,7.75,3.4375],"rotation":0,"texture":"#4","tintindex":0},"east":{"uv":[7.75,1.5625,8.25,1.6875],"rotation":0,"texture":"#4","tintindex":0},"north":{"uv":[8.75,2.5,8.875,2.625],"rotation":0,"texture":"#4","tintindex":0},"south":{"uv":[3.4375,8.75,3.5625,8.875],"rotation":0,"texture":"#4","tintindex":0},"up":{"uv":[4.0625,8.1875,3.9375,7.6875],"rotation":0,"texture":"#4","tintindex":0},"west":{"uv":[7.75,1.75,8.25,1.875],"rotation":0,"texture":"#4","tintindex":0}}}],"display":{"head":{"translation":[0.0,-6.4,0.0],"rotation":[0.0,0.0,0.0],"scale":[3.8095,3.8095,3.8095]}}}