{"textures":{"0":"modelengine:entity/wingen1xd","1":"modelengine:entity/woingen2xdd","2":"modelengine:entity/wingen1axd","3":"modelengine:entity/wing2axdan","4":"modelengine:entity/em_blackangel_xd","5":"modelengine:entity/essxd","6":"modelengine:entity/neyes"},"elements":[{"name":"cube","from":[5.3,8.3,6.2],"to":[10.700001,14.900001,9.8],"rotation":{"angle":0.0,"axis":"x","origin":[7.7,1.0999997,8.0]},"faces":{"down":{"uv":[4.125,3.25,3.5625,3.625],"rotation":0,"texture":"#4","tintindex":0},"east":{"uv":[1.125,2.0,1.5,2.6875],"rotation":0,"texture":"#4","tintindex":0},"north":{"uv":[0.0,1.125,0.5625,1.8125],"rotation":0,"texture":"#4","tintindex":0},"south":{"uv":[0.625,1.125,1.1875,1.8125],"rotation":0,"texture":"#4","tintindex":0},"up":{"uv":[4.125,2.0625,3.5625,1.6875],"rotation":0,"texture":"#4","tintindex":0},"west":{"uv":[2.25,1.0,2.625,1.6875],"rotation":0,"texture":"#4","tintindex":0}}},{"name":"cube","from":[6.56,6.56,6.26],"to":[9.440001,8.84,9.74],"rotation":{"angle":0.0,"axis":"x","origin":[7.7,1.0999997,8.0]},"faces":{"down":{"uv":[6.25,2.1875,5.9375,2.5625],"rotation":0,"texture":"#4","tintindex":0},"east":{"uv":[6.875,0.75,7.25,1.0],"rotation":0,"texture":"#4","tintindex":0},"north":{"uv":[3.1875,3.75,3.5,4.0],"rotation":0,"texture":"#4","tintindex":0},"south":{"uv":[1.4375,7.25,1.75,7.5],"rotation":0,"texture":"#4","tintindex":0},"up":{"uv":[2.4375,6.125,2.125,5.75],"rotation":0,"texture":"#4","tintindex":0},"west":{"uv":[6.875,5.6875,7.25,5.9375],"rotation":0,"texture":"#4","tintindex":0}}},{"name":"cube","from":[4.5199995,8.12,6.0199995],"to":[11.4800005,9.68,9.98],"rotation":{"angle":0.0,"axis":"x","origin":[7.7,1.0999997,8.0]},"faces":{"down":{"uv":[2.9375,2.1875,2.25,2.5625],"rotation":0,"texture":"#4","tintindex":0},"east":{"uv":[7.875,7.625,8.25,7.75],"rotation":0,"texture":"#4","tintindex":0},"north":{"uv":[7.0625,6.3125,7.75,6.4375],"rotation":0,"texture":"#4","tintindex":0},"south":{"uv":[7.0625,7.125,7.75,7.25],"rotation":0,"texture":"#4","tintindex":0},"up":{"uv":[2.9375,2.125,2.25,1.75],"rotation":0,"texture":"#4","tintindex":0},"west":{"uv":[7.9375,1.9375,8.3125,2.0625],"rotation":0,"texture":"#4","tintindex":0}}},{"name":"cube","from":[7.55,8.630001,6.1099997],"to":[11.93,9.41,9.889999],"rotation":{"angle":22.5,"axis":"z","origin":[8.0,9.2,8.0]},"faces":{"down":{"uv":[4.125,4.0625,3.6875,4.4375],"rotation":0,"texture":"#4","tintindex":0},"east":{"uv":[1.875,3.0625,2.25,3.125],"rotation":0,"texture":"#4","tintindex":0},"north":{"uv":[7.25,1.8125,7.6875,1.875],"rotation":0,"texture":"#4","tintindex":0},"south":{"uv":[8.4375,4.0,8.875,4.0625],"rotation":0,"texture":"#4","tintindex":0},"up":{"uv":[3.625,4.4375,3.1875,4.0625],"rotation":0,"texture":"#4","tintindex":0},"west":{"uv":[5.125,5.6875,5.5,5.75],"rotation":0,"texture":"#4","tintindex":0}}},{"name":"cube","from":[4.0699997,8.630001,6.1099997],"to":[8.45,9.41,9.889999],"rotation":{"angle":-22.5,"axis":"z","origin":[8.0,9.2,8.0]},"faces":{"down":{"uv":[4.5625,0.0,4.125,0.375],"rotation":0,"texture":"#4","tintindex":0},"east":{"uv":[5.9375,3.375,6.3125,3.4375],"rotation":0,"texture":"#4","tintindex":0},"north":{"uv":[8.4375,4.125,8.875,4.1875],"rotation":0,"texture":"#4","tintindex":0},"south":{"uv":[8.4375,4.25,8.875,4.3125],"rotation":0,"texture":"#4","tintindex":0},"up":{"uv":[0.4375,4.5,0.0,4.125],"rotation":0,"texture":"#4","tintindex":0},"west":{"uv":[4.4375,8.4375,4.8125,8.5],"rotation":0,"texture":"#4","tintindex":0}}},{"name":"cube","from":[4.64,9.440001,6.14],"to":[11.360001,11.360001,9.860001],"rotation":{"angle":0.0,"axis":"x","origin":[7.7,-3.1000004,8.0]},"faces":{"down":{"uv":[2.25,2.625,1.5625,3.0],"rotation":0,"texture":"#4","tintindex":0},"east":{"uv":[5.0,4.25,5.375,4.4375],"rotation":0,"texture":"#4","tintindex":0},"north":{"uv":[5.625,0.0,6.3125,0.1875],"rotation":0,"texture":"#4","tintindex":0},"south":{"uv":[5.8125,1.3125,6.5,1.5],"rotation":0,"texture":"#4","tintindex":0},"up":{"uv":[0.6875,2.9375,0.0,2.5625],"rotation":0,"texture":"#4","tintindex":0},"west":{"uv":[7.4375,7.3125,7.8125,7.5],"rotation":0,"texture":"#4","tintindex":0}}}],"display":{"head":{"translation":[0.0,-6.4,0.0],"rotation":[0.0,0.0,0.0],"scale":[3.8095,3.8095,3.8095]}}}