{"textures":{"0":"modelengine:entity/wingen1xd","1":"modelengine:entity/woingen2xdd","2":"modelengine:entity/wingen1axd","3":"modelengine:entity/wing2axdan","4":"modelengine:entity/em_blackangel_xd","5":"modelengine:entity/essxd","6":"modelengine:entity/neyes"},"elements":[{"name":"cube","from":[6.0439997,3.1939998,6.0439997],"to":[9.956,7.7060003,9.956],"rotation":{"angle":0.0,"axis":"x","origin":[5.6,0.34999967,8.0]},"faces":{"down":{"uv":[5.5,4.8125,5.125,5.1875],"rotation":0,"texture":"#4","tintindex":0},"east":{"uv":[4.25,3.4375,4.625,3.875],"rotation":0,"texture":"#4","tintindex":0},"north":{"uv":[4.1875,4.0625,4.5625,4.5],"rotation":0,"texture":"#4","tintindex":0},"south":{"uv":[0.5,4.3125,0.875,4.75],"rotation":0,"texture":"#4","tintindex":0},"up":{"uv":[2.0625,5.5,1.6875,5.125],"rotation":0,"texture":"#4","tintindex":0},"west":{"uv":[4.375,0.4375,4.75,0.875],"rotation":0,"texture":"#4","tintindex":0}}},{"name":"cube","from":[6.2,0.9499998,6.2],"to":[9.8,3.35,9.8],"rotation":{"angle":0.0,"axis":"x","origin":[5.6,0.34999967,8.0]},"faces":{"down":{"uv":[5.5,5.25,5.125,5.625],"rotation":0,"texture":"#4","tintindex":0},"east":{"uv":[2.75,7.0,3.125,7.25],"rotation":0,"texture":"#4","tintindex":0},"north":{"uv":[1.875,7.0,2.25,7.25],"rotation":0,"texture":"#4","tintindex":0},"south":{"uv":[5.3125,7.0,5.6875,7.25],"rotation":0,"texture":"#4","tintindex":0},"up":{"uv":[5.5625,0.375,5.1875,0.0],"rotation":0,"texture":"#4","tintindex":0},"west":{"uv":[5.75,7.0,6.125,7.25],"rotation":0,"texture":"#4","tintindex":0}}}],"display":{"head":{"translation":[0.0,-6.4,0.0],"rotation":[0.0,0.0,0.0],"scale":[3.8095,3.8095,3.8095]}}}