{"textures":{"0":"modelengine:entity/wingen1xd","1":"modelengine:entity/woingen2xdd","2":"modelengine:entity/wingen1axd","3":"modelengine:entity/wing2axdan","4":"modelengine:entity/em_blackangel_xd","5":"modelengine:entity/essxd","6":"modelengine:entity/neyes"},"elements":[{"name":"aluminio","from":[-6.600374,-7.821659,7.6946597],"to":[8.399627,9.578342,7.9946594],"rotation":{"angle":0.0,"axis":"x","origin":[15.14,-3.8392863,4.9249997]},"faces":{"down":{"uv":[13.75,7.5,7.5,7.75],"rotation":0,"texture":"#0","tintindex":0},"east":{"uv":[0.0,7.5,0.25,14.75],"rotation":0,"texture":"#0","tintindex":0},"north":{"uv":[0.0,0.0,6.25,7.25],"rotation":0,"texture":"#0","tintindex":0},"south":{"uv":[6.25,0.0,0.0,7.25],"rotation":0,"texture":"#0","tintindex":0},"up":{"uv":[7.25,7.75,1.0,7.5],"rotation":0,"texture":"#0","tintindex":0},"west":{"uv":[0.5,7.5,0.75,14.75],"rotation":0,"texture":"#0","tintindex":0}}},{"name":"cube","from":[0.20962644,5.9676275,7.4996595],"to":[7.5596266,7.1676273,8.09966],"rotation":{"angle":0.0,"axis":"x","origin":[10.4,2.7499998,9.365]},"faces":{"down":{"uv":[16.0,1.0,13.0,0.5],"rotation":180,"texture":"#5","tintindex":0},"east":{"uv":[13.75,0.5,13.5,0.0],"rotation":180,"texture":"#5","tintindex":0},"north":{"uv":[16.0,1.0,13.0,0.5],"rotation":180,"texture":"#5","tintindex":0},"south":{"uv":[8.5625,1.0,5.5,0.5],"rotation":180,"texture":"#5","tintindex":0},"up":{"uv":[0.625,0.0,0.0,0.86875],"rotation":0,"texture":"#0","tintindex":0},"west":{"uv":[13.5,1.0,13.0,0.5],"rotation":180,"texture":"#5","tintindex":0}}},{"name":"cube","from":[0.3620262,7.1700277,7.2020597],"to":[7.5572267,8.365228,8.39726],"rotation":{"angle":0.0,"axis":"x","origin":[10.4,2.7499998,9.365]},"faces":{"down":{"uv":[16.0,0.5,13.0,0.0],"rotation":180,"texture":"#5","tintindex":0},"east":{"uv":[0.86875,0.0,0.0,1.0],"rotation":0,"texture":"#0","tintindex":0},"north":{"uv":[16.0,0.5,13.0,0.0],"rotation":180,"texture":"#5","tintindex":0},"south":{"uv":[15.75,1.0,12.75,0.5],"rotation":180,"texture":"#5","tintindex":0},"up":{"uv":[16.0,0.5,13.0,0.0],"rotation":180,"texture":"#5","tintindex":0},"west":{"uv":[16.0,0.5,13.0,0.0],"rotation":180,"texture":"#5","tintindex":0}}},{"name":"cube","from":[7.5596266,6.567628,7.1996593],"to":[8.759626,8.367628,8.99966],"rotation":{"angle":0.0,"axis":"x","origin":[11.6,2.7499998,9.365]},"faces":{"down":{"uv":[14.0,0.75,13.5,0.0],"rotation":180,"texture":"#5","tintindex":0},"east":{"uv":[14.5,0.75,13.75,0.0],"rotation":180,"texture":"#5","tintindex":0},"north":{"uv":[13.5,0.75,13.0,0.0],"rotation":180,"texture":"#5","tintindex":0},"south":{"uv":[14.0,0.75,13.5,0.0],"rotation":180,"texture":"#5","tintindex":0},"up":{"uv":[14.0,0.75,13.5,0.0],"rotation":180,"texture":"#5","tintindex":0},"west":{"uv":[14.5,0.75,13.75,0.0],"rotation":180,"texture":"#5","tintindex":0}}},{"name":"cube","from":[-4.9290333,6.4726257,7.4996595],"to":[1.0709672,7.6726255,8.09966],"rotation":{"angle":-22.5,"axis":"z","origin":[-0.10000038,8.15,7.85]},"faces":{"down":{"uv":[16.0,1.0,13.0,0.5],"rotation":180,"texture":"#5","tintindex":0},"east":{"uv":[13.5,1.0,13.0,0.5],"rotation":180,"texture":"#5","tintindex":0},"north":{"uv":[16.0,1.0,13.0,0.5],"rotation":180,"texture":"#5","tintindex":0},"south":{"uv":[15.5,1.0,13.0,0.5],"rotation":180,"texture":"#5","tintindex":0},"up":{"uv":[0.625,0.0,0.0,0.86875],"rotation":0,"texture":"#0","tintindex":0},"west":{"uv":[13.5,1.0,13.0,0.5],"rotation":180,"texture":"#5","tintindex":0}}},{"name":"cube","from":[-4.9290333,7.6726255,7.1996593],"to":[1.0709672,8.872625,8.39966],"rotation":{"angle":-22.5,"axis":"z","origin":[-0.10000038,8.15,7.85]},"faces":{"down":{"uv":[16.0,0.5,13.0,0.0],"rotation":180,"texture":"#5","tintindex":0},"east":{"uv":[0.86875,0.0,0.0,1.0],"rotation":0,"texture":"#0","tintindex":0},"north":{"uv":[16.0,0.5,13.0,0.0],"rotation":180,"texture":"#5","tintindex":0},"south":{"uv":[15.25,1.0,12.75,0.5],"rotation":180,"texture":"#5","tintindex":0},"up":{"uv":[16.0,0.5,13.0,0.0],"rotation":180,"texture":"#5","tintindex":0},"west":{"uv":[0.86875,0.0,0.0,1.0],"rotation":0,"texture":"#0","tintindex":0}}}],"display":{"head":{"translation":[0.0,-6.4,0.0],"rotation":[0.0,0.0,0.0],"scale":[3.8095,3.8095,3.8095]}}}