{"textures":{"0":"modelengine:entity/wingen1xd","1":"modelengine:entity/woingen2xdd","2":"modelengine:entity/wingen1axd","3":"modelengine:entity/wing2axdan","4":"modelengine:entity/em_blackangel_xd","5":"modelengine:entity/essxd","6":"modelengine:entity/neyes"},"elements":[{"name":"cube","from":[6.482913,6.9135556,8.06],"to":[8.522913,7.7535553,8.9],"rotation":{"angle":0.0,"axis":"x","origin":[6.2,-15.250001,10.4]},"faces":{"down":{"uv":[8.5625,4.4375,8.3125,4.5625],"rotation":0,"texture":"#4","tintindex":0},"east":{"uv":[8.6875,8.5,8.8125,8.625],"rotation":0,"texture":"#4","tintindex":0},"north":{"uv":[8.3125,3.625,8.5625,3.75],"rotation":0,"texture":"#4","tintindex":0},"south":{"uv":[8.3125,3.8125,8.5625,3.9375],"rotation":0,"texture":"#4","tintindex":0},"up":{"uv":[4.375,8.4375,4.125,8.3125],"rotation":0,"texture":"#4","tintindex":0},"west":{"uv":[8.6875,8.6875,8.8125,8.8125],"rotation":0,"texture":"#4","tintindex":0}}}],"display":{"head":{"translation":[0.0,-6.4,0.0],"rotation":[0.0,0.0,0.0],"scale":[3.8095,3.8095,3.8095]}}}