{"textures":{"0":"modelengine:entity/wingen1xd","1":"modelengine:entity/woingen2xdd","2":"modelengine:entity/wingen1axd","3":"modelengine:entity/wing2axdan","4":"modelengine:entity/em_blackangel_xd","5":"modelengine:entity/essxd","6":"modelengine:entity/neyes"},"elements":[{"name":"xd","from":[1.0999997,0.049999714,7.7],"to":[5.3,7.85,7.7],"rotation":{"angle":0.0,"axis":"x","origin":[-8.8,-19.150002,0.49999976]},"faces":{"down":{"uv":[9.25,2.6875,8.8125,2.6875],"rotation":0,"texture":"#4","tintindex":0},"east":{"uv":[3.0625,8.8125,3.0625,9.625],"rotation":0,"texture":"#4","tintindex":0},"north":{"uv":[1.75,0.875,2.1875,1.6875],"rotation":0,"texture":"#4","tintindex":0},"south":{"uv":[1.75,1.75,2.1875,2.5625],"rotation":0,"texture":"#4","tintindex":0},"up":{"uv":[9.25,0.875,8.8125,0.875],"rotation":0,"texture":"#4","tintindex":0},"west":{"uv":[3.125,8.8125,3.125,9.625],"rotation":0,"texture":"#4","tintindex":0}}},{"name":"cube","from":[5.3,4.7,6.2],"to":[8.9,7.7,9.8],"rotation":{"angle":0.0,"axis":"x","origin":[13.1,-10.300001,8.0]},"faces":{"down":{"uv":[5.4375,2.1875,5.0625,2.5625],"rotation":0,"texture":"#4","tintindex":0},"east":{"uv":[2.4375,6.3125,2.8125,6.625],"rotation":0,"texture":"#4","tintindex":0},"north":{"uv":[6.3125,2.1875,6.6875,2.5],"rotation":0,"texture":"#4","tintindex":0},"south":{"uv":[3.3125,6.3125,3.6875,6.625],"rotation":0,"texture":"#4","tintindex":0},"up":{"uv":[0.375,5.4375,0.0,5.0625],"rotation":0,"texture":"#4","tintindex":0},"west":{"uv":[6.3125,4.125,6.6875,4.4375],"rotation":0,"texture":"#4","tintindex":0}}},{"name":"cube","from":[5.8999996,7.7,6.2],"to":[8.3,8.3,9.8],"rotation":{"angle":0.0,"axis":"x","origin":[13.1,-10.300001,8.0]},"faces":{"down":{"uv":[7.1875,1.0625,6.9375,1.4375],"rotation":0,"texture":"#4","tintindex":0},"east":{"uv":[7.625,8.4375,8.0,8.5],"rotation":0,"texture":"#4","tintindex":0},"north":{"uv":[8.6875,2.0,8.9375,2.0625],"rotation":0,"texture":"#4","tintindex":0},"south":{"uv":[8.6875,2.125,8.9375,2.1875],"rotation":0,"texture":"#4","tintindex":0},"up":{"uv":[4.8125,7.25,4.5625,6.875],"rotation":0,"texture":"#4","tintindex":0},"west":{"uv":[8.4375,8.0,8.8125,8.0625],"rotation":0,"texture":"#4","tintindex":0}}},{"name":"cube","from":[5.12,0.9199996,6.0199995],"to":[8.48,4.88,9.98],"rotation":{"angle":0.0,"axis":"x","origin":[13.1,-10.300001,8.0]},"faces":{"down":{"uv":[4.0625,6.375,3.75,6.75],"rotation":0,"texture":"#4","tintindex":0},"east":{"uv":[2.5625,5.0625,2.9375,5.4375],"rotation":0,"texture":"#4","tintindex":0},"north":{"uv":[6.3125,4.5,6.625,4.875],"rotation":0,"texture":"#4","tintindex":0},"south":{"uv":[6.375,2.5625,6.6875,2.9375],"rotation":0,"texture":"#4","tintindex":0},"up":{"uv":[6.6875,3.375,6.375,3.0],"rotation":0,"texture":"#4","tintindex":0},"west":{"uv":[5.0625,2.625,5.4375,3.0],"rotation":0,"texture":"#4","tintindex":0}}},{"name":"cube","from":[5.0149994,3.9125,5.8999996],"to":[8.615,5.1124997,10.1],"rotation":{"angle":0.0,"axis":"x","origin":[8.0,1.3999997,8.0]},"faces":{"down":{"uv":[2.5,4.125,2.125,4.5625],"rotation":0,"texture":"#4","tintindex":0},"east":{"uv":[7.875,7.25,8.3125,7.375],"rotation":0,"texture":"#4","tintindex":0},"north":{"uv":[3.5,7.9375,3.875,8.0625],"rotation":0,"texture":"#4","tintindex":0},"south":{"uv":[7.9375,5.875,8.3125,6.0],"rotation":0,"texture":"#4","tintindex":0},"up":{"uv":[2.0625,4.5625,1.6875,4.125],"rotation":0,"texture":"#4","tintindex":0},"west":{"uv":[7.875,7.4375,8.3125,7.5625],"rotation":0,"texture":"#4","tintindex":0}}}],"display":{"head":{"translation":[0.0,-6.4,0.0],"rotation":[0.0,0.0,0.0],"scale":[3.8095,3.8095,3.8095]}}}