{"textures":{"0":"modelengine:entity/wingen1xd","1":"modelengine:entity/woingen2xdd","2":"modelengine:entity/wingen1axd","3":"modelengine:entity/wing2axdan","4":"modelengine:entity/em_blackangel_xd","5":"modelengine:entity/essxd","6":"modelengine:entity/neyes"},"elements":[{"name":"botxcd","from":[6.1099997,6.119892,8.858696],"to":[10.25,7.859892,10.598698],"rotation":{"angle":-22.5,"axis":"x","origin":[8.48,6.449892,10.868696]},"faces":{"down":{"uv":[7.625,5.4375,7.1875,5.625],"rotation":0,"texture":"#4","tintindex":0},"east":{"uv":[1.3125,2.75,1.5,2.9375],"rotation":0,"texture":"#4","tintindex":0},"north":{"uv":[7.1875,2.8125,7.625,3.0],"rotation":0,"texture":"#4","tintindex":0},"south":{"uv":[7.1875,3.875,7.625,4.0625],"rotation":0,"texture":"#4","tintindex":0},"up":{"uv":[7.625,5.375,7.1875,5.1875],"rotation":0,"texture":"#4","tintindex":0},"west":{"uv":[6.625,0.875,6.8125,1.0625],"rotation":0,"texture":"#4","tintindex":0}}},{"name":"botxcd","from":[6.0806,5.346418,7.3685846],"to":[10.2794,7.145218,9.167384],"rotation":{"angle":0.0,"axis":"x","origin":[8.18,5.945818,8.567985]},"faces":{"down":{"uv":[7.6875,0.5,7.25,0.6875],"rotation":0,"texture":"#4","tintindex":0},"east":{"uv":[3.6875,8.125,3.875,8.3125],"rotation":0,"texture":"#4","tintindex":0},"north":{"uv":[7.25,0.0,7.6875,0.1875],"rotation":0,"texture":"#4","tintindex":0},"south":{"uv":[0.25,7.25,0.6875,7.4375],"rotation":0,"texture":"#4","tintindex":0},"up":{"uv":[7.6875,0.4375,7.25,0.25],"rotation":0,"texture":"#4","tintindex":0},"west":{"uv":[4.6875,8.1875,4.875,8.375],"rotation":0,"texture":"#4","tintindex":0}}},{"name":"botxcd","from":[6.23,7.2533903,5.5707626],"to":[9.83,9.0533905,9.170763],"rotation":{"angle":22.5,"axis":"x","origin":[8.0,6.2,5.6]},"faces":{"down":{"uv":[5.8125,3.5,5.4375,3.875],"rotation":0,"texture":"#4","tintindex":0},"east":{"uv":[1.6875,7.625,2.0625,7.8125],"rotation":0,"texture":"#4","tintindex":0},"north":{"uv":[7.4375,7.5625,7.8125,7.75],"rotation":0,"texture":"#4","tintindex":0},"south":{"uv":[7.6875,2.6875,8.0625,2.875],"rotation":0,"texture":"#4","tintindex":0},"up":{"uv":[3.8125,5.8125,3.4375,5.4375],"rotation":0,"texture":"#4","tintindex":0},"west":{"uv":[3.5,7.6875,3.875,7.875],"rotation":0,"texture":"#4","tintindex":0}}},{"name":"botxcd","from":[6.212,5.2318916,6.050697],"to":[9.848,7.667892,10.286697],"rotation":{"angle":0.0,"axis":"x","origin":[8.0,6.2,5.6]},"faces":{"down":{"uv":[0.375,4.5625,0.0,5.0],"rotation":0,"texture":"#4","tintindex":0},"east":{"uv":[5.9375,0.5625,6.375,0.8125],"rotation":0,"texture":"#4","tintindex":0},"north":{"uv":[6.1875,7.0,6.5625,7.25],"rotation":0,"texture":"#4","tintindex":0},"south":{"uv":[2.3125,7.0625,2.6875,7.3125],"rotation":0,"texture":"#4","tintindex":0},"up":{"uv":[3.875,4.9375,3.5,4.5],"rotation":0,"texture":"#4","tintindex":0},"west":{"uv":[6.8125,4.875,7.25,5.125],"rotation":0,"texture":"#4","tintindex":0}}},{"name":"botxcd","from":[6.23,5.249892,3.0686965],"to":[9.83,6.449892,6.068697],"rotation":{"angle":0.0,"axis":"x","origin":[8.0,6.2,5.6]},"faces":{"down":{"uv":[3.6875,6.6875,3.3125,7.0],"rotation":0,"texture":"#4","tintindex":0},"east":{"uv":[4.125,8.125,4.4375,8.25],"rotation":0,"texture":"#4","tintindex":0},"north":{"uv":[8.0,4.6875,8.375,4.8125],"rotation":0,"texture":"#4","tintindex":0},"south":{"uv":[8.0,5.625,8.375,5.75],"rotation":0,"texture":"#4","tintindex":0},"up":{"uv":[2.6875,7.0,2.3125,6.6875],"rotation":0,"texture":"#4","tintindex":0},"west":{"uv":[5.1875,8.125,5.5,8.25],"rotation":0,"texture":"#4","tintindex":0}}},{"name":"botxcd","from":[6.83,5.249892,1.8686966],"to":[9.23,6.449892,3.0686965],"rotation":{"angle":0.0,"axis":"x","origin":[8.0,6.2,2.6]},"faces":{"down":{"uv":[8.625,5.8125,8.375,5.9375],"rotation":0,"texture":"#4","tintindex":0},"east":{"uv":[3.875,8.75,4.0,8.875],"rotation":0,"texture":"#4","tintindex":0},"north":{"uv":[8.375,3.125,8.625,3.25],"rotation":0,"texture":"#4","tintindex":0},"south":{"uv":[8.375,3.3125,8.625,3.4375],"rotation":0,"texture":"#4","tintindex":0},"up":{"uv":[5.9375,8.5,5.6875,8.375],"rotation":0,"texture":"#4","tintindex":0},"west":{"uv":[5.0,8.75,5.125,8.875],"rotation":0,"texture":"#4","tintindex":0}}},{"name":"botxcd","from":[6.2324,5.8835173,3.776721],"to":[9.8276005,7.0787177,6.771921],"rotation":{"angle":-22.5,"axis":"x","origin":[8.0,6.2,5.6]},"faces":{"down":{"uv":[7.125,2.0,6.75,2.3125],"rotation":0,"texture":"#4","tintindex":0},"east":{"uv":[8.125,5.375,8.4375,5.5],"rotation":0,"texture":"#4","tintindex":0},"north":{"uv":[5.875,8.0,6.25,8.125],"rotation":0,"texture":"#4","tintindex":0},"south":{"uv":[8.0,6.5,8.375,6.625],"rotation":0,"texture":"#4","tintindex":0},"up":{"uv":[7.0625,4.8125,6.6875,4.5],"rotation":0,"texture":"#4","tintindex":0},"west":{"uv":[6.5,8.125,6.8125,8.25],"rotation":0,"texture":"#4","tintindex":0}}}],"display":{"head":{"translation":[0.0,-6.4,0.0],"rotation":[0.0,0.0,0.0],"scale":[3.8095,3.8095,3.8095]}}}