{"textures":{"0":"modelengine:entity/wingen1xd","1":"modelengine:entity/woingen2xdd","2":"modelengine:entity/wingen1axd","3":"modelengine:entity/wing2axdan","4":"modelengine:entity/em_blackangel_xd","5":"modelengine:entity/essxd","6":"modelengine:entity/neyes"},"elements":[{"name":"cube","from":[6.663636,5.0927267,6.2818184],"to":[9.663636,8.092727,9.881819],"rotation":{"angle":0.0,"axis":"x","origin":[14.463637,-2.7072735,8.081819]},"faces":{"down":{"uv":[0.6875,6.4375,0.375,6.8125],"rotation":0,"texture":"#4","tintindex":0},"east":{"uv":[4.125,6.375,4.5,6.6875],"rotation":0,"texture":"#4","tintindex":0},"north":{"uv":[6.875,0.0,7.1875,0.3125],"rotation":0,"texture":"#4","tintindex":0},"south":{"uv":[0.375,6.875,0.6875,7.1875],"rotation":0,"texture":"#4","tintindex":0},"up":{"uv":[6.6875,5.6875,6.375,5.3125],"rotation":0,"texture":"#4","tintindex":0},"west":{"uv":[6.375,4.9375,6.75,5.25],"rotation":0,"texture":"#4","tintindex":0}}},{"name":"cube","from":[6.783636,1.7627265,6.4018183],"to":[9.543636,5.122727,9.761818],"rotation":{"angle":0.0,"axis":"x","origin":[14.463637,-6.1572733,8.081819]},"faces":{"down":{"uv":[6.75,3.4375,6.4375,3.8125],"rotation":0,"texture":"#4","tintindex":0},"east":{"uv":[5.0625,3.0625,5.4375,3.4375],"rotation":0,"texture":"#4","tintindex":0},"north":{"uv":[0.75,6.4375,1.0625,6.8125],"rotation":0,"texture":"#4","tintindex":0},"south":{"uv":[1.125,6.4375,1.4375,6.8125],"rotation":0,"texture":"#4","tintindex":0},"up":{"uv":[6.75,1.9375,6.4375,1.5625],"rotation":0,"texture":"#4","tintindex":0},"west":{"uv":[3.875,5.0625,4.25,5.4375],"rotation":0,"texture":"#4","tintindex":0}}},{"name":"cube","from":[6.6036363,2.1827264,6.221818],"to":[9.723637,4.102727,9.941818],"rotation":{"angle":0.0,"axis":"x","origin":[14.463637,-6.1572733,8.081819]},"faces":{"down":{"uv":[6.8125,0.0,6.5,0.375],"rotation":0,"texture":"#4","tintindex":0},"east":{"uv":[7.5625,4.125,7.9375,4.3125],"rotation":0,"texture":"#4","tintindex":0},"north":{"uv":[0.5625,7.8125,0.875,8.0],"rotation":0,"texture":"#4","tintindex":0},"south":{"uv":[7.8125,0.75,8.125,0.9375],"rotation":0,"texture":"#4","tintindex":0},"up":{"uv":[4.875,6.8125,4.5625,6.4375],"rotation":0,"texture":"#4","tintindex":0},"west":{"uv":[7.5625,4.375,7.9375,4.5625],"rotation":0,"texture":"#4","tintindex":0}}},{"name":"xd","from":[6.063636,4.0427265,9.881819],"to":[10.863636,8.842727,9.881819],"rotation":{"angle":22.5,"axis":"x","origin":[8.463636,4.0427265,9.881819]},"faces":{"down":{"uv":[9.3125,2.8125,8.8125,2.8125],"rotation":0,"texture":"#4","tintindex":0},"east":{"uv":[3.1875,8.8125,3.1875,9.3125],"rotation":0,"texture":"#4","tintindex":0},"north":{"uv":[1.875,3.1875,2.375,3.6875],"rotation":0,"texture":"#4","tintindex":0},"south":{"uv":[2.4375,3.1875,2.9375,3.6875],"rotation":0,"texture":"#4","tintindex":0},"up":{"uv":[9.3125,2.75,8.8125,2.75],"rotation":0,"texture":"#4","tintindex":0},"west":{"uv":[3.25,8.8125,3.25,9.3125],"rotation":0,"texture":"#4","tintindex":0}}},{"name":"xd","from":[6.063636,4.0427265,6.2818184],"to":[10.863636,8.842727,6.2818184],"rotation":{"angle":-22.5,"axis":"x","origin":[8.463636,4.0427265,6.2818184]},"faces":{"down":{"uv":[9.3125,3.5,8.8125,3.5],"rotation":0,"texture":"#4","tintindex":0},"east":{"uv":[3.3125,8.8125,3.3125,9.3125],"rotation":0,"texture":"#4","tintindex":0},"north":{"uv":[3.0,3.1875,3.5,3.6875],"rotation":0,"texture":"#4","tintindex":0},"south":{"uv":[3.25,0.5625,3.75,1.0625],"rotation":0,"texture":"#4","tintindex":0},"up":{"uv":[9.3125,2.875,8.8125,2.875],"rotation":0,"texture":"#4","tintindex":0},"west":{"uv":[3.375,8.8125,3.375,9.3125],"rotation":0,"texture":"#4","tintindex":0}}},{"name":"xd","from":[6.663636,4.0427265,5.681818],"to":[6.663636,8.842727,10.481819],"rotation":{"angle":22.5,"axis":"z","origin":[6.663636,4.0427265,8.081819]},"faces":{"down":{"uv":[4.0625,8.8125,4.0625,9.3125],"rotation":0,"texture":"#4","tintindex":0},"east":{"uv":[0.5625,3.3125,1.0625,3.8125],"rotation":0,"texture":"#4","tintindex":0},"north":{"uv":[3.6875,8.8125,3.6875,9.3125],"rotation":0,"texture":"#4","tintindex":0},"south":{"uv":[3.75,8.8125,3.75,9.3125],"rotation":0,"texture":"#4","tintindex":0},"up":{"uv":[3.8125,9.3125,3.8125,8.8125],"rotation":0,"texture":"#4","tintindex":0},"west":{"uv":[3.4375,2.125,3.9375,2.625],"rotation":0,"texture":"#4","tintindex":0}}}],"display":{"head":{"translation":[0.0,-6.4,0.0],"rotation":[0.0,0.0,0.0],"scale":[3.8095,3.8095,3.8095]}}}