{"textures":{"0":"modelengine:entity/wingen1xd","1":"modelengine:entity/woingen2xdd","2":"modelengine:entity/wingen1axd","3":"modelengine:entity/wing2axdan","4":"modelengine:entity/em_blackangel_xd","5":"modelengine:entity/essxd","6":"modelengine:entity/neyes"},"elements":[{"name":"cube","from":[6.8,6.6499996,6.5],"to":[9.2,8.45,9.5],"rotation":{"angle":0.0,"axis":"x","origin":[5.6,6.05,8.3]},"faces":{"down":{"uv":[8.625,2.9375,8.375,3.0625],"rotation":0,"texture":"#4","tintindex":0},"east":{"uv":[0.1875,8.5625,0.3125,8.75],"rotation":0,"texture":"#4","tintindex":0},"north":{"uv":[6.4375,3.875,6.6875,4.0625],"rotation":0,"texture":"#4","tintindex":0},"south":{"uv":[8.0,4.4375,8.25,4.625],"rotation":0,"texture":"#4","tintindex":0},"up":{"uv":[2.9375,8.5,2.6875,8.375],"rotation":0,"texture":"#4","tintindex":0},"west":{"uv":[1.375,8.5625,1.5,8.75],"rotation":0,"texture":"#4","tintindex":0}}},{"name":"botxcd","from":[6.3199997,3.9199996,6.8900003],"to":[9.68,7.28,10.25],"rotation":{"angle":0.0,"axis":"x","origin":[8.0,3.1999998,8.75]},"faces":{"down":{"uv":[3.375,5.4375,3.0,5.8125],"rotation":0,"texture":"#4","tintindex":0},"east":{"uv":[0.4375,5.375,0.8125,5.75],"rotation":0,"texture":"#4","tintindex":0},"north":{"uv":[2.125,5.3125,2.5,5.6875],"rotation":0,"texture":"#4","tintindex":0},"south":{"uv":[5.375,1.3125,5.75,1.6875],"rotation":0,"texture":"#4","tintindex":0},"up":{"uv":[5.8125,2.125,5.4375,1.75],"rotation":0,"texture":"#4","tintindex":0},"west":{"uv":[5.4375,0.875,5.8125,1.25],"rotation":0,"texture":"#4","tintindex":0}}},{"name":"botxcd","from":[6.38,0.37999988,7.1],"to":[9.62,4.22,9.74],"rotation":{"angle":0.0,"axis":"x","origin":[8.0,0.19999981,8.9]},"faces":{"down":{"uv":[2.25,6.625,1.875,6.9375],"rotation":0,"texture":"#4","tintindex":0},"east":{"uv":[4.75,5.5,5.0625,5.9375],"rotation":0,"texture":"#4","tintindex":0},"north":{"uv":[0.9375,4.4375,1.3125,4.875],"rotation":0,"texture":"#4","tintindex":0},"south":{"uv":[3.0625,4.5,3.4375,4.9375],"rotation":0,"texture":"#4","tintindex":0},"up":{"uv":[6.8125,6.0625,6.4375,5.75],"rotation":0,"texture":"#4","tintindex":0},"west":{"uv":[1.75,5.5625,2.0625,6.0],"rotation":0,"texture":"#4","tintindex":0}}},{"name":"botxcd","from":[6.08,3.1174998,6.8],"to":[9.92,3.9574997,10.04],"rotation":{"angle":0.0,"axis":"x","origin":[8.0,0.23749971,8.9]},"faces":{"down":{"uv":[7.0,6.125,6.625,6.4375],"rotation":0,"texture":"#4","tintindex":0},"east":{"uv":[3.125,8.5625,3.4375,8.625],"rotation":0,"texture":"#4","tintindex":0},"north":{"uv":[1.5625,8.5625,1.9375,8.625],"rotation":0,"texture":"#4","tintindex":0},"south":{"uv":[4.375,8.5625,4.75,8.625],"rotation":0,"texture":"#4","tintindex":0},"up":{"uv":[3.25,6.9375,2.875,6.625],"rotation":0,"texture":"#4","tintindex":0},"west":{"uv":[8.3125,8.5625,8.625,8.625],"rotation":0,"texture":"#4","tintindex":0}}}],"display":{"head":{"translation":[0.0,-6.4,0.0],"rotation":[0.0,0.0,0.0],"scale":[3.8095,3.8095,3.8095]}}}