{"textures":{"0":"modelengine:entity/wingen1xd","1":"modelengine:entity/woingen2xdd","2":"modelengine:entity/wingen1axd","3":"modelengine:entity/wing2axdan","4":"modelengine:entity/em_blackangel_xd","5":"modelengine:entity/essxd","6":"modelengine:entity/neyes"},"elements":[{"name":"cube","from":[3.5805511,6.4726257,7.484659],"to":[11.380551,7.6726255,8.08466],"rotation":{"angle":22.5,"axis":"z","origin":[4.7515182,8.15,7.835]},"faces":{"down":{"uv":[13.0,0.75,16.25,0.5],"rotation":180,"texture":"#5","tintindex":0},"east":{"uv":[13.0,0.5,13.25,0.0],"rotation":180,"texture":"#5","tintindex":0},"north":{"uv":[13.0,1.0,16.0,0.5],"rotation":180,"texture":"#5","tintindex":0},"south":{"uv":[13.0,1.0,16.25,0.5],"rotation":180,"texture":"#5","tintindex":0},"up":{"uv":[0.0,0.0,0.625,0.86875],"rotation":0,"texture":"#0","tintindex":0},"west":{"uv":[0.0,0.0,0.86875,1.0],"rotation":0,"texture":"#0","tintindex":0}}},{"name":"cube","from":[3.5805511,7.6726255,7.184659],"to":[11.380551,8.872625,8.38466],"rotation":{"angle":22.5,"axis":"z","origin":[4.7515182,8.15,7.835]},"faces":{"down":{"uv":[13.0,0.5,16.0,0.0],"rotation":180,"texture":"#5","tintindex":0},"east":{"uv":[13.0,0.75,13.75,0.0],"rotation":180,"texture":"#5","tintindex":0},"north":{"uv":[13.0,0.5,16.0,0.0],"rotation":180,"texture":"#5","tintindex":0},"south":{"uv":[12.75,1.0,16.0,0.5],"rotation":180,"texture":"#5","tintindex":0},"up":{"uv":[13.0,0.5,16.0,0.0],"rotation":180,"texture":"#5","tintindex":0},"west":{"uv":[0.0,0.0,0.86875,1.0],"rotation":0,"texture":"#0","tintindex":0}}},{"name":"cube","from":[2.9805508,7.372626,6.8846593],"to":[4.780551,9.172626,8.68466],"rotation":{"angle":22.5,"axis":"z","origin":[4.7515182,8.15,7.835]},"faces":{"down":{"uv":[13.0,0.75,13.75,0.0],"rotation":180,"texture":"#5","tintindex":0},"east":{"uv":[13.0,0.75,13.75,0.0],"rotation":180,"texture":"#5","tintindex":0},"north":{"uv":[13.0,0.75,13.75,0.0],"rotation":180,"texture":"#5","tintindex":0},"south":{"uv":[13.75,0.75,14.5,0.0],"rotation":180,"texture":"#5","tintindex":0},"up":{"uv":[13.0,0.75,13.75,0.0],"rotation":180,"texture":"#5","tintindex":0},"west":{"uv":[13.0,0.75,13.75,0.0],"rotation":180,"texture":"#5","tintindex":0}}},{"name":"puntalum","from":[1.3999982,-13.701947,7.8884335],"to":[32.0,13.898054,7.7384334],"rotation":{"angle":0.0,"axis":"x","origin":[-47.940376,-24.119576,-17.711227]},"faces":{"down":{"uv":[6.375,0.125,12.75,0.25],"rotation":0,"texture":"#1","tintindex":0},"east":{"uv":[6.5,6.0,6.375,11.75],"rotation":0,"texture":"#1","tintindex":0},"north":{"uv":[6.375,0.0,0.0,5.75],"rotation":0,"texture":"#1","tintindex":0},"south":{"uv":[0.0,0.0,6.375,5.75],"rotation":0,"texture":"#1","tintindex":0},"up":{"uv":[6.375,0.125,12.75,0.0],"rotation":0,"texture":"#1","tintindex":0},"west":{"uv":[6.5,0.25,6.375,6.0],"rotation":0,"texture":"#1","tintindex":0}}},{"name":"cube","from":[12.551521,9.822499,7.5125],"to":[20.951519,11.022499,8.1125],"rotation":{"angle":22.5,"axis":"z","origin":[13.75152,6.934999,7.835]},"faces":{"down":{"uv":[13.0,0.75,16.0,0.5],"rotation":180,"texture":"#5","tintindex":0},"east":{"uv":[13.0,1.0,16.0,0.5],"rotation":180,"texture":"#5","tintindex":0},"north":{"uv":[13.0,1.0,16.0,0.5],"rotation":180,"texture":"#5","tintindex":0},"south":{"uv":[13.0,1.0,16.0,0.5],"rotation":180,"texture":"#5","tintindex":0},"up":{"uv":[0.0,0.0,0.625,0.86875],"rotation":0,"texture":"#0","tintindex":0},"west":{"uv":[13.0,1.0,13.5,0.5],"rotation":180,"texture":"#5","tintindex":0}}},{"name":"cube","from":[12.551521,11.022499,7.2125],"to":[21.551521,12.222499,8.4125],"rotation":{"angle":22.5,"axis":"z","origin":[13.75152,6.934999,7.835]},"faces":{"down":{"uv":[13.0,0.5,16.0,0.0],"rotation":180,"texture":"#5","tintindex":0},"east":{"uv":[13.0,0.5,13.5,0.0],"rotation":180,"texture":"#5","tintindex":0},"north":{"uv":[13.0,1.0,16.0,0.5],"rotation":180,"texture":"#5","tintindex":0},"south":{"uv":[12.75,1.0,16.0,0.5],"rotation":180,"texture":"#5","tintindex":0},"up":{"uv":[13.25,0.5,16.0,0.0],"rotation":180,"texture":"#5","tintindex":0},"west":{"uv":[13.0,1.0,13.5,0.5],"rotation":180,"texture":"#5","tintindex":0}}}],"display":{"head":{"translation":[13.583663,-6.4,0.0],"rotation":[0.0,0.0,0.0],"scale":[3.8095,3.8095,3.8095]}}}