{"textures":{"0":"modelengine:entity/wingen1xd","1":"modelengine:entity/woingen2xdd","2":"modelengine:entity/wingen1axd","3":"modelengine:entity/wing2axdan","4":"modelengine:entity/em_blackangel_xd","5":"modelengine:entity/essxd","6":"modelengine:entity/neyes"},"elements":[{"name":"cube","from":[6.2,0.9499998,6.2],"to":[9.8,3.35,9.8],"rotation":{"angle":0.0,"axis":"x","origin":[10.4,0.34999967,8.0]},"faces":{"down":{"uv":[0.375,5.5,0.0,5.875],"rotation":0,"texture":"#4","tintindex":0},"east":{"uv":[7.0625,6.0,7.4375,6.25],"rotation":0,"texture":"#4","tintindex":0},"north":{"uv":[3.1875,7.0625,3.5625,7.3125],"rotation":0,"texture":"#4","tintindex":0},"south":{"uv":[4.125,7.125,4.5,7.375],"rotation":0,"texture":"#4","tintindex":0},"up":{"uv":[5.8125,4.3125,5.4375,3.9375],"rotation":0,"texture":"#4","tintindex":0},"west":{"uv":[7.125,4.25,7.5,4.5],"rotation":0,"texture":"#4","tintindex":0}}},{"name":"cube","from":[6.0439997,3.1939998,6.0439997],"to":[9.956,7.7060003,9.956],"rotation":{"angle":0.0,"axis":"x","origin":[10.4,0.34999967,8.0]},"faces":{"down":{"uv":[5.875,2.1875,5.5,2.5625],"rotation":0,"texture":"#4","tintindex":0},"east":{"uv":[4.5625,1.9375,4.9375,2.375],"rotation":0,"texture":"#4","tintindex":0},"north":{"uv":[4.5625,0.9375,4.9375,1.375],"rotation":0,"texture":"#4","tintindex":0},"south":{"uv":[2.5625,4.5625,2.9375,5.0],"rotation":0,"texture":"#4","tintindex":0},"up":{"uv":[5.875,0.8125,5.5,0.4375],"rotation":0,"texture":"#4","tintindex":0},"west":{"uv":[3.9375,4.5625,4.3125,5.0],"rotation":0,"texture":"#4","tintindex":0}}}],"display":{"head":{"translation":[0.0,-6.4,0.0],"rotation":[0.0,0.0,0.0],"scale":[3.8095,3.8095,3.8095]}}}