{"textures":{"0":"modelengine:entity/wingen1xd","1":"modelengine:entity/woingen2xdd","2":"modelengine:entity/wingen1axd","3":"modelengine:entity/wing2axdan","4":"modelengine:entity/em_blackangel_xd","5":"modelengine:entity/essxd","6":"modelengine:entity/neyes"},"elements":[{"name":"cube","from":[6.336364,5.0927267,6.2818184],"to":[9.336364,8.092727,9.881819],"rotation":{"angle":0.0,"axis":"x","origin":[1.5363635,-2.7072735,8.081819]},"faces":{"down":{"uv":[1.25,6.0,0.9375,6.375],"rotation":0,"texture":"#4","tintindex":0},"east":{"uv":[6.75,4.9375,6.375,5.25],"rotation":0,"texture":"#4","tintindex":0},"north":{"uv":[0.0,6.6875,0.3125,7.0],"rotation":0,"texture":"#4","tintindex":0},"south":{"uv":[3.75,6.8125,4.0625,7.125],"rotation":0,"texture":"#4","tintindex":0},"up":{"uv":[0.875,6.375,0.5625,6.0],"rotation":0,"texture":"#4","tintindex":0},"west":{"uv":[5.9375,5.375,6.3125,5.6875],"rotation":0,"texture":"#4","tintindex":0}}},{"name":"cube","from":[6.4563637,1.7627265,6.4018183],"to":[9.216364,5.122727,9.761818],"rotation":{"angle":0.0,"axis":"x","origin":[1.5363635,-6.1572733,8.081819]},"faces":{"down":{"uv":[5.4375,6.0625,5.125,6.4375],"rotation":0,"texture":"#4","tintindex":0},"east":{"uv":[3.4375,5.0,3.8125,5.375],"rotation":0,"texture":"#4","tintindex":0},"north":{"uv":[1.3125,6.0,1.625,6.375],"rotation":0,"texture":"#4","tintindex":0},"south":{"uv":[4.75,6.0,5.0625,6.375],"rotation":0,"texture":"#4","tintindex":0},"up":{"uv":[2.0,6.4375,1.6875,6.0625],"rotation":0,"texture":"#4","tintindex":0},"west":{"uv":[5.0,3.8125,5.375,4.1875],"rotation":0,"texture":"#4","tintindex":0}}},{"name":"cube","from":[6.276364,2.1827264,6.221818],"to":[9.396364,4.102727,9.941818],"rotation":{"angle":0.0,"axis":"x","origin":[1.5363635,-6.1572733,8.081819]},"faces":{"down":{"uv":[6.1875,6.125,5.875,6.5],"rotation":0,"texture":"#4","tintindex":0},"east":{"uv":[7.9375,4.375,7.5625,4.5625],"rotation":0,"texture":"#4","tintindex":0},"north":{"uv":[6.75,4.25,7.0625,4.4375],"rotation":0,"texture":"#4","tintindex":0},"south":{"uv":[7.75,3.5,8.0625,3.6875],"rotation":0,"texture":"#4","tintindex":0},"up":{"uv":[5.8125,6.4375,5.5,6.0625],"rotation":0,"texture":"#4","tintindex":0},"west":{"uv":[5.25,7.5,5.625,7.6875],"rotation":0,"texture":"#4","tintindex":0}}},{"name":"xd","from":[9.336364,4.0427265,5.681818],"to":[9.336364,8.842727,10.481819],"rotation":{"angle":-22.5,"axis":"z","origin":[9.336364,4.0427265,8.081819]},"faces":{"down":{"uv":[2.25,8.8125,2.25,9.3125],"rotation":0,"texture":"#4","tintindex":0},"east":{"uv":[0.75,2.75,1.25,3.25],"rotation":0,"texture":"#4","tintindex":0},"north":{"uv":[4.5,7.4375,4.5,7.9375],"rotation":0,"texture":"#4","tintindex":0},"south":{"uv":[2.125,8.8125,2.125,9.3125],"rotation":0,"texture":"#4","tintindex":0},"up":{"uv":[2.1875,9.3125,2.1875,8.8125],"rotation":0,"texture":"#4","tintindex":0},"west":{"uv":[2.875,2.625,3.375,3.125],"rotation":0,"texture":"#4","tintindex":0}}},{"name":"xd","from":[5.1363635,4.0427265,9.881819],"to":[9.936363,8.842727,9.881819],"rotation":{"angle":22.5,"axis":"x","origin":[7.5363636,4.0427265,9.881819]},"faces":{"down":{"uv":[9.125,1.1875,8.625,1.1875],"rotation":0,"texture":"#4","tintindex":0},"east":{"uv":[2.6875,8.8125,2.6875,9.3125],"rotation":0,"texture":"#4","tintindex":0},"north":{"uv":[0.0,3.0,0.5,3.5],"rotation":0,"texture":"#4","tintindex":0},"south":{"uv":[3.0,0.0,3.5,0.5],"rotation":0,"texture":"#4","tintindex":0},"up":{"uv":[9.0,5.5,8.5,5.5],"rotation":0,"texture":"#4","tintindex":0},"west":{"uv":[2.75,8.8125,2.75,9.3125],"rotation":0,"texture":"#4","tintindex":0}}},{"name":"xd","from":[5.1363635,4.0427265,6.2818184],"to":[9.936363,8.842727,6.2818184],"rotation":{"angle":-22.5,"axis":"x","origin":[7.5363636,4.0427265,6.2818184]},"faces":{"down":{"uv":[9.1875,7.5625,8.6875,7.5625],"rotation":0,"texture":"#4","tintindex":0},"east":{"uv":[2.8125,8.8125,2.8125,9.3125],"rotation":0,"texture":"#4","tintindex":0},"north":{"uv":[3.0,1.5625,3.5,2.0625],"rotation":0,"texture":"#4","tintindex":0},"south":{"uv":[1.3125,3.0625,1.8125,3.5625],"rotation":0,"texture":"#4","tintindex":0},"up":{"uv":[9.1875,3.4375,8.6875,3.4375],"rotation":0,"texture":"#4","tintindex":0},"west":{"uv":[3.0,8.8125,3.0,9.3125],"rotation":0,"texture":"#4","tintindex":0}}}],"display":{"head":{"translation":[0.0,-6.4,0.0],"rotation":[0.0,0.0,0.0],"scale":[3.8095,3.8095,3.8095]}}}