{"textures":{"0":"modelengine:entity/wingen1xd","1":"modelengine:entity/woingen2xdd","2":"modelengine:entity/wingen1axd","3":"modelengine:entity/wing2axdan","4":"modelengine:entity/em_blackangel_xd","5":"modelengine:entity/essxd","6":"modelengine:entity/neyes"},"elements":[{"name":"cube","from":[3.5032148,6.106797,7.4983683],"to":[11.303215,7.306797,8.098368],"rotation":{"angle":22.5,"axis":"z","origin":[3.8510475,8.15,7.835]},"faces":{"down":{"uv":[13.0,0.75,16.25,0.5],"rotation":180,"texture":"#5","tintindex":0},"east":{"uv":[13.0,0.5,13.25,0.0],"rotation":180,"texture":"#5","tintindex":0},"north":{"uv":[13.0,1.0,16.0,0.5],"rotation":180,"texture":"#5","tintindex":0},"south":{"uv":[13.0,1.0,16.25,0.5],"rotation":180,"texture":"#5","tintindex":0},"up":{"uv":[0.0,0.0,0.625,0.86875],"rotation":0,"texture":"#0","tintindex":0},"west":{"uv":[0.0,0.0,0.86875,1.0],"rotation":0,"texture":"#0","tintindex":0}}},{"name":"cube","from":[3.5032148,7.306797,7.198368],"to":[11.303215,8.506797,8.398369],"rotation":{"angle":22.5,"axis":"z","origin":[3.8510475,8.15,7.835]},"faces":{"down":{"uv":[13.0,0.5,16.0,0.0],"rotation":180,"texture":"#5","tintindex":0},"east":{"uv":[13.0,0.75,13.75,0.0],"rotation":180,"texture":"#5","tintindex":0},"north":{"uv":[13.0,0.5,16.0,0.0],"rotation":180,"texture":"#5","tintindex":0},"south":{"uv":[12.75,1.0,16.0,0.5],"rotation":180,"texture":"#5","tintindex":0},"up":{"uv":[13.0,0.5,16.0,0.0],"rotation":180,"texture":"#5","tintindex":0},"west":{"uv":[0.0,0.0,0.86875,1.0],"rotation":0,"texture":"#0","tintindex":0}}},{"name":"cube","from":[2.903215,7.006797,6.898368],"to":[4.7032146,8.806797,8.698368],"rotation":{"angle":22.5,"axis":"z","origin":[3.8510475,8.15,7.835]},"faces":{"down":{"uv":[13.0,0.75,13.75,0.0],"rotation":180,"texture":"#5","tintindex":0},"east":{"uv":[13.0,0.75,13.75,0.0],"rotation":180,"texture":"#5","tintindex":0},"north":{"uv":[13.0,0.75,13.75,0.0],"rotation":180,"texture":"#5","tintindex":0},"south":{"uv":[13.75,0.75,14.5,0.0],"rotation":180,"texture":"#5","tintindex":0},"up":{"uv":[13.0,0.75,13.75,0.0],"rotation":180,"texture":"#5","tintindex":0},"west":{"uv":[13.0,0.75,13.75,0.0],"rotation":180,"texture":"#5","tintindex":0}}},{"name":"puntalum","from":[1.4000015,-13.724929,7.902142],"to":[32.0,13.875072,7.752142],"rotation":{"angle":0.0,"axis":"x","origin":[-48.840847,-24.119576,-17.711227]},"faces":{"down":{"uv":[6.375,0.125,12.75,0.25],"rotation":0,"texture":"#3","tintindex":0},"east":{"uv":[6.5,6.0,6.375,11.75],"rotation":0,"texture":"#3","tintindex":0},"north":{"uv":[0.0,5.75,6.375,11.5],"rotation":0,"texture":"#3","tintindex":0},"south":{"uv":[6.375,5.75,0.0,11.5],"rotation":0,"texture":"#3","tintindex":0},"up":{"uv":[6.375,0.125,12.75,0.0],"rotation":0,"texture":"#3","tintindex":0},"west":{"uv":[6.5,0.25,6.375,6.0],"rotation":0,"texture":"#3","tintindex":0}}}],"display":{"head":{"translation":[16.945421,-6.4,0.0],"rotation":[0.0,0.0,0.0],"scale":[3.8095,3.8095,3.8095]}}}