{"textures":{"0":"modelengine:entity/wingen1xd","1":"modelengine:entity/woingen2xdd","2":"modelengine:entity/wingen1axd","3":"modelengine:entity/wing2axdan","4":"modelengine:entity/em_blackangel_xd","5":"modelengine:entity/essxd","6":"modelengine:entity/neyes"},"elements":[{"name":"aluminio","from":[7.6003733,-7.821659,7.6946597],"to":[22.600372,9.578342,7.9946594],"rotation":{"angle":0.0,"axis":"x","origin":[0.8599999,-3.8392863,4.9249997]},"faces":{"down":{"uv":[7.5,7.5,13.75,7.75],"rotation":0,"texture":"#0","tintindex":0},"east":{"uv":[0.75,7.5,0.5,14.75],"rotation":0,"texture":"#0","tintindex":0},"north":{"uv":[6.25,0.0,0.0,7.25],"rotation":0,"texture":"#0","tintindex":0},"south":{"uv":[0.0,0.0,6.25,7.25],"rotation":0,"texture":"#0","tintindex":0},"up":{"uv":[1.0,7.75,7.25,7.5],"rotation":0,"texture":"#0","tintindex":0},"west":{"uv":[0.25,7.5,0.0,14.75],"rotation":0,"texture":"#0","tintindex":0}}},{"name":"cube","from":[8.440373,5.9676275,7.4996595],"to":[15.790374,7.1676273,8.09966],"rotation":{"angle":0.0,"axis":"x","origin":[5.6,2.7499998,9.365]},"faces":{"down":{"uv":[13.0,1.0,16.0,0.5],"rotation":180,"texture":"#5","tintindex":0},"east":{"uv":[13.0,1.0,13.5,0.5],"rotation":180,"texture":"#5","tintindex":0},"north":{"uv":[13.0,1.0,16.0,0.5],"rotation":180,"texture":"#5","tintindex":0},"south":{"uv":[5.5,1.0,8.5625,0.5],"rotation":180,"texture":"#5","tintindex":0},"up":{"uv":[0.0,0.0,0.625,0.86875],"rotation":0,"texture":"#0","tintindex":0},"west":{"uv":[13.5,0.5,13.75,0.0],"rotation":180,"texture":"#5","tintindex":0}}},{"name":"cube","from":[8.442773,7.1700277,7.2020597],"to":[15.637974,8.365228,8.39726],"rotation":{"angle":0.0,"axis":"x","origin":[5.6,2.7499998,9.365]},"faces":{"down":{"uv":[13.0,0.5,16.0,0.0],"rotation":180,"texture":"#5","tintindex":0},"east":{"uv":[13.0,0.5,16.0,0.0],"rotation":180,"texture":"#5","tintindex":0},"north":{"uv":[13.0,0.5,16.0,0.0],"rotation":180,"texture":"#5","tintindex":0},"south":{"uv":[12.75,1.0,15.75,0.5],"rotation":180,"texture":"#5","tintindex":0},"up":{"uv":[13.0,0.5,16.0,0.0],"rotation":180,"texture":"#5","tintindex":0},"west":{"uv":[0.0,0.0,0.86875,1.0],"rotation":0,"texture":"#0","tintindex":0}}},{"name":"cube","from":[7.240373,6.567628,7.1996593],"to":[8.440373,8.367628,8.99966],"rotation":{"angle":0.0,"axis":"x","origin":[4.3999996,2.7499998,9.365]},"faces":{"down":{"uv":[13.5,0.75,14.0,0.0],"rotation":180,"texture":"#5","tintindex":0},"east":{"uv":[13.75,0.75,14.5,0.0],"rotation":180,"texture":"#5","tintindex":0},"north":{"uv":[13.0,0.75,13.5,0.0],"rotation":180,"texture":"#5","tintindex":0},"south":{"uv":[13.5,0.75,14.0,0.0],"rotation":180,"texture":"#5","tintindex":0},"up":{"uv":[13.5,0.75,14.0,0.0],"rotation":180,"texture":"#5","tintindex":0},"west":{"uv":[13.75,0.75,14.5,0.0],"rotation":180,"texture":"#5","tintindex":0}}},{"name":"cube","from":[14.929032,6.4726257,7.4996595],"to":[20.929031,7.6726255,8.09966],"rotation":{"angle":22.5,"axis":"z","origin":[16.1,8.15,7.85]},"faces":{"down":{"uv":[13.0,1.0,16.0,0.5],"rotation":180,"texture":"#5","tintindex":0},"east":{"uv":[13.0,1.0,13.5,0.5],"rotation":180,"texture":"#5","tintindex":0},"north":{"uv":[13.0,1.0,16.0,0.5],"rotation":180,"texture":"#5","tintindex":0},"south":{"uv":[13.0,1.0,15.5,0.5],"rotation":180,"texture":"#5","tintindex":0},"up":{"uv":[0.0,0.0,0.625,0.86875],"rotation":0,"texture":"#0","tintindex":0},"west":{"uv":[13.0,1.0,13.5,0.5],"rotation":180,"texture":"#5","tintindex":0}}},{"name":"cube","from":[14.929032,7.6726255,7.1996593],"to":[20.929031,8.872625,8.39966],"rotation":{"angle":22.5,"axis":"z","origin":[16.1,8.15,7.85]},"faces":{"down":{"uv":[13.0,0.5,16.0,0.0],"rotation":180,"texture":"#5","tintindex":0},"east":{"uv":[0.0,0.0,0.86875,1.0],"rotation":0,"texture":"#0","tintindex":0},"north":{"uv":[13.0,0.5,16.0,0.0],"rotation":180,"texture":"#5","tintindex":0},"south":{"uv":[12.75,1.0,15.25,0.5],"rotation":180,"texture":"#5","tintindex":0},"up":{"uv":[13.0,0.5,16.0,0.0],"rotation":180,"texture":"#5","tintindex":0},"west":{"uv":[0.0,0.0,0.86875,1.0],"rotation":0,"texture":"#0","tintindex":0}}}],"display":{"head":{"translation":[0.0,-6.4,0.0],"rotation":[0.0,0.0,0.0],"scale":[3.8095,3.8095,3.8095]}}}