{"textures":{"0":"modelengine:entity/wingen1xd","1":"modelengine:entity/woingen2xdd","2":"modelengine:entity/wingen1axd","3":"modelengine:entity/wing2axdan","4":"modelengine:entity/em_blackangel_xd","5":"modelengine:entity/essxd","6":"modelengine:entity/neyes"},"elements":[{"name":"aluminio","from":[8.06,-8.039287,7.745],"to":[23.060001,9.360714,8.045],"rotation":{"angle":0.0,"axis":"x","origin":[0.8599999,-4.4392867,4.9249997]},"faces":{"down":{"uv":[7.5,7.5,13.75,7.75],"rotation":0,"texture":"#0","tintindex":0},"east":{"uv":[0.75,7.5,0.5,14.75],"rotation":0,"texture":"#0","tintindex":0},"north":{"uv":[6.25,0.0,0.0,7.25],"rotation":0,"texture":"#0","tintindex":0},"south":{"uv":[0.0,0.0,6.25,7.25],"rotation":0,"texture":"#0","tintindex":0},"up":{"uv":[1.0,7.75,7.25,7.5],"rotation":0,"texture":"#0","tintindex":0},"west":{"uv":[0.25,7.5,0.0,14.75],"rotation":0,"texture":"#0","tintindex":0}}},{"name":"cube","from":[8.9,5.75,7.55],"to":[16.25,6.95,8.15],"rotation":{"angle":0.0,"axis":"x","origin":[5.6,2.1499996,9.365]},"faces":{"down":{"uv":[13.0,1.0,16.0,0.5],"rotation":180,"texture":"#5","tintindex":0},"east":{"uv":[13.0,1.0,13.5,0.5],"rotation":180,"texture":"#5","tintindex":0},"north":{"uv":[13.0,1.0,16.0,0.5],"rotation":180,"texture":"#5","tintindex":0},"south":{"uv":[5.5,1.0,8.5625,0.5],"rotation":180,"texture":"#5","tintindex":0},"up":{"uv":[0.0,0.0,0.625,0.86875],"rotation":0,"texture":"#0","tintindex":0},"west":{"uv":[13.5,0.5,13.75,0.0],"rotation":180,"texture":"#5","tintindex":0}}},{"name":"cube","from":[8.9024,6.9523997,7.2524],"to":[16.0976,8.1476,8.4476],"rotation":{"angle":0.0,"axis":"x","origin":[5.6,2.1499996,9.365]},"faces":{"down":{"uv":[13.0,0.5,16.0,0.0],"rotation":180,"texture":"#5","tintindex":0},"east":{"uv":[13.0,0.5,16.0,0.0],"rotation":180,"texture":"#5","tintindex":0},"north":{"uv":[13.0,0.5,16.0,0.0],"rotation":180,"texture":"#5","tintindex":0},"south":{"uv":[12.75,1.0,15.75,0.5],"rotation":180,"texture":"#5","tintindex":0},"up":{"uv":[13.0,0.5,16.0,0.0],"rotation":180,"texture":"#5","tintindex":0},"west":{"uv":[0.0,0.0,0.86875,1.0],"rotation":0,"texture":"#0","tintindex":0}}},{"name":"cube","from":[7.7,6.35,7.25],"to":[8.9,8.15,9.05],"rotation":{"angle":0.0,"axis":"x","origin":[4.3999996,2.1499996,9.365]},"faces":{"down":{"uv":[13.5,0.75,14.0,0.0],"rotation":180,"texture":"#5","tintindex":0},"east":{"uv":[13.75,0.75,14.5,0.0],"rotation":180,"texture":"#5","tintindex":0},"north":{"uv":[13.0,0.75,13.5,0.0],"rotation":180,"texture":"#5","tintindex":0},"south":{"uv":[13.5,0.75,14.0,0.0],"rotation":180,"texture":"#5","tintindex":0},"up":{"uv":[13.5,0.75,14.0,0.0],"rotation":180,"texture":"#5","tintindex":0},"west":{"uv":[13.75,0.75,14.5,0.0],"rotation":180,"texture":"#5","tintindex":0}}},{"name":"cube","from":[15.5,6.05,7.55],"to":[21.5,7.25,8.15],"rotation":{"angle":22.5,"axis":"z","origin":[16.1,7.55,7.85]},"faces":{"down":{"uv":[13.0,1.0,16.0,0.5],"rotation":180,"texture":"#5","tintindex":0},"east":{"uv":[13.0,1.0,13.5,0.5],"rotation":180,"texture":"#5","tintindex":0},"north":{"uv":[13.0,1.0,16.0,0.5],"rotation":180,"texture":"#5","tintindex":0},"south":{"uv":[13.0,1.0,15.5,0.5],"rotation":180,"texture":"#5","tintindex":0},"up":{"uv":[0.0,0.0,0.625,0.86875],"rotation":0,"texture":"#0","tintindex":0},"west":{"uv":[13.0,1.0,13.5,0.5],"rotation":180,"texture":"#5","tintindex":0}}},{"name":"cube","from":[15.5,7.25,7.25],"to":[21.5,8.45,8.45],"rotation":{"angle":22.5,"axis":"z","origin":[16.1,7.55,7.85]},"faces":{"down":{"uv":[13.0,0.5,16.0,0.0],"rotation":180,"texture":"#5","tintindex":0},"east":{"uv":[0.0,0.0,0.86875,1.0],"rotation":0,"texture":"#0","tintindex":0},"north":{"uv":[13.0,0.5,16.0,0.0],"rotation":180,"texture":"#5","tintindex":0},"south":{"uv":[12.75,1.0,15.25,0.5],"rotation":180,"texture":"#5","tintindex":0},"up":{"uv":[13.0,0.5,16.0,0.0],"rotation":180,"texture":"#5","tintindex":0},"west":{"uv":[0.0,0.0,0.86875,1.0],"rotation":0,"texture":"#0","tintindex":0}}},{"name":"aluminio","from":[8.66,0.36071372,7.895],"to":[9.26,5.7607136,8.195],"rotation":{"angle":0.0,"axis":"x","origin":[0.8599999,-4.4392867,5.075]},"faces":{"down":{"uv":[5.25,3.75,5.5,4.0],"rotation":0,"texture":"#5","tintindex":0},"east":{"uv":[5.25,1.75,5.5,4.0],"rotation":0,"texture":"#5","tintindex":0},"north":{"uv":[5.25,4.0,5.5,1.75],"rotation":180,"texture":"#5","tintindex":0},"south":{"uv":[5.25,1.75,5.5,4.0],"rotation":0,"texture":"#5","tintindex":0},"up":{"uv":[5.5,1.75,5.25,2.0],"rotation":180,"texture":"#5","tintindex":0},"west":{"uv":[5.25,1.75,5.5,4.0],"rotation":0,"texture":"#5","tintindex":0}}},{"name":"aluminio","from":[8.06,0.9607136,7.895],"to":[8.66,4.560714,8.195],"rotation":{"angle":0.0,"axis":"x","origin":[0.8599999,-4.4392867,5.075]},"faces":{"down":{"uv":[5.0,3.5,5.25,3.75],"rotation":0,"texture":"#5","tintindex":0},"east":{"uv":[5.0,2.25,5.25,3.75],"rotation":0,"texture":"#5","tintindex":0},"north":{"uv":[5.0,3.75,5.25,2.25],"rotation":180,"texture":"#5","tintindex":0},"south":{"uv":[5.0,2.25,5.25,3.75],"rotation":0,"texture":"#5","tintindex":0},"up":{"uv":[5.25,2.25,5.0,2.5],"rotation":180,"texture":"#5","tintindex":0},"west":{"uv":[5.0,2.25,5.25,3.75],"rotation":0,"texture":"#5","tintindex":0}}}],"display":{"head":{"translation":[0.0,-6.4,0.0],"rotation":[0.0,0.0,0.0],"scale":[3.8095,3.8095,3.8095]}}}