{"textures":{"0":"modelengine:entity/wingen1xd","1":"modelengine:entity/woingen2xdd","2":"modelengine:entity/wingen1axd","3":"modelengine:entity/wing2axdan","4":"modelengine:entity/em_blackangel_xd","5":"modelengine:entity/essxd","6":"modelengine:entity/neyes"},"elements":[{"name":"cube","from":[6.3875,6.2075005,6.3125],"to":[9.387501,7.4075003,9.9125],"rotation":{"angle":0.0,"axis":"x","origin":[8.1875,5.6075,8.1125]},"faces":{"down":{"uv":[3.25,6.1875,2.9375,6.5625],"rotation":0,"texture":"#4","tintindex":0},"east":{"uv":[1.5625,8.0,1.1875,8.125],"rotation":0,"texture":"#4","tintindex":0},"north":{"uv":[0.75,2.5625,1.0625,2.6875],"rotation":0,"texture":"#4","tintindex":0},"south":{"uv":[4.1875,1.9375,4.5,2.0625],"rotation":0,"texture":"#4","tintindex":0},"up":{"uv":[2.375,6.5625,2.0625,6.1875],"rotation":0,"texture":"#4","tintindex":0},"west":{"uv":[7.9375,3.3125,8.3125,3.4375],"rotation":0,"texture":"#4","tintindex":0}}},{"name":"cube","from":[6.5435,7.5635004,6.4685],"to":[9.231501,7.8515005,9.7565],"rotation":{"angle":0.0,"axis":"x","origin":[8.1875,5.6075,8.1125]},"faces":{"down":{"uv":[6.5625,6.125,6.25,6.5],"rotation":0,"texture":"#4","tintindex":0},"east":{"uv":[8.4375,5.5625,8.8125,5.625],"rotation":0,"texture":"#4","tintindex":0},"north":{"uv":[4.25,3.9375,4.5625,4.0],"rotation":0,"texture":"#4","tintindex":0},"south":{"uv":[5.0,1.3125,5.3125,1.375],"rotation":0,"texture":"#4","tintindex":0},"up":{"uv":[0.3125,6.625,0.0,6.25],"rotation":0,"texture":"#4","tintindex":0},"west":{"uv":[8.4375,5.6875,8.8125,5.75],"rotation":0,"texture":"#4","tintindex":0}}},{"name":"cube","from":[8.1875,4.4075003,6.3125],"to":[9.387501,6.2075005,9.9125],"rotation":{"angle":0.0,"axis":"x","origin":[8.1875,5.6075,8.1125]},"faces":{"down":{"uv":[5.125,7.8125,5.0,8.1875],"rotation":0,"texture":"#4","tintindex":0},"east":{"uv":[5.125,7.5625,4.75,7.75],"rotation":0,"texture":"#4","tintindex":0},"north":{"uv":[3.6875,8.375,3.8125,8.5625],"rotation":0,"texture":"#4","tintindex":0},"south":{"uv":[6.3125,8.375,6.4375,8.5625],"rotation":0,"texture":"#4","tintindex":0},"up":{"uv":[4.75,0.375,4.625,0.0],"rotation":0,"texture":"#4","tintindex":0},"west":{"uv":[0.6875,7.5625,1.0625,7.75],"rotation":0,"texture":"#4","tintindex":0}}},{"name":"cube","from":[6.6275,5.1275005,6.7925],"to":[8.3075,6.2075005,9.672501],"rotation":{"angle":0.0,"axis":"x","origin":[8.1875,5.6075,8.1125]},"faces":{"down":{"uv":[5.625,7.75,5.4375,8.0625],"rotation":0,"texture":"#4","tintindex":0},"east":{"uv":[0.875,5.375,1.1875,5.5],"rotation":0,"texture":"#4","tintindex":0},"north":{"uv":[8.4375,6.5,8.625,6.625],"rotation":0,"texture":"#4","tintindex":0},"south":{"uv":[6.8125,8.4375,7.0,8.5625],"rotation":0,"texture":"#4","tintindex":0},"up":{"uv":[5.375,8.0625,5.1875,7.75],"rotation":0,"texture":"#4","tintindex":0},"west":{"uv":[2.0625,8.0625,2.375,8.1875],"rotation":0,"texture":"#4","tintindex":0}}},{"name":"cube","from":[5.7875,4.4075003,6.3125],"to":[6.9875,6.2075005,7.5125],"rotation":{"angle":0.0,"axis":"x","origin":[8.1875,5.6075,8.1125]},"faces":{"down":{"uv":[4.0,8.5625,3.875,8.6875],"rotation":0,"texture":"#4","tintindex":0},"east":{"uv":[7.0625,8.4375,7.1875,8.625],"rotation":0,"texture":"#4","tintindex":0},"north":{"uv":[0.0,8.4375,0.125,8.625],"rotation":0,"texture":"#4","tintindex":0},"south":{"uv":[7.25,8.4375,7.375,8.625],"rotation":0,"texture":"#4","tintindex":0},"up":{"uv":[0.5,6.375,0.375,6.25],"rotation":0,"texture":"#4","tintindex":0},"west":{"uv":[7.4375,8.4375,7.5625,8.625],"rotation":0,"texture":"#4","tintindex":0}}},{"name":"cube","from":[6.6275005,4.2875004,6.1925],"to":[9.2675,5.1275,7.0325],"rotation":{"angle":0.0,"axis":"x","origin":[8.1875,5.6075,8.1125]},"faces":{"down":{"uv":[8.875,3.875,8.625,3.9375],"rotation":0,"texture":"#4","tintindex":0},"east":{"uv":[1.125,1.875,1.1875,1.9375],"rotation":0,"texture":"#4","tintindex":0},"north":{"uv":[5.1875,0.4375,5.4375,0.5],"rotation":0,"texture":"#4","tintindex":0},"south":{"uv":[4.8125,8.5625,5.0625,8.625],"rotation":0,"texture":"#4","tintindex":0},"up":{"uv":[8.875,3.8125,8.625,3.75],"rotation":0,"texture":"#4","tintindex":0},"west":{"uv":[1.6875,4.0,1.75,4.0625],"rotation":0,"texture":"#4","tintindex":0}}},{"name":"cube","from":[6.6275005,4.2875004,7.2425003],"to":[9.2675,5.1275,8.0825],"rotation":{"angle":0.0,"axis":"x","origin":[8.1875,5.6075,7.9625]},"faces":{"down":{"uv":[8.875,6.3125,8.625,6.375],"rotation":0,"texture":"#4","tintindex":0},"east":{"uv":[4.0,2.5625,4.0625,2.625],"rotation":0,"texture":"#4","tintindex":0},"north":{"uv":[8.625,4.375,8.875,4.4375],"rotation":0,"texture":"#4","tintindex":0},"south":{"uv":[8.625,4.5,8.875,4.5625],"rotation":0,"texture":"#4","tintindex":0},"up":{"uv":[6.375,8.6875,6.125,8.625],"rotation":0,"texture":"#4","tintindex":0},"west":{"uv":[3.0625,4.375,3.125,4.4375],"rotation":0,"texture":"#4","tintindex":0}}},{"name":"cube","from":[6.6275005,4.2875004,8.2925],"to":[9.2675,5.1275,9.1325],"rotation":{"angle":0.0,"axis":"x","origin":[8.1875,5.6075,8.4125]},"faces":{"down":{"uv":[8.875,7.625,8.625,7.6875],"rotation":0,"texture":"#4","tintindex":0},"east":{"uv":[0.8125,4.8125,0.875,4.875],"rotation":0,"texture":"#4","tintindex":0},"north":{"uv":[8.625,6.6875,8.875,6.75],"rotation":0,"texture":"#4","tintindex":0},"south":{"uv":[8.625,6.8125,8.875,6.875],"rotation":0,"texture":"#4","tintindex":0},"up":{"uv":[8.875,7.125,8.625,7.0625],"rotation":0,"texture":"#4","tintindex":0},"west":{"uv":[0.4375,5.8125,0.5,5.875],"rotation":0,"texture":"#4","tintindex":0}}},{"name":"cube","from":[6.6275005,4.2875004,9.1925],"to":[9.2675,5.1275,10.032499],"rotation":{"angle":0.0,"axis":"x","origin":[8.1875,5.6075,8.1125]},"faces":{"down":{"uv":[8.9375,1.875,8.6875,1.9375],"rotation":0,"texture":"#4","tintindex":0},"east":{"uv":[3.625,7.0625,3.6875,7.125],"rotation":0,"texture":"#4","tintindex":0},"north":{"uv":[8.6875,1.5,8.9375,1.5625],"rotation":0,"texture":"#4","tintindex":0},"south":{"uv":[1.5625,8.6875,1.8125,8.75],"rotation":0,"texture":"#4","tintindex":0},"up":{"uv":[8.9375,1.6875,8.6875,1.625],"rotation":0,"texture":"#4","tintindex":0},"west":{"uv":[7.3125,5.875,7.375,5.9375],"rotation":0,"texture":"#4","tintindex":0}}}],"display":{"head":{"translation":[0.0,-6.4,0.0],"rotation":[0.0,0.0,0.0],"scale":[3.8095,3.8095,3.8095]}}}