{"textures":{"0":"modelengine:entity/wingen1xd","1":"modelengine:entity/woingen2xdd","2":"modelengine:entity/wingen1axd","3":"modelengine:entity/wing2axdan","4":"modelengine:entity/em_blackangel_xd","5":"modelengine:entity/essxd","6":"modelengine:entity/neyes"},"elements":[{"name":"botxcd","from":[5.75,6.119892,8.858696],"to":[9.889999,7.859892,10.598698],"rotation":{"angle":-22.5,"axis":"x","origin":[7.52,6.449892,10.868696]},"faces":{"down":{"uv":[7.6875,3.0625,7.25,3.25],"rotation":0,"texture":"#4","tintindex":0},"east":{"uv":[7.1875,8.1875,7.375,8.375],"rotation":0,"texture":"#4","tintindex":0},"north":{"uv":[7.25,1.0625,7.6875,1.25],"rotation":0,"texture":"#4","tintindex":0},"south":{"uv":[7.25,1.3125,7.6875,1.5],"rotation":0,"texture":"#4","tintindex":0},"up":{"uv":[7.6875,1.75,7.25,1.5625],"rotation":0,"texture":"#4","tintindex":0},"west":{"uv":[7.4375,8.1875,7.625,8.375],"rotation":0,"texture":"#4","tintindex":0}}},{"name":"botxcd","from":[5.7206,5.346418,7.3685846],"to":[9.9194,7.145218,9.167384],"rotation":{"angle":0.0,"axis":"x","origin":[7.8199997,5.945818,8.567985]},"faces":{"down":{"uv":[7.75,0.75,7.3125,0.9375],"rotation":0,"texture":"#4","tintindex":0},"east":{"uv":[7.6875,8.1875,7.875,8.375],"rotation":0,"texture":"#4","tintindex":0},"north":{"uv":[7.25,3.3125,7.6875,3.5],"rotation":0,"texture":"#4","tintindex":0},"south":{"uv":[7.25,3.5625,7.6875,3.75],"rotation":0,"texture":"#4","tintindex":0},"up":{"uv":[1.1875,7.5,0.75,7.3125],"rotation":0,"texture":"#4","tintindex":0},"west":{"uv":[7.9375,8.1875,8.125,8.375],"rotation":0,"texture":"#4","tintindex":0}}},{"name":"botxcd","from":[6.17,7.2533903,5.5707626],"to":[9.77,9.0533905,9.170763],"rotation":{"angle":22.5,"axis":"x","origin":[8.0,6.2,5.6]},"faces":{"down":{"uv":[1.6875,5.5625,1.3125,5.9375],"rotation":0,"texture":"#4","tintindex":0},"east":{"uv":[7.6875,4.875,8.0625,5.0625],"rotation":0,"texture":"#4","tintindex":0},"north":{"uv":[7.6875,3.8125,8.0625,4.0],"rotation":0,"texture":"#4","tintindex":0},"south":{"uv":[7.6875,5.125,8.0625,5.3125],"rotation":0,"texture":"#4","tintindex":0},"up":{"uv":[1.25,5.9375,0.875,5.5625],"rotation":0,"texture":"#4","tintindex":0},"west":{"uv":[7.6875,5.375,8.0625,5.5625],"rotation":0,"texture":"#4","tintindex":0}}},{"name":"botxcd","from":[6.152,5.2318916,6.050697],"to":[9.788,7.667892,10.286697],"rotation":{"angle":0.0,"axis":"x","origin":[8.0,6.2,5.6]},"faces":{"down":{"uv":[5.0,2.4375,4.625,2.875],"rotation":0,"texture":"#4","tintindex":0},"east":{"uv":[6.8125,6.5,7.25,6.75],"rotation":0,"texture":"#4","tintindex":0},"north":{"uv":[7.125,4.5625,7.5,4.8125],"rotation":0,"texture":"#4","tintindex":0},"south":{"uv":[6.625,7.125,7.0,7.375],"rotation":0,"texture":"#4","tintindex":0},"up":{"uv":[2.1875,5.0625,1.8125,4.625],"rotation":0,"texture":"#4","tintindex":0},"west":{"uv":[6.8125,6.8125,7.25,7.0625],"rotation":0,"texture":"#4","tintindex":0}}},{"name":"botxcd","from":[6.17,5.249892,3.0686965],"to":[9.77,6.449892,6.068697],"rotation":{"angle":0.0,"axis":"x","origin":[8.0,6.2,5.6]},"faces":{"down":{"uv":[7.1875,1.5625,6.8125,1.875],"rotation":0,"texture":"#4","tintindex":0},"east":{"uv":[8.1875,0.75,8.5,0.875],"rotation":0,"texture":"#4","tintindex":0},"north":{"uv":[7.1875,8.0,7.5625,8.125],"rotation":0,"texture":"#4","tintindex":0},"south":{"uv":[7.625,8.0,8.0,8.125],"rotation":0,"texture":"#4","tintindex":0},"up":{"uv":[7.125,5.625,6.75,5.3125],"rotation":0,"texture":"#4","tintindex":0},"west":{"uv":[0.875,8.1875,1.1875,8.3125],"rotation":0,"texture":"#4","tintindex":0}}},{"name":"botxcd","from":[6.7699995,5.249892,1.8686966],"to":[9.17,6.449892,3.0686965],"rotation":{"angle":0.0,"axis":"x","origin":[8.0,6.2,2.6]},"faces":{"down":{"uv":[8.625,8.375,8.375,8.5],"rotation":0,"texture":"#4","tintindex":0},"east":{"uv":[5.1875,8.75,5.3125,8.875],"rotation":0,"texture":"#4","tintindex":0},"north":{"uv":[8.375,7.4375,8.625,7.5625],"rotation":0,"texture":"#4","tintindex":0},"south":{"uv":[8.375,7.8125,8.625,7.9375],"rotation":0,"texture":"#4","tintindex":0},"up":{"uv":[8.625,8.3125,8.375,8.1875],"rotation":0,"texture":"#4","tintindex":0},"west":{"uv":[6.125,8.75,6.25,8.875],"rotation":0,"texture":"#4","tintindex":0}}},{"name":"botxcd","from":[6.1724,5.8835173,3.776721],"to":[9.7676,7.0787177,6.771921],"rotation":{"angle":-22.5,"axis":"x","origin":[8.0,6.2,5.6]},"faces":{"down":{"uv":[7.1875,3.5,6.8125,3.8125],"rotation":0,"texture":"#4","tintindex":0},"east":{"uv":[1.25,8.1875,1.5625,8.3125],"rotation":0,"texture":"#4","tintindex":0},"north":{"uv":[0.1875,8.0625,0.5625,8.1875],"rotation":0,"texture":"#4","tintindex":0},"south":{"uv":[1.625,8.0625,2.0,8.1875],"rotation":0,"texture":"#4","tintindex":0},"up":{"uv":[7.1875,3.4375,6.8125,3.125],"rotation":0,"texture":"#4","tintindex":0},"west":{"uv":[5.875,8.1875,6.1875,8.3125],"rotation":0,"texture":"#4","tintindex":0}}}],"display":{"head":{"translation":[0.0,-6.4,0.0],"rotation":[0.0,0.0,0.0],"scale":[3.8095,3.8095,3.8095]}}}