{"textures":{"0":"modelengine:entity/wingen1xd","1":"modelengine:entity/woingen2xdd","2":"modelengine:entity/wingen1axd","3":"modelengine:entity/wing2axdan","4":"modelengine:entity/em_blackangel_xd","5":"modelengine:entity/essxd","6":"modelengine:entity/neyes"},"elements":[{"name":"cube","from":[3.6918898,6.05,7.535],"to":[11.491891,7.25,8.135],"rotation":{"angle":22.5,"axis":"z","origin":[4.291889,7.55,7.835]},"faces":{"down":{"uv":[13.0,0.75,16.25,0.5],"rotation":180,"texture":"#5","tintindex":0},"east":{"uv":[13.0,0.5,13.25,0.0],"rotation":180,"texture":"#5","tintindex":0},"north":{"uv":[13.0,1.0,16.0,0.5],"rotation":180,"texture":"#5","tintindex":0},"south":{"uv":[13.0,1.0,16.25,0.5],"rotation":180,"texture":"#5","tintindex":0},"up":{"uv":[0.0,0.0,0.625,0.86875],"rotation":0,"texture":"#0","tintindex":0},"west":{"uv":[0.0,0.0,0.86875,1.0],"rotation":0,"texture":"#0","tintindex":0}}},{"name":"cube","from":[3.6918898,7.25,7.235],"to":[11.491891,8.45,8.435],"rotation":{"angle":22.5,"axis":"z","origin":[4.291889,7.55,7.835]},"faces":{"down":{"uv":[13.0,0.5,16.0,0.0],"rotation":180,"texture":"#5","tintindex":0},"east":{"uv":[13.0,0.75,13.75,0.0],"rotation":180,"texture":"#5","tintindex":0},"north":{"uv":[13.0,0.5,16.0,0.0],"rotation":180,"texture":"#5","tintindex":0},"south":{"uv":[12.75,1.0,16.0,0.5],"rotation":180,"texture":"#5","tintindex":0},"up":{"uv":[13.0,0.5,16.0,0.0],"rotation":180,"texture":"#5","tintindex":0},"west":{"uv":[0.0,0.0,0.86875,1.0],"rotation":0,"texture":"#0","tintindex":0}}},{"name":"cube","from":[3.0918894,6.95,6.935],"to":[4.8918896,8.75,8.735001],"rotation":{"angle":22.5,"axis":"z","origin":[4.291889,7.55,7.835]},"faces":{"down":{"uv":[13.0,0.75,13.75,0.0],"rotation":180,"texture":"#5","tintindex":0},"east":{"uv":[13.0,0.75,13.75,0.0],"rotation":180,"texture":"#5","tintindex":0},"north":{"uv":[13.0,0.75,13.75,0.0],"rotation":180,"texture":"#5","tintindex":0},"south":{"uv":[13.75,0.75,14.5,0.0],"rotation":180,"texture":"#5","tintindex":0},"up":{"uv":[13.0,0.75,13.75,0.0],"rotation":180,"texture":"#5","tintindex":0},"west":{"uv":[13.0,0.75,13.75,0.0],"rotation":180,"texture":"#5","tintindex":0}}},{"name":"puntalum","from":[1.3999949,-13.919576,7.9387736],"to":[32.0,13.680427,7.788774],"rotation":{"angle":0.0,"axis":"x","origin":[-48.400005,-24.719574,-17.711227]},"faces":{"down":{"uv":[6.375,0.125,12.75,0.25],"rotation":0,"texture":"#1","tintindex":0},"east":{"uv":[6.5,6.0,6.375,11.75],"rotation":0,"texture":"#1","tintindex":0},"north":{"uv":[6.375,0.0,0.0,5.75],"rotation":0,"texture":"#1","tintindex":0},"south":{"uv":[0.0,0.0,6.375,5.75],"rotation":0,"texture":"#1","tintindex":0},"up":{"uv":[6.375,0.125,12.75,0.0],"rotation":0,"texture":"#1","tintindex":0},"west":{"uv":[6.5,0.25,6.375,6.0],"rotation":0,"texture":"#1","tintindex":0}}},{"name":"cube","from":[10.891891,9.034999,7.535],"to":[19.291893,10.234999,8.135],"rotation":{"angle":22.5,"axis":"z","origin":[11.491891,10.535,7.835]},"faces":{"down":{"uv":[13.0,0.75,16.0,0.5],"rotation":180,"texture":"#5","tintindex":0},"east":{"uv":[13.0,1.0,16.0,0.5],"rotation":180,"texture":"#5","tintindex":0},"north":{"uv":[13.0,1.0,16.0,0.5],"rotation":180,"texture":"#5","tintindex":0},"south":{"uv":[13.0,1.0,16.0,0.5],"rotation":180,"texture":"#5","tintindex":0},"up":{"uv":[0.0,0.0,0.625,0.86875],"rotation":0,"texture":"#0","tintindex":0},"west":{"uv":[0.0,0.0,0.86875,1.0],"rotation":0,"texture":"#0","tintindex":0}}},{"name":"cube","from":[10.891891,10.234999,7.235],"to":[19.891891,11.434999,8.435],"rotation":{"angle":22.5,"axis":"z","origin":[11.491891,10.535,7.835]},"faces":{"down":{"uv":[13.0,0.5,16.0,0.0],"rotation":180,"texture":"#5","tintindex":0},"east":{"uv":[13.0,0.5,13.5,0.0],"rotation":180,"texture":"#5","tintindex":0},"north":{"uv":[13.0,1.0,16.0,0.5],"rotation":180,"texture":"#5","tintindex":0},"south":{"uv":[12.75,1.0,16.0,0.5],"rotation":180,"texture":"#5","tintindex":0},"up":{"uv":[13.25,0.5,16.0,0.0],"rotation":180,"texture":"#5","tintindex":0},"west":{"uv":[0.0,0.0,0.86875,1.0],"rotation":0,"texture":"#0","tintindex":0}}}],"display":{"head":{"translation":[15.299611,-6.4,0.0],"rotation":[0.0,0.0,0.0],"scale":[3.8095,3.8095,3.8095]}}}