{"textures":{"0":"modelengine:entity/wingen1xd","1":"modelengine:entity/woingen2xdd","2":"modelengine:entity/wingen1axd","3":"modelengine:entity/wing2axdan","4":"modelengine:entity/em_blackangel_xd","5":"modelengine:entity/essxd","6":"modelengine:entity/neyes"},"elements":[{"name":"cube","from":[6.8,6.6499996,6.5],"to":[9.2,8.45,9.5],"rotation":{"angle":0.0,"axis":"x","origin":[10.4,6.05,8.3]},"faces":{"down":{"uv":[8.625,7.25,8.375,7.375],"rotation":0,"texture":"#4","tintindex":0},"east":{"uv":[2.0,8.5625,2.125,8.75],"rotation":0,"texture":"#4","tintindex":0},"north":{"uv":[8.0,6.6875,8.25,6.875],"rotation":0,"texture":"#4","tintindex":0},"south":{"uv":[6.875,8.0,7.125,8.1875],"rotation":0,"texture":"#4","tintindex":0},"up":{"uv":[6.25,8.5,6.0,8.375],"rotation":0,"texture":"#4","tintindex":0},"west":{"uv":[2.6875,8.5625,2.8125,8.75],"rotation":0,"texture":"#4","tintindex":0}}},{"name":"botxcd","from":[6.3199997,3.9199996,6.8900003],"to":[9.68,7.28,10.25],"rotation":{"angle":0.0,"axis":"x","origin":[8.0,3.1999998,8.75]},"faces":{"down":{"uv":[5.875,4.375,5.5,4.75],"rotation":0,"texture":"#4","tintindex":0},"east":{"uv":[5.5,2.625,5.875,3.0],"rotation":0,"texture":"#4","tintindex":0},"north":{"uv":[2.5625,5.5,2.9375,5.875],"rotation":0,"texture":"#4","tintindex":0},"south":{"uv":[5.5,3.0625,5.875,3.4375],"rotation":0,"texture":"#4","tintindex":0},"up":{"uv":[4.6875,5.875,4.3125,5.5],"rotation":0,"texture":"#4","tintindex":0},"west":{"uv":[3.875,5.5,4.25,5.875],"rotation":0,"texture":"#4","tintindex":0}}},{"name":"botxcd","from":[6.38,0.37999988,7.1],"to":[9.62,4.22,9.74],"rotation":{"angle":0.0,"axis":"x","origin":[8.0,0.19999981,8.9]},"faces":{"down":{"uv":[7.125,2.75,6.75,3.0625],"rotation":0,"texture":"#4","tintindex":0},"east":{"uv":[5.5625,4.8125,5.875,5.25],"rotation":0,"texture":"#4","tintindex":0},"north":{"uv":[4.375,4.5625,4.75,5.0],"rotation":0,"texture":"#4","tintindex":0},"south":{"uv":[1.375,4.625,1.75,5.0625],"rotation":0,"texture":"#4","tintindex":0},"up":{"uv":[7.125,2.6875,6.75,2.375],"rotation":0,"texture":"#4","tintindex":0},"west":{"uv":[5.5625,5.3125,5.875,5.75],"rotation":0,"texture":"#4","tintindex":0}}},{"name":"botxcd","from":[6.08,3.1174998,6.8],"to":[9.92,3.9574997,10.04],"rotation":{"angle":0.0,"axis":"x","origin":[8.0,0.23749971,8.9]},"faces":{"down":{"uv":[4.5,6.75,4.125,7.0625],"rotation":0,"texture":"#4","tintindex":0},"east":{"uv":[8.625,1.0625,8.9375,1.125],"rotation":0,"texture":"#4","tintindex":0},"north":{"uv":[5.6875,8.5625,6.0625,8.625],"rotation":0,"texture":"#4","tintindex":0},"south":{"uv":[7.625,8.5625,8.0,8.625],"rotation":0,"texture":"#4","tintindex":0},"up":{"uv":[7.125,4.1875,6.75,3.875],"rotation":0,"texture":"#4","tintindex":0},"west":{"uv":[8.625,3.625,8.9375,3.6875],"rotation":0,"texture":"#4","tintindex":0}}}],"display":{"head":{"translation":[0.0,-6.4,0.0],"rotation":[0.0,0.0,0.0],"scale":[3.8095,3.8095,3.8095]}}}