{"textures":{"0":"modelengine:entity/wingen1xd","1":"modelengine:entity/woingen2xdd","2":"modelengine:entity/wingen1axd","3":"modelengine:entity/wing2axdan","4":"modelengine:entity/em_blackangel_xd","5":"modelengine:entity/essxd","6":"modelengine:entity/neyes"},"elements":[{"name":"cube","from":[4.94,7.94,6.74],"to":[11.660001,9.26,11.06],"rotation":{"angle":0.0,"axis":"x","origin":[8.0,-4.6000004,8.6]},"faces":{"down":{"uv":[2.9375,0.5,2.25,0.9375],"rotation":0,"texture":"#4","tintindex":0},"east":{"uv":[7.8125,6.3125,8.25,6.4375],"rotation":0,"texture":"#4","tintindex":0},"north":{"uv":[7.1875,1.9375,7.875,2.0625],"rotation":0,"texture":"#4","tintindex":0},"south":{"uv":[7.1875,2.125,7.875,2.25],"rotation":0,"texture":"#4","tintindex":0},"up":{"uv":[2.9375,0.4375,2.25,0.0],"rotation":0,"texture":"#4","tintindex":0},"west":{"uv":[7.8125,7.0625,8.25,7.1875],"rotation":0,"texture":"#4","tintindex":0}}},{"name":"cube","from":[4.3999996,9.2,6.2],"to":[12.2,14.0,11.0],"rotation":{"angle":0.0,"axis":"x","origin":[8.0,-5.200001,8.6]},"faces":{"down":{"uv":[1.6875,0.5625,0.875,1.0625],"rotation":0,"texture":"#4","tintindex":0},"east":{"uv":[2.3125,2.625,2.8125,3.125],"rotation":0,"texture":"#4","tintindex":0},"north":{"uv":[0.0,0.0,0.8125,0.5],"rotation":0,"texture":"#4","tintindex":0},"south":{"uv":[0.0,0.5625,0.8125,1.0625],"rotation":0,"texture":"#4","tintindex":0},"up":{"uv":[1.6875,0.5,0.875,0.0],"rotation":0,"texture":"#4","tintindex":0},"west":{"uv":[2.6875,1.0,3.1875,1.5],"rotation":0,"texture":"#4","tintindex":0}}},{"name":"cube","from":[6.2,9.2,6.1175003],"to":[10.4,11.6,10.9175],"rotation":{"angle":0.0,"axis":"x","origin":[8.0,-5.200001,8.6]},"faces":{"down":{"uv":[0.0,10.0,7.0,14.0],"rotation":0,"texture":"#6","tintindex":0},"east":{"uv":[0.0,10.0,7.0,14.0],"rotation":0,"texture":"#6","tintindex":0},"north":{"uv":[0.0,0.0,7.0,4.0],"rotation":0,"texture":"#6","tintindex":0},"south":{"uv":[0.0,10.0,7.0,14.0],"rotation":0,"texture":"#6","tintindex":0},"up":{"uv":[0.0,10.0,7.0,14.0],"rotation":0,"texture":"#6","tintindex":0},"west":{"uv":[0.0,10.0,7.0,14.0],"rotation":0,"texture":"#6","tintindex":0}}},{"name":"cube","from":[5.0,13.429999,9.530001],"to":[11.6,14.03,11.33],"rotation":{"angle":0.0,"axis":"x","origin":[8.3,-16.27,36.230003]},"faces":{"down":{"uv":[6.5625,0.875,5.875,1.0625],"rotation":0,"texture":"#4","tintindex":0},"east":{"uv":[4.125,0.4375,4.3125,0.5],"rotation":0,"texture":"#4","tintindex":0},"north":{"uv":[8.0,6.9375,8.6875,7.0],"rotation":0,"texture":"#4","tintindex":0},"south":{"uv":[8.0625,6.0625,8.75,6.125],"rotation":0,"texture":"#4","tintindex":0},"up":{"uv":[5.8125,6.0,5.125,5.8125],"rotation":0,"texture":"#4","tintindex":0},"west":{"uv":[3.3125,6.1875,3.5,6.25],"rotation":0,"texture":"#4","tintindex":0}}},{"name":"cube","from":[10.34,10.940001,6.14],"to":[13.46,13.46,11.06],"rotation":{"angle":22.5,"axis":"z","origin":[11.6,13.400001,8.6]},"faces":{"down":{"uv":[5.0,2.9375,4.6875,3.4375],"rotation":0,"texture":"#4","tintindex":0},"east":{"uv":[5.875,1.5625,6.375,1.8125],"rotation":0,"texture":"#4","tintindex":0},"north":{"uv":[4.875,7.25,5.1875,7.5],"rotation":0,"texture":"#4","tintindex":0},"south":{"uv":[1.8125,7.3125,2.125,7.5625],"rotation":0,"texture":"#4","tintindex":0},"up":{"uv":[4.9375,4.4375,4.625,3.9375],"rotation":0,"texture":"#4","tintindex":0},"west":{"uv":[5.875,1.875,6.375,2.125],"rotation":0,"texture":"#4","tintindex":0}}},{"name":"cube","from":[3.1399996,10.940001,6.14],"to":[6.26,13.46,11.06],"rotation":{"angle":-22.5,"axis":"z","origin":[5.0,13.400001,8.6]},"faces":{"down":{"uv":[0.75,4.8125,0.4375,5.3125],"rotation":0,"texture":"#4","tintindex":0},"east":{"uv":[3.0,5.875,3.5,6.125],"rotation":0,"texture":"#4","tintindex":0},"north":{"uv":[2.75,7.3125,3.0625,7.5625],"rotation":0,"texture":"#4","tintindex":0},"south":{"uv":[7.3125,4.875,7.625,5.125],"rotation":0,"texture":"#4","tintindex":0},"up":{"uv":[5.125,0.5,4.8125,0.0],"rotation":0,"texture":"#4","tintindex":0},"west":{"uv":[5.875,3.5,6.375,3.75],"rotation":0,"texture":"#4","tintindex":0}}}],"display":{"head":{"translation":[0.0,-6.4,0.0],"rotation":[0.0,0.0,0.0],"scale":[3.8095,3.8095,3.8095]}}}