{"textures":{"0":"modelengine:entity/kahmar"},"elements":[{"name":"cube","from":[3.1999998,8.0,5.0],"to":[12.8,15.8,11.0],"rotation":{"angle":0.0,"axis":"x","origin":[8.0,-23.2,8.0]},"faces":{"down":{"uv":[4.0,7.0,2.0,8.25],"rotation":0,"texture":"#0","tintindex":0},"east":{"uv":[8.0,0.0,9.25,1.625],"rotation":0,"texture":"#0","tintindex":0},"north":{"uv":[0.0,5.5,2.0,7.125],"rotation":0,"texture":"#0","tintindex":0},"south":{"uv":[6.0,0.0,8.0,1.625],"rotation":0,"texture":"#0","tintindex":0},"up":{"uv":[8.0,7.875,6.0,6.625],"rotation":0,"texture":"#0","tintindex":0},"west":{"uv":[1.25,8.25,2.5,9.875],"rotation":0,"texture":"#0","tintindex":0}}},{"name":"cube","from":[0.19999981,8.0,5.06],"to":[3.1999998,10.4,10.940001],"rotation":{"angle":-45.0,"axis":"z","origin":[3.1999998,8.0,8.0]},"faces":{"down":{"uv":[7.625,12.5,7.0,13.75],"rotation":0,"texture":"#0","tintindex":0},"east":{"uv":[13.5,12.0,14.75,12.5],"rotation":0,"texture":"#0","tintindex":0},"north":{"uv":[12.0,13.75,12.625,14.25],"rotation":0,"texture":"#0","tintindex":0},"south":{"uv":[1.75,13.875,2.375,14.375],"rotation":0,"texture":"#0","tintindex":0},"up":{"uv":[7.0,13.75,6.375,12.5],"rotation":0,"texture":"#0","tintindex":0},"west":{"uv":[13.5,12.5,14.75,13.0],"rotation":0,"texture":"#0","tintindex":0}}},{"name":"cube","from":[1.0999997,10.1,5.0],"to":[3.1999998,13.670001,11.0],"rotation":{"angle":0.0,"axis":"x","origin":[8.0,-23.2,8.0]},"faces":{"down":{"uv":[0.5,13.625,0.0,14.875],"rotation":0,"texture":"#0","tintindex":0},"east":{"uv":[6.5,11.75,7.75,12.5],"rotation":0,"texture":"#0","tintindex":0},"north":{"uv":[2.5,4.0,3.0,4.75],"rotation":0,"texture":"#0","tintindex":0},"south":{"uv":[5.125,11.375,5.625,12.125],"rotation":0,"texture":"#0","tintindex":0},"up":{"uv":[2.5,6.75,2.0,5.5],"rotation":0,"texture":"#0","tintindex":0},"west":{"uv":[11.875,4.625,13.125,5.375],"rotation":0,"texture":"#0","tintindex":0}}},{"name":"cube","from":[0.19999981,13.400001,5.06],"to":[3.1999998,15.8,10.940001],"rotation":{"angle":45.0,"axis":"z","origin":[3.1999998,15.8,8.0]},"faces":{"down":{"uv":[6.375,12.5,5.75,13.75],"rotation":0,"texture":"#0","tintindex":0},"east":{"uv":[13.25,2.625,14.5,3.125],"rotation":0,"texture":"#0","tintindex":0},"north":{"uv":[12.125,9.875,12.75,10.375],"rotation":0,"texture":"#0","tintindex":0},"south":{"uv":[13.75,9.0,14.375,9.5],"rotation":0,"texture":"#0","tintindex":0},"up":{"uv":[5.75,13.75,5.125,12.5],"rotation":0,"texture":"#0","tintindex":0},"west":{"uv":[13.25,11.5,14.5,12.0],"rotation":0,"texture":"#0","tintindex":0}}},{"name":"cube","from":[12.8,8.0,5.06],"to":[15.8,10.4,10.940001],"rotation":{"angle":45.0,"axis":"z","origin":[12.8,8.0,8.0]},"faces":{"down":{"uv":[13.25,11.0,12.625,12.25],"rotation":0,"texture":"#0","tintindex":0},"east":{"uv":[10.125,13.625,11.375,14.125],"rotation":0,"texture":"#0","tintindex":0},"north":{"uv":[13.875,3.625,14.5,4.125],"rotation":0,"texture":"#0","tintindex":0},"south":{"uv":[13.875,9.5,14.5,10.0],"rotation":0,"texture":"#0","tintindex":0},"up":{"uv":[3.0,13.875,2.375,12.625],"rotation":0,"texture":"#0","tintindex":0},"west":{"uv":[0.5,13.75,1.75,14.25],"rotation":0,"texture":"#0","tintindex":0}}},{"name":"cube","from":[12.8,10.1,5.0],"to":[14.900001,13.670001,11.0],"rotation":{"angle":0.0,"axis":"x","origin":[8.0,-23.2,8.0]},"faces":{"down":{"uv":[4.875,13.625,4.375,14.875],"rotation":0,"texture":"#0","tintindex":0},"east":{"uv":[11.875,5.375,13.125,6.125],"rotation":0,"texture":"#0","tintindex":0},"north":{"uv":[3.875,11.75,4.375,12.5],"rotation":0,"texture":"#0","tintindex":0},"south":{"uv":[13.75,8.25,14.25,9.0],"rotation":0,"texture":"#0","tintindex":0},"up":{"uv":[4.375,14.875,3.875,13.625],"rotation":0,"texture":"#0","tintindex":0},"west":{"uv":[12.0,2.5,13.25,3.25],"rotation":0,"texture":"#0","tintindex":0}}},{"name":"cube","from":[12.8,13.400001,5.06],"to":[15.8,15.8,10.940001],"rotation":{"angle":-45.0,"axis":"z","origin":[12.8,15.8,8.0]},"faces":{"down":{"uv":[2.375,12.625,1.75,13.875],"rotation":0,"texture":"#0","tintindex":0},"east":{"uv":[7.625,13.625,8.875,14.125],"rotation":0,"texture":"#0","tintindex":0},"north":{"uv":[2.375,13.875,3.0,14.375],"rotation":0,"texture":"#0","tintindex":0},"south":{"uv":[13.875,3.125,14.5,3.625],"rotation":0,"texture":"#0","tintindex":0},"up":{"uv":[12.625,13.75,12.0,12.5],"rotation":0,"texture":"#0","tintindex":0},"west":{"uv":[8.875,13.625,10.125,14.125],"rotation":0,"texture":"#0","tintindex":0}}}],"display":{"head":{"translation":[0.0,-6.4,0.0],"rotation":[0.0,0.0,0.0],"scale":[3.8095,3.8095,3.8095]}}}