{"textures":{"0":"modelengine:entity/kahnmar"},"elements":[{"name":"cube","from":[6.8,6.8,5.0],"to":[11.6,13.400001,10.4],"rotation":{"angle":0.0,"axis":"x","origin":[1.9999998,8.0,8.0]},"faces":{"down":{"uv":[7.5625,3.3125,7.0625,3.875],"rotation":0,"texture":"#0","tintindex":0},"east":{"uv":[0.75,6.9375,1.3125,7.625],"rotation":0,"texture":"#0","tintindex":0},"north":{"uv":[7.0,3.875,7.5,4.5625],"rotation":0,"texture":"#0","tintindex":0},"south":{"uv":[5.375,7.0,5.875,7.6875],"rotation":0,"texture":"#0","tintindex":0},"up":{"uv":[7.5625,3.3125,7.0625,2.75],"rotation":0,"texture":"#0","tintindex":0},"west":{"uv":[6.875,6.9375,7.4375,7.625],"rotation":0,"texture":"#0","tintindex":0}}}],"display":{"head":{"translation":[0.0,-6.4,0.0],"rotation":[0.0,0.0,0.0],"scale":[3.8095,3.8095,3.8095]}}}