{"textures":{"0":"modelengine:entity/kahnmar"},"elements":[{"name":"cube","from":[6.1191015,2.2980835,6.227346],"to":[11.519102,10.098084,10.427345],"rotation":{"angle":0.0,"axis":"x","origin":[7.9191017,7.6980844,6.227346]},"faces":{"down":{"uv":[7.0625,7.625,6.5,8.0625],"rotation":0,"texture":"#0","tintindex":0},"east":{"uv":[0.0,7.0,0.4375,7.8125],"rotation":0,"texture":"#0","tintindex":0},"north":{"uv":[3.6875,6.4375,4.25,7.25],"rotation":0,"texture":"#0","tintindex":0},"south":{"uv":[4.25,6.4375,4.8125,7.25],"rotation":0,"texture":"#0","tintindex":0},"up":{"uv":[1.3125,8.0625,0.75,7.625],"rotation":0,"texture":"#0","tintindex":0},"west":{"uv":[1.3125,7.0,1.75,7.8125],"rotation":0,"texture":"#0","tintindex":0}}}],"display":{"head":{"translation":[0.0,-6.4,0.0],"rotation":[0.0,0.0,0.0],"scale":[3.8095,3.8095,3.8095]}}}