{"textures":{"0":"modelengine:entity/kahnmar"},"elements":[{"name":"cube","from":[4.9716654,1.8904684,-1.5136981],"to":[10.971666,7.8904686,5.686302],"rotation":{"angle":0.0,"axis":"x","origin":[8.0,7.4,17.0]},"faces":{"down":{"uv":[6.875,6.25,6.25,7.0],"rotation":0,"texture":"#0","tintindex":0},"east":{"uv":[2.1875,6.25,2.9375,6.875],"rotation":0,"texture":"#0","tintindex":0},"north":{"uv":[6.875,0.0,7.5,0.625],"rotation":0,"texture":"#0","tintindex":0},"south":{"uv":[2.1875,6.875,2.8125,7.5],"rotation":0,"texture":"#0","tintindex":0},"up":{"uv":[6.25,7.0,5.625,6.25],"rotation":0,"texture":"#0","tintindex":0},"west":{"uv":[6.25,3.9375,7.0,4.5625],"rotation":0,"texture":"#0","tintindex":0}}},{"name":"cube","from":[5.571666,2.4904685,-6.313699],"to":[10.371666,7.2904687,-1.5136981],"rotation":{"angle":0.0,"axis":"x","origin":[8.0,7.4,17.0]},"faces":{"down":{"uv":[2.6875,7.5,2.1875,8.0],"rotation":0,"texture":"#0","tintindex":0},"east":{"uv":[4.5625,7.4375,5.0625,7.9375],"rotation":0,"texture":"#0","tintindex":0},"north":{"uv":[7.25,4.5625,7.75,5.0625],"rotation":0,"texture":"#0","tintindex":0},"south":{"uv":[7.4375,6.9375,7.9375,7.4375],"rotation":0,"texture":"#0","tintindex":0},"up":{"uv":[8.0,0.5,7.5,0.0],"rotation":0,"texture":"#0","tintindex":0},"west":{"uv":[7.4375,7.4375,7.9375,7.9375],"rotation":0,"texture":"#0","tintindex":0}}}],"display":{"head":{"translation":[0.0,-6.4,0.0],"rotation":[0.0,0.0,0.0],"scale":[3.8095,3.8095,3.8095]}}}