{"textures":{"0":"modelengine:entity/kahnmar"},"elements":[{"name":"cube","from":[4.225849,-1.3747921,1.6044198],"to":[13.22585,5.825208,8.20442],"rotation":{"angle":0.0,"axis":"x","origin":[8.0,3.6814961,8.166458]},"faces":{"down":{"uv":[5.625,3.375,4.6875,4.0625],"rotation":0,"texture":"#0","tintindex":0},"east":{"uv":[4.9375,5.875,5.625,6.625],"rotation":0,"texture":"#0","tintindex":0},"north":{"uv":[0.75,4.25,1.6875,5.0],"rotation":0,"texture":"#0","tintindex":0},"south":{"uv":[1.6875,4.25,2.625,5.0],"rotation":0,"texture":"#0","tintindex":0},"up":{"uv":[5.625,3.375,4.6875,2.6875],"rotation":0,"texture":"#0","tintindex":0},"west":{"uv":[5.9375,1.0,6.625,1.75],"rotation":0,"texture":"#0","tintindex":0}}}],"display":{"head":{"translation":[0.0,-6.4,0.0],"rotation":[0.0,0.0,0.0],"scale":[3.8095,3.8095,3.8095]}}}