{"textures":{"0":"modelengine:entity/kahmar"},"elements":[{"name":"cube","from":[6.6954126,2.004566,5.6],"to":[10.295413,8.604567,10.4],"rotation":{"angle":0.0,"axis":"x","origin":[8.495413,7.4045663,8.0]},"faces":{"down":{"uv":[13.75,7.875,13.0,8.875],"rotation":0,"texture":"#0","tintindex":0},"east":{"uv":[10.25,9.875,11.25,11.0],"rotation":0,"texture":"#0","tintindex":0},"north":{"uv":[1.25,7.125,2.0,8.25],"rotation":0,"texture":"#0","tintindex":0},"south":{"uv":[12.25,0.625,13.0,1.75],"rotation":0,"texture":"#0","tintindex":0},"up":{"uv":[13.75,1.75,13.0,0.75],"rotation":0,"texture":"#0","tintindex":0},"west":{"uv":[10.375,1.375,11.375,2.5],"rotation":0,"texture":"#0","tintindex":0}}},{"name":"cube","from":[6.095413,-2.195434,3.7999997],"to":[10.295413,2.004566,11.0],"rotation":{"angle":0.0,"axis":"x","origin":[8.495413,7.4045663,8.0]},"faces":{"down":{"uv":[3.25,10.125,2.375,11.625],"rotation":0,"texture":"#0","tintindex":0},"east":{"uv":[6.875,9.75,8.375,10.625],"rotation":0,"texture":"#0","tintindex":0},"north":{"uv":[0.625,12.875,1.5,13.75],"rotation":0,"texture":"#0","tintindex":0},"south":{"uv":[3.0,12.875,3.875,13.75],"rotation":0,"texture":"#0","tintindex":0},"up":{"uv":[10.25,11.375,9.375,9.875],"rotation":0,"texture":"#0","tintindex":0},"west":{"uv":[0.875,9.875,2.375,10.75],"rotation":0,"texture":"#0","tintindex":0}}}],"display":{"head":{"translation":[0.0,-6.4,0.0],"rotation":[0.0,0.0,0.0],"scale":[3.8095,3.8095,3.8095]}}}