{"textures":{"0":"modelengine:entity/kahmar"},"elements":[{"name":"cube","from":[3.7999997,3.7999997,5.6],"to":[8.6,8.6,11.0],"rotation":{"angle":0.0,"axis":"x","origin":[15.2,-22.0,8.0]},"faces":{"down":{"uv":[7.875,10.625,6.875,11.75],"rotation":0,"texture":"#0","tintindex":0},"east":{"uv":[10.0,6.625,11.125,7.625],"rotation":0,"texture":"#0","tintindex":0},"north":{"uv":[11.5,3.625,12.5,4.625],"rotation":0,"texture":"#0","tintindex":0},"south":{"uv":[2.0,11.625,3.0,12.625],"rotation":0,"texture":"#0","tintindex":0},"up":{"uv":[11.5,5.125,10.5,4.0],"rotation":0,"texture":"#0","tintindex":0},"west":{"uv":[4.5,10.375,5.625,11.375],"rotation":0,"texture":"#0","tintindex":0}}},{"name":"cube","from":[4.3999996,-3.4000006,6.2],"to":[7.4,3.7999997,10.4],"rotation":{"angle":0.0,"axis":"x","origin":[15.2,-22.0,8.0]},"faces":{"down":{"uv":[3.625,13.75,3.0,14.625],"rotation":0,"texture":"#0","tintindex":0},"east":{"uv":[8.5,9.5,9.375,11.0],"rotation":0,"texture":"#0","tintindex":0},"north":{"uv":[12.0,11.0,12.625,12.5],"rotation":0,"texture":"#0","tintindex":0},"south":{"uv":[0.0,12.125,0.625,13.625],"rotation":0,"texture":"#0","tintindex":0},"up":{"uv":[12.0,14.5,11.375,13.625],"rotation":0,"texture":"#0","tintindex":0},"west":{"uv":[6.0,9.75,6.875,11.25],"rotation":0,"texture":"#0","tintindex":0}}}],"display":{"head":{"translation":[0.0,-6.4,0.0],"rotation":[0.0,0.0,0.0],"scale":[3.8095,3.8095,3.8095]}}}