{"textures":{"0":"modelengine:entity/kahnmar"},"elements":[{"name":"cube","from":[4.387155,0.1126194,-3.0254593],"to":[12.187156,6.71262,5.9745407],"rotation":{"angle":0.0,"axis":"x","origin":[8.0,7.4,8.0]},"faces":{"down":{"uv":[4.6875,3.625,3.875,4.5625],"rotation":0,"texture":"#0","tintindex":0},"east":{"uv":[4.8125,0.0,5.75,0.6875],"rotation":0,"texture":"#0","tintindex":0},"north":{"uv":[5.4375,4.0625,6.25,4.75],"rotation":0,"texture":"#0","tintindex":0},"south":{"uv":[5.625,2.5625,6.4375,3.25],"rotation":0,"texture":"#0","tintindex":0},"up":{"uv":[4.6875,3.625,3.875,2.6875],"rotation":0,"texture":"#0","tintindex":0},"west":{"uv":[4.8125,1.875,5.75,2.5625],"rotation":0,"texture":"#0","tintindex":0}}}],"display":{"head":{"translation":[0.0,-6.4,0.0],"rotation":[0.0,0.0,0.0],"scale":[3.8095,3.8095,3.8095]}}}