{"textures":{"0":"modelengine:entity/kahnmar"},"elements":[{"name":"cube","from":[2.6,3.7999997,6.2],"to":[6.2,9.8,9.2],"rotation":{"angle":-22.5,"axis":"z","origin":[2.6,3.7999997,7.4]},"faces":{"down":{"uv":[4.875,7.9375,4.5,8.25],"rotation":0,"texture":"#0","tintindex":0},"east":{"uv":[4.1875,7.75,4.5,8.375],"rotation":0,"texture":"#0","tintindex":0},"north":{"uv":[5.0625,7.6875,5.4375,8.3125],"rotation":0,"texture":"#0","tintindex":0},"south":{"uv":[5.4375,7.6875,5.8125,8.3125],"rotation":0,"texture":"#0","tintindex":0},"up":{"uv":[3.4375,8.25,3.0625,7.9375],"rotation":0,"texture":"#0","tintindex":0},"west":{"uv":[7.75,4.375,8.0625,5.0],"rotation":0,"texture":"#0","tintindex":0}}}],"display":{"head":{"translation":[0.0,-6.4,0.0],"rotation":[0.0,0.0,0.0],"scale":[3.8095,3.8095,3.8095]}}}