{"textures":{"0":"modelengine:entity/kahnmar"},"elements":[{"name":"cube","from":[8.0,6.2,6.8],"to":[14.6,8.0,9.8],"rotation":{"angle":0.0,"axis":"x","origin":[10.4,17.6,15.2]},"faces":{"down":{"uv":[8.4375,1.8125,7.75,2.125],"rotation":0,"texture":"#0","tintindex":0},"east":{"uv":[3.5625,4.125,3.875,4.3125],"rotation":0,"texture":"#0","tintindex":0},"north":{"uv":[5.75,2.375,6.4375,2.5625],"rotation":0,"texture":"#0","tintindex":0},"south":{"uv":[0.0,7.9375,0.6875,8.125],"rotation":0,"texture":"#0","tintindex":0},"up":{"uv":[8.1875,6.875,7.5,6.5625],"rotation":0,"texture":"#0","tintindex":0},"west":{"uv":[3.5625,4.3125,3.875,4.5],"rotation":0,"texture":"#0","tintindex":0}}}],"display":{"head":{"translation":[0.0,-6.4,0.0],"rotation":[0.0,0.0,0.0],"scale":[3.8095,3.8095,3.8095]}}}