{"textures":{"0":"modelengine:entity/kahmar"},"elements":[{"name":"cube","from":[7.4,-0.40000033,5.0],"to":[11.6,8.6,11.0],"rotation":{"angle":0.0,"axis":"x","origin":[13.400001,-9.400001,8.0]},"faces":{"down":{"uv":[8.75,11.0,7.875,12.25],"rotation":0,"texture":"#0","tintindex":0},"east":{"uv":[0.0,7.125,1.25,9.0],"rotation":0,"texture":"#0","tintindex":0},"north":{"uv":[2.5,8.25,3.375,10.125],"rotation":0,"texture":"#0","tintindex":0},"south":{"uv":[8.5,4.625,9.375,6.5],"rotation":0,"texture":"#0","tintindex":0},"up":{"uv":[0.875,12.125,0.0,10.875],"rotation":0,"texture":"#0","tintindex":0},"west":{"uv":[7.875,2.75,9.125,4.625],"rotation":0,"texture":"#0","tintindex":0}}}],"display":{"head":{"translation":[0.0,-6.4,0.0],"rotation":[0.0,0.0,0.0],"scale":[3.8095,3.8095,3.8095]}}}