{"textures":{"0":"modelengine:entity/kahmar"},"elements":[{"name":"cube","from":[6.8785143,-2.8017135,4.3999996],"to":[11.078515,1.3982866,8.6],"rotation":{"angle":0.0,"axis":"x","origin":[18.278515,-9.401714,6.8]},"faces":{"down":{"uv":[11.875,12.75,11.0,13.625],"rotation":0,"texture":"#0","tintindex":0},"east":{"uv":[3.875,12.75,4.75,13.625],"rotation":0,"texture":"#0","tintindex":0},"north":{"uv":[12.625,12.25,13.5,13.125],"rotation":0,"texture":"#0","tintindex":0},"south":{"uv":[8.375,12.75,9.25,13.625],"rotation":0,"texture":"#0","tintindex":0},"up":{"uv":[11.0,13.625,10.125,12.75],"rotation":0,"texture":"#0","tintindex":0},"west":{"uv":[9.25,12.75,10.125,13.625],"rotation":0,"texture":"#0","tintindex":0}}},{"name":"cube","from":[6.8785143,1.3982866,4.3999996],"to":[10.478516,7.9982867,8.6],"rotation":{"angle":0.0,"axis":"x","origin":[18.278515,-9.401714,6.8]},"faces":{"down":{"uv":[14.125,13.125,13.375,14.0],"rotation":0,"texture":"#0","tintindex":0},"east":{"uv":[10.125,2.625,11.0,4.0],"rotation":0,"texture":"#0","tintindex":0},"north":{"uv":[8.75,11.375,9.5,12.75],"rotation":0,"texture":"#0","tintindex":0},"south":{"uv":[9.5,11.375,10.25,12.75],"rotation":0,"texture":"#0","tintindex":0},"up":{"uv":[14.0,11.5,13.25,10.625],"rotation":0,"texture":"#0","tintindex":0},"west":{"uv":[10.25,0.0,11.125,1.375],"rotation":0,"texture":"#0","tintindex":0}}}],"display":{"head":{"translation":[0.0,-6.4,0.0],"rotation":[0.0,0.0,0.0],"scale":[3.8095,3.8095,3.8095]}}}