{"textures":{"0":"modelengine:entity/kahmar"},"elements":[{"name":"cube","from":[3.1999998,5.6,5.6],"to":[12.8,9.2,10.4],"rotation":{"angle":0.0,"axis":"x","origin":[8.0,-13.600001,8.0]},"faces":{"down":{"uv":[10.375,1.625,8.375,2.625],"rotation":0,"texture":"#0","tintindex":0},"east":{"uv":[12.875,9.875,13.875,10.625],"rotation":0,"texture":"#0","tintindex":0},"north":{"uv":[9.375,7.625,11.375,8.375],"rotation":0,"texture":"#0","tintindex":0},"south":{"uv":[9.375,8.375,11.375,9.125],"rotation":0,"texture":"#0","tintindex":0},"up":{"uv":[10.0,7.625,8.0,6.625],"rotation":0,"texture":"#0","tintindex":0},"west":{"uv":[13.0,0.0,14.0,0.75],"rotation":0,"texture":"#0","tintindex":0}}},{"name":"cube","from":[1.9999998,0.7999997,4.3999996],"to":[14.0,5.6,11.6],"rotation":{"angle":0.0,"axis":"x","origin":[8.0,-13.600001,8.0]},"faces":{"down":{"uv":[2.5,4.0,0.0,5.5],"rotation":0,"texture":"#0","tintindex":0},"east":{"uv":[4.5,9.375,6.0,10.375],"rotation":0,"texture":"#0","tintindex":0},"north":{"uv":[6.0,4.625,8.5,5.625],"rotation":0,"texture":"#0","tintindex":0},"south":{"uv":[6.0,5.625,8.5,6.625],"rotation":0,"texture":"#0","tintindex":0},"up":{"uv":[5.5,5.0,3.0,3.5],"rotation":0,"texture":"#0","tintindex":0},"west":{"uv":[9.375,5.625,10.875,6.625],"rotation":0,"texture":"#0","tintindex":0}}}],"display":{"head":{"translation":[0.0,-6.4,0.0],"rotation":[0.0,0.0,0.0],"scale":[3.8095,3.8095,3.8095]}}}