{"textures":{"0":"modelengine:entity/kahnmar"},"elements":[{"name":"cube","from":[4.3999996,3.7999997,3.1999998],"to":[11.6,9.2,12.2],"rotation":{"angle":0.0,"axis":"x","origin":[8.0,-15.400001,8.0]},"faces":{"down":{"uv":[0.75,4.25,0.0,5.1875],"rotation":0,"texture":"#0","tintindex":0},"east":{"uv":[2.125,0.9375,3.0625,1.5],"rotation":0,"texture":"#0","tintindex":0},"north":{"uv":[6.5,4.5625,7.25,5.125],"rotation":0,"texture":"#0","tintindex":0},"south":{"uv":[6.75,5.125,7.5,5.6875],"rotation":0,"texture":"#0","tintindex":0},"up":{"uv":[3.5625,5.0625,2.8125,4.125],"rotation":0,"texture":"#0","tintindex":0},"west":{"uv":[4.0,5.875,4.9375,6.4375],"rotation":0,"texture":"#0","tintindex":0}}}],"display":{"head":{"translation":[0.0,-6.4,0.0],"rotation":[0.0,0.0,0.0],"scale":[3.8095,3.8095,3.8095]}}}