{"textures":{"0":"modelengine:entity/kahnmar"},"elements":[{"name":"cube","from":[3.1999998,8.0,9.2],"to":[12.2,17.0,12.2],"rotation":{"angle":22.5,"axis":"x","origin":[8.0,8.0,12.8]},"faces":{"down":{"uv":[8.0,2.4375,7.0625,2.75],"rotation":0,"texture":"#0","tintindex":0},"east":{"uv":[5.875,7.0,6.1875,7.9375],"rotation":0,"texture":"#0","tintindex":0},"north":{"uv":[0.9375,3.3125,1.875,4.25],"rotation":0,"texture":"#0","tintindex":0},"south":{"uv":[1.875,3.3125,2.8125,4.25],"rotation":0,"texture":"#0","tintindex":0},"up":{"uv":[8.0,2.4375,7.0625,2.125],"rotation":0,"texture":"#0","tintindex":0},"west":{"uv":[6.1875,7.0,6.5,7.9375],"rotation":0,"texture":"#0","tintindex":0}}},{"name":"cube","from":[3.1999998,8.0,3.1999998],"to":[12.2,17.0,12.2],"rotation":{"angle":0.0,"axis":"x","origin":[8.0,-15.400001,8.0]},"faces":{"down":{"uv":[4.0,0.0,3.0625,0.9375],"rotation":0,"texture":"#0","tintindex":0},"east":{"uv":[0.0,2.375,0.9375,3.3125],"rotation":0,"texture":"#0","tintindex":0},"north":{"uv":[2.125,0.0,3.0625,0.9375],"rotation":0,"texture":"#0","tintindex":0},"south":{"uv":[0.9375,2.375,1.875,3.3125],"rotation":0,"texture":"#0","tintindex":0},"up":{"uv":[3.75,3.3125,2.8125,2.375],"rotation":0,"texture":"#0","tintindex":0},"west":{"uv":[1.875,2.375,2.8125,3.3125],"rotation":0,"texture":"#0","tintindex":0}}},{"name":"cube","from":[3.1999998,8.0,3.1999998],"to":[12.2,17.0,6.2],"rotation":{"angle":-22.5,"axis":"x","origin":[8.0,8.0,2.6]},"faces":{"down":{"uv":[7.8125,0.625,6.875,0.9375],"rotation":0,"texture":"#0","tintindex":0},"east":{"uv":[0.4375,7.0,0.75,7.9375],"rotation":0,"texture":"#0","tintindex":0},"north":{"uv":[3.125,0.9375,4.0625,1.875],"rotation":0,"texture":"#0","tintindex":0},"south":{"uv":[0.0,3.3125,0.9375,4.25],"rotation":0,"texture":"#0","tintindex":0},"up":{"uv":[7.75,2.125,6.8125,1.8125],"rotation":0,"texture":"#0","tintindex":0},"west":{"uv":[3.25,7.0,3.5625,7.9375],"rotation":0,"texture":"#0","tintindex":0}}}],"display":{"head":{"translation":[0.0,-6.4,0.0],"rotation":[0.0,0.0,0.0],"scale":[3.8095,3.8095,3.8095]}}}