{"textures":{"0":"modelengine:entity/kahnmar"},"elements":[{"name":"cube","from":[4.9716654,1.5707296,10.461805],"to":[10.971666,7.5707297,17.661804],"rotation":{"angle":0.0,"axis":"x","origin":[8.0,7.2814965,-25.433544]},"faces":{"down":{"uv":[7.0625,3.125,6.4375,3.875],"rotation":0,"texture":"#0","tintindex":0},"east":{"uv":[0.0,6.375,0.75,7.0],"rotation":0,"texture":"#0","tintindex":0},"north":{"uv":[6.875,5.6875,7.5,6.3125],"rotation":0,"texture":"#0","tintindex":0},"south":{"uv":[6.875,6.3125,7.5,6.9375],"rotation":0,"texture":"#0","tintindex":0},"up":{"uv":[7.0625,3.125,6.4375,2.375],"rotation":0,"texture":"#0","tintindex":0},"west":{"uv":[2.9375,6.375,3.6875,7.0],"rotation":0,"texture":"#0","tintindex":0}}},{"name":"cube","from":[5.571666,2.1707296,17.661804],"to":[10.371666,6.97073,22.461807],"rotation":{"angle":0.0,"axis":"x","origin":[8.0,7.2814965,-25.433544]},"faces":{"down":{"uv":[8.0625,3.25,7.5625,3.75],"rotation":0,"texture":"#0","tintindex":0},"east":{"uv":[7.5,5.0625,8.0,5.5625],"rotation":0,"texture":"#0","tintindex":0},"north":{"uv":[7.5,3.875,8.0,4.375],"rotation":0,"texture":"#0","tintindex":0},"south":{"uv":[7.5,5.5625,8.0,6.0625],"rotation":0,"texture":"#0","tintindex":0},"up":{"uv":[8.0625,3.25,7.5625,2.75],"rotation":0,"texture":"#0","tintindex":0},"west":{"uv":[7.5,6.0625,8.0,6.5625],"rotation":0,"texture":"#0","tintindex":0}}}],"display":{"head":{"translation":[0.0,-6.4,0.0],"rotation":[0.0,0.0,0.0],"scale":[3.8095,3.8095,3.8095]}}}