{"textures":{"0":"modelengine:entity/kahnmar"},"elements":[{"name":"cube","from":[4.387155,-0.0058841705,10.191917],"to":[12.187156,6.594116,19.191917],"rotation":{"angle":0.0,"axis":"x","origin":[8.0,7.2814965,-16.433544]},"faces":{"down":{"uv":[4.875,0.9375,4.0625,1.875],"rotation":0,"texture":"#0","tintindex":0},"east":{"uv":[1.6875,5.0,2.625,5.6875],"rotation":0,"texture":"#0","tintindex":0},"north":{"uv":[5.625,3.25,6.4375,3.9375],"rotation":0,"texture":"#0","tintindex":0},"south":{"uv":[0.0,5.6875,0.8125,6.375],"rotation":0,"texture":"#0","tintindex":0},"up":{"uv":[4.8125,0.9375,4.0,0.0],"rotation":0,"texture":"#0","tintindex":0},"west":{"uv":[2.625,5.0625,3.5625,5.75],"rotation":0,"texture":"#0","tintindex":0}}}],"display":{"head":{"translation":[0.0,-6.4,0.0],"rotation":[0.0,0.0,0.0],"scale":[3.8095,3.8095,3.8095]}}}