{"textures":{"0":"modelengine:entity/kahmar"},"elements":[{"name":"cube","from":[5.6,1.9999998,4.3999996],"to":[8.6,8.6,9.8],"rotation":{"angle":0.0,"axis":"x","origin":[16.400002,-12.400001,6.8]},"faces":{"down":{"uv":[13.75,6.5,13.125,7.625],"rotation":0,"texture":"#0","tintindex":0},"east":{"uv":[3.375,9.375,4.5,10.75],"rotation":0,"texture":"#0","tintindex":0},"north":{"uv":[7.75,12.25,8.375,13.625],"rotation":0,"texture":"#0","tintindex":0},"south":{"uv":[12.5,3.25,13.125,4.625],"rotation":0,"texture":"#0","tintindex":0},"up":{"uv":[13.75,6.5,13.125,5.375],"rotation":0,"texture":"#0","tintindex":0},"west":{"uv":[9.375,4.25,10.5,5.625],"rotation":0,"texture":"#0","tintindex":0}}},{"name":"cube","from":[5.0,-5.200001,1.3999997],"to":[9.8,0.19999981,12.8],"rotation":{"angle":0.0,"axis":"x","origin":[16.400002,-12.400001,6.8]},"faces":{"down":{"uv":[6.0,7.0,5.0,9.375],"rotation":0,"texture":"#0","tintindex":0},"east":{"uv":[5.5,3.5,7.875,4.625],"rotation":0,"texture":"#0","tintindex":0},"north":{"uv":[10.875,5.125,11.875,6.25],"rotation":0,"texture":"#0","tintindex":0},"south":{"uv":[11.0,2.5,12.0,3.625],"rotation":0,"texture":"#0","tintindex":0},"up":{"uv":[5.0,9.375,4.0,7.0],"rotation":0,"texture":"#0","tintindex":0},"west":{"uv":[6.0,1.625,8.375,2.75],"rotation":0,"texture":"#0","tintindex":0}}},{"name":"cube","from":[5.6,0.19999981,3.7999997],"to":[9.2,1.9999998,10.4],"rotation":{"angle":0.0,"axis":"x","origin":[16.400002,-12.400001,6.8]},"faces":{"down":{"uv":[12.125,7.5,11.375,8.875],"rotation":0,"texture":"#0","tintindex":0},"east":{"uv":[13.75,1.375,15.125,1.75],"rotation":0,"texture":"#0","tintindex":0},"north":{"uv":[13.875,10.0,14.625,10.375],"rotation":0,"texture":"#0","tintindex":0},"south":{"uv":[14.0,0.0,14.75,0.375],"rotation":0,"texture":"#0","tintindex":0},"up":{"uv":[5.125,12.75,4.375,11.375],"rotation":0,"texture":"#0","tintindex":0},"west":{"uv":[13.75,6.25,15.125,6.625],"rotation":0,"texture":"#0","tintindex":0}}}],"display":{"head":{"translation":[0.0,-6.4,0.0],"rotation":[0.0,0.0,0.0],"scale":[3.8095,3.8095,3.8095]}}}