{"textures":{"0":"modelengine:entity/kahnmar"},"elements":[{"name":"cube","from":[8.0,6.2,6.2],"to":[14.0,8.0,9.2],"rotation":{"angle":0.0,"axis":"x","origin":[10.4,17.150002,9.8]},"faces":{"down":{"uv":[1.9375,7.8125,1.3125,8.125],"rotation":0,"texture":"#0","tintindex":0},"east":{"uv":[5.0625,7.4375,5.375,7.625],"rotation":0,"texture":"#0","tintindex":0},"north":{"uv":[5.8125,7.9375,6.4375,8.125],"rotation":0,"texture":"#0","tintindex":0},"south":{"uv":[7.9375,6.875,8.5625,7.0625],"rotation":0,"texture":"#0","tintindex":0},"up":{"uv":[8.4375,0.8125,7.8125,0.5],"rotation":0,"texture":"#0","tintindex":0},"west":{"uv":[7.9375,7.0625,8.25,7.25],"rotation":0,"texture":"#0","tintindex":0}}}],"display":{"head":{"translation":[0.0,-6.4,0.0],"rotation":[0.0,0.0,0.0],"scale":[3.8095,3.8095,3.8095]}}}