{"textures":{"0":"modelengine:entity/kahmar"},"elements":[{"name":"cube","from":[7.4,3.7999997,5.6],"to":[11.6,8.6,11.0],"rotation":{"angle":0.0,"axis":"x","origin":[18.8,-22.0,8.0]},"faces":{"down":{"uv":[12.0,11.625,11.125,12.75],"rotation":0,"texture":"#0","tintindex":0},"east":{"uv":[0.875,10.75,2.0,11.75],"rotation":0,"texture":"#0","tintindex":0},"north":{"uv":[12.125,7.875,13.0,8.875],"rotation":0,"texture":"#0","tintindex":0},"south":{"uv":[12.125,8.875,13.0,9.875],"rotation":0,"texture":"#0","tintindex":0},"up":{"uv":[11.125,12.75,10.25,11.625],"rotation":0,"texture":"#0","tintindex":0},"west":{"uv":[3.25,10.75,4.375,11.75],"rotation":0,"texture":"#0","tintindex":0}}},{"name":"cube","from":[8.0,-1.6000004,6.2],"to":[11.0,3.7999997,10.4],"rotation":{"angle":0.0,"axis":"x","origin":[18.8,-22.0,8.0]},"faces":{"down":{"uv":[6.75,13.75,6.125,14.625],"rotation":0,"texture":"#0","tintindex":0},"east":{"uv":[0.875,11.75,1.75,12.875],"rotation":0,"texture":"#0","tintindex":0},"north":{"uv":[3.375,8.25,4.0,9.375],"rotation":0,"texture":"#0","tintindex":0},"south":{"uv":[13.125,4.25,13.75,5.375],"rotation":0,"texture":"#0","tintindex":0},"up":{"uv":[14.375,6.25,13.75,5.375],"rotation":0,"texture":"#0","tintindex":0},"west":{"uv":[3.0,11.75,3.875,12.875],"rotation":0,"texture":"#0","tintindex":0}}}],"display":{"head":{"translation":[0.0,-6.4,0.0],"rotation":[0.0,0.0,0.0],"scale":[3.8095,3.8095,3.8095]}}}