{"textures":{"0":"modelengine:entity/kahmar"},"elements":[{"name":"cube","from":[4.3999996,-0.40000033,5.0],"to":[8.6,8.6,11.0],"rotation":{"angle":0.0,"axis":"x","origin":[10.4,-9.400001,8.0]},"faces":{"down":{"uv":[6.5,11.25,5.625,12.5],"rotation":0,"texture":"#0","tintindex":0},"east":{"uv":[6.0,7.875,7.25,9.75],"rotation":0,"texture":"#0","tintindex":0},"north":{"uv":[8.5,7.625,9.375,9.5],"rotation":0,"texture":"#0","tintindex":0},"south":{"uv":[0.0,9.0,0.875,10.875],"rotation":0,"texture":"#0","tintindex":0},"up":{"uv":[12.0,7.5,11.125,6.25],"rotation":0,"texture":"#0","tintindex":0},"west":{"uv":[7.25,7.875,8.5,9.75],"rotation":0,"texture":"#0","tintindex":0}}}],"display":{"head":{"translation":[0.0,-6.4,0.0],"rotation":[0.0,0.0,0.0],"scale":[3.8095,3.8095,3.8095]}}}