{"textures":{"0":"modelengine:entity/kahmar"},"elements":[{"name":"cube","from":[6.2,4.3999996,5.6],"to":[9.8,8.6,10.4],"rotation":{"angle":0.0,"axis":"x","origin":[8.6,8.6,8.0]},"faces":{"down":{"uv":[13.875,3.25,13.125,4.25],"rotation":0,"texture":"#0","tintindex":0},"east":{"uv":[12.0,6.125,13.0,7.0],"rotation":0,"texture":"#0","tintindex":0},"north":{"uv":[12.625,13.125,13.375,14.0],"rotation":0,"texture":"#0","tintindex":0},"south":{"uv":[13.25,1.75,14.0,2.625],"rotation":0,"texture":"#0","tintindex":0},"up":{"uv":[13.75,9.875,13.0,8.875],"rotation":0,"texture":"#0","tintindex":0},"west":{"uv":[12.125,7.0,13.125,7.875],"rotation":0,"texture":"#0","tintindex":0}}},{"name":"cube","from":[5.6,-1.0000005,3.1999998],"to":[10.4,1.9999998,11.0],"rotation":{"angle":0.0,"axis":"x","origin":[8.6,2.6,8.0]},"faces":{"down":{"uv":[10.25,0.0,9.25,1.625],"rotation":0,"texture":"#0","tintindex":0},"east":{"uv":[11.25,10.375,12.875,11.0],"rotation":0,"texture":"#0","tintindex":0},"north":{"uv":[13.75,0.75,14.75,1.375],"rotation":0,"texture":"#0","tintindex":0},"south":{"uv":[13.75,4.25,14.75,4.875],"rotation":0,"texture":"#0","tintindex":0},"up":{"uv":[10.125,4.25,9.125,2.625],"rotation":0,"texture":"#0","tintindex":0},"west":{"uv":[11.375,1.875,13.0,2.5],"rotation":0,"texture":"#0","tintindex":0}}},{"name":"cube","from":[6.2,1.9999998,4.3999996],"to":[10.4,4.3999996,10.4],"rotation":{"angle":0.0,"axis":"x","origin":[8.6,8.6,8.0]},"faces":{"down":{"uv":[12.25,0.625,11.375,1.875],"rotation":0,"texture":"#0","tintindex":0},"east":{"uv":[4.875,13.75,6.125,14.25],"rotation":0,"texture":"#0","tintindex":0},"north":{"uv":[13.75,7.25,14.625,7.75],"rotation":0,"texture":"#0","tintindex":0},"south":{"uv":[13.75,7.75,14.625,8.25],"rotation":0,"texture":"#0","tintindex":0},"up":{"uv":[12.125,10.375,11.25,9.125],"rotation":0,"texture":"#0","tintindex":0},"west":{"uv":[13.75,4.875,15.0,5.375],"rotation":0,"texture":"#0","tintindex":0}}}],"display":{"head":{"translation":[0.0,-6.4,0.0],"rotation":[0.0,0.0,0.0],"scale":[3.8095,3.8095,3.8095]}}}