{"textures":{"0":"modelengine:entity/kahnmar"},"elements":[{"name":"cube","from":[6.0921354,2.1974447,6.1635385],"to":[11.492136,9.997445,10.363539],"rotation":{"angle":0.0,"axis":"x","origin":[7.8921356,7.597445,1.3635383]},"faces":{"down":{"uv":[8.25,1.375,7.6875,1.8125],"rotation":0,"texture":"#0","tintindex":0},"east":{"uv":[1.75,7.0,2.1875,7.8125],"rotation":0,"texture":"#0","tintindex":0},"north":{"uv":[6.625,1.0,7.1875,1.8125],"rotation":0,"texture":"#0","tintindex":0},"south":{"uv":[4.8125,6.625,5.375,7.4375],"rotation":0,"texture":"#0","tintindex":0},"up":{"uv":[8.25,1.375,7.6875,0.9375],"rotation":0,"texture":"#0","tintindex":0},"west":{"uv":[2.8125,7.0,3.25,7.8125],"rotation":0,"texture":"#0","tintindex":0}}}],"display":{"head":{"translation":[0.0,-6.4,0.0],"rotation":[0.0,0.0,0.0],"scale":[3.8095,3.8095,3.8095]}}}