{"textures":{"0":"modelengine:entity/kahnmar"},"elements":[{"name":"cube","from":[2.155073,3.679333,6.9014482],"to":[5.7550726,9.679333,9.901449],"rotation":{"angle":-22.5,"axis":"z","origin":[2.155073,3.679333,8.701448]},"faces":{"down":{"uv":[3.0625,7.8125,2.6875,8.125],"rotation":0,"texture":"#0","tintindex":0},"east":{"uv":[3.5625,7.75,3.875,8.375],"rotation":0,"texture":"#0","tintindex":0},"north":{"uv":[6.5,7.0,6.875,7.625],"rotation":0,"texture":"#0","tintindex":0},"south":{"uv":[7.0625,7.625,7.4375,8.25],"rotation":0,"texture":"#0","tintindex":0},"up":{"uv":[7.5625,1.75,7.1875,1.4375],"rotation":0,"texture":"#0","tintindex":0},"west":{"uv":[3.875,7.75,4.1875,8.375],"rotation":0,"texture":"#0","tintindex":0}}}],"display":{"head":{"translation":[0.0,-6.4,0.0],"rotation":[0.0,0.0,0.0],"scale":[3.8095,3.8095,3.8095]}}}