{"textures":{"0":"modelengine:entity/kahnmar"},"elements":[{"name":"cube","from":[4.225849,-1.3747921,8.128496],"to":[13.22585,5.825208,14.728496],"rotation":{"angle":0.0,"axis":"x","origin":[8.0,3.6814961,-5.633542]},"faces":{"down":{"uv":[1.6875,5.0,0.75,5.6875],"rotation":0,"texture":"#0","tintindex":0},"east":{"uv":[0.8125,6.1875,1.5,6.9375],"rotation":0,"texture":"#0","tintindex":0},"north":{"uv":[3.5625,4.5625,4.5,5.3125],"rotation":0,"texture":"#0","tintindex":0},"south":{"uv":[4.5,4.5625,5.4375,5.3125],"rotation":0,"texture":"#0","tintindex":0},"up":{"uv":[5.8125,1.375,4.875,0.6875],"rotation":0,"texture":"#0","tintindex":0},"west":{"uv":[1.5,6.25,2.1875,7.0],"rotation":0,"texture":"#0","tintindex":0}}}],"display":{"head":{"translation":[0.0,-6.4,0.0],"rotation":[0.0,0.0,0.0],"scale":[3.8095,3.8095,3.8095]}}}