{"textures":{"0":"modelengine:entity/kahmar"},"elements":[{"name":"cube","from":[3.7999997,17.6,6.2],"to":[12.2,20.600002,9.8],"rotation":{"angle":0.0,"axis":"x","origin":[8.0,-13.600001,8.0]},"faces":{"down":{"uv":[11.125,9.125,9.375,9.875],"rotation":0,"texture":"#0","tintindex":0},"east":{"uv":[13.75,6.625,14.5,7.25],"rotation":0,"texture":"#0","tintindex":0},"north":{"uv":[10.25,11.0,12.0,11.625],"rotation":0,"texture":"#0","tintindex":0},"south":{"uv":[11.125,0.0,12.875,0.625],"rotation":0,"texture":"#0","tintindex":0},"up":{"uv":[7.75,3.5,6.0,2.75],"rotation":0,"texture":"#0","tintindex":0},"west":{"uv":[6.75,13.75,7.5,14.375],"rotation":0,"texture":"#0","tintindex":0}}},{"name":"cube","from":[0.7999997,8.0,3.7999997],"to":[15.2,17.6,12.2],"rotation":{"angle":0.0,"axis":"x","origin":[8.0,-13.600001,8.0]},"faces":{"down":{"uv":[6.0,1.75,3.0,3.5],"rotation":0,"texture":"#0","tintindex":0},"east":{"uv":[2.5,5.0,4.25,7.0],"rotation":0,"texture":"#0","tintindex":0},"north":{"uv":[0.0,0.0,3.0,2.0],"rotation":0,"texture":"#0","tintindex":0},"south":{"uv":[0.0,2.0,3.0,4.0],"rotation":0,"texture":"#0","tintindex":0},"up":{"uv":[6.0,1.75,3.0,0.0],"rotation":0,"texture":"#0","tintindex":0},"west":{"uv":[4.25,5.0,6.0,7.0],"rotation":0,"texture":"#0","tintindex":0}}}],"display":{"head":{"translation":[0.0,-6.4,0.0],"rotation":[0.0,0.0,0.0],"scale":[3.8095,3.8095,3.8095]}}}