{"textures":{"0":"modelengine:entity/kahnmar"},"elements":[{"name":"cube","from":[3.8211656,12.281779,5.0],"to":[14.021166,17.08178,10.4],"rotation":{"angle":0.0,"axis":"x","origin":[8.6,-23.800003,8.0]},"faces":{"down":{"uv":[5.6875,5.3125,4.625,5.875],"rotation":0,"texture":"#0","tintindex":0},"east":{"uv":[3.125,1.875,3.6875,2.375],"rotation":0,"texture":"#0","tintindex":0},"north":{"uv":[4.875,1.375,5.9375,1.875],"rotation":0,"texture":"#0","tintindex":0},"south":{"uv":[5.4375,4.75,6.5,5.25],"rotation":0,"texture":"#0","tintindex":0},"up":{"uv":[4.625,5.875,3.5625,5.3125],"rotation":0,"texture":"#0","tintindex":0},"west":{"uv":[4.6875,4.0625,5.25,4.5625],"rotation":0,"texture":"#0","tintindex":0}}},{"name":"cube","from":[3.8811653,12.458243,-0.6871457],"to":[13.961165,17.258244,4.112855],"rotation":{"angle":-22.5,"axis":"x","origin":[8.6,19.400002,5.0]},"faces":{"down":{"uv":[2.9375,5.75,1.875,6.25],"rotation":0,"texture":"#0","tintindex":0},"east":{"uv":[0.0,5.1875,0.5,5.6875],"rotation":0,"texture":"#0","tintindex":0},"north":{"uv":[0.8125,5.6875,1.875,6.1875],"rotation":0,"texture":"#0","tintindex":0},"south":{"uv":[5.6875,5.25,6.75,5.75],"rotation":0,"texture":"#0","tintindex":0},"up":{"uv":[6.8125,0.5,5.75,0.0],"rotation":0,"texture":"#0","tintindex":0},"west":{"uv":[7.1875,0.9375,7.6875,1.4375],"rotation":0,"texture":"#0","tintindex":0}}},{"name":"cube","from":[3.8811653,12.458243,11.287145],"to":[13.961165,17.258244,16.087147],"rotation":{"angle":22.5,"axis":"x","origin":[8.6,19.400002,10.4]},"faces":{"down":{"uv":[4.0,5.875,2.9375,6.375],"rotation":0,"texture":"#0","tintindex":0},"east":{"uv":[3.5625,7.25,4.0625,7.75],"rotation":0,"texture":"#0","tintindex":0},"north":{"uv":[5.75,1.875,6.8125,2.375],"rotation":0,"texture":"#0","tintindex":0},"south":{"uv":[5.6875,5.75,6.75,6.25],"rotation":0,"texture":"#0","tintindex":0},"up":{"uv":[6.875,1.0,5.8125,0.5],"rotation":0,"texture":"#0","tintindex":0},"west":{"uv":[4.0625,7.25,4.5625,7.75],"rotation":0,"texture":"#0","tintindex":0}}},{"name":"cube","from":[3.8211656,4.481779,0.19999981],"to":[14.021166,12.281779,15.2],"rotation":{"angle":0.0,"axis":"x","origin":[8.6,-23.800003,8.0]},"faces":{"down":{"uv":[2.125,0.0,1.0625,1.5625],"rotation":0,"texture":"#0","tintindex":0},"east":{"uv":[0.0,1.5625,1.5625,2.375],"rotation":0,"texture":"#0","tintindex":0},"north":{"uv":[2.8125,3.3125,3.875,4.125],"rotation":0,"texture":"#0","tintindex":0},"south":{"uv":[3.75,1.875,4.8125,2.6875],"rotation":0,"texture":"#0","tintindex":0},"up":{"uv":[1.0625,1.5625,0.0,0.0],"rotation":0,"texture":"#0","tintindex":0},"west":{"uv":[1.5625,1.5625,3.125,2.375],"rotation":0,"texture":"#0","tintindex":0}}}],"display":{"head":{"translation":[0.0,-6.4,0.0],"rotation":[0.0,0.0,0.0],"scale":[3.8095,3.8095,3.8095]}}}