{"textures":{"0":"modelengine:entity/khanmar"},"elements":[{"name":"chest","from":[-1.2047963,4.647785,2.5822306],"to":[17.215204,16.347786,14.282231],"rotation":{"angle":-22.5,"axis":"x","origin":[8.305203,11.952785,8.042231]},"faces":{"down":{"uv":[1.9375,3.875,0.96875,4.5],"rotation":0,"texture":"#0","tintindex":0},"east":{"uv":[5.5,2.0625,6.125,2.6875],"rotation":0,"texture":"#0","tintindex":0},"north":{"uv":[3.625,0.75,4.59375,1.375],"rotation":0,"texture":"#0","tintindex":0},"south":{"uv":[3.625,1.375,4.59375,2.0],"rotation":0,"texture":"#0","tintindex":0},"up":{"uv":[0.96875,4.375,0.0,3.75],"rotation":0,"texture":"#0","tintindex":0},"west":{"uv":[2.625,5.5625,3.25,6.1875],"rotation":0,"texture":"#0","tintindex":0}}},{"name":"chest_ridge","from":[-3.604796,9.297785,8.582231],"to":[19.615204,11.697785,16.682232],"rotation":{"angle":-22.5,"axis":"x","origin":[8.305203,11.952785,8.042231]},"faces":{"down":{"uv":[5.8125,0.75,4.59375,1.1875],"rotation":0,"texture":"#0","tintindex":0},"east":{"uv":[0.96875,3.75,1.40625,3.875],"rotation":0,"texture":"#0","tintindex":0},"north":{"uv":[3.625,2.0625,4.84375,2.1875],"rotation":0,"texture":"#0","tintindex":0},"south":{"uv":[3.625,2.1875,4.84375,2.3125],"rotation":0,"texture":"#0","tintindex":0},"up":{"uv":[1.21875,4.9375,0.0,4.5],"rotation":0,"texture":"#0","tintindex":0},"west":{"uv":[6.78125,0.40625,7.21875,0.53125],"rotation":0,"texture":"#0","tintindex":0}}},{"name":"chest_ridge","from":[-3.604796,5.247785,8.582231],"to":[19.615204,7.647785,16.682232],"rotation":{"angle":-22.5,"axis":"x","origin":[8.305203,11.952785,8.042231]},"faces":{"down":{"uv":[5.8125,1.625,4.59375,2.0625],"rotation":0,"texture":"#0","tintindex":0},"east":{"uv":[6.8125,3.0,7.25,3.125],"rotation":0,"texture":"#0","tintindex":0},"north":{"uv":[6.71875,1.9375,7.9375,2.0625],"rotation":0,"texture":"#0","tintindex":0},"south":{"uv":[6.75,6.21875,7.96875,6.34375],"rotation":0,"texture":"#0","tintindex":0},"up":{"uv":[5.8125,1.625,4.59375,1.1875],"rotation":0,"texture":"#0","tintindex":0},"west":{"uv":[6.8125,5.84375,7.25,5.96875],"rotation":0,"texture":"#0","tintindex":0}}},{"name":"chest_ridge","from":[-3.604796,13.347785,8.582231],"to":[19.615204,15.747786,16.682232],"rotation":{"angle":-22.5,"axis":"x","origin":[8.305203,11.952785,8.042231]},"faces":{"down":{"uv":[5.1875,4.625,3.96875,5.0625],"rotation":0,"texture":"#0","tintindex":0},"east":{"uv":[7.125,6.875,7.5625,7.0],"rotation":0,"texture":"#0","tintindex":0},"north":{"uv":[6.75,6.34375,7.96875,6.46875],"rotation":0,"texture":"#0","tintindex":0},"south":{"uv":[6.75,6.46875,7.96875,6.59375],"rotation":0,"texture":"#0","tintindex":0},"up":{"uv":[3.96875,5.0625,2.75,4.625],"rotation":0,"texture":"#0","tintindex":0},"west":{"uv":[7.15625,0.28125,7.59375,0.40625],"rotation":0,"texture":"#0","tintindex":0}}},{"name":"chest_left","from":[-2.4047956,3.447785,1.3822305],"to":[-0.0047962666,17.547787,15.482231],"rotation":{"angle":-22.5,"axis":"x","origin":[8.305203,11.952785,8.042231]},"faces":{"down":{"uv":[3.84375,7.0625,3.71875,7.8125],"rotation":0,"texture":"#0","tintindex":0},"east":{"uv":[2.75,3.875,3.5,4.625],"rotation":0,"texture":"#0","tintindex":0},"north":{"uv":[4.0625,6.65625,4.1875,7.40625],"rotation":0,"texture":"#0","tintindex":0},"south":{"uv":[2.15625,6.8125,2.28125,7.5625],"rotation":0,"texture":"#0","tintindex":0},"up":{"uv":[3.71875,7.8125,3.59375,7.0625],"rotation":0,"texture":"#0","tintindex":0},"west":{"uv":[3.5,3.875,4.25,4.625],"rotation":0,"texture":"#0","tintindex":0}}},{"name":"chest_right","from":[16.002714,3.447785,1.3822305],"to":[18.402716,17.547787,15.482231],"rotation":{"angle":-22.5,"axis":"x","origin":[7.6927147,11.952785,8.042231]},"faces":{"down":{"uv":[0.6875,7.09375,0.5625,7.84375],"rotation":0,"texture":"#0","tintindex":0},"east":{"uv":[4.0,0.0,4.75,0.75],"rotation":0,"texture":"#0","tintindex":0},"north":{"uv":[3.84375,7.0625,3.96875,7.8125],"rotation":0,"texture":"#0","tintindex":0},"south":{"uv":[0.3125,7.09375,0.4375,7.84375],"rotation":0,"texture":"#0","tintindex":0},"up":{"uv":[0.5625,7.84375,0.4375,7.09375],"rotation":0,"texture":"#0","tintindex":0},"west":{"uv":[4.25,3.875,5.0,4.625],"rotation":0,"texture":"#0","tintindex":0}}},{"name":"abs","from":[2.1552033,2.547785,3.242231],"to":[15.055203,15.447785,11.642231],"rotation":{"angle":45.0,"axis":"z","origin":[8.005203,8.397785,8.042231]},"faces":{"down":{"uv":[5.21875,5.5625,4.53125,6.0],"rotation":0,"texture":"#0","tintindex":0},"east":{"uv":[3.65625,5.5625,4.09375,6.25],"rotation":0,"texture":"#0","tintindex":0},"north":{"uv":[4.75,0.0,5.4375,0.6875],"rotation":0,"texture":"#0","tintindex":0},"south":{"uv":[4.875,2.90625,5.5625,3.59375],"rotation":0,"texture":"#0","tintindex":0},"up":{"uv":[5.875,5.03125,5.1875,4.59375],"rotation":0,"texture":"#0","tintindex":0},"west":{"uv":[4.09375,5.5625,4.53125,6.25],"rotation":0,"texture":"#0","tintindex":0}}},{"name":"belly","from":[1.998959,-3.9888816,4.1888437],"to":[13.998959,12.18112,11.988844],"rotation":{"angle":22.5,"axis":"x","origin":[7.998959,1.7111188,7.788844]},"faces":{"down":{"uv":[4.28125,6.25,3.65625,6.65625],"rotation":0,"texture":"#0","tintindex":0},"east":{"uv":[5.5625,2.6875,5.96875,3.53125],"rotation":0,"texture":"#0","tintindex":0},"north":{"uv":[1.21875,4.5,1.84375,5.34375],"rotation":0,"texture":"#0","tintindex":0},"south":{"uv":[4.875,2.0625,5.5,2.90625],"rotation":0,"texture":"#0","tintindex":0},"up":{"uv":[3.03125,6.59375,2.40625,6.1875],"rotation":0,"texture":"#0","tintindex":0},"west":{"uv":[3.25,5.5625,3.65625,6.40625],"rotation":0,"texture":"#0","tintindex":0}}},{"name":"spine","from":[6.9489594,-6.988881,7.488844],"to":[9.04896,20.071117,14.988844],"rotation":{"angle":22.5,"axis":"x","origin":[7.998959,1.7111188,7.788844]},"faces":{"down":{"uv":[7.28125,4.46875,7.15625,4.875],"rotation":0,"texture":"#0","tintindex":0},"east":{"uv":[1.9375,3.875,2.34375,5.28125],"rotation":0,"texture":"#0","tintindex":0},"north":{"uv":[5.09375,6.0,5.21875,7.40625],"rotation":0,"texture":"#0","tintindex":0},"south":{"uv":[4.28125,6.25,4.40625,7.65625],"rotation":0,"texture":"#0","tintindex":0},"up":{"uv":[4.53125,6.65625,4.40625,6.25],"rotation":0,"texture":"#0","tintindex":0},"west":{"uv":[2.34375,3.875,2.75,5.28125],"rotation":0,"texture":"#0","tintindex":0}}},{"name":"belly_bottom","from":[0.7989588,-5.7888813,2.9888437],"to":[15.198958,-3.9888816,13.188844],"rotation":{"angle":22.5,"axis":"x","origin":[7.998959,1.7111188,7.788844]},"faces":{"down":{"uv":[6.1875,0.0,5.4375,0.53125],"rotation":0,"texture":"#0","tintindex":0},"east":{"uv":[6.78125,0.53125,7.3125,0.625],"rotation":0,"texture":"#0","tintindex":0},"north":{"uv":[0.0,4.375,0.75,4.46875],"rotation":0,"texture":"#0","tintindex":0},"south":{"uv":[6.71875,2.0625,7.46875,2.15625],"rotation":0,"texture":"#0","tintindex":0},"up":{"uv":[2.625,5.8125,1.875,5.28125],"rotation":0,"texture":"#0","tintindex":0},"west":{"uv":[7.15625,4.875,7.6875,4.96875],"rotation":0,"texture":"#0","tintindex":0}}}],"display":{"head":{"translation":[0.0,-6.4,0.0],"rotation":[0.0,0.0,0.0],"scale":[3.8095,3.8095,3.8095]}}}