{"textures":{"0":"modelengine:entity/kahnmar"},"elements":[{"name":"cube","from":[3.1999998,-5.8,5.6],"to":[12.8,4.3999996,12.2],"rotation":{"angle":0.0,"axis":"x","origin":[8.0,6.2,8.0]},"faces":{"down":{"uv":[2.5625,9.5625,1.5625,10.25],"rotation":0,"texture":"#0","tintindex":0},"east":{"uv":[3.5625,9.5,4.25,10.5625],"rotation":0,"texture":"#0","tintindex":0},"north":{"uv":[6.625,4.9375,7.625,6.0],"rotation":0,"texture":"#0","tintindex":0},"south":{"uv":[2.75,6.875,3.75,7.9375],"rotation":0,"texture":"#0","tintindex":0},"up":{"uv":[3.75,1.8125,2.75,1.125],"rotation":0,"texture":"#0","tintindex":0},"west":{"uv":[4.25,9.5,4.9375,10.5625],"rotation":0,"texture":"#0","tintindex":0}}},{"name":"cube","from":[1.9999998,-11.200001,5.0],"to":[14.0,-4.6000004,12.8],"rotation":{"angle":0.0,"axis":"x","origin":[8.0,6.2,8.0]},"faces":{"down":{"uv":[3.5625,7.9375,2.3125,8.75],"rotation":0,"texture":"#0","tintindex":0},"east":{"uv":[9.9375,1.5,10.75,2.1875],"rotation":0,"texture":"#0","tintindex":0},"north":{"uv":[6.3125,3.6875,7.5625,4.375],"rotation":0,"texture":"#0","tintindex":0},"south":{"uv":[7.25,9.125,8.5,9.8125],"rotation":0,"texture":"#0","tintindex":0},"up":{"uv":[8.875,5.75,7.625,4.9375],"rotation":0,"texture":"#0","tintindex":0},"west":{"uv":[10.0625,3.3125,10.875,4.0],"rotation":0,"texture":"#0","tintindex":0}}}],"display":{"head":{"translation":[0.0,-6.4,0.0],"rotation":[0.0,0.0,0.0],"scale":[3.8095,3.8095,3.8095]}}}