{"textures":{"0":"modelengine:entity/khanmar"},"elements":[{"name":"head","from":[4.19,-0.10963392,3.8880947],"to":[11.81,7.3903666,11.388095],"rotation":{"angle":-22.5,"axis":"x","origin":[8.0,3.3403661,4.638095]},"faces":{"down":{"uv":[6.1875,6.78125,5.78125,7.15625],"rotation":0,"texture":"#0","tintindex":0},"east":{"uv":[6.75,6.59375,7.125,7.0],"rotation":0,"texture":"#0","tintindex":0},"north":{"uv":[6.46875,5.0625,6.875,5.46875],"rotation":0,"texture":"#0","tintindex":0},"south":{"uv":[2.59375,6.59375,3.0,7.0],"rotation":0,"texture":"#0","tintindex":0},"up":{"uv":[7.1875,3.5625,6.78125,3.1875],"rotation":0,"texture":"#0","tintindex":0},"west":{"uv":[6.78125,0.0,7.15625,0.40625],"rotation":0,"texture":"#0","tintindex":0}}}],"display":{"head":{"translation":[0.0,-6.4,0.0],"rotation":[0.0,0.0,0.0],"scale":[3.8095,3.8095,3.8095]}}}