{"textures":{"0":"modelengine:entity/kahnmar"},"elements":[{"name":"cube","from":[5.0,3.7999997,4.3999996],"to":[11.0,11.0,10.4],"rotation":{"angle":0.0,"axis":"x","origin":[8.0,8.0,7.1]},"faces":{"down":{"uv":[1.0625,0.5,0.4375,1.125],"rotation":0,"texture":"#0","tintindex":0},"east":{"uv":[7.8125,9.8125,8.4375,10.5625],"rotation":0,"texture":"#0","tintindex":0},"north":{"uv":[7.25,8.25,7.875,9.0],"rotation":0,"texture":"#0","tintindex":0},"south":{"uv":[10.0625,6.4375,10.6875,7.1875],"rotation":0,"texture":"#0","tintindex":0},"up":{"uv":[8.1875,4.3125,7.5625,3.6875],"rotation":0,"texture":"#0","tintindex":0},"west":{"uv":[10.0625,7.1875,10.6875,7.9375],"rotation":0,"texture":"#0","tintindex":0}}}],"display":{"head":{"translation":[0.0,-6.4,0.0],"rotation":[0.0,0.0,0.0],"scale":[3.8095,3.8095,3.8095]}}}