{"textures":{"0":"modelengine:entity/khanmar"},"elements":[{"name":"l_upperarm","from":[0.17000008,0.7999997,3.7999997],"to":[18.77,11.6,12.8],"rotation":{"angle":45.0,"axis":"z","origin":[4.3999996,5.6,8.0]},"faces":{"down":{"uv":[6.0,4.375,4.0625,5.3125],"rotation":0,"texture":"#0","tintindex":0},"east":{"uv":[1.375,7.0,2.3125,8.125],"rotation":0,"texture":"#0","tintindex":0},"north":{"uv":[0.0,1.875,1.9375,3.0],"rotation":0,"texture":"#0","tintindex":0},"south":{"uv":[1.9375,1.875,3.875,3.0],"rotation":0,"texture":"#0","tintindex":0},"up":{"uv":[1.9375,5.0625,0.0,4.125],"rotation":0,"texture":"#0","tintindex":0},"west":{"uv":[7.0,6.0,7.9375,7.125],"rotation":0,"texture":"#0","tintindex":0}}}],"display":{"head":{"translation":[0.0,-6.4,0.0],"rotation":[0.0,0.0,0.0],"scale":[3.8095,3.8095,3.8095]}}}