{"textures":{"0":"modelengine:entity/khanmar"},"elements":[{"name":"l_upperarm","from":[-8.200001,3.35,3.35],"to":[9.8,12.650001,12.65],"rotation":{"angle":0.0,"axis":"x","origin":[7.4,8.0,8.0]},"faces":{"down":{"uv":[3.6875,5.0625,2.75,5.5625],"rotation":0,"texture":"#0","tintindex":0},"east":{"uv":[5.96875,6.28125,6.46875,6.78125],"rotation":0,"texture":"#0","tintindex":0},"north":{"uv":[0.0,4.9375,0.9375,5.4375],"rotation":0,"texture":"#0","tintindex":0},"south":{"uv":[5.0,3.59375,5.9375,4.09375],"rotation":0,"texture":"#0","tintindex":0},"up":{"uv":[5.9375,4.59375,5.0,4.09375],"rotation":0,"texture":"#0","tintindex":0},"west":{"uv":[1.8125,6.3125,2.3125,6.8125],"rotation":0,"texture":"#0","tintindex":0}}}],"display":{"head":{"translation":[0.0,-6.4,0.0],"rotation":[0.0,0.0,0.0],"scale":[3.8095,3.8095,3.8095]}}}