{"textures":{"0":"modelengine:entity/khanmar"},"elements":[{"name":"cube","from":[-0.9031944,4.251721,3.7999997],"to":[17.696806,15.051722,12.8],"rotation":{"angle":-45.0,"axis":"z","origin":[8.396807,9.651722,8.3]},"faces":{"down":{"uv":[3.875,4.875,1.9375,5.8125],"rotation":0,"texture":"#0","tintindex":0},"east":{"uv":[7.0,7.125,7.9375,8.25],"rotation":0,"texture":"#0","tintindex":0},"north":{"uv":[2.75,0.0,4.6875,1.125],"rotation":0,"texture":"#0","tintindex":0},"south":{"uv":[0.0,3.0,1.9375,4.125],"rotation":0,"texture":"#0","tintindex":0},"up":{"uv":[6.625,0.9375,4.6875,0.0],"rotation":0,"texture":"#0","tintindex":0},"west":{"uv":[0.0,7.3125,0.9375,8.4375],"rotation":0,"texture":"#0","tintindex":0}}}],"display":{"head":{"translation":[0.0,-6.4,0.0],"rotation":[0.0,0.0,0.0],"scale":[3.8095,3.8095,3.8095]}}}