{"textures":{"0":"modelengine:entity/khanmar"},"elements":[{"name":"l_slammer","from":[15.995109,2.6242442,3.728733],"to":[18.99511,12.824245,11.528734],"rotation":{"angle":0.0,"axis":"x","origin":[2.8251085,7.7242455,7.328733]},"faces":{"down":{"uv":[1.25,7.3125,0.9375,8.125],"rotation":0,"texture":"#0","tintindex":0},"east":{"uv":[5.0625,8.3125,5.875,9.375],"rotation":0,"texture":"#0","tintindex":0},"north":{"uv":[6.125,9.625,6.4375,10.6875],"rotation":0,"texture":"#0","tintindex":0},"south":{"uv":[2.1875,10.25,2.5,11.3125],"rotation":0,"texture":"#0","tintindex":0},"up":{"uv":[2.625,7.8125,2.3125,7.0],"rotation":0,"texture":"#0","tintindex":0},"west":{"uv":[8.375,1.5,9.1875,2.5625],"rotation":0,"texture":"#0","tintindex":0}}},{"name":"l_lowerarm","from":[-5.6048937,3.8242452,4.9287333],"to":[15.995109,11.624246,10.328733],"rotation":{"angle":0.0,"axis":"x","origin":[2.8251085,7.7242455,7.328733]},"faces":{"down":{"uv":[8.375,2.0,6.125,2.5625],"rotation":0,"texture":"#0","tintindex":0},"east":{"uv":[10.0625,7.9375,10.625,8.75],"rotation":0,"texture":"#0","tintindex":0},"north":{"uv":[3.875,1.125,6.125,1.9375],"rotation":0,"texture":"#0","tintindex":0},"south":{"uv":[3.875,1.9375,6.125,2.75],"rotation":0,"texture":"#0","tintindex":0},"up":{"uv":[8.25,4.9375,6.0,4.375],"rotation":0,"texture":"#0","tintindex":0},"west":{"uv":[10.0625,8.75,10.625,9.5625],"rotation":0,"texture":"#0","tintindex":0}}},{"name":"l_fist","from":[-13.944894,2.6242442,3.728733],"to":[-3.7448921,12.824245,11.528734],"rotation":{"angle":0.0,"axis":"x","origin":[-4.9748917,7.7242455,7.628733]},"faces":{"down":{"uv":[9.8125,5.75,8.75,6.5625],"rotation":0,"texture":"#0","tintindex":0},"east":{"uv":[0.0,8.4375,0.8125,9.5],"rotation":0,"texture":"#0","tintindex":0},"north":{"uv":[2.75,5.8125,3.8125,6.875],"rotation":0,"texture":"#0","tintindex":0},"south":{"uv":[3.8125,6.5,4.875,7.5625],"rotation":0,"texture":"#0","tintindex":0},"up":{"uv":[2.8125,9.5625,1.75,8.75],"rotation":0,"texture":"#0","tintindex":0},"west":{"uv":[8.5625,2.5625,9.375,3.625],"rotation":0,"texture":"#0","tintindex":0}}}],"display":{"head":{"translation":[0.0,-6.4,0.0],"rotation":[0.0,0.0,0.0],"scale":[3.8095,3.8095,3.8095]}}}