{"textures":{"0":"modelengine:entity/khanmar"},"elements":[{"name":"cube","from":[-0.055108547,3.8242452,4.9287333],"to":[21.544891,11.624246,10.328733],"rotation":{"angle":0.0,"axis":"x","origin":[13.174891,7.7242455,7.328733]},"faces":{"down":{"uv":[8.5625,3.125,6.3125,3.6875],"rotation":0,"texture":"#0","tintindex":0},"east":{"uv":[10.0625,9.5625,10.625,10.375],"rotation":0,"texture":"#0","tintindex":0},"north":{"uv":[4.0625,2.75,6.3125,3.5625],"rotation":0,"texture":"#0","tintindex":0},"south":{"uv":[4.0625,3.5625,6.3125,4.375],"rotation":0,"texture":"#0","tintindex":0},"up":{"uv":[8.5625,3.125,6.3125,2.5625],"rotation":0,"texture":"#0","tintindex":0},"west":{"uv":[10.125,2.1875,10.6875,3.0],"rotation":0,"texture":"#0","tintindex":0}}},{"name":"cube","from":[-3.0551076,2.6242442,3.728733],"to":[-0.055108547,12.824245,11.528734],"rotation":{"angle":0.0,"axis":"x","origin":[13.174891,7.7242455,7.328733]},"faces":{"down":{"uv":[10.375,10.375,10.0625,11.1875],"rotation":0,"texture":"#0","tintindex":0},"east":{"uv":[8.75,6.5625,9.5625,7.625],"rotation":0,"texture":"#0","tintindex":0},"north":{"uv":[0.5625,10.375,0.875,11.4375],"rotation":0,"texture":"#0","tintindex":0},"south":{"uv":[0.875,10.375,1.1875,11.4375],"rotation":0,"texture":"#0","tintindex":0},"up":{"uv":[1.5,11.1875,1.1875,10.375],"rotation":0,"texture":"#0","tintindex":0},"west":{"uv":[8.75,7.625,9.5625,8.6875],"rotation":0,"texture":"#0","tintindex":0}}},{"name":"cube","from":[19.744892,2.6242442,3.728733],"to":[29.944893,12.824245,11.528734],"rotation":{"angle":0.0,"axis":"x","origin":[20.974892,7.7242455,7.628733]},"faces":{"down":{"uv":[10.0625,3.625,9.0,4.4375],"rotation":0,"texture":"#0","tintindex":0},"east":{"uv":[8.75,8.6875,9.5625,9.75],"rotation":0,"texture":"#0","tintindex":0},"north":{"uv":[4.875,6.5,5.9375,7.5625],"rotation":0,"texture":"#0","tintindex":0},"south":{"uv":[5.9375,6.5,7.0,7.5625],"rotation":0,"texture":"#0","tintindex":0},"up":{"uv":[9.9375,5.6875,8.875,4.875],"rotation":0,"texture":"#0","tintindex":0},"west":{"uv":[8.875,0.0,9.6875,1.0625],"rotation":0,"texture":"#0","tintindex":0}}}],"display":{"head":{"translation":[0.0,-6.4,0.0],"rotation":[0.0,0.0,0.0],"scale":[3.8095,3.8095,3.8095]}}}