{"textures":{"0":"modelengine:entity/khanmar"},"elements":[{"name":"l_forearm_top","from":[18.800001,3.35,2.4300756],"to":[20.600002,12.650001,12.330076],"rotation":{"angle":0.0,"axis":"x","origin":[6.8000007,8.0,7.0800757]},"faces":{"down":{"uv":[5.3125,7.15625,5.21875,7.6875],"rotation":0,"texture":"#0","tintindex":0},"east":{"uv":[5.8125,1.28125,6.34375,1.78125],"rotation":0,"texture":"#0","tintindex":0},"north":{"uv":[5.875,7.15625,5.96875,7.65625],"rotation":0,"texture":"#0","tintindex":0},"south":{"uv":[5.96875,7.15625,6.0625,7.65625],"rotation":0,"texture":"#0","tintindex":0},"up":{"uv":[1.9375,5.03125,1.84375,4.5],"rotation":0,"texture":"#0","tintindex":0},"west":{"uv":[1.875,5.8125,2.40625,6.3125],"rotation":0,"texture":"#0","tintindex":0}}},{"name":"l_forearm_mid","from":[-12.400002,4.5499997,3.6300757],"to":[18.800001,11.45,11.130075],"rotation":{"angle":0.0,"axis":"x","origin":[3.2000003,8.0,7.380076]},"faces":{"down":{"uv":[3.25,2.75,1.625,3.125],"rotation":0,"texture":"#0","tintindex":0},"east":{"uv":[6.875,5.03125,7.25,5.40625],"rotation":0,"texture":"#0","tintindex":0},"north":{"uv":[0.0,2.25,1.625,2.625],"rotation":0,"texture":"#0","tintindex":0},"south":{"uv":[1.625,2.375,3.25,2.75],"rotation":0,"texture":"#0","tintindex":0},"up":{"uv":[1.625,3.0,0.0,2.625],"rotation":0,"texture":"#0","tintindex":0},"west":{"uv":[4.40625,6.90625,4.78125,7.28125],"rotation":0,"texture":"#0","tintindex":0}}},{"name":"l_forearm_mid_2d","from":[-12.400002,4.3999996,3.4800756],"to":[18.800001,11.6,11.280076],"rotation":{"angle":0.0,"axis":"x","origin":[3.2000003,8.0,7.380076]},"faces":{"down":{"uv":[3.625,1.15625,2.0,1.5625],"rotation":0,"texture":"#0","tintindex":0},"east":{"uv":[1.75,6.8125,2.15625,7.1875],"rotation":0,"texture":"#0","tintindex":0},"north":{"uv":[0.0,3.0,1.625,3.375],"rotation":0,"texture":"#0","tintindex":0},"south":{"uv":[1.625,3.125,3.25,3.5],"rotation":0,"texture":"#0","tintindex":0},"up":{"uv":[3.625,1.15625,2.0,0.75],"rotation":0,"texture":"#0","tintindex":0},"west":{"uv":[6.8125,2.625,7.21875,3.0],"rotation":0,"texture":"#0","tintindex":0}}},{"name":"l_forearm_ridge","from":[-16.0,5.1499996,7.230076],"to":[22.400002,6.95,14.130076],"rotation":{"angle":0.0,"axis":"x","origin":[3.2000003,8.0,7.380076]},"faces":{"down":{"uv":[2.0,0.375,0.0,0.75],"rotation":0,"texture":"#0","tintindex":0},"east":{"uv":[1.625,2.25,2.0,2.34375],"rotation":0,"texture":"#0","tintindex":0},"north":{"uv":[6.3125,6.03125,8.3125,6.125],"rotation":0,"texture":"#0","tintindex":0},"south":{"uv":[6.3125,6.125,8.3125,6.21875],"rotation":0,"texture":"#0","tintindex":0},"up":{"uv":[2.0,0.375,0.0,0.0],"rotation":0,"texture":"#0","tintindex":0},"west":{"uv":[5.4375,0.53125,5.8125,0.625],"rotation":0,"texture":"#0","tintindex":0}}},{"name":"l_forearm_ridge","from":[-16.0,9.05,7.230076],"to":[22.400002,10.85,14.130076],"rotation":{"angle":0.0,"axis":"x","origin":[3.2000003,8.0,7.380076]},"faces":{"down":{"uv":[2.0,1.125,0.0,1.5],"rotation":0,"texture":"#0","tintindex":0},"east":{"uv":[5.4375,0.625,5.8125,0.71875],"rotation":0,"texture":"#0","tintindex":0},"north":{"uv":[6.40625,2.15625,8.40625,2.25],"rotation":0,"texture":"#0","tintindex":0},"south":{"uv":[6.40625,2.25,8.40625,2.34375],"rotation":0,"texture":"#0","tintindex":0},"up":{"uv":[2.0,1.125,0.0,0.75],"rotation":0,"texture":"#0","tintindex":0},"west":{"uv":[6.78125,3.5625,7.15625,3.65625],"rotation":0,"texture":"#0","tintindex":0}}},{"name":"l_forearm_bot","from":[-14.200001,3.35,2.4300756],"to":[-12.400002,12.650001,12.330076],"rotation":{"angle":0.0,"axis":"x","origin":[6.8000007,8.0,7.0800757]},"faces":{"down":{"uv":[5.5,7.15625,5.40625,7.6875],"rotation":0,"texture":"#0","tintindex":0},"east":{"uv":[0.9375,5.84375,1.46875,6.34375],"rotation":0,"texture":"#0","tintindex":0},"north":{"uv":[6.0625,7.15625,6.15625,7.65625],"rotation":0,"texture":"#0","tintindex":0},"south":{"uv":[1.75,7.1875,1.84375,7.6875],"rotation":0,"texture":"#0","tintindex":0},"up":{"uv":[5.40625,7.6875,5.3125,7.15625],"rotation":0,"texture":"#0","tintindex":0},"west":{"uv":[0.0,5.9375,0.53125,6.4375],"rotation":0,"texture":"#0","tintindex":0}}}],"display":{"head":{"translation":[-19.612375,-6.4,0.0],"rotation":[0.0,0.0,0.0],"scale":[3.8095,3.8095,3.8095]}}}