{"textures":{"0":"modelengine:entity/khanmar"},"elements":[{"name":"l_shin_top","from":[4.098959,10.042767,4.232981],"to":[11.898959,11.842767,12.032982],"rotation":{"angle":0.0,"axis":"x","origin":[7.998959,10.642767,8.132981]},"faces":{"down":{"uv":[7.0625,1.125,6.65625,1.53125],"rotation":0,"texture":"#0","tintindex":0},"east":{"uv":[7.1875,3.125,7.59375,3.21875],"rotation":0,"texture":"#0","tintindex":0},"north":{"uv":[5.96875,3.4375,6.375,3.53125],"rotation":0,"texture":"#0","tintindex":0},"south":{"uv":[7.1875,3.21875,7.59375,3.3125],"rotation":0,"texture":"#0","tintindex":0},"up":{"uv":[7.0625,1.125,6.65625,0.71875],"rotation":0,"texture":"#0","tintindex":0},"west":{"uv":[7.1875,3.3125,7.59375,3.40625],"rotation":0,"texture":"#0","tintindex":0}}},{"name":"l_shin_mid","from":[5.298959,-1.6572332,5.432981],"to":[10.698959,10.042767,10.832981],"rotation":{"angle":0.0,"axis":"x","origin":[7.998959,4.192767,8.132981]},"faces":{"down":{"uv":[6.09375,1.78125,5.8125,2.0625],"rotation":0,"texture":"#0","tintindex":0},"east":{"uv":[6.46875,3.8125,6.75,4.4375],"rotation":0,"texture":"#0","tintindex":0},"north":{"uv":[1.1875,6.34375,1.46875,6.96875],"rotation":0,"texture":"#0","tintindex":0},"south":{"uv":[6.46875,4.4375,6.75,5.0625],"rotation":0,"texture":"#0","tintindex":0},"up":{"uv":[1.21875,5.21875,0.9375,4.9375],"rotation":0,"texture":"#0","tintindex":0},"west":{"uv":[6.46875,6.21875,6.75,6.84375],"rotation":0,"texture":"#0","tintindex":0}}},{"name":"l_shin_mid_2d","from":[5.148959,-1.6572332,5.282981],"to":[10.848959,10.042767,10.982982],"rotation":{"angle":0.0,"axis":"x","origin":[7.998959,4.192767,8.132981]},"faces":{"down":{"uv":[3.59375,7.03125,3.28125,7.34375],"rotation":0,"texture":"#0","tintindex":0},"east":{"uv":[6.34375,0.90625,6.65625,1.53125],"rotation":0,"texture":"#0","tintindex":0},"north":{"uv":[0.875,6.34375,1.1875,6.96875],"rotation":0,"texture":"#0","tintindex":0},"south":{"uv":[6.40625,1.53125,6.71875,2.15625],"rotation":0,"texture":"#0","tintindex":0},"up":{"uv":[5.09375,7.21875,4.78125,6.90625],"rotation":0,"texture":"#0","tintindex":0},"west":{"uv":[3.03125,6.40625,3.34375,7.03125],"rotation":0,"texture":"#0","tintindex":0}}},{"name":"l_shin_ridge","from":[7.098959,-3.4572334,3.0329814],"to":[8.898959,13.642767,8.4329815],"rotation":{"angle":0.0,"axis":"x","origin":[7.998959,4.192767,8.132981]},"faces":{"down":{"uv":[2.71875,5.28125,2.625,5.5625],"rotation":0,"texture":"#0","tintindex":0},"east":{"uv":[4.53125,6.0,4.8125,6.90625],"rotation":0,"texture":"#0","tintindex":0},"north":{"uv":[4.1875,6.65625,4.28125,7.5625],"rotation":0,"texture":"#0","tintindex":0},"south":{"uv":[3.96875,7.0625,4.0625,7.96875],"rotation":0,"texture":"#0","tintindex":0},"up":{"uv":[4.96875,3.875,4.875,3.59375],"rotation":0,"texture":"#0","tintindex":0},"west":{"uv":[4.8125,6.0,5.09375,6.90625],"rotation":0,"texture":"#0","tintindex":0}}},{"name":"l_shin_bot","from":[4.098959,-3.4572334,4.232981],"to":[11.898959,-1.6572332,12.032982],"rotation":{"angle":0.0,"axis":"x","origin":[7.998959,-2.5572333,8.132981]},"faces":{"down":{"uv":[0.71875,6.6875,0.3125,7.09375],"rotation":0,"texture":"#0","tintindex":0},"east":{"uv":[7.21875,0.40625,7.625,0.5],"rotation":0,"texture":"#0","tintindex":0},"north":{"uv":[7.1875,3.40625,7.59375,3.5],"rotation":0,"texture":"#0","tintindex":0},"south":{"uv":[7.21875,1.53125,7.625,1.625],"rotation":0,"texture":"#0","tintindex":0},"up":{"uv":[4.0625,7.0625,3.65625,6.65625],"rotation":0,"texture":"#0","tintindex":0},"west":{"uv":[7.21875,1.625,7.625,1.71875],"rotation":0,"texture":"#0","tintindex":0}}}],"display":{"head":{"translation":[0.0,-6.4,0.0],"rotation":[0.0,0.0,0.0],"scale":[3.8095,3.8095,3.8095]}}}