{"textures":{"0":"modelengine:entity/khanmar"},"elements":[{"name":"l_shin","from":[5.2901926,-0.3998928,7.41269],"to":[10.690193,12.200108,12.21269],"rotation":{"angle":0.0,"axis":"x","origin":[8.0,7.1,9.8]},"faces":{"down":{"uv":[8.0625,1.5,7.5,2.0],"rotation":0,"texture":"#0","tintindex":0},"east":{"uv":[9.5625,6.5625,10.0625,7.875],"rotation":0,"texture":"#0","tintindex":0},"north":{"uv":[5.875,8.3125,6.4375,9.625],"rotation":0,"texture":"#0","tintindex":0},"south":{"uv":[5.0625,9.375,5.625,10.6875],"rotation":0,"texture":"#0","tintindex":0},"up":{"uv":[1.9375,5.5625,1.375,5.0625],"rotation":0,"texture":"#0","tintindex":0},"west":{"uv":[9.5625,7.875,10.0625,9.1875],"rotation":0,"texture":"#0","tintindex":0}}},{"name":"l_foot","from":[4.090193,-2.799893,6.2126904],"to":[11.890193,0.20010734,13.41269],"rotation":{"angle":0.0,"axis":"x","origin":[8.0,-0.40000033,9.2]},"faces":{"down":{"uv":[10.625,5.6875,9.8125,6.4375],"rotation":0,"texture":"#0","tintindex":0},"east":{"uv":[10.5,0.0,11.25,0.3125],"rotation":0,"texture":"#0","tintindex":0},"north":{"uv":[9.0,4.4375,9.8125,4.75],"rotation":0,"texture":"#0","tintindex":0},"south":{"uv":[10.0625,4.0,10.875,4.3125],"rotation":0,"texture":"#0","tintindex":0},"up":{"uv":[9.3125,10.5,8.5,9.75],"rotation":0,"texture":"#0","tintindex":0},"west":{"uv":[10.5,0.3125,11.25,0.625],"rotation":0,"texture":"#0","tintindex":0}}}],"display":{"head":{"translation":[0.0,-6.4,0.0],"rotation":[0.0,0.0,0.0],"scale":[3.8095,3.8095,3.8095]}}}