{"textures":{"0":"modelengine:entity/khanmar"},"elements":[{"name":"cube","from":[5.309807,-0.3998928,7.41269],"to":[10.709806,12.200108,12.21269],"rotation":{"angle":0.0,"axis":"x","origin":[8.0,7.1,9.8]},"faces":{"down":{"uv":[10.5,5.1875,9.9375,5.6875],"rotation":0,"texture":"#0","tintindex":0},"east":{"uv":[9.5625,9.1875,10.0625,10.5],"rotation":0,"texture":"#0","tintindex":0},"north":{"uv":[6.4375,9.4375,7.0,10.75],"rotation":0,"texture":"#0","tintindex":0},"south":{"uv":[0.0,9.5,0.5625,10.8125],"rotation":0,"texture":"#0","tintindex":0},"up":{"uv":[2.3125,8.625,1.75,8.125],"rotation":0,"texture":"#0","tintindex":0},"west":{"uv":[5.625,9.625,6.125,10.9375],"rotation":0,"texture":"#0","tintindex":0}}},{"name":"cube","from":[4.109807,-2.799893,6.2126904],"to":[11.909807,0.20010734,13.41269],"rotation":{"angle":0.0,"axis":"x","origin":[8.0,-0.10000038,9.2]},"faces":{"down":{"uv":[10.75,4.4375,9.9375,5.1875],"rotation":0,"texture":"#0","tintindex":0},"east":{"uv":[10.5,5.1875,11.25,5.5],"rotation":0,"texture":"#0","tintindex":0},"north":{"uv":[10.125,3.0,10.9375,3.3125],"rotation":0,"texture":"#0","tintindex":0},"south":{"uv":[10.375,10.375,11.1875,10.6875],"rotation":0,"texture":"#0","tintindex":0},"up":{"uv":[10.75,1.5,9.9375,0.75],"rotation":0,"texture":"#0","tintindex":0},"west":{"uv":[8.4375,10.5,9.1875,10.8125],"rotation":0,"texture":"#0","tintindex":0}}}],"display":{"head":{"translation":[0.0,-6.4,0.0],"rotation":[0.0,0.0,0.0],"scale":[3.8095,3.8095,3.8095]}}}