{"textures":{"0":"modelengine:entity/khanmar"},"elements":[{"name":"l_thigh","from":[4.998959,-1.595767,3.007052],"to":[11.598959,12.8042345,10.207052],"rotation":{"angle":0.0,"axis":"x","origin":[8.29896,5.604233,6.907052]},"faces":{"down":{"uv":[6.9375,7.0,6.59375,7.375],"rotation":0,"texture":"#0","tintindex":0},"east":{"uv":[5.5625,5.03125,5.9375,5.78125],"rotation":0,"texture":"#0","tintindex":0},"north":{"uv":[1.46875,5.84375,1.8125,6.59375],"rotation":0,"texture":"#0","tintindex":0},"south":{"uv":[0.53125,5.9375,0.875,6.6875],"rotation":0,"texture":"#0","tintindex":0},"up":{"uv":[2.9375,7.375,2.59375,7.0],"rotation":0,"texture":"#0","tintindex":0},"west":{"uv":[5.21875,5.78125,5.59375,6.53125],"rotation":0,"texture":"#0","tintindex":0}}}],"display":{"head":{"translation":[0.0,-6.4,0.0],"rotation":[0.0,0.0,0.0],"scale":[3.8095,3.8095,3.8095]}}}