{"textures":{"0":"modelengine:entity/khanmar"},"elements":[{"name":"l_thigh","from":[4.090193,-0.26612735,5.473156],"to":[11.890193,10.533873,12.673156],"rotation":{"angle":0.0,"axis":"x","origin":[8.0,5.8117085,8.082982]},"faces":{"down":{"uv":[10.5,0.0,9.6875,0.75],"rotation":0,"texture":"#0","tintindex":0},"east":{"uv":[2.8125,8.75,3.5625,9.875],"rotation":0,"texture":"#0","tintindex":0},"north":{"uv":[7.9375,5.75,8.75,6.875],"rotation":0,"texture":"#0","tintindex":0},"south":{"uv":[7.9375,6.875,8.75,8.0],"rotation":0,"texture":"#0","tintindex":0},"up":{"uv":[8.8125,0.75,8.0,0.0],"rotation":0,"texture":"#0","tintindex":0},"west":{"uv":[9.1875,1.0625,9.9375,2.1875],"rotation":0,"texture":"#0","tintindex":0}}}],"display":{"head":{"translation":[0.0,-6.4,0.0],"rotation":[0.0,0.0,0.0],"scale":[3.8095,3.8095,3.8095]}}}