{"textures":{"0":"modelengine:entity/khanmar"},"elements":[{"name":"r_upperarm","from":[6.2,3.35,3.35],"to":[24.2,12.650001,12.65],"rotation":{"angle":0.0,"axis":"x","origin":[8.6,8.0,8.0]},"faces":{"down":{"uv":[0.9375,5.4375,0.0,5.9375],"rotation":0,"texture":"#0","tintindex":0},"east":{"uv":[6.3125,2.6875,6.8125,3.1875],"rotation":0,"texture":"#0","tintindex":0},"north":{"uv":[3.6875,5.0625,4.625,5.5625],"rotation":0,"texture":"#0","tintindex":0},"south":{"uv":[4.625,5.0625,5.5625,5.5625],"rotation":0,"texture":"#0","tintindex":0},"up":{"uv":[1.875,5.84375,0.9375,5.34375],"rotation":0,"texture":"#0","tintindex":0},"west":{"uv":[6.3125,5.53125,6.8125,6.03125],"rotation":0,"texture":"#0","tintindex":0}}}],"display":{"head":{"translation":[0.0,-6.4,0.0],"rotation":[0.0,0.0,0.0],"scale":[3.8095,3.8095,3.8095]}}}