{"textures":{"0":"modelengine:entity/khanmar"},"elements":[{"name":"r_forearm_top","from":[-4.6000013,3.35,2.4300756],"to":[-2.800001,12.650001,12.330076],"rotation":{"angle":0.0,"axis":"x","origin":[9.2,8.0,7.0800757]},"faces":{"down":{"uv":[5.6875,7.15625,5.59375,7.6875],"rotation":0,"texture":"#0","tintindex":0},"east":{"uv":[5.9375,3.53125,6.46875,4.03125],"rotation":0,"texture":"#0","tintindex":0},"north":{"uv":[1.84375,7.1875,1.9375,7.6875],"rotation":0,"texture":"#0","tintindex":0},"south":{"uv":[1.9375,7.1875,2.03125,7.6875],"rotation":0,"texture":"#0","tintindex":0},"up":{"uv":[5.59375,7.6875,5.5,7.15625],"rotation":0,"texture":"#0","tintindex":0},"west":{"uv":[5.9375,4.03125,6.46875,4.53125],"rotation":0,"texture":"#0","tintindex":0}}},{"name":"r_forearm_mid","from":[-2.800001,4.5499997,3.6300757],"to":[28.400002,11.45,11.130075],"rotation":{"angle":0.0,"axis":"x","origin":[12.799999,8.0,7.380076]},"faces":{"down":{"uv":[1.625,3.375,0.0,3.75],"rotation":0,"texture":"#0","tintindex":0},"east":{"uv":[0.71875,6.96875,1.09375,7.34375],"rotation":0,"texture":"#0","tintindex":0},"north":{"uv":[3.25,2.375,4.875,2.75],"rotation":0,"texture":"#0","tintindex":0},"south":{"uv":[3.25,2.75,4.875,3.125],"rotation":0,"texture":"#0","tintindex":0},"up":{"uv":[4.875,3.5,3.25,3.125],"rotation":0,"texture":"#0","tintindex":0},"west":{"uv":[1.09375,6.96875,1.46875,7.34375],"rotation":0,"texture":"#0","tintindex":0}}},{"name":"r_forearm_mid_2d","from":[-2.800001,4.3999996,3.4800756],"to":[28.400002,11.6,11.280076],"rotation":{"angle":0.0,"axis":"x","origin":[12.799999,8.0,7.380076]},"faces":{"down":{"uv":[3.625,1.96875,2.0,2.375],"rotation":0,"texture":"#0","tintindex":0},"east":{"uv":[6.8125,5.46875,7.21875,5.84375],"rotation":0,"texture":"#0","tintindex":0},"north":{"uv":[1.625,3.5,3.25,3.875],"rotation":0,"texture":"#0","tintindex":0},"south":{"uv":[3.25,3.5,4.875,3.875],"rotation":0,"texture":"#0","tintindex":0},"up":{"uv":[3.625,1.96875,2.0,1.5625],"rotation":0,"texture":"#0","tintindex":0},"west":{"uv":[6.1875,6.84375,6.59375,7.21875],"rotation":0,"texture":"#0","tintindex":0}}},{"name":"r_forearm_ridge","from":[-6.400001,5.1499996,7.230076],"to":[32.0,6.95,14.130076],"rotation":{"angle":0.0,"axis":"x","origin":[12.799999,8.0,7.380076]},"faces":{"down":{"uv":[2.0,1.875,0.0,2.25],"rotation":0,"texture":"#0","tintindex":0},"east":{"uv":[6.78125,3.65625,7.15625,3.75],"rotation":0,"texture":"#0","tintindex":0},"north":{"uv":[6.40625,2.34375,8.40625,2.4375],"rotation":0,"texture":"#0","tintindex":0},"south":{"uv":[6.40625,2.4375,8.40625,2.53125],"rotation":0,"texture":"#0","tintindex":0},"up":{"uv":[2.0,1.875,0.0,1.5],"rotation":0,"texture":"#0","tintindex":0},"west":{"uv":[7.21875,5.59375,7.59375,5.6875],"rotation":0,"texture":"#0","tintindex":0}}},{"name":"r_forearm_ridge","from":[-6.400001,9.05,7.230076],"to":[32.0,10.85,14.130076],"rotation":{"angle":0.0,"axis":"x","origin":[12.799999,8.0,7.380076]},"faces":{"down":{"uv":[4.0,0.375,2.0,0.75],"rotation":0,"texture":"#0","tintindex":0},"east":{"uv":[7.21875,5.6875,7.59375,5.78125],"rotation":0,"texture":"#0","tintindex":0},"north":{"uv":[6.40625,2.53125,8.40625,2.625],"rotation":0,"texture":"#0","tintindex":0},"south":{"uv":[6.46875,0.625,8.46875,0.71875],"rotation":0,"texture":"#0","tintindex":0},"up":{"uv":[4.0,0.375,2.0,0.0],"rotation":0,"texture":"#0","tintindex":0},"west":{"uv":[6.15625,7.21875,6.53125,7.3125],"rotation":0,"texture":"#0","tintindex":0}}},{"name":"r_forearm_bot","from":[28.400002,3.35,2.4300756],"to":[30.2,12.650001,12.330076],"rotation":{"angle":0.0,"axis":"x","origin":[9.2,8.0,7.0800757]},"faces":{"down":{"uv":[5.875,7.15625,5.78125,7.6875],"rotation":0,"texture":"#0","tintindex":0},"east":{"uv":[5.9375,4.53125,6.46875,5.03125],"rotation":0,"texture":"#0","tintindex":0},"north":{"uv":[2.03125,7.1875,2.125,7.6875],"rotation":0,"texture":"#0","tintindex":0},"south":{"uv":[7.21875,1.03125,7.3125,1.53125],"rotation":0,"texture":"#0","tintindex":0},"up":{"uv":[5.78125,7.6875,5.6875,7.15625],"rotation":0,"texture":"#0","tintindex":0},"west":{"uv":[5.9375,5.03125,6.46875,5.53125],"rotation":0,"texture":"#0","tintindex":0}}}],"display":{"head":{"translation":[19.612375,-6.4,0.0],"rotation":[0.0,0.0,0.0],"scale":[3.8095,3.8095,3.8095]}}}