{"textures":{"0":"modelengine:entity/khanmar"},"elements":[{"name":"r_shin_top","from":[4.101041,10.042767,4.232981],"to":[11.901041,11.842767,12.032982],"rotation":{"angle":0.0,"axis":"x","origin":[8.001041,10.642767,8.132981]},"faces":{"down":{"uv":[7.15625,3.8125,6.75,4.21875],"rotation":0,"texture":"#0","tintindex":0},"east":{"uv":[7.21875,1.8125,7.625,1.90625],"rotation":0,"texture":"#0","tintindex":0},"north":{"uv":[7.21875,1.71875,7.625,1.8125],"rotation":0,"texture":"#0","tintindex":0},"south":{"uv":[7.21875,2.625,7.625,2.71875],"rotation":0,"texture":"#0","tintindex":0},"up":{"uv":[7.125,1.9375,6.71875,1.53125],"rotation":0,"texture":"#0","tintindex":0},"west":{"uv":[7.21875,2.71875,7.625,2.8125],"rotation":0,"texture":"#0","tintindex":0}}},{"name":"r_shin_mid","from":[5.3010406,-1.6572332,5.432981],"to":[10.70104,10.042767,10.832981],"rotation":{"angle":0.0,"axis":"x","origin":[8.001041,4.192767,8.132981]},"faces":{"down":{"uv":[7.4375,0.0,7.15625,0.28125],"rotation":0,"texture":"#0","tintindex":0},"east":{"uv":[5.5,6.53125,5.78125,7.15625],"rotation":0,"texture":"#0","tintindex":0},"north":{"uv":[5.21875,6.53125,5.5,7.15625],"rotation":0,"texture":"#0","tintindex":0},"south":{"uv":[1.46875,6.59375,1.75,7.21875],"rotation":0,"texture":"#0","tintindex":0},"up":{"uv":[7.40625,6.875,7.125,6.59375],"rotation":0,"texture":"#0","tintindex":0},"west":{"uv":[2.3125,6.59375,2.59375,7.21875],"rotation":0,"texture":"#0","tintindex":0}}},{"name":"r_shin_mid_2d","from":[5.1510406,-1.6572332,5.282981],"to":[10.851041,10.042767,10.982982],"rotation":{"angle":0.0,"axis":"x","origin":[8.001041,4.192767,8.132981]},"faces":{"down":{"uv":[7.375,0.71875,7.0625,1.03125],"rotation":0,"texture":"#0","tintindex":0},"east":{"uv":[0.0,6.4375,0.3125,7.0625],"rotation":0,"texture":"#0","tintindex":0},"north":{"uv":[3.34375,6.40625,3.65625,7.03125],"rotation":0,"texture":"#0","tintindex":0},"south":{"uv":[6.46875,0.0,6.78125,0.625],"rotation":0,"texture":"#0","tintindex":0},"up":{"uv":[0.3125,7.375,0.0,7.0625],"rotation":0,"texture":"#0","tintindex":0},"west":{"uv":[6.46875,3.1875,6.78125,3.8125],"rotation":0,"texture":"#0","tintindex":0}}},{"name":"r_shin_ridge","from":[7.101041,-3.4572334,3.0329814],"to":[8.901041,13.642767,8.4329815],"rotation":{"angle":0.0,"axis":"x","origin":[8.001041,4.192767,8.132981]},"faces":{"down":{"uv":[2.59375,5.8125,2.5,6.09375],"rotation":0,"texture":"#0","tintindex":0},"east":{"uv":[6.125,1.78125,6.40625,2.6875],"rotation":0,"texture":"#0","tintindex":0},"north":{"uv":[7.125,1.03125,7.21875,1.9375],"rotation":0,"texture":"#0","tintindex":0},"south":{"uv":[7.15625,3.5625,7.25,4.46875],"rotation":0,"texture":"#0","tintindex":0},"up":{"uv":[2.5,6.09375,2.40625,5.8125],"rotation":0,"texture":"#0","tintindex":0},"west":{"uv":[6.1875,0.0,6.46875,0.90625],"rotation":0,"texture":"#0","tintindex":0}}},{"name":"r_shin_bot","from":[4.101041,-3.4572334,4.232981],"to":[11.901041,-1.6572332,12.032982],"rotation":{"angle":0.0,"axis":"x","origin":[8.001041,-2.5572333,8.132981]},"faces":{"down":{"uv":[7.15625,4.625,6.75,5.03125],"rotation":0,"texture":"#0","tintindex":0},"east":{"uv":[7.21875,2.90625,7.625,3.0],"rotation":0,"texture":"#0","tintindex":0},"north":{"uv":[7.21875,2.8125,7.625,2.90625],"rotation":0,"texture":"#0","tintindex":0},"south":{"uv":[7.21875,5.40625,7.625,5.5],"rotation":0,"texture":"#0","tintindex":0},"up":{"uv":[7.15625,4.625,6.75,4.21875],"rotation":0,"texture":"#0","tintindex":0},"west":{"uv":[7.21875,5.5,7.625,5.59375],"rotation":0,"texture":"#0","tintindex":0}}}],"display":{"head":{"translation":[0.0,-6.4,0.0],"rotation":[0.0,0.0,0.0],"scale":[3.8095,3.8095,3.8095]}}}