{"textures":{"0":"modelengine:entity/khanmar"},"elements":[{"name":"r_thigh","from":[4.4010406,-1.595767,3.007052],"to":[11.001041,12.8042345,10.207052],"rotation":{"angle":0.0,"axis":"x","origin":[7.7010407,5.604233,6.907052]},"faces":{"down":{"uv":[3.28125,7.03125,2.9375,7.40625],"rotation":0,"texture":"#0","tintindex":0},"east":{"uv":[5.59375,5.78125,5.96875,6.53125],"rotation":0,"texture":"#0","tintindex":0},"north":{"uv":[5.96875,2.6875,6.3125,3.4375],"rotation":0,"texture":"#0","tintindex":0},"south":{"uv":[5.96875,5.53125,6.3125,6.28125],"rotation":0,"texture":"#0","tintindex":0},"up":{"uv":[7.28125,7.375,6.9375,7.0],"rotation":0,"texture":"#0","tintindex":0},"west":{"uv":[5.8125,0.53125,6.1875,1.28125],"rotation":0,"texture":"#0","tintindex":0}}}],"display":{"head":{"translation":[0.0,-6.4,0.0],"rotation":[0.0,0.0,0.0],"scale":[3.8095,3.8095,3.8095]}}}