{"textures":{"0":"modelengine:entity/khanmar"},"elements":[{"name":"r_thigh","from":[4.109807,-0.26612735,5.473156],"to":[11.909807,10.533873,12.673156],"rotation":{"angle":0.0,"axis":"x","origin":[8.0,5.8117085,8.082982]},"faces":{"down":{"uv":[3.375,9.875,2.5625,10.625],"rotation":0,"texture":"#0","tintindex":0},"east":{"uv":[0.8125,9.25,1.5625,10.375],"rotation":0,"texture":"#0","tintindex":0},"north":{"uv":[7.9375,8.0,8.75,9.125],"rotation":0,"texture":"#0","tintindex":0},"south":{"uv":[0.9375,8.125,1.75,9.25],"rotation":0,"texture":"#0","tintindex":0},"up":{"uv":[7.8125,10.5625,7.0,9.8125],"rotation":0,"texture":"#0","tintindex":0},"west":{"uv":[9.375,2.1875,10.125,3.3125],"rotation":0,"texture":"#0","tintindex":0}}}],"display":{"head":{"translation":[0.0,-6.4,0.0],"rotation":[0.0,0.0,0.0],"scale":[3.8095,3.8095,3.8095]}}}