{"textures":{"0":"modelengine:entity/kahnmar"},"elements":[{"name":"cube","from":[-3.4843297,6.836328,4.3486404],"to":[9.715672,18.236328,11.548641],"rotation":{"angle":22.5,"axis":"z","origin":[5.4856706,12.236328,7.948641]},"faces":{"down":{"uv":[8.875,0.75,7.5,1.5],"rotation":0,"texture":"#0","tintindex":0},"east":{"uv":[8.25,3.6875,9.0,4.875],"rotation":0,"texture":"#0","tintindex":0},"north":{"uv":[0.0,5.0625,1.375,6.25],"rotation":0,"texture":"#0","tintindex":0},"south":{"uv":[3.875,5.3125,5.25,6.5],"rotation":0,"texture":"#0","tintindex":0},"up":{"uv":[8.0,0.75,6.625,0.0],"rotation":0,"texture":"#0","tintindex":0},"west":{"uv":[6.5,8.25,7.25,9.4375],"rotation":0,"texture":"#0","tintindex":0}}},{"name":"cube","from":[6.2843294,6.836328,4.3486404],"to":[19.48433,18.236328,11.548641],"rotation":{"angle":-22.5,"axis":"z","origin":[10.51433,12.236328,7.948641]},"faces":{"down":{"uv":[6.5,7.5625,5.125,8.3125],"rotation":0,"texture":"#0","tintindex":0},"east":{"uv":[3.5625,8.3125,4.3125,9.5],"rotation":0,"texture":"#0","tintindex":0},"north":{"uv":[5.25,5.3125,6.625,6.5],"rotation":0,"texture":"#0","tintindex":0},"south":{"uv":[1.375,5.8125,2.75,7.0],"rotation":0,"texture":"#0","tintindex":0},"up":{"uv":[5.125,8.3125,3.75,7.5625],"rotation":0,"texture":"#0","tintindex":0},"west":{"uv":[4.3125,8.3125,5.0625,9.5],"rotation":0,"texture":"#0","tintindex":0}}},{"name":"cube","from":[1.3999997,2.2435439,3.2986405],"to":[14.6,20.243546,13.49864],"rotation":{"angle":0.0,"axis":"x","origin":[8.0,11.543544,2.0986404]},"faces":{"down":{"uv":[1.375,6.25,0.0,7.3125],"rotation":0,"texture":"#0","tintindex":0},"east":{"uv":[1.9375,3.0,3.0,4.875],"rotation":0,"texture":"#0","tintindex":0},"north":{"uv":[0.0,0.0,1.375,1.875],"rotation":0,"texture":"#0","tintindex":0},"south":{"uv":[1.375,0.0,2.75,1.875],"rotation":0,"texture":"#0","tintindex":0},"up":{"uv":[7.5,2.0,6.125,0.9375],"rotation":0,"texture":"#0","tintindex":0},"west":{"uv":[3.0,3.0,4.0625,4.875],"rotation":0,"texture":"#0","tintindex":0}}}],"display":{"head":{"translation":[0.0,-6.4,0.0],"rotation":[0.0,0.0,0.0],"scale":[3.8095,3.8095,3.8095]}}}