{"textures":{"0":"modelengine:entity/angelexdeeee"},"elements":[{"name":"kaputt","from":[4.421693,10.210524,4.4426],"to":[5.626493,11.415323,10.597401],"rotation":{"angle":-22.5,"axis":"z","origin":[4.724093,10.512924,7.295]},"faces":{"down":{"uv":[9.136187,5.8054476,9.105059,5.9610896],"rotation":0,"texture":"#0","tintindex":0},"east":{"uv":[9.431907,4.264591,9.587548,4.2957196],"rotation":0,"texture":"#0","tintindex":0},"north":{"uv":[7.9688716,6.14786,8.0,6.1789885],"rotation":0,"texture":"#0","tintindex":0},"south":{"uv":[9.712062,6.14786,9.743191,6.1789885],"rotation":0,"texture":"#0","tintindex":0},"up":{"uv":[8.311284,5.9610896,8.280155,5.8054476],"rotation":0,"texture":"#0","tintindex":0},"west":{"uv":[9.276264,5.8054476,9.431907,5.836576],"rotation":0,"texture":"#0","tintindex":0}}},{"name":"kaputt","from":[4.2806525,7.9763017,4.4455996],"to":[5.480653,10.826302,10.5896],"rotation":{"angle":45.0,"axis":"z","origin":[5.1806526,9.926302,7.295]},"faces":{"down":{"uv":[9.525291,5.8054476,9.4941635,5.9610896],"rotation":0,"texture":"#0","tintindex":0},"east":{"uv":[8.249027,4.8871593,8.404669,4.9649806],"rotation":0,"texture":"#0","tintindex":0},"north":{"uv":[9.089494,5.9766536,9.120623,6.054475],"rotation":0,"texture":"#0","tintindex":0},"south":{"uv":[9.540856,5.9766536,9.571984,6.054475],"rotation":0,"texture":"#0","tintindex":0},"up":{"uv":[9.4786,5.9610896,9.447471,5.8054476],"rotation":0,"texture":"#0","tintindex":0},"west":{"uv":[8.856031,4.902724,9.011673,4.9805446],"rotation":0,"texture":"#0","tintindex":0}}},{"name":"kaputt","from":[4.7,11.0,4.4449997],"to":[5.8999996,12.215001,10.594999],"rotation":{"angle":0.0,"axis":"x","origin":[4.1,10.700001,7.295]},"faces":{"down":{"uv":[9.758755,5.8054476,9.727627,5.9610896],"rotation":0,"texture":"#0","tintindex":0},"east":{"uv":[9.789884,5.4007783,9.945525,5.4319067],"rotation":0,"texture":"#0","tintindex":0},"north":{"uv":[9.758755,6.14786,9.789884,6.1789885],"rotation":0,"texture":"#0","tintindex":0},"south":{"uv":[10.132296,5.774319,10.1634245,5.8054476],"rotation":0,"texture":"#0","tintindex":0},"up":{"uv":[9.571984,5.9610896,9.540856,5.8054476],"rotation":0,"texture":"#0","tintindex":0},"west":{"uv":[9.789884,5.6031127,9.945525,5.634241],"rotation":0,"texture":"#0","tintindex":0}}},{"name":"kaputt","from":[5.0,12.2,4.4449997],"to":[6.2,14.6,10.594999],"rotation":{"angle":0.0,"axis":"x","origin":[4.3999996,12.5,7.295]},"faces":{"down":{"uv":[8.544747,5.8210115,8.513618,5.9766536],"rotation":0,"texture":"#0","tintindex":0},"east":{"uv":[9.136187,4.3424125,9.291829,4.4046693],"rotation":0,"texture":"#0","tintindex":0},"north":{"uv":[8.10895,4.7315173,8.140078,4.793774],"rotation":0,"texture":"#0","tintindex":0},"south":{"uv":[8.249027,4.8093386,8.280155,4.8715954],"rotation":0,"texture":"#0","tintindex":0},"up":{"uv":[9.805448,5.9610896,9.774319,5.8054476],"rotation":0,"texture":"#0","tintindex":0},"west":{"uv":[9.136187,4.856031,9.291829,4.9182878],"rotation":0,"texture":"#0","tintindex":0}}},{"name":"kaputt","from":[10.4,12.2,4.4449997],"to":[11.6,14.6,10.594999],"rotation":{"angle":0.0,"axis":"x","origin":[12.2,12.5,7.295]},"faces":{"down":{"uv":[8.638132,5.8210115,8.607004,5.9766536],"rotation":0,"texture":"#0","tintindex":0},"east":{"uv":[9.1673155,4.1245136,9.322957,4.1867704],"rotation":0,"texture":"#0","tintindex":0},"north":{"uv":[10.007782,6.0233464,10.038911,6.085603],"rotation":0,"texture":"#0","tintindex":0},"south":{"uv":[8.015564,6.0389104,8.046693,6.101167],"rotation":0,"texture":"#0","tintindex":0},"up":{"uv":[8.591439,5.9766536,8.560311,5.8210115],"rotation":0,"texture":"#0","tintindex":0},"west":{"uv":[9.1673155,5.105058,9.322957,5.167315],"rotation":0,"texture":"#0","tintindex":0}}},{"name":"kaputt","from":[9.8,14.0,4.4449997],"to":[10.4,14.6,10.594999],"rotation":{"angle":0.0,"axis":"x","origin":[11.0,12.5,7.295]},"faces":{"down":{"uv":[8.171206,5.992218,8.155642,6.14786],"rotation":0,"texture":"#0","tintindex":0},"east":{"uv":[9.976654,5.525292,10.132296,5.540856],"rotation":0,"texture":"#0","tintindex":0},"north":{"uv":[9.571984,6.163424,9.587548,6.1789885],"rotation":0,"texture":"#0","tintindex":0},"south":{"uv":[9.603113,6.163424,9.618677,6.1789885],"rotation":0,"texture":"#0","tintindex":0},"up":{"uv":[8.140078,6.14786,8.124514,5.992218],"rotation":0,"texture":"#0","tintindex":0},"west":{"uv":[9.992218,4.6536965,10.14786,4.6692605],"rotation":0,"texture":"#0","tintindex":0}}},{"name":"kaputt","from":[6.2,14.0,4.4449997],"to":[6.8,14.6,10.594999],"rotation":{"angle":0.0,"axis":"x","origin":[5.6,12.5,7.295]},"faces":{"down":{"uv":[8.622568,5.992218,8.607004,6.14786],"rotation":0,"texture":"#0","tintindex":0},"east":{"uv":[9.992218,4.684825,10.14786,4.700389],"rotation":0,"texture":"#0","tintindex":0},"north":{"uv":[10.14786,5.7120624,10.1634245,5.7276263],"rotation":0,"texture":"#0","tintindex":0},"south":{"uv":[8.015564,6.1789885,8.031128,6.1945524],"rotation":0,"texture":"#0","tintindex":0},"up":{"uv":[8.591439,6.14786,8.575875,5.992218],"rotation":0,"texture":"#0","tintindex":0},"west":{"uv":[9.992218,4.856031,10.14786,4.8715954],"rotation":0,"texture":"#0","tintindex":0}}},{"name":"kaputt","from":[10.700001,11.0,4.4449997],"to":[11.900001,12.215001,10.594999],"rotation":{"angle":0.0,"axis":"x","origin":[12.5,10.700001,7.295]},"faces":{"down":{"uv":[8.824903,5.8210115,8.793775,5.9766536],"rotation":0,"texture":"#0","tintindex":0},"east":{"uv":[9.789884,5.6498055,9.945525,5.680934],"rotation":0,"texture":"#0","tintindex":0},"north":{"uv":[9.805448,6.14786,9.8365755,6.1789885],"rotation":0,"texture":"#0","tintindex":0},"south":{"uv":[10.132296,5.8210115,10.1634245,5.85214],"rotation":0,"texture":"#0","tintindex":0},"up":{"uv":[8.77821,5.9766536,8.747082,5.8210115],"rotation":0,"texture":"#0","tintindex":0},"west":{"uv":[9.789884,5.696498,9.945525,5.7276263],"rotation":0,"texture":"#0","tintindex":0}}},{"name":"kaputt","from":[11.119347,7.9763017,4.4455996],"to":[12.319347,10.826302,10.5896],"rotation":{"angle":-45.0,"axis":"z","origin":[11.419347,9.926302,7.295]},"faces":{"down":{"uv":[9.07393,5.836576,9.042802,5.992218],"rotation":0,"texture":"#0","tintindex":0},"east":{"uv":[8.420234,4.9182878,8.575875,4.996109],"rotation":0,"texture":"#0","tintindex":0},"north":{"uv":[8.8404665,6.007782,8.871595,6.085603],"rotation":0,"texture":"#0","tintindex":0},"south":{"uv":[9.992218,4.8871593,10.023346,4.9649806],"rotation":0,"texture":"#0","tintindex":0},"up":{"uv":[9.027237,5.992218,8.996109,5.836576],"rotation":0,"texture":"#0","tintindex":0},"west":{"uv":[8.591439,4.9182878,8.747082,4.996109],"rotation":0,"texture":"#0","tintindex":0}}},{"name":"kaputt","from":[10.973507,10.210524,4.4426],"to":[12.178307,11.415323,10.597401],"rotation":{"angle":22.5,"axis":"z","origin":[11.875907,10.512924,7.295]},"faces":{"down":{"uv":[9.66537,5.836576,9.634241,5.992218],"rotation":0,"texture":"#0","tintindex":0},"east":{"uv":[9.821012,4.5603113,9.976654,4.5914397],"rotation":0,"texture":"#0","tintindex":0},"north":{"uv":[9.85214,6.14786,9.883268,6.1789885],"rotation":0,"texture":"#0","tintindex":0},"south":{"uv":[9.898832,6.14786,9.929961,6.1789885],"rotation":0,"texture":"#0","tintindex":0},"up":{"uv":[9.618677,5.992218,9.587548,5.836576],"rotation":0,"texture":"#0","tintindex":0},"west":{"uv":[9.821012,4.6070037,9.976654,4.638132],"rotation":0,"texture":"#0","tintindex":0}}},{"name":"kaputt","from":[5.87,14.570001,4.4149995],"to":[10.73,15.23,10.625],"rotation":{"angle":0.0,"axis":"x","origin":[10.4,13.1,7.295]},"faces":{"down":{"uv":[8.233463,4.4513617,8.10895,4.6070037],"rotation":0,"texture":"#0","tintindex":0},"east":{"uv":[9.992218,5.1984434,10.14786,5.214008],"rotation":0,"texture":"#0","tintindex":0},"north":{"uv":[8.373541,6.0389104,8.4980545,6.054475],"rotation":0,"texture":"#0","tintindex":0},"south":{"uv":[10.038911,3.9844358,10.1634245,4.0],"rotation":0,"texture":"#0","tintindex":0},"up":{"uv":[8.093385,4.6070037,7.9688716,4.4513617],"rotation":0,"texture":"#0","tintindex":0},"west":{"uv":[9.992218,5.229572,10.14786,5.2451363],"rotation":0,"texture":"#0","tintindex":0}}},{"name":"kaputt","from":[7.0699997,15.23,4.4149995],"to":[9.530001,15.889999,10.625],"rotation":{"angle":0.0,"axis":"x","origin":[10.4,13.759999,7.295]},"faces":{"down":{"uv":[9.229572,5.1828794,9.1673155,5.3385215],"rotation":0,"texture":"#0","tintindex":0},"east":{"uv":[9.992218,5.2607,10.14786,5.2762647],"rotation":0,"texture":"#0","tintindex":0},"north":{"uv":[10.132296,5.914397,10.194552,5.929961],"rotation":0,"texture":"#0","tintindex":0},"south":{"uv":[10.132296,5.945525,10.194552,5.9610896],"rotation":0,"texture":"#0","tintindex":0},"up":{"uv":[8.591439,5.2918286,8.529182,5.1361866],"rotation":0,"texture":"#0","tintindex":0},"west":{"uv":[9.992218,5.2918286,10.14786,5.307393],"rotation":0,"texture":"#0","tintindex":0}}},{"name":"kaputt","from":[7.7,14.0,4.4449997],"to":[8.9,14.6,4.595],"rotation":{"angle":0.0,"axis":"x","origin":[9.2,12.5,3.0949998]},"faces":{"down":{"uv":[9.649805,5.7276263,9.618677,5.743191],"rotation":0,"texture":"#0","tintindex":0},"east":{"uv":[8.046693,6.1789885,8.062257,6.1945524],"rotation":0,"texture":"#0","tintindex":0},"north":{"uv":[8.202334,5.058366,8.233463,5.07393],"rotation":0,"texture":"#0","tintindex":0},"south":{"uv":[8.435798,5.6031127,8.466926,5.618677],"rotation":0,"texture":"#0","tintindex":0},"up":{"uv":[9.712062,5.4941635,9.680934,5.478599],"rotation":0,"texture":"#0","tintindex":0},"west":{"uv":[8.077821,6.1789885,8.093385,6.1945524],"rotation":0,"texture":"#0","tintindex":0}}},{"name":"kaputt","from":[8.0,13.400001,4.4449997],"to":[8.6,14.0,4.595],"rotation":{"angle":0.0,"axis":"x","origin":[9.5,11.900001,3.0949998]},"faces":{"down":{"uv":[8.482491,6.1789885,8.466926,6.1945524],"rotation":0,"texture":"#0","tintindex":0},"east":{"uv":[8.311284,6.1789885,8.326848,6.1945524],"rotation":0,"texture":"#0","tintindex":0},"north":{"uv":[10.1634245,4.171206,10.178988,4.1867704],"rotation":0,"texture":"#0","tintindex":0},"south":{"uv":[8.342412,6.1789885,8.357977,6.1945524],"rotation":0,"texture":"#0","tintindex":0},"up":{"uv":[8.420234,6.1945524,8.404669,6.1789885],"rotation":0,"texture":"#0","tintindex":0},"west":{"uv":[8.373541,6.1789885,8.389105,6.1945524],"rotation":0,"texture":"#0","tintindex":0}}},{"name":"kaputt","from":[6.5,9.2,10.594999],"to":[10.1,12.8,11.195],"rotation":{"angle":0.0,"axis":"x","origin":[10.4,13.1,8.495]},"faces":{"down":{"uv":[10.178988,5.322957,10.085603,5.3385215],"rotation":0,"texture":"#0","tintindex":0},"east":{"uv":[8.824903,4.6536965,8.8404665,4.7470818],"rotation":0,"texture":"#0","tintindex":0},"north":{"uv":[9.042802,5.2451363,9.136187,5.3385215],"rotation":0,"texture":"#0","tintindex":0},"south":{"uv":[8.280155,5.2607,8.373541,5.3540854],"rotation":0,"texture":"#0","tintindex":0},"up":{"uv":[10.178988,4.4357977,10.085603,4.4202332],"rotation":0,"texture":"#0","tintindex":0},"west":{"uv":[8.544747,6.0389104,8.560311,6.1322956],"rotation":0,"texture":"#0","tintindex":0}}},{"name":"kaputt","from":[4.9046526,7.4003015,6.2696],"to":[6.6566525,10.802301,10.565599],"rotation":{"angle":45.0,"axis":"z","origin":[5.1806526,9.926302,7.295]},"faces":{"down":{"uv":[9.805448,4.5603113,9.758755,4.6692605],"rotation":0,"texture":"#0","tintindex":0},"east":{"uv":[8.607004,5.011673,8.715953,5.105058],"rotation":0,"texture":"#0","tintindex":0},"north":{"uv":[8.715953,4.1245136,8.762646,4.217899],"rotation":0,"texture":"#0","tintindex":0},"south":{"uv":[9.385214,5.85214,9.431907,5.945525],"rotation":0,"texture":"#0","tintindex":0},"up":{"uv":[8.015564,5.85214,7.9688716,5.743191],"rotation":0,"texture":"#0","tintindex":0},"west":{"uv":[8.996109,4.622568,9.105059,4.7159534],"rotation":0,"texture":"#0","tintindex":0}}},{"name":"kaputt","from":[9.943348,7.4003015,6.2696],"to":[11.695348,10.802301,10.565599],"rotation":{"angle":-45.0,"axis":"z","origin":[11.419347,9.926302,7.295]},"faces":{"down":{"uv":[8.980545,5.774319,8.933852,5.8832684],"rotation":0,"texture":"#0","tintindex":0},"east":{"uv":[9.011673,4.3579764,9.120623,4.4513617],"rotation":0,"texture":"#0","tintindex":0},"north":{"uv":[7.9688716,5.8677044,8.015564,5.9610896],"rotation":0,"texture":"#0","tintindex":0},"south":{"uv":[8.326848,5.8677044,8.373541,5.9610896],"rotation":0,"texture":"#0","tintindex":0},"up":{"uv":[8.918288,5.8832684,8.871595,5.774319],"rotation":0,"texture":"#0","tintindex":0},"west":{"uv":[9.011673,4.7315173,9.120623,4.8249025],"rotation":0,"texture":"#0","tintindex":0}}},{"name":"cuellum","from":[6.8012,6.5011997,5.9462],"to":[9.7987995,10.098801,8.9438],"rotation":{"angle":0.0,"axis":"x","origin":[8.0,10.700001,7.745]},"faces":{"down":{"uv":[8.233463,5.696498,8.155642,5.774319],"rotation":0,"texture":"#0","tintindex":0},"east":{"uv":[9.385214,5.618677,9.463035,5.7120624],"rotation":0,"texture":"#0","tintindex":0},"north":{"uv":[9.603113,4.264591,9.680934,4.3579764],"rotation":0,"texture":"#0","tintindex":0},"south":{"uv":[9.4786,5.618677,9.55642,5.7120624],"rotation":0,"texture":"#0","tintindex":0},"up":{"uv":[9.758755,4.155642,9.680934,4.077821],"rotation":0,"texture":"#0","tintindex":0},"west":{"uv":[9.571984,5.618677,9.649805,5.7120624],"rotation":0,"texture":"#0","tintindex":0}}},{"name":"cube","from":[5.8999996,12.259999,5.225],"to":[10.700001,14.659999,10.025],"rotation":{"angle":0.0,"axis":"x","origin":[7.7,-11.14,7.625]},"faces":{"down":{"uv":[8.980545,3.9844358,8.856031,4.108949],"rotation":0,"texture":"#0","tintindex":0},"east":{"uv":[9.431907,5.4319067,9.55642,5.4941635],"rotation":0,"texture":"#0","tintindex":0},"north":{"uv":[9.431907,4.933852,9.55642,4.996109],"rotation":0,"texture":"#0","tintindex":0},"south":{"uv":[7.9688716,5.463035,8.093385,5.525292],"rotation":0,"texture":"#0","tintindex":0},"up":{"uv":[8.093385,4.996109,7.9688716,4.8715954],"rotation":0,"texture":"#0","tintindex":0},"west":{"uv":[9.447471,4.0466924,9.571984,4.108949],"rotation":0,"texture":"#0","tintindex":0}}},{"name":"cube","from":[10.1,8.059999,8.225],"to":[10.700001,9.259999,10.025],"rotation":{"angle":0.0,"axis":"x","origin":[7.7,-14.740003,7.625]},"faces":{"down":{"uv":[9.571984,3.9844358,9.55642,4.0311284],"rotation":0,"texture":"#0","tintindex":0},"east":{"uv":[9.976654,6.101167,10.023346,6.1322956],"rotation":0,"texture":"#0","tintindex":0},"north":{"uv":[8.280155,5.214008,8.29572,5.2451363],"rotation":0,"texture":"#0","tintindex":0},"south":{"uv":[8.4980545,5.2607,8.513618,5.2918286],"rotation":0,"texture":"#0","tintindex":0},"up":{"uv":[8.747082,5.058366,8.731518,5.011673],"rotation":0,"texture":"#0","tintindex":0},"west":{"uv":[10.101168,4.171206,10.14786,4.2023344],"rotation":0,"texture":"#0","tintindex":0}}},{"name":"cube","from":[5.8976,11.0576,10.0226],"to":[10.7024,14.662399,10.627399],"rotation":{"angle":0.0,"axis":"x","origin":[8.3,-11.14,7.625]},"faces":{"down":{"uv":[10.1634245,4.0466924,10.038911,4.062257],"rotation":0,"texture":"#0","tintindex":0},"east":{"uv":[8.715953,6.070039,8.731518,6.163424],"rotation":0,"texture":"#0","tintindex":0},"north":{"uv":[8.918288,4.1245136,9.042802,4.217899],"rotation":0,"texture":"#0","tintindex":0},"south":{"uv":[8.10895,4.949416,8.233463,5.0428014],"rotation":0,"texture":"#0","tintindex":0},"up":{"uv":[10.1634245,4.0311284,10.038911,4.015564],"rotation":0,"texture":"#0","tintindex":0},"west":{"uv":[9.634241,6.101167,9.649805,6.1945524],"rotation":0,"texture":"#0","tintindex":0}}},{"name":"cube","from":[5.8999996,7.459999,10.025],"to":[10.700001,11.059999,11.225],"rotation":{"angle":0.0,"axis":"x","origin":[8.3,-14.140002,7.625]},"faces":{"down":{"uv":[10.023346,3.9844358,9.898832,4.015564],"rotation":0,"texture":"#0","tintindex":0},"east":{"uv":[9.385214,5.9610896,9.416343,6.054475],"rotation":0,"texture":"#0","tintindex":0},"north":{"uv":[8.249027,4.9805446,8.373541,5.07393],"rotation":0,"texture":"#0","tintindex":0},"south":{"uv":[8.96498,4.5136185,9.089494,4.6070037],"rotation":0,"texture":"#0","tintindex":0},"up":{"uv":[9.961089,5.540856,9.8365755,5.5097275],"rotation":0,"texture":"#0","tintindex":0},"west":{"uv":[7.9688716,5.9766536,8.0,6.070039],"rotation":0,"texture":"#0","tintindex":0}}},{"name":"cube","from":[5.8999996,8.059999,8.225],"to":[6.5,9.259999,10.025],"rotation":{"angle":0.0,"axis":"x","origin":[8.9,-14.740003,7.625]},"faces":{"down":{"uv":[9.1673155,5.8054476,9.151751,5.85214],"rotation":0,"texture":"#0","tintindex":0},"east":{"uv":[8.18677,6.1167316,8.233463,6.14786],"rotation":0,"texture":"#0","tintindex":0},"north":{"uv":[8.031128,5.743191,8.046693,5.774319],"rotation":0,"texture":"#0","tintindex":0},"south":{"uv":[8.8404665,5.8210115,8.856031,5.85214],"rotation":0,"texture":"#0","tintindex":0},"up":{"uv":[8.669261,5.696498,8.653696,5.6498055],"rotation":0,"texture":"#0","tintindex":0},"west":{"uv":[8.249027,6.1167316,8.29572,6.14786],"rotation":0,"texture":"#0","tintindex":0}}},{"name":"cube","from":[5.8999996,10.459999,5.225],"to":[10.700001,11.059999,10.025],"rotation":{"angle":0.0,"axis":"x","origin":[8.3,-10.540001,7.625]},"faces":{"down":{"uv":[8.980545,4.6536965,8.856031,4.77821],"rotation":0,"texture":"#0","tintindex":0},"east":{"uv":[10.038911,4.108949,10.1634245,4.1245136],"rotation":0,"texture":"#0","tintindex":0},"north":{"uv":[10.038911,4.077821,10.1634245,4.093385],"rotation":0,"texture":"#0","tintindex":0},"south":{"uv":[10.038911,4.1400776,10.1634245,4.155642],"rotation":0,"texture":"#0","tintindex":0},"up":{"uv":[8.980545,4.389105,8.856031,4.264591],"rotation":0,"texture":"#0","tintindex":0},"west":{"uv":[10.038911,4.217899,10.1634245,4.233463],"rotation":0,"texture":"#0","tintindex":0}}},{"name":"cube","from":[10.1,11.059999,5.225],"to":[10.700001,12.259999,10.025],"rotation":{"angle":0.0,"axis":"x","origin":[7.7,-11.14,7.625]},"faces":{"down":{"uv":[8.077821,6.0389104,8.062257,6.163424],"rotation":0,"texture":"#0","tintindex":0},"east":{"uv":[9.898832,4.0311284,10.023346,4.062257],"rotation":0,"texture":"#0","tintindex":0},"north":{"uv":[8.249027,5.8677044,8.264591,5.898833],"rotation":0,"texture":"#0","tintindex":0},"south":{"uv":[9.322957,6.054475,9.338521,6.085603],"rotation":0,"texture":"#0","tintindex":0},"up":{"uv":[9.36965,6.1322956,9.354086,6.007782],"rotation":0,"texture":"#0","tintindex":0},"west":{"uv":[9.898832,4.077821,10.023346,4.108949],"rotation":0,"texture":"#0","tintindex":0}}},{"name":"cube","from":[5.8999996,11.059999,5.225],"to":[6.5,12.259999,10.025],"rotation":{"angle":0.0,"axis":"x","origin":[8.9,-11.14,7.625]},"faces":{"down":{"uv":[8.529182,6.0389104,8.513618,6.163424],"rotation":0,"texture":"#0","tintindex":0},"east":{"uv":[9.898832,4.1245136,10.023346,4.155642],"rotation":0,"texture":"#0","tintindex":0},"north":{"uv":[8.684825,6.1167316,8.700389,6.14786],"rotation":0,"texture":"#0","tintindex":0},"south":{"uv":[8.435798,6.14786,8.451362,6.1789885],"rotation":0,"texture":"#0","tintindex":0},"up":{"uv":[8.10895,6.163424,8.093385,6.0389104],"rotation":0,"texture":"#0","tintindex":0},"west":{"uv":[9.898832,4.233463,10.023346,4.264591],"rotation":0,"texture":"#0","tintindex":0}}},{"name":"cube","from":[6.5,11.659999,7.625],"to":[10.1,12.86,10.025],"rotation":{"angle":0.0,"axis":"x","origin":[8.0,-10.540001,7.625]},"faces":{"down":{"uv":[9.276264,5.7120624,9.182879,5.774319],"rotation":0,"texture":"#0","tintindex":0},"east":{"uv":[8.638132,4.373541,8.700389,4.4046693],"rotation":0,"texture":"#0","tintindex":0},"north":{"uv":[9.961089,4.996109,10.054475,5.0272374],"rotation":0,"texture":"#0","tintindex":0},"south":{"uv":[9.961089,5.0428014,10.054475,5.07393],"rotation":0,"texture":"#0","tintindex":0},"up":{"uv":[8.420234,5.774319,8.326848,5.7120624],"rotation":0,"texture":"#0","tintindex":0},"west":{"uv":[8.311284,5.089494,8.373541,5.1206226],"rotation":0,"texture":"#0","tintindex":0}}},{"name":"cube","from":[7.7,11.059999,5.225],"to":[8.9,12.259999,7.625],"rotation":{"angle":0.0,"axis":"x","origin":[8.3,-11.14,7.625]},"faces":{"down":{"uv":[8.824903,6.0389104,8.793775,6.101167],"rotation":0,"texture":"#0","tintindex":0},"east":{"uv":[9.136187,4.4202332,9.198443,4.4513617],"rotation":0,"texture":"#0","tintindex":0},"north":{"uv":[9.945525,6.14786,9.976654,6.1789885],"rotation":0,"texture":"#0","tintindex":0},"south":{"uv":[9.992218,6.14786,10.023346,6.1789885],"rotation":0,"texture":"#0","tintindex":0},"up":{"uv":[8.77821,6.101167,8.747082,6.0389104],"rotation":0,"texture":"#0","tintindex":0},"west":{"uv":[9.36965,4.0466924,9.431907,4.077821],"rotation":0,"texture":"#0","tintindex":0}}},{"name":"cube","from":[8.9,11.059999,5.375],"to":[10.1,12.259999,7.625],"rotation":{"angle":0.0,"axis":"x","origin":[8.3,-11.14,7.625]},"faces":{"down":{"uv":[9.229572,6.0389104,9.198443,6.101167],"rotation":0,"texture":"#0","tintindex":0},"east":{"uv":[8.10895,5.4319067,8.171206,5.463035],"rotation":0,"texture":"#0","tintindex":0},"north":{"uv":[10.132296,6.007782,10.1634245,6.0389104],"rotation":0,"texture":"#0","tintindex":0},"south":{"uv":[10.038911,6.14786,10.070039,6.1789885],"rotation":0,"texture":"#0","tintindex":0},"up":{"uv":[8.980545,6.101167,8.949416,6.0389104],"rotation":0,"texture":"#0","tintindex":0},"west":{"uv":[9.571984,4.48249,9.634241,4.5136185],"rotation":0,"texture":"#0","tintindex":0}}},{"name":"cube","from":[6.5,11.059999,5.375],"to":[7.7,12.259999,7.625],"rotation":{"angle":0.0,"axis":"x","origin":[8.3,-11.14,7.625]},"faces":{"down":{"uv":[10.070039,4.373541,10.038911,4.4357977],"rotation":0,"texture":"#0","tintindex":0},"east":{"uv":[9.680934,6.0389104,9.743191,6.070039],"rotation":0,"texture":"#0","tintindex":0},"north":{"uv":[10.132296,6.054475,10.1634245,6.085603],"rotation":0,"texture":"#0","tintindex":0},"south":{"uv":[10.085603,6.14786,10.116732,6.1789885],"rotation":0,"texture":"#0","tintindex":0},"up":{"uv":[10.070039,4.3579764,10.038911,4.2957196],"rotation":0,"texture":"#0","tintindex":0},"west":{"uv":[10.038911,4.2490273,10.101168,4.2801557],"rotation":0,"texture":"#0","tintindex":0}}},{"name":"cube","from":[9.5,9.259999,5.225],"to":[10.700001,10.459999,10.025],"rotation":{"angle":0.0,"axis":"x","origin":[8.3,-9.34,7.625]},"faces":{"down":{"uv":[9.712062,5.836576,9.680934,5.9610896],"rotation":0,"texture":"#0","tintindex":0},"east":{"uv":[9.898832,4.2801557,10.023346,4.311284],"rotation":0,"texture":"#0","tintindex":0},"north":{"uv":[8.217898,6.163424,8.249027,6.1945524],"rotation":0,"texture":"#0","tintindex":0},"south":{"uv":[8.264591,6.163424,8.29572,6.1945524],"rotation":0,"texture":"#0","tintindex":0},"up":{"uv":[8.389105,4.6070037,8.357977,4.48249],"rotation":0,"texture":"#0","tintindex":0},"west":{"uv":[9.898832,4.326848,10.023346,4.3579764],"rotation":0,"texture":"#0","tintindex":0}}},{"name":"cube","from":[7.1,9.259999,8.825],"to":[9.5,10.459999,10.025],"rotation":{"angle":0.0,"axis":"x","origin":[8.0,-9.34,7.595]},"faces":{"down":{"uv":[8.326848,6.070039,8.264591,6.101167],"rotation":0,"texture":"#0","tintindex":0},"east":{"uv":[8.544747,6.163424,8.575875,6.1945524],"rotation":0,"texture":"#0","tintindex":0},"north":{"uv":[10.038911,5.743191,10.101168,5.774319],"rotation":0,"texture":"#0","tintindex":0},"south":{"uv":[10.038911,5.8832684,10.101168,5.914397],"rotation":0,"texture":"#0","tintindex":0},"up":{"uv":[8.249027,6.101167,8.18677,6.070039],"rotation":0,"texture":"#0","tintindex":0},"west":{"uv":[8.591439,6.163424,8.622568,6.1945524],"rotation":0,"texture":"#0","tintindex":0}}},{"name":"cube","from":[5.8999996,9.259999,5.225],"to":[7.1,10.459999,10.025],"rotation":{"angle":0.0,"axis":"x","origin":[7.7,-9.34,7.625]},"faces":{"down":{"uv":[9.929961,4.7159534,9.898832,4.840467],"rotation":0,"texture":"#0","tintindex":0},"east":{"uv":[9.898832,4.373541,10.023346,4.4046693],"rotation":0,"texture":"#0","tintindex":0},"north":{"uv":[10.14786,4.6070037,10.178988,4.638132],"rotation":0,"texture":"#0","tintindex":0},"south":{"uv":[8.824903,6.163424,8.856031,6.1945524],"rotation":0,"texture":"#0","tintindex":0},"up":{"uv":[8.980545,6.0233464,8.949416,5.898833],"rotation":0,"texture":"#0","tintindex":0},"west":{"uv":[9.898832,4.4202332,10.023346,4.4513617],"rotation":0,"texture":"#0","tintindex":0}}}],"display":{"head":{"translation":[0.0,-6.4,0.0],"rotation":[0.0,0.0,0.0],"scale":[3.8095,3.8095,3.8095]}}}