{"textures":{"0":"modelengine:entity/angelexdeeee"},"elements":[{"name":"cube","from":[6.71,6.71,6.11],"to":[9.29,8.09,8.69],"rotation":{"angle":0.0,"axis":"x","origin":[8.0,-11.800001,8.6]},"faces":{"down":{"uv":[8.093385,5.914397,8.031128,5.9766536],"rotation":0,"texture":"#0","tintindex":0},"east":{"uv":[8.420234,6.070039,8.482491,6.101167],"rotation":0,"texture":"#0","tintindex":0},"north":{"uv":[8.342412,6.070039,8.404669,6.101167],"rotation":0,"texture":"#0","tintindex":0},"south":{"uv":[10.054475,4.4513617,10.116732,4.48249],"rotation":0,"texture":"#0","tintindex":0},"up":{"uv":[8.715953,5.945525,8.653696,5.8832684],"rotation":0,"texture":"#0","tintindex":0},"west":{"uv":[10.054475,4.4980545,10.116732,4.529183],"rotation":0,"texture":"#0","tintindex":0}}}],"display":{"head":{"translation":[0.0,-6.4,0.0],"rotation":[0.0,0.0,0.0],"scale":[3.8095,3.8095,3.8095]}}}