{"textures":{"0":"modelengine:entity/angelexdeeee"},"elements":[{"name":"cube","from":[4.5081053,6.05,7.535],"to":[12.308106,7.25,8.135],"rotation":{"angle":-22.5,"axis":"z","origin":[11.708107,7.55,7.835]},"faces":{"down":{"uv":[12.015564,0.18677042,11.206225,0.12451362],"rotation":180,"texture":"#0","tintindex":0},"east":{"uv":[0.0270428,0.0,0.0,0.031128405],"rotation":0,"texture":"#0","tintindex":0},"north":{"uv":[11.953307,0.24902724,11.206225,0.12451362],"rotation":180,"texture":"#0","tintindex":0},"south":{"uv":[12.015564,0.24902724,11.206225,0.12451362],"rotation":180,"texture":"#0","tintindex":0},"up":{"uv":[0.019455252,0.0,0.0,0.0270428],"rotation":0,"texture":"#0","tintindex":0},"west":{"uv":[11.268482,0.12451362,11.206225,0.0],"rotation":180,"texture":"#0","tintindex":0}}},{"name":"cube","from":[4.5081053,7.25,7.235],"to":[12.308106,8.45,8.435],"rotation":{"angle":-22.5,"axis":"z","origin":[11.708107,7.55,7.835]},"faces":{"down":{"uv":[11.953307,0.12451362,11.206225,0.0],"rotation":180,"texture":"#0","tintindex":0},"east":{"uv":[0.0270428,0.0,0.0,0.031128405],"rotation":0,"texture":"#0","tintindex":0},"north":{"uv":[11.953307,0.12451362,11.206225,0.0],"rotation":180,"texture":"#0","tintindex":0},"south":{"uv":[11.953307,0.24902724,11.143969,0.12451362],"rotation":180,"texture":"#0","tintindex":0},"up":{"uv":[11.953307,0.12451362,11.206225,0.0],"rotation":180,"texture":"#0","tintindex":0},"west":{"uv":[11.392996,0.18677042,11.206225,0.0],"rotation":180,"texture":"#0","tintindex":0}}},{"name":"cube","from":[11.108107,6.95,6.935],"to":[12.908107,8.75,8.735001],"rotation":{"angle":-22.5,"axis":"z","origin":[11.708107,7.55,7.835]},"faces":{"down":{"uv":[11.392996,0.18677042,11.206225,0.0],"rotation":180,"texture":"#0","tintindex":0},"east":{"uv":[11.392996,0.18677042,11.206225,0.0],"rotation":180,"texture":"#0","tintindex":0},"north":{"uv":[11.392996,0.18677042,11.206225,0.0],"rotation":180,"texture":"#0","tintindex":0},"south":{"uv":[11.579766,0.18677042,11.392996,0.0],"rotation":180,"texture":"#0","tintindex":0},"up":{"uv":[11.392996,0.18677042,11.206225,0.0],"rotation":180,"texture":"#0","tintindex":0},"west":{"uv":[11.392996,0.18677042,11.206225,0.0],"rotation":180,"texture":"#0","tintindex":0}}},{"name":"puntalum","from":[-16.0,-13.919576,7.9387736],"to":[14.600001,13.680427,7.788774],"rotation":{"angle":0.0,"axis":"x","origin":[64.4,-24.719574,-17.711227]},"faces":{"down":{"uv":[3.1750972,4.015564,1.5875486,4.0466924],"rotation":0,"texture":"#0","tintindex":0},"east":{"uv":[1.5875486,4.0466924,1.618677,5.478599],"rotation":0,"texture":"#0","tintindex":0},"north":{"uv":[0.0,3.9844358,1.5875486,5.4163423],"rotation":0,"texture":"#0","tintindex":0},"south":{"uv":[1.5875486,3.9844358,0.0,5.4163423],"rotation":0,"texture":"#0","tintindex":0},"up":{"uv":[3.1750972,4.015564,1.5875486,3.9844358],"rotation":0,"texture":"#0","tintindex":0},"west":{"uv":[1.5875486,5.478599,1.618677,6.910506],"rotation":0,"texture":"#0","tintindex":0}}},{"name":"cube","from":[-3.291895,9.034999,7.535],"to":[5.108105,10.234999,8.135],"rotation":{"angle":-22.5,"axis":"z","origin":[4.5081053,10.535,7.835]},"faces":{"down":{"uv":[12.077821,0.18677042,11.206225,0.12451362],"rotation":180,"texture":"#0","tintindex":0},"east":{"uv":[0.0270428,0.0,0.0,0.031128405],"rotation":0,"texture":"#0","tintindex":0},"north":{"uv":[11.953307,0.24902724,11.206225,0.12451362],"rotation":180,"texture":"#0","tintindex":0},"south":{"uv":[12.077821,0.24902724,11.206225,0.12451362],"rotation":180,"texture":"#0","tintindex":0},"up":{"uv":[0.019455252,0.0,0.0,0.0270428],"rotation":0,"texture":"#0","tintindex":0},"west":{"uv":[11.953307,0.24902724,11.206225,0.12451362],"rotation":180,"texture":"#0","tintindex":0}}},{"name":"cube","from":[-3.8918953,10.234999,7.235],"to":[5.108105,11.434999,8.435],"rotation":{"angle":-22.5,"axis":"z","origin":[4.5081053,10.535,7.835]},"faces":{"down":{"uv":[11.953307,0.12451362,11.206225,0.0],"rotation":180,"texture":"#0","tintindex":0},"east":{"uv":[0.0270428,0.0,0.0,0.031128405],"rotation":0,"texture":"#0","tintindex":0},"north":{"uv":[12.264591,0.24902724,11.143969,0.12451362],"rotation":180,"texture":"#0","tintindex":0},"south":{"uv":[11.953307,0.24902724,11.143969,0.12451362],"rotation":180,"texture":"#0","tintindex":0},"up":{"uv":[12.202334,0.12451362,11.206225,0.0],"rotation":180,"texture":"#0","tintindex":0},"west":{"uv":[11.330739,0.12451362,11.206225,0.0],"rotation":180,"texture":"#0","tintindex":0}}}],"display":{"head":{"translation":[-15.299597,-6.4,0.0],"rotation":[0.0,0.0,0.0],"scale":[3.8095,3.8095,3.8095]}}}