{"textures":{"0":"modelengine:entity/angelexdeeee"},"elements":[{"name":"cube","from":[6.663636,5.0927267,6.2818184],"to":[9.663636,8.092727,9.881819],"rotation":{"angle":0.0,"axis":"x","origin":[14.463637,-2.7072735,8.081819]},"faces":{"down":{"uv":[8.140078,5.5875487,8.062257,5.680934],"rotation":0,"texture":"#0","tintindex":0},"east":{"uv":[8.996109,5.5719843,9.089494,5.6498055],"rotation":0,"texture":"#0","tintindex":0},"north":{"uv":[9.680934,3.9844358,9.758755,4.062257],"rotation":0,"texture":"#0","tintindex":0},"south":{"uv":[8.062257,5.696498,8.140078,5.774319],"rotation":0,"texture":"#0","tintindex":0},"up":{"uv":[9.634241,5.4007783,9.55642,5.307393],"rotation":0,"texture":"#0","tintindex":0},"west":{"uv":[9.55642,5.214008,9.649805,5.2918286],"rotation":0,"texture":"#0","tintindex":0}}},{"name":"cube","from":[6.783636,1.7627265,6.4018183],"to":[9.543636,5.122727,9.761818],"rotation":{"angle":0.0,"axis":"x","origin":[14.463637,-6.1572733,8.081819]},"faces":{"down":{"uv":[9.649805,4.840467,9.571984,4.933852],"rotation":0,"texture":"#0","tintindex":0},"east":{"uv":[9.229572,4.7470818,9.322957,4.840467],"rotation":0,"texture":"#0","tintindex":0},"north":{"uv":[8.155642,5.5875487,8.233463,5.680934],"rotation":0,"texture":"#0","tintindex":0},"south":{"uv":[8.249027,5.5875487,8.326848,5.680934],"rotation":0,"texture":"#0","tintindex":0},"up":{"uv":[9.649805,4.466926,9.571984,4.373541],"rotation":0,"texture":"#0","tintindex":0},"west":{"uv":[8.933852,5.2451363,9.027237,5.3385215],"rotation":0,"texture":"#0","tintindex":0}}},{"name":"cube","from":[6.6036363,2.1827264,6.221818],"to":[9.723637,4.102727,9.941818],"rotation":{"angle":0.0,"axis":"x","origin":[14.463637,-6.1572733,8.081819]},"faces":{"down":{"uv":[9.66537,3.9844358,9.587548,4.077821],"rotation":0,"texture":"#0","tintindex":0},"east":{"uv":[9.85214,5.011673,9.945525,5.058366],"rotation":0,"texture":"#0","tintindex":0},"north":{"uv":[8.10895,5.929961,8.18677,5.9766536],"rotation":0,"texture":"#0","tintindex":0},"south":{"uv":[9.914397,4.171206,9.992218,4.217899],"rotation":0,"texture":"#0","tintindex":0},"up":{"uv":[9.182879,5.680934,9.105059,5.5875487],"rotation":0,"texture":"#0","tintindex":0},"west":{"uv":[9.85214,5.07393,9.945525,5.1206226],"rotation":0,"texture":"#0","tintindex":0}}},{"name":"xd","from":[6.063636,4.0427265,9.881819],"to":[10.863636,8.842727,9.881819],"rotation":{"angle":22.5,"axis":"x","origin":[8.463636,4.0427265,9.881819]},"faces":{"down":{"uv":[10.287938,4.684825,10.1634245,4.684825],"rotation":0,"texture":"#0","tintindex":0},"east":{"uv":[8.762646,6.1789885,8.762646,6.303502],"rotation":0,"texture":"#0","tintindex":0},"north":{"uv":[8.435798,4.77821,8.560311,4.902724],"rotation":0,"texture":"#0","tintindex":0},"south":{"uv":[8.575875,4.77821,8.700389,4.902724],"rotation":0,"texture":"#0","tintindex":0},"up":{"uv":[10.287938,4.6692605,10.1634245,4.6692605],"rotation":0,"texture":"#0","tintindex":0},"west":{"uv":[8.77821,6.1789885,8.77821,6.303502],"rotation":0,"texture":"#0","tintindex":0}}},{"name":"xd","from":[6.063636,4.0427265,6.2818184],"to":[10.863636,8.842727,6.2818184],"rotation":{"angle":-22.5,"axis":"x","origin":[8.463636,4.0427265,6.2818184]},"faces":{"down":{"uv":[10.287938,4.856031,10.1634245,4.856031],"rotation":0,"texture":"#0","tintindex":0},"east":{"uv":[8.793775,6.1789885,8.793775,6.303502],"rotation":0,"texture":"#0","tintindex":0},"north":{"uv":[8.715953,4.77821,8.8404665,4.902724],"rotation":0,"texture":"#0","tintindex":0},"south":{"uv":[8.77821,4.1245136,8.902723,4.2490273],"rotation":0,"texture":"#0","tintindex":0},"up":{"uv":[10.287938,4.700389,10.1634245,4.700389],"rotation":0,"texture":"#0","tintindex":0},"west":{"uv":[8.809339,6.1789885,8.809339,6.303502],"rotation":0,"texture":"#0","tintindex":0}}},{"name":"xd","from":[6.663636,4.0427265,5.681818],"to":[6.663636,8.842727,10.481819],"rotation":{"angle":22.5,"axis":"z","origin":[6.663636,4.0427265,8.081819]},"faces":{"down":{"uv":[8.980545,6.1789885,8.980545,6.303502],"rotation":0,"texture":"#0","tintindex":0},"east":{"uv":[8.10895,4.8093386,8.233463,4.933852],"rotation":0,"texture":"#0","tintindex":0},"north":{"uv":[8.887159,6.1789885,8.887159,6.303502],"rotation":0,"texture":"#0","tintindex":0},"south":{"uv":[8.902723,6.1789885,8.902723,6.303502],"rotation":0,"texture":"#0","tintindex":0},"up":{"uv":[8.918288,6.303502,8.918288,6.1789885],"rotation":0,"texture":"#0","tintindex":0},"west":{"uv":[8.824903,4.5136185,8.949416,4.638132],"rotation":0,"texture":"#0","tintindex":0}}}],"display":{"head":{"translation":[0.0,-6.4,0.0],"rotation":[0.0,0.0,0.0],"scale":[3.8095,3.8095,3.8095]}}}