{"textures":{"0":"modelengine:entity/angelexdeeee"},"elements":[{"name":"xd","from":[1.0999997,0.049999714,7.7],"to":[5.3,7.85,7.7],"rotation":{"angle":0.0,"axis":"x","origin":[-8.8,-19.150002,0.49999976]},"faces":{"down":{"uv":[10.272373,4.6536965,10.1634245,4.6536965],"rotation":0,"texture":"#0","tintindex":0},"east":{"uv":[8.731518,6.1789885,8.731518,6.381323],"rotation":0,"texture":"#0","tintindex":0},"north":{"uv":[8.404669,4.2023344,8.513618,4.4046693],"rotation":0,"texture":"#0","tintindex":0},"south":{"uv":[8.404669,4.4202332,8.513618,4.622568],"rotation":0,"texture":"#0","tintindex":0},"up":{"uv":[10.272373,4.2023344,10.1634245,4.2023344],"rotation":0,"texture":"#0","tintindex":0},"west":{"uv":[8.747082,6.1789885,8.747082,6.381323],"rotation":0,"texture":"#0","tintindex":0}}},{"name":"cube","from":[5.3,4.7,6.2],"to":[8.9,7.7,9.8],"rotation":{"angle":0.0,"axis":"x","origin":[13.1,-10.300001,8.0]},"faces":{"down":{"uv":[9.322957,4.529183,9.229572,4.622568],"rotation":0,"texture":"#0","tintindex":0},"east":{"uv":[8.575875,5.5564203,8.669261,5.634241],"rotation":0,"texture":"#0","tintindex":0},"north":{"uv":[9.540856,4.529183,9.634241,4.6070037],"rotation":0,"texture":"#0","tintindex":0},"south":{"uv":[8.793775,5.5564203,8.887159,5.634241],"rotation":0,"texture":"#0","tintindex":0},"up":{"uv":[8.062257,5.3385215,7.9688716,5.2451363],"rotation":0,"texture":"#0","tintindex":0},"west":{"uv":[9.540856,5.011673,9.634241,5.089494],"rotation":0,"texture":"#0","tintindex":0}}},{"name":"cube","from":[5.8999996,7.7,6.2],"to":[8.3,8.3,9.8],"rotation":{"angle":0.0,"axis":"x","origin":[13.1,-10.300001,8.0]},"faces":{"down":{"uv":[9.758755,4.2490273,9.696498,4.3424125],"rotation":0,"texture":"#0","tintindex":0},"east":{"uv":[9.867704,6.085603,9.961089,6.101167],"rotation":0,"texture":"#0","tintindex":0},"north":{"uv":[10.132296,4.48249,10.194552,4.4980545],"rotation":0,"texture":"#0","tintindex":0},"south":{"uv":[10.132296,4.5136185,10.194552,4.529183],"rotation":0,"texture":"#0","tintindex":0},"up":{"uv":[9.1673155,5.789883,9.105059,5.696498],"rotation":0,"texture":"#0","tintindex":0},"west":{"uv":[10.070039,5.9766536,10.1634245,5.992218],"rotation":0,"texture":"#0","tintindex":0}}},{"name":"cube","from":[5.12,0.9199996,6.0199995],"to":[8.48,4.88,9.98],"rotation":{"angle":0.0,"axis":"x","origin":[13.1,-10.300001,8.0]},"faces":{"down":{"uv":[8.980545,5.5719843,8.902723,5.6653695],"rotation":0,"texture":"#0","tintindex":0},"east":{"uv":[8.607004,5.2451363,8.700389,5.3385215],"rotation":0,"texture":"#0","tintindex":0},"north":{"uv":[9.540856,5.105058,9.618677,5.1984434],"rotation":0,"texture":"#0","tintindex":0},"south":{"uv":[9.55642,4.622568,9.634241,4.7159534],"rotation":0,"texture":"#0","tintindex":0},"up":{"uv":[9.634241,4.8249025,9.55642,4.7315173],"rotation":0,"texture":"#0","tintindex":0},"west":{"uv":[9.229572,4.638132,9.322957,4.7315173],"rotation":0,"texture":"#0","tintindex":0}}},{"name":"cube","from":[5.0149994,3.9125,5.8999996],"to":[8.615,5.1124997,10.1],"rotation":{"angle":0.0,"axis":"x","origin":[8.0,1.3999997,8.0]},"faces":{"down":{"uv":[8.591439,5.011673,8.4980545,5.1206226],"rotation":0,"texture":"#0","tintindex":0},"east":{"uv":[9.929961,5.789883,10.038911,5.8210115],"rotation":0,"texture":"#0","tintindex":0},"north":{"uv":[8.8404665,5.9610896,8.933852,5.992218],"rotation":0,"texture":"#0","tintindex":0},"south":{"uv":[9.945525,5.4474707,10.038911,5.478599],"rotation":0,"texture":"#0","tintindex":0},"up":{"uv":[8.482491,5.1206226,8.389105,5.011673],"rotation":0,"texture":"#0","tintindex":0},"west":{"uv":[9.929961,5.836576,10.038911,5.8677044],"rotation":0,"texture":"#0","tintindex":0}}}],"display":{"head":{"translation":[0.0,-6.4,0.0],"rotation":[0.0,0.0,0.0],"scale":[3.8095,3.8095,3.8095]}}}