{"textures":{"0":"modelengine:entity/angelexdeeee"},"elements":[{"name":"cube","from":[4.6194487,6.4726257,7.484659],"to":[12.419449,7.6726255,8.08466],"rotation":{"angle":-22.5,"axis":"z","origin":[11.248482,8.15,7.835]},"faces":{"down":{"uv":[12.015564,0.18677042,11.206225,0.12451362],"rotation":180,"texture":"#0","tintindex":0},"east":{"uv":[0.0270428,0.0,0.0,0.031128405],"rotation":0,"texture":"#0","tintindex":0},"north":{"uv":[11.953307,0.24902724,11.206225,0.12451362],"rotation":180,"texture":"#0","tintindex":0},"south":{"uv":[12.015564,0.24902724,11.206225,0.12451362],"rotation":180,"texture":"#0","tintindex":0},"up":{"uv":[0.019455252,0.0,0.0,0.0270428],"rotation":0,"texture":"#0","tintindex":0},"west":{"uv":[11.268482,0.12451362,11.206225,0.0],"rotation":180,"texture":"#0","tintindex":0}}},{"name":"cube","from":[4.6194487,7.6726255,7.184659],"to":[12.419449,8.872625,8.38466],"rotation":{"angle":-22.5,"axis":"z","origin":[11.248482,8.15,7.835]},"faces":{"down":{"uv":[11.953307,0.12451362,11.206225,0.0],"rotation":180,"texture":"#0","tintindex":0},"east":{"uv":[0.0270428,0.0,0.0,0.031128405],"rotation":0,"texture":"#0","tintindex":0},"north":{"uv":[11.953307,0.12451362,11.206225,0.0],"rotation":180,"texture":"#0","tintindex":0},"south":{"uv":[11.953307,0.24902724,11.143969,0.12451362],"rotation":180,"texture":"#0","tintindex":0},"up":{"uv":[11.953307,0.12451362,11.206225,0.0],"rotation":180,"texture":"#0","tintindex":0},"west":{"uv":[11.392996,0.18677042,11.206225,0.0],"rotation":180,"texture":"#0","tintindex":0}}},{"name":"cube","from":[11.219449,7.372626,6.8846593],"to":[13.019449,9.172626,8.68466],"rotation":{"angle":-22.5,"axis":"z","origin":[11.248482,8.15,7.835]},"faces":{"down":{"uv":[11.392996,0.18677042,11.206225,0.0],"rotation":180,"texture":"#0","tintindex":0},"east":{"uv":[11.392996,0.18677042,11.206225,0.0],"rotation":180,"texture":"#0","tintindex":0},"north":{"uv":[11.392996,0.18677042,11.206225,0.0],"rotation":180,"texture":"#0","tintindex":0},"south":{"uv":[11.579766,0.18677042,11.392996,0.0],"rotation":180,"texture":"#0","tintindex":0},"up":{"uv":[11.392996,0.18677042,11.206225,0.0],"rotation":180,"texture":"#0","tintindex":0},"west":{"uv":[11.392996,0.18677042,11.206225,0.0],"rotation":180,"texture":"#0","tintindex":0}}},{"name":"puntalum","from":[-16.0,-13.701947,7.8884335],"to":[14.600002,13.898054,7.7384334],"rotation":{"angle":0.0,"axis":"x","origin":[63.940376,-24.119576,-17.711227]},"faces":{"down":{"uv":[3.1750972,4.015564,1.5875486,4.0466924],"rotation":0,"texture":"#0","tintindex":0},"east":{"uv":[1.5875486,4.0466924,1.618677,5.478599],"rotation":0,"texture":"#0","tintindex":0},"north":{"uv":[0.0,3.9844358,1.5875486,5.4163423],"rotation":0,"texture":"#0","tintindex":0},"south":{"uv":[1.5875486,3.9844358,0.0,5.4163423],"rotation":0,"texture":"#0","tintindex":0},"up":{"uv":[3.1750972,4.015564,1.5875486,3.9844358],"rotation":0,"texture":"#0","tintindex":0},"west":{"uv":[1.5875486,5.478599,1.618677,6.910506],"rotation":0,"texture":"#0","tintindex":0}}},{"name":"cube","from":[-3.1805515,9.457624,7.484659],"to":[5.2194486,10.657625,8.08466],"rotation":{"angle":-22.5,"axis":"z","origin":[4.04848,11.134999,7.835]},"faces":{"down":{"uv":[12.077821,0.18677042,11.206225,0.12451362],"rotation":180,"texture":"#0","tintindex":0},"east":{"uv":[0.0270428,0.0,0.0,0.031128405],"rotation":0,"texture":"#0","tintindex":0},"north":{"uv":[11.953307,0.24902724,11.206225,0.12451362],"rotation":180,"texture":"#0","tintindex":0},"south":{"uv":[12.077821,0.24902724,11.206225,0.12451362],"rotation":180,"texture":"#0","tintindex":0},"up":{"uv":[0.019455252,0.0,0.0,0.0270428],"rotation":0,"texture":"#0","tintindex":0},"west":{"uv":[11.953307,0.24902724,11.206225,0.12451362],"rotation":180,"texture":"#0","tintindex":0}}},{"name":"cube","from":[-3.780552,10.657625,7.184659],"to":[5.2194486,11.857625,8.38466],"rotation":{"angle":-22.5,"axis":"z","origin":[4.04848,11.134999,7.835]},"faces":{"down":{"uv":[11.953307,0.12451362,11.206225,0.0],"rotation":180,"texture":"#0","tintindex":0},"east":{"uv":[0.0270428,0.0,0.0,0.031128405],"rotation":0,"texture":"#0","tintindex":0},"north":{"uv":[12.264591,0.24902724,11.143969,0.12451362],"rotation":180,"texture":"#0","tintindex":0},"south":{"uv":[11.953307,0.24902724,11.143969,0.12451362],"rotation":180,"texture":"#0","tintindex":0},"up":{"uv":[12.202334,0.12451362,11.206225,0.0],"rotation":180,"texture":"#0","tintindex":0},"west":{"uv":[11.330739,0.12451362,11.206225,0.0],"rotation":180,"texture":"#0","tintindex":0}}}],"display":{"head":{"translation":[-13.583663,-6.4,0.0],"rotation":[0.0,0.0,0.0],"scale":[3.8095,3.8095,3.8095]}}}