{"textures":{"0":"modelengine:entity/angelexdeeee"},"elements":[{"name":"aluminio","from":[-7.0600004,-8.039287,7.745],"to":[7.94,9.360714,8.045],"rotation":{"angle":0.0,"axis":"x","origin":[15.14,-4.4392867,4.9249997]},"faces":{"down":{"uv":[3.4241245,1.8677043,1.8677043,1.9299611],"rotation":0,"texture":"#0","tintindex":0},"east":{"uv":[0.0,1.8677043,0.06225681,3.6731517],"rotation":0,"texture":"#0","tintindex":0},"north":{"uv":[0.0,0.0,1.5564202,1.8054475],"rotation":0,"texture":"#0","tintindex":0},"south":{"uv":[1.5564202,0.0,0.0,1.8054475],"rotation":0,"texture":"#0","tintindex":0},"up":{"uv":[1.8054475,1.9299611,0.24902724,1.8677043],"rotation":0,"texture":"#0","tintindex":0},"west":{"uv":[0.12451362,1.8677043,0.18677042,3.6731517],"rotation":0,"texture":"#0","tintindex":0}}},{"name":"cube","from":[-0.25000024,5.75,7.55],"to":[7.1,6.95,8.15],"rotation":{"angle":0.0,"axis":"x","origin":[10.4,2.1499996,9.365]},"faces":{"down":{"uv":[11.953307,0.24902724,11.206225,0.12451362],"rotation":180,"texture":"#0","tintindex":0},"east":{"uv":[11.392996,0.12451362,11.330739,0.0],"rotation":180,"texture":"#0","tintindex":0},"north":{"uv":[11.953307,0.24902724,11.206225,0.12451362],"rotation":180,"texture":"#0","tintindex":0},"south":{"uv":[10.101168,0.24902724,9.338521,0.12451362],"rotation":180,"texture":"#0","tintindex":0},"up":{"uv":[0.019455252,0.0,0.0,0.0270428],"rotation":0,"texture":"#0","tintindex":0},"west":{"uv":[11.330739,0.24902724,11.206225,0.12451362],"rotation":180,"texture":"#0","tintindex":0}}},{"name":"cube","from":[-0.09760046,6.9523997,7.2524],"to":[7.0976,8.1476,8.4476],"rotation":{"angle":0.0,"axis":"x","origin":[10.4,2.1499996,9.365]},"faces":{"down":{"uv":[11.953307,0.12451362,11.206225,0.0],"rotation":180,"texture":"#0","tintindex":0},"east":{"uv":[0.0270428,0.0,0.0,0.031128405],"rotation":0,"texture":"#0","tintindex":0},"north":{"uv":[11.953307,0.12451362,11.206225,0.0],"rotation":180,"texture":"#0","tintindex":0},"south":{"uv":[11.89105,0.24902724,11.143969,0.12451362],"rotation":180,"texture":"#0","tintindex":0},"up":{"uv":[11.953307,0.12451362,11.206225,0.0],"rotation":180,"texture":"#0","tintindex":0},"west":{"uv":[11.953307,0.12451362,11.206225,0.0],"rotation":180,"texture":"#0","tintindex":0}}},{"name":"cube","from":[7.1,6.35,7.25],"to":[8.3,8.15,9.05],"rotation":{"angle":0.0,"axis":"x","origin":[11.6,2.1499996,9.365]},"faces":{"down":{"uv":[11.455253,0.18677042,11.330739,0.0],"rotation":180,"texture":"#0","tintindex":0},"east":{"uv":[11.579766,0.18677042,11.392996,0.0],"rotation":180,"texture":"#0","tintindex":0},"north":{"uv":[11.330739,0.18677042,11.206225,0.0],"rotation":180,"texture":"#0","tintindex":0},"south":{"uv":[11.455253,0.18677042,11.330739,0.0],"rotation":180,"texture":"#0","tintindex":0},"up":{"uv":[11.455253,0.18677042,11.330739,0.0],"rotation":180,"texture":"#0","tintindex":0},"west":{"uv":[11.579766,0.18677042,11.392996,0.0],"rotation":180,"texture":"#0","tintindex":0}}},{"name":"cube","from":[-5.500001,6.05,7.55],"to":[0.49999976,7.25,8.15],"rotation":{"angle":-22.5,"axis":"z","origin":[-0.10000038,7.55,7.85]},"faces":{"down":{"uv":[11.953307,0.24902724,11.206225,0.12451362],"rotation":180,"texture":"#0","tintindex":0},"east":{"uv":[11.330739,0.24902724,11.206225,0.12451362],"rotation":180,"texture":"#0","tintindex":0},"north":{"uv":[11.953307,0.24902724,11.206225,0.12451362],"rotation":180,"texture":"#0","tintindex":0},"south":{"uv":[11.828794,0.24902724,11.206225,0.12451362],"rotation":180,"texture":"#0","tintindex":0},"up":{"uv":[0.019455252,0.0,0.0,0.0270428],"rotation":0,"texture":"#0","tintindex":0},"west":{"uv":[11.330739,0.24902724,11.206225,0.12451362],"rotation":180,"texture":"#0","tintindex":0}}},{"name":"cube","from":[-5.500001,7.25,7.25],"to":[0.49999976,8.45,8.45],"rotation":{"angle":-22.5,"axis":"z","origin":[-0.10000038,7.55,7.85]},"faces":{"down":{"uv":[11.953307,0.12451362,11.206225,0.0],"rotation":180,"texture":"#0","tintindex":0},"east":{"uv":[0.0270428,0.0,0.0,0.031128405],"rotation":0,"texture":"#0","tintindex":0},"north":{"uv":[11.953307,0.12451362,11.206225,0.0],"rotation":180,"texture":"#0","tintindex":0},"south":{"uv":[11.766537,0.24902724,11.143969,0.12451362],"rotation":180,"texture":"#0","tintindex":0},"up":{"uv":[11.953307,0.12451362,11.206225,0.0],"rotation":180,"texture":"#0","tintindex":0},"west":{"uv":[0.0270428,0.0,0.0,0.031128405],"rotation":0,"texture":"#0","tintindex":0}}}],"display":{"head":{"translation":[0.0,-6.4,0.0],"rotation":[0.0,0.0,0.0],"scale":[3.8095,3.8095,3.8095]}}}