{"textures":{"0":"modelengine:entity/angelexdeeee"},"elements":[{"name":"cube","from":[6.482913,6.9135556,8.06],"to":[8.522913,7.7535553,8.9],"rotation":{"angle":0.0,"axis":"x","origin":[6.2,-15.250001,10.4]},"faces":{"down":{"uv":[10.101168,5.089494,10.038911,5.1206226],"rotation":0,"texture":"#0","tintindex":0},"east":{"uv":[10.132296,6.101167,10.1634245,6.1322956],"rotation":0,"texture":"#0","tintindex":0},"north":{"uv":[10.038911,4.8871593,10.101168,4.9182878],"rotation":0,"texture":"#0","tintindex":0},"south":{"uv":[10.038911,4.933852,10.101168,4.9649806],"rotation":0,"texture":"#0","tintindex":0},"up":{"uv":[9.058366,6.085603,8.996109,6.054475],"rotation":0,"texture":"#0","tintindex":0},"west":{"uv":[10.132296,6.14786,10.1634245,6.1789885],"rotation":0,"texture":"#0","tintindex":0}}}],"display":{"head":{"translation":[0.0,-6.4,0.0],"rotation":[0.0,0.0,0.0],"scale":[3.8095,3.8095,3.8095]}}}