{"textures":{"0":"modelengine:entity/angelexdeeee"},"elements":[{"name":"cube","from":[4.696785,6.106797,7.4983683],"to":[12.496785,7.306797,8.098368],"rotation":{"angle":-22.5,"axis":"z","origin":[12.1489525,8.15,7.835]},"faces":{"down":{"uv":[12.015564,0.18677042,11.206225,0.12451362],"rotation":180,"texture":"#0","tintindex":0},"east":{"uv":[0.0270428,0.0,0.0,0.031128405],"rotation":0,"texture":"#0","tintindex":0},"north":{"uv":[11.953307,0.24902724,11.206225,0.12451362],"rotation":180,"texture":"#0","tintindex":0},"south":{"uv":[12.015564,0.24902724,11.206225,0.12451362],"rotation":180,"texture":"#0","tintindex":0},"up":{"uv":[0.019455252,0.0,0.0,0.0270428],"rotation":0,"texture":"#0","tintindex":0},"west":{"uv":[11.268482,0.12451362,11.206225,0.0],"rotation":180,"texture":"#0","tintindex":0}}},{"name":"cube","from":[4.696785,7.306797,7.198368],"to":[12.496785,8.506797,8.398369],"rotation":{"angle":-22.5,"axis":"z","origin":[12.1489525,8.15,7.835]},"faces":{"down":{"uv":[11.953307,0.12451362,11.206225,0.0],"rotation":180,"texture":"#0","tintindex":0},"east":{"uv":[0.0270428,0.0,0.0,0.031128405],"rotation":0,"texture":"#0","tintindex":0},"north":{"uv":[11.953307,0.12451362,11.206225,0.0],"rotation":180,"texture":"#0","tintindex":0},"south":{"uv":[11.953307,0.24902724,11.143969,0.12451362],"rotation":180,"texture":"#0","tintindex":0},"up":{"uv":[11.953307,0.12451362,11.206225,0.0],"rotation":180,"texture":"#0","tintindex":0},"west":{"uv":[11.392996,0.18677042,11.206225,0.0],"rotation":180,"texture":"#0","tintindex":0}}},{"name":"cube","from":[11.296785,7.006797,6.898368],"to":[13.096785,8.806797,8.698368],"rotation":{"angle":-22.5,"axis":"z","origin":[12.1489525,8.15,7.835]},"faces":{"down":{"uv":[11.392996,0.18677042,11.206225,0.0],"rotation":180,"texture":"#0","tintindex":0},"east":{"uv":[11.392996,0.18677042,11.206225,0.0],"rotation":180,"texture":"#0","tintindex":0},"north":{"uv":[11.392996,0.18677042,11.206225,0.0],"rotation":180,"texture":"#0","tintindex":0},"south":{"uv":[11.579766,0.18677042,11.392996,0.0],"rotation":180,"texture":"#0","tintindex":0},"up":{"uv":[11.392996,0.18677042,11.206225,0.0],"rotation":180,"texture":"#0","tintindex":0},"west":{"uv":[11.392996,0.18677042,11.206225,0.0],"rotation":180,"texture":"#0","tintindex":0}}},{"name":"puntalum","from":[-16.0,-13.724929,7.902142],"to":[14.599998,13.875072,7.752142],"rotation":{"angle":0.0,"axis":"x","origin":[64.84085,-24.119576,-17.711227]},"faces":{"down":{"uv":[7.159533,4.015564,5.5719843,4.0466924],"rotation":0,"texture":"#0","tintindex":0},"east":{"uv":[5.5719843,4.0466924,5.6031127,5.478599],"rotation":0,"texture":"#0","tintindex":0},"north":{"uv":[5.5719843,5.4163423,3.9844358,6.848249],"rotation":0,"texture":"#0","tintindex":0},"south":{"uv":[3.9844358,5.4163423,5.5719843,6.848249],"rotation":0,"texture":"#0","tintindex":0},"up":{"uv":[7.159533,4.015564,5.5719843,3.9844358],"rotation":0,"texture":"#0","tintindex":0},"west":{"uv":[5.5719843,5.478599,5.6031127,6.910506],"rotation":0,"texture":"#0","tintindex":0}}}],"display":{"head":{"translation":[-16.945421,-6.4,0.0],"rotation":[0.0,0.0,0.0],"scale":[3.8095,3.8095,3.8095]}}}