{"textures":{"0":"modelengine:entity/angelexdeeee"},"elements":[{"name":"aluminio","from":[-7.500848,-7.8446407,7.7083683],"to":[7.4991527,9.55536,8.0083685],"rotation":{"angle":0.0,"axis":"x","origin":[15.14,-3.8392863,4.9249997]},"faces":{"down":{"uv":[7.4085603,1.8677043,5.85214,1.9299611],"rotation":0,"texture":"#0","tintindex":0},"east":{"uv":[3.9844358,1.8677043,4.0466924,3.6731517],"rotation":0,"texture":"#0","tintindex":0},"north":{"uv":[3.9844358,0.0,5.540856,1.8054475],"rotation":0,"texture":"#0","tintindex":0},"south":{"uv":[5.6031127,0.0,7.159533,1.8054475],"rotation":0,"texture":"#0","tintindex":0},"up":{"uv":[5.789883,1.9299611,4.233463,1.8677043],"rotation":0,"texture":"#0","tintindex":0},"west":{"uv":[4.108949,1.8677043,4.171206,3.6731517],"rotation":0,"texture":"#0","tintindex":0}}},{"name":"cube","from":[-0.6908474,5.944646,7.5133686],"to":[6.659153,7.1446457,8.113369],"rotation":{"angle":0.0,"axis":"x","origin":[10.4,2.7499998,9.365]},"faces":{"down":{"uv":[11.953307,0.24902724,11.206225,0.12451362],"rotation":180,"texture":"#0","tintindex":0},"east":{"uv":[11.392996,0.12451362,11.330739,0.0],"rotation":180,"texture":"#0","tintindex":0},"north":{"uv":[11.953307,0.24902724,11.206225,0.12451362],"rotation":180,"texture":"#0","tintindex":0},"south":{"uv":[10.101168,0.24902724,9.338521,0.12451362],"rotation":180,"texture":"#0","tintindex":0},"up":{"uv":[0.019455252,0.0,0.0,0.0270428],"rotation":0,"texture":"#0","tintindex":0},"west":{"uv":[11.330739,0.24902724,11.206225,0.12451362],"rotation":180,"texture":"#0","tintindex":0}}},{"name":"cube","from":[-0.5384476,7.147045,7.2157683],"to":[6.656753,8.342246,8.410969],"rotation":{"angle":0.0,"axis":"x","origin":[10.4,2.7499998,9.365]},"faces":{"down":{"uv":[11.953307,0.12451362,11.206225,0.0],"rotation":180,"texture":"#0","tintindex":0},"east":{"uv":[0.0270428,0.0,0.0,0.031128405],"rotation":0,"texture":"#0","tintindex":0},"north":{"uv":[11.953307,0.12451362,11.206225,0.0],"rotation":180,"texture":"#0","tintindex":0},"south":{"uv":[11.89105,0.24902724,11.143969,0.12451362],"rotation":180,"texture":"#0","tintindex":0},"up":{"uv":[11.953307,0.12451362,11.206225,0.0],"rotation":180,"texture":"#0","tintindex":0},"west":{"uv":[11.953307,0.12451362,11.206225,0.0],"rotation":180,"texture":"#0","tintindex":0}}},{"name":"cube","from":[6.659153,6.5446453,7.2133684],"to":[7.859153,8.3446455,9.013369],"rotation":{"angle":0.0,"axis":"x","origin":[11.6,2.7499998,9.365]},"faces":{"down":{"uv":[11.455253,0.18677042,11.330739,0.0],"rotation":180,"texture":"#0","tintindex":0},"east":{"uv":[11.579766,0.18677042,11.392996,0.0],"rotation":180,"texture":"#0","tintindex":0},"north":{"uv":[11.330739,0.18677042,11.206225,0.0],"rotation":180,"texture":"#0","tintindex":0},"south":{"uv":[11.455253,0.18677042,11.330739,0.0],"rotation":180,"texture":"#0","tintindex":0},"up":{"uv":[11.455253,0.18677042,11.330739,0.0],"rotation":180,"texture":"#0","tintindex":0},"west":{"uv":[11.579766,0.18677042,11.392996,0.0],"rotation":180,"texture":"#0","tintindex":0}}},{"name":"cube","from":[-5.7521677,6.106797,7.5133686],"to":[0.24783254,7.306797,8.113369],"rotation":{"angle":-22.5,"axis":"z","origin":[-0.10000038,8.15,7.85]},"faces":{"down":{"uv":[11.953307,0.24902724,11.206225,0.12451362],"rotation":180,"texture":"#0","tintindex":0},"east":{"uv":[11.330739,0.24902724,11.206225,0.12451362],"rotation":180,"texture":"#0","tintindex":0},"north":{"uv":[11.953307,0.24902724,11.206225,0.12451362],"rotation":180,"texture":"#0","tintindex":0},"south":{"uv":[11.828794,0.24902724,11.206225,0.12451362],"rotation":180,"texture":"#0","tintindex":0},"up":{"uv":[0.019455252,0.0,0.0,0.0270428],"rotation":0,"texture":"#0","tintindex":0},"west":{"uv":[11.330739,0.24902724,11.206225,0.12451362],"rotation":180,"texture":"#0","tintindex":0}}},{"name":"cube","from":[-5.7521677,7.306797,7.2133684],"to":[0.24783254,8.506797,8.413368],"rotation":{"angle":-22.5,"axis":"z","origin":[-0.10000038,8.15,7.85]},"faces":{"down":{"uv":[11.953307,0.12451362,11.206225,0.0],"rotation":180,"texture":"#0","tintindex":0},"east":{"uv":[0.0270428,0.0,0.0,0.031128405],"rotation":0,"texture":"#0","tintindex":0},"north":{"uv":[11.953307,0.12451362,11.206225,0.0],"rotation":180,"texture":"#0","tintindex":0},"south":{"uv":[11.766537,0.24902724,11.143969,0.12451362],"rotation":180,"texture":"#0","tintindex":0},"up":{"uv":[11.953307,0.12451362,11.206225,0.0],"rotation":180,"texture":"#0","tintindex":0},"west":{"uv":[0.0270428,0.0,0.0,0.031128405],"rotation":0,"texture":"#0","tintindex":0}}}],"display":{"head":{"translation":[0.0,-6.4,0.0],"rotation":[0.0,0.0,0.0],"scale":[3.8095,3.8095,3.8095]}}}