{"textures":{"0":"modelengine:entity/angelexdeeee"},"elements":[{"name":"aluminio","from":[-6.600374,-7.821659,7.6946597],"to":[8.399627,9.578342,7.9946594],"rotation":{"angle":0.0,"axis":"x","origin":[15.14,-3.8392863,4.9249997]},"faces":{"down":{"uv":[3.4241245,1.8677043,1.8677043,1.9299611],"rotation":0,"texture":"#0","tintindex":0},"east":{"uv":[0.0,1.8677043,0.06225681,3.6731517],"rotation":0,"texture":"#0","tintindex":0},"north":{"uv":[0.0,0.0,1.5564202,1.8054475],"rotation":0,"texture":"#0","tintindex":0},"south":{"uv":[1.5564202,0.0,0.0,1.8054475],"rotation":0,"texture":"#0","tintindex":0},"up":{"uv":[1.8054475,1.9299611,0.24902724,1.8677043],"rotation":0,"texture":"#0","tintindex":0},"west":{"uv":[0.12451362,1.8677043,0.18677042,3.6731517],"rotation":0,"texture":"#0","tintindex":0}}},{"name":"cube","from":[0.20962644,5.9676275,7.4996595],"to":[7.5596266,7.1676273,8.09966],"rotation":{"angle":0.0,"axis":"x","origin":[10.4,2.7499998,9.365]},"faces":{"down":{"uv":[11.953307,0.24902724,11.206225,0.12451362],"rotation":180,"texture":"#0","tintindex":0},"east":{"uv":[11.392996,0.12451362,11.330739,0.0],"rotation":180,"texture":"#0","tintindex":0},"north":{"uv":[11.953307,0.24902724,11.206225,0.12451362],"rotation":180,"texture":"#0","tintindex":0},"south":{"uv":[10.101168,0.24902724,9.338521,0.12451362],"rotation":180,"texture":"#0","tintindex":0},"up":{"uv":[0.019455252,0.0,0.0,0.0270428],"rotation":0,"texture":"#0","tintindex":0},"west":{"uv":[11.330739,0.24902724,11.206225,0.12451362],"rotation":180,"texture":"#0","tintindex":0}}},{"name":"cube","from":[0.3620262,7.1700277,7.2020597],"to":[7.5572267,8.365228,8.39726],"rotation":{"angle":0.0,"axis":"x","origin":[10.4,2.7499998,9.365]},"faces":{"down":{"uv":[11.953307,0.12451362,11.206225,0.0],"rotation":180,"texture":"#0","tintindex":0},"east":{"uv":[0.0270428,0.0,0.0,0.031128405],"rotation":0,"texture":"#0","tintindex":0},"north":{"uv":[11.953307,0.12451362,11.206225,0.0],"rotation":180,"texture":"#0","tintindex":0},"south":{"uv":[11.89105,0.24902724,11.143969,0.12451362],"rotation":180,"texture":"#0","tintindex":0},"up":{"uv":[11.953307,0.12451362,11.206225,0.0],"rotation":180,"texture":"#0","tintindex":0},"west":{"uv":[11.953307,0.12451362,11.206225,0.0],"rotation":180,"texture":"#0","tintindex":0}}},{"name":"cube","from":[7.5596266,6.567628,7.1996593],"to":[8.759626,8.367628,8.99966],"rotation":{"angle":0.0,"axis":"x","origin":[11.6,2.7499998,9.365]},"faces":{"down":{"uv":[11.455253,0.18677042,11.330739,0.0],"rotation":180,"texture":"#0","tintindex":0},"east":{"uv":[11.579766,0.18677042,11.392996,0.0],"rotation":180,"texture":"#0","tintindex":0},"north":{"uv":[11.330739,0.18677042,11.206225,0.0],"rotation":180,"texture":"#0","tintindex":0},"south":{"uv":[11.455253,0.18677042,11.330739,0.0],"rotation":180,"texture":"#0","tintindex":0},"up":{"uv":[11.455253,0.18677042,11.330739,0.0],"rotation":180,"texture":"#0","tintindex":0},"west":{"uv":[11.579766,0.18677042,11.392996,0.0],"rotation":180,"texture":"#0","tintindex":0}}},{"name":"cube","from":[-4.9290333,6.4726257,7.4996595],"to":[1.0709672,7.6726255,8.09966],"rotation":{"angle":-22.5,"axis":"z","origin":[-0.10000038,8.15,7.85]},"faces":{"down":{"uv":[11.953307,0.24902724,11.206225,0.12451362],"rotation":180,"texture":"#0","tintindex":0},"east":{"uv":[11.330739,0.24902724,11.206225,0.12451362],"rotation":180,"texture":"#0","tintindex":0},"north":{"uv":[11.953307,0.24902724,11.206225,0.12451362],"rotation":180,"texture":"#0","tintindex":0},"south":{"uv":[11.828794,0.24902724,11.206225,0.12451362],"rotation":180,"texture":"#0","tintindex":0},"up":{"uv":[0.019455252,0.0,0.0,0.0270428],"rotation":0,"texture":"#0","tintindex":0},"west":{"uv":[11.330739,0.24902724,11.206225,0.12451362],"rotation":180,"texture":"#0","tintindex":0}}},{"name":"cube","from":[-4.9290333,7.6726255,7.1996593],"to":[1.0709672,8.872625,8.39966],"rotation":{"angle":-22.5,"axis":"z","origin":[-0.10000038,8.15,7.85]},"faces":{"down":{"uv":[11.953307,0.12451362,11.206225,0.0],"rotation":180,"texture":"#0","tintindex":0},"east":{"uv":[0.0270428,0.0,0.0,0.031128405],"rotation":0,"texture":"#0","tintindex":0},"north":{"uv":[11.953307,0.12451362,11.206225,0.0],"rotation":180,"texture":"#0","tintindex":0},"south":{"uv":[11.766537,0.24902724,11.143969,0.12451362],"rotation":180,"texture":"#0","tintindex":0},"up":{"uv":[11.953307,0.12451362,11.206225,0.0],"rotation":180,"texture":"#0","tintindex":0},"west":{"uv":[0.0270428,0.0,0.0,0.031128405],"rotation":0,"texture":"#0","tintindex":0}}}],"display":{"head":{"translation":[0.0,-6.4,0.0],"rotation":[0.0,0.0,0.0],"scale":[3.8095,3.8095,3.8095]}}}