{"textures":{"0":"modelengine:entity/angelexdeeee"},"elements":[{"name":"cube","from":[6.0439997,3.1939998,6.0439997],"to":[9.956,7.7060003,9.956],"rotation":{"angle":0.0,"axis":"x","origin":[5.6,0.34999967,8.0]},"faces":{"down":{"uv":[9.338521,5.1828794,9.245136,5.2762647],"rotation":0,"texture":"#0","tintindex":0},"east":{"uv":[9.027237,4.840467,9.120623,4.949416],"rotation":0,"texture":"#0","tintindex":0},"north":{"uv":[9.011673,4.996109,9.105059,5.105058],"rotation":0,"texture":"#0","tintindex":0},"south":{"uv":[8.093385,5.058366,8.18677,5.167315],"rotation":0,"texture":"#0","tintindex":0},"up":{"uv":[8.482491,5.3540854,8.389105,5.2607],"rotation":0,"texture":"#0","tintindex":0},"west":{"uv":[9.058366,4.093385,9.151751,4.2023344],"rotation":0,"texture":"#0","tintindex":0}}},{"name":"cube","from":[6.2,0.9499998,6.2],"to":[9.8,3.35,9.8],"rotation":{"angle":0.0,"axis":"x","origin":[5.6,0.34999967,8.0]},"faces":{"down":{"uv":[9.338521,5.2918286,9.245136,5.385214],"rotation":0,"texture":"#0","tintindex":0},"east":{"uv":[8.653696,5.7276263,8.747082,5.789883],"rotation":0,"texture":"#0","tintindex":0},"north":{"uv":[8.435798,5.7276263,8.529182,5.789883],"rotation":0,"texture":"#0","tintindex":0},"south":{"uv":[9.291829,5.7276263,9.385214,5.789883],"rotation":0,"texture":"#0","tintindex":0},"up":{"uv":[9.354086,4.077821,9.2607,3.9844358],"rotation":0,"texture":"#0","tintindex":0},"west":{"uv":[9.400778,5.7276263,9.4941635,5.789883],"rotation":0,"texture":"#0","tintindex":0}}}],"display":{"head":{"translation":[0.0,-6.4,0.0],"rotation":[0.0,0.0,0.0],"scale":[3.8095,3.8095,3.8095]}}}