{"textures":{"0":"modelengine:entity/angelexdeeee"},"elements":[{"name":"cube","from":[6.6125,6.2075005,6.3125],"to":[9.6125,7.4075003,9.9125],"rotation":{"angle":0.0,"axis":"x","origin":[7.8125,5.6075,8.1125]},"faces":{"down":{"uv":[8.420234,5.6031127,8.342412,5.696498],"rotation":0,"texture":"#0","tintindex":0},"east":{"uv":[9.945525,5.929961,10.038911,5.9610896],"rotation":0,"texture":"#0","tintindex":0},"north":{"uv":[8.747082,5.992218,8.824903,6.0233464],"rotation":0,"texture":"#0","tintindex":0},"south":{"uv":[9.976654,5.9766536,10.054475,6.007782],"rotation":0,"texture":"#0","tintindex":0},"up":{"uv":[9.66537,4.1867704,9.587548,4.093385],"rotation":0,"texture":"#0","tintindex":0},"west":{"uv":[8.264591,5.9766536,8.357977,6.007782],"rotation":0,"texture":"#0","tintindex":0}}},{"name":"cube","from":[6.7685003,7.5635004,6.4685],"to":[9.4565,7.8515005,9.7565],"rotation":{"angle":0.0,"axis":"x","origin":[7.8125,5.6075,8.1125]},"faces":{"down":{"uv":[9.36965,5.6031127,9.291829,5.696498],"rotation":0,"texture":"#0","tintindex":0},"east":{"uv":[10.085603,4.2957196,10.178988,4.311284],"rotation":0,"texture":"#0","tintindex":0},"north":{"uv":[9.66537,5.2762647,9.743191,5.2918286],"rotation":0,"texture":"#0","tintindex":0},"south":{"uv":[9.758755,5.011673,9.8365755,5.0272374],"rotation":0,"texture":"#0","tintindex":0},"up":{"uv":[9.276264,5.696498,9.198443,5.6031127],"rotation":0,"texture":"#0","tintindex":0},"west":{"uv":[10.085603,4.326848,10.178988,4.3424125],"rotation":0,"texture":"#0","tintindex":0}}},{"name":"cube","from":[6.6125,4.4075003,6.3125],"to":[7.8125,6.2075005,9.9125],"rotation":{"angle":0.0,"axis":"x","origin":[7.8125,5.6075,8.1125]},"faces":{"down":{"uv":[8.731518,5.9610896,8.700389,6.054475],"rotation":0,"texture":"#0","tintindex":0},"east":{"uv":[9.85214,5.1361866,9.945525,5.1828794],"rotation":0,"texture":"#0","tintindex":0},"north":{"uv":[10.085603,4.3579764,10.116732,4.4046693],"rotation":0,"texture":"#0","tintindex":0},"south":{"uv":[10.085603,4.544747,10.116732,4.5914397],"rotation":0,"texture":"#0","tintindex":0},"up":{"uv":[8.684825,6.054475,8.653696,5.9610896],"rotation":0,"texture":"#0","tintindex":0},"west":{"uv":[9.151751,5.8677044,9.245136,5.914397],"rotation":0,"texture":"#0","tintindex":0}}},{"name":"cube","from":[7.6924996,5.1275005,6.7925],"to":[9.3725,6.2075005,9.672501],"rotation":{"angle":0.0,"axis":"x","origin":[7.8125,5.6075,8.1125]},"faces":{"down":{"uv":[9.198443,5.929961,9.151751,6.007782],"rotation":0,"texture":"#0","tintindex":0},"east":{"uv":[9.992218,4.5603113,10.070039,4.5914397],"rotation":0,"texture":"#0","tintindex":0},"north":{"uv":[10.085603,4.6070037,10.132296,4.638132],"rotation":0,"texture":"#0","tintindex":0},"south":{"uv":[8.996109,6.101167,9.042802,6.1322956],"rotation":0,"texture":"#0","tintindex":0},"up":{"uv":[8.249027,6.007782,8.202334,5.929961],"rotation":0,"texture":"#0","tintindex":0},"west":{"uv":[9.992218,4.6070037,10.070039,4.638132],"rotation":0,"texture":"#0","tintindex":0}}},{"name":"cube","from":[9.0125,4.4075003,6.3125],"to":[10.2125,6.2075005,7.5125],"rotation":{"angle":0.0,"axis":"x","origin":[7.8125,5.6075,8.1125]},"faces":{"down":{"uv":[9.696498,6.1322956,9.66537,6.163424],"rotation":0,"texture":"#0","tintindex":0},"east":{"uv":[9.245136,6.101167,9.276264,6.14786],"rotation":0,"texture":"#0","tintindex":0},"north":{"uv":[8.8404665,6.101167,8.871595,6.14786],"rotation":0,"texture":"#0","tintindex":0},"south":{"uv":[9.291829,6.101167,9.322957,6.14786],"rotation":0,"texture":"#0","tintindex":0},"up":{"uv":[8.918288,6.163424,8.887159,6.1322956],"rotation":0,"texture":"#0","tintindex":0},"west":{"uv":[9.587548,6.101167,9.618677,6.14786],"rotation":0,"texture":"#0","tintindex":0}}},{"name":"cube","from":[6.7325,4.2875004,6.1925],"to":[9.372499,5.1275,7.0325],"rotation":{"angle":0.0,"axis":"x","origin":[7.8125,5.6075,8.1125]},"faces":{"down":{"uv":[10.194552,4.7470818,10.132296,4.7626457],"rotation":0,"texture":"#0","tintindex":0},"east":{"uv":[9.587548,5.8054476,9.603113,5.8210115],"rotation":0,"texture":"#0","tintindex":0},"north":{"uv":[10.132296,4.544747,10.194552,4.5603113],"rotation":0,"texture":"#0","tintindex":0},"south":{"uv":[10.132296,4.5758753,10.194552,4.5914397],"rotation":0,"texture":"#0","tintindex":0},"up":{"uv":[10.194552,4.7315173,10.132296,4.7159534],"rotation":0,"texture":"#0","tintindex":0},"west":{"uv":[9.821012,4.6536965,9.8365755,4.6692605],"rotation":0,"texture":"#0","tintindex":0}}},{"name":"cube","from":[6.7325,4.2875004,7.2425003],"to":[9.372499,5.1275,8.0825],"rotation":{"angle":0.0,"axis":"x","origin":[7.8125,5.6075,7.9625]},"faces":{"down":{"uv":[9.042802,6.14786,8.980545,6.163424],"rotation":0,"texture":"#0","tintindex":0},"east":{"uv":[9.85214,4.6536965,9.867704,4.6692605],"rotation":0,"texture":"#0","tintindex":0},"north":{"uv":[8.747082,6.14786,8.809339,6.163424],"rotation":0,"texture":"#0","tintindex":0},"south":{"uv":[10.132296,4.77821,10.194552,4.793774],"rotation":0,"texture":"#0","tintindex":0},"up":{"uv":[10.194552,4.8249025,10.132296,4.8093386],"rotation":0,"texture":"#0","tintindex":0},"west":{"uv":[8.8404665,5.8677044,8.856031,5.8832684],"rotation":0,"texture":"#0","tintindex":0}}},{"name":"cube","from":[6.7325,4.2875004,8.2925],"to":[9.372499,5.1275,9.1325],"rotation":{"angle":0.0,"axis":"x","origin":[7.8125,5.6075,8.4125]},"faces":{"down":{"uv":[9.4786,6.14786,9.416343,6.163424],"rotation":0,"texture":"#0","tintindex":0},"east":{"uv":[8.684825,6.163424,8.700389,6.1789885],"rotation":0,"texture":"#0","tintindex":0},"north":{"uv":[9.058366,6.14786,9.120623,6.163424],"rotation":0,"texture":"#0","tintindex":0},"south":{"uv":[9.136187,6.14786,9.198443,6.163424],"rotation":0,"texture":"#0","tintindex":0},"up":{"uv":[9.400778,6.163424,9.338521,6.14786],"rotation":0,"texture":"#0","tintindex":0},"west":{"uv":[9.307393,6.163424,9.322957,6.1789885],"rotation":0,"texture":"#0","tintindex":0}}},{"name":"cube","from":[6.7325,4.2875004,9.1925],"to":[9.372499,5.1275,10.032499],"rotation":{"angle":0.0,"axis":"x","origin":[7.8125,5.6075,8.1125]},"faces":{"down":{"uv":[10.194552,5.618677,10.132296,5.634241],"rotation":0,"texture":"#0","tintindex":0},"east":{"uv":[10.14786,5.525292,10.1634245,5.540856],"rotation":0,"texture":"#0","tintindex":0},"north":{"uv":[10.132296,5.4319067,10.194552,5.4474707],"rotation":0,"texture":"#0","tintindex":0},"south":{"uv":[10.132296,5.463035,10.194552,5.478599],"rotation":0,"texture":"#0","tintindex":0},"up":{"uv":[10.194552,5.6031127,10.132296,5.5875487],"rotation":0,"texture":"#0","tintindex":0},"west":{"uv":[9.540856,6.163424,9.55642,6.1789885],"rotation":0,"texture":"#0","tintindex":0}}}],"display":{"head":{"translation":[0.0,-6.4,0.0],"rotation":[0.0,0.0,0.0],"scale":[3.8095,3.8095,3.8095]}}}