{"textures":{"0":"modelengine:entity/angelexdeeee"},"elements":[{"name":"botxcd","from":[6.1099997,6.119892,8.858696],"to":[10.25,7.859892,10.598698],"rotation":{"angle":-22.5,"axis":"x","origin":[8.48,6.449892,10.868696]},"faces":{"down":{"uv":[9.867704,5.3385215,9.758755,5.385214],"rotation":0,"texture":"#0","tintindex":0},"east":{"uv":[8.29572,4.6692605,8.342412,4.7159534],"rotation":0,"texture":"#0","tintindex":0},"north":{"uv":[9.758755,4.684825,9.867704,4.7315173],"rotation":0,"texture":"#0","tintindex":0},"south":{"uv":[9.758755,4.949416,9.867704,4.996109],"rotation":0,"texture":"#0","tintindex":0},"up":{"uv":[9.867704,5.322957,9.758755,5.2762647],"rotation":0,"texture":"#0","tintindex":0},"west":{"uv":[9.618677,4.2023344,9.66537,4.2490273],"rotation":0,"texture":"#0","tintindex":0}}},{"name":"botxcd","from":[6.0806,5.346418,7.3685846],"to":[10.2794,7.145218,9.167384],"rotation":{"angle":0.0,"axis":"x","origin":[8.18,5.945818,8.567985]},"faces":{"down":{"uv":[9.883268,4.108949,9.774319,4.155642],"rotation":0,"texture":"#0","tintindex":0},"east":{"uv":[8.887159,6.007782,8.933852,6.054475],"rotation":0,"texture":"#0","tintindex":0},"north":{"uv":[9.774319,3.9844358,9.883268,4.0311284],"rotation":0,"texture":"#0","tintindex":0},"south":{"uv":[8.031128,5.789883,8.140078,5.836576],"rotation":0,"texture":"#0","tintindex":0},"up":{"uv":[9.883268,4.093385,9.774319,4.0466924],"rotation":0,"texture":"#0","tintindex":0},"west":{"uv":[9.136187,6.0233464,9.182879,6.070039],"rotation":0,"texture":"#0","tintindex":0}}},{"name":"botxcd","from":[6.23,7.2533903,5.5707626],"to":[9.83,9.0533905,9.170763],"rotation":{"angle":22.5,"axis":"x","origin":[8.0,6.2,5.6]},"faces":{"down":{"uv":[9.416343,4.856031,9.322957,4.949416],"rotation":0,"texture":"#0","tintindex":0},"east":{"uv":[8.389105,5.8832684,8.482491,5.929961],"rotation":0,"texture":"#0","tintindex":0},"north":{"uv":[9.821012,5.8677044,9.914397,5.914397],"rotation":0,"texture":"#0","tintindex":0},"south":{"uv":[9.883268,4.6536965,9.976654,4.700389],"rotation":0,"texture":"#0","tintindex":0},"up":{"uv":[8.918288,5.4319067,8.824903,5.3385215],"rotation":0,"texture":"#0","tintindex":0},"west":{"uv":[8.8404665,5.898833,8.933852,5.945525],"rotation":0,"texture":"#0","tintindex":0}}},{"name":"botxcd","from":[6.212,5.2318916,6.050697],"to":[9.848,7.667892,10.286697],"rotation":{"angle":0.0,"axis":"x","origin":[8.0,6.2,5.6]},"faces":{"down":{"uv":[8.062257,5.1206226,7.9688716,5.229572],"rotation":0,"texture":"#0","tintindex":0},"east":{"uv":[9.447471,4.1245136,9.55642,4.1867704],"rotation":0,"texture":"#0","tintindex":0},"north":{"uv":[9.5097275,5.7276263,9.603113,5.789883],"rotation":0,"texture":"#0","tintindex":0},"south":{"uv":[8.544747,5.743191,8.638132,5.8054476],"rotation":0,"texture":"#0","tintindex":0},"up":{"uv":[8.933852,5.214008,8.8404665,5.105058],"rotation":0,"texture":"#0","tintindex":0},"west":{"uv":[9.66537,5.1984434,9.774319,5.2607],"rotation":0,"texture":"#0","tintindex":0}}},{"name":"botxcd","from":[6.23,5.249892,3.0686965],"to":[9.83,6.449892,6.068697],"rotation":{"angle":0.0,"axis":"x","origin":[8.0,6.2,5.6]},"faces":{"down":{"uv":[8.887159,5.6498055,8.793775,5.7276263],"rotation":0,"texture":"#0","tintindex":0},"east":{"uv":[8.996109,6.007782,9.07393,6.0389104],"rotation":0,"texture":"#0","tintindex":0},"north":{"uv":[9.961089,5.151751,10.054475,5.1828794],"rotation":0,"texture":"#0","tintindex":0},"south":{"uv":[9.961089,5.385214,10.054475,5.4163423],"rotation":0,"texture":"#0","tintindex":0},"up":{"uv":[8.638132,5.7276263,8.544747,5.6498055],"rotation":0,"texture":"#0","tintindex":0},"west":{"uv":[9.2607,6.007782,9.338521,6.0389104],"rotation":0,"texture":"#0","tintindex":0}}},{"name":"botxcd","from":[6.83,5.249892,1.8686966],"to":[9.23,6.449892,3.0686965],"rotation":{"angle":0.0,"axis":"x","origin":[8.0,6.2,2.6]},"faces":{"down":{"uv":[10.116732,5.4319067,10.054475,5.463035],"rotation":0,"texture":"#0","tintindex":0},"east":{"uv":[8.933852,6.163424,8.96498,6.1945524],"rotation":0,"texture":"#0","tintindex":0},"north":{"uv":[10.054475,4.7626457,10.116732,4.793774],"rotation":0,"texture":"#0","tintindex":0},"south":{"uv":[10.054475,4.8093386,10.116732,4.840467],"rotation":0,"texture":"#0","tintindex":0},"up":{"uv":[9.447471,6.101167,9.385214,6.070039],"rotation":0,"texture":"#0","tintindex":0},"west":{"uv":[9.214007,6.163424,9.245136,6.1945524],"rotation":0,"texture":"#0","tintindex":0}}},{"name":"botxcd","from":[6.2324,5.8835173,3.776721],"to":[9.8276005,7.0787177,6.771921],"rotation":{"angle":-22.5,"axis":"x","origin":[8.0,6.2,5.6]},"faces":{"down":{"uv":[9.743191,4.48249,9.649805,4.5603113],"rotation":0,"texture":"#0","tintindex":0},"east":{"uv":[9.992218,5.322957,10.070039,5.3540854],"rotation":0,"texture":"#0","tintindex":0},"north":{"uv":[9.431907,5.9766536,9.525291,6.007782],"rotation":0,"texture":"#0","tintindex":0},"south":{"uv":[9.961089,5.6031127,10.054475,5.634241],"rotation":0,"texture":"#0","tintindex":0},"up":{"uv":[9.727627,5.1828794,9.634241,5.105058],"rotation":0,"texture":"#0","tintindex":0},"west":{"uv":[9.587548,6.007782,9.66537,6.0389104],"rotation":0,"texture":"#0","tintindex":0}}}],"display":{"head":{"translation":[0.0,-6.4,0.0],"rotation":[0.0,0.0,0.0],"scale":[3.8095,3.8095,3.8095]}}}