{"textures":{"0":"modelengine:entity/angelexdeeee"},"elements":[{"name":"cube","from":[6.8,6.6499996,6.5],"to":[9.2,8.45,9.5],"rotation":{"angle":0.0,"axis":"x","origin":[5.6,6.05,8.3]},"faces":{"down":{"uv":[10.116732,4.7159534,10.054475,4.7470818],"rotation":0,"texture":"#0","tintindex":0},"east":{"uv":[8.015564,6.1167316,8.046693,6.163424],"rotation":0,"texture":"#0","tintindex":0},"north":{"uv":[9.571984,4.949416,9.634241,4.996109],"rotation":0,"texture":"#0","tintindex":0},"south":{"uv":[9.961089,5.089494,10.023346,5.1361866],"rotation":0,"texture":"#0","tintindex":0},"up":{"uv":[8.700389,6.101167,8.638132,6.070039],"rotation":0,"texture":"#0","tintindex":0},"west":{"uv":[8.311284,6.1167316,8.342412,6.163424],"rotation":0,"texture":"#0","tintindex":0}}},{"name":"botxcd","from":[6.3199997,3.9199996,6.8900003],"to":[9.68,7.28,10.25],"rotation":{"angle":0.0,"axis":"x","origin":[8.0,3.1999998,8.75]},"faces":{"down":{"uv":[8.809339,5.3385215,8.715953,5.4319067],"rotation":0,"texture":"#0","tintindex":0},"east":{"uv":[8.077821,5.322957,8.171206,5.4163423],"rotation":0,"texture":"#0","tintindex":0},"north":{"uv":[8.4980545,5.307393,8.591439,5.4007783],"rotation":0,"texture":"#0","tintindex":0},"south":{"uv":[9.307393,4.311284,9.400778,4.4046693],"rotation":0,"texture":"#0","tintindex":0},"up":{"uv":[9.416343,4.5136185,9.322957,4.4202332],"rotation":0,"texture":"#0","tintindex":0},"west":{"uv":[9.322957,4.2023344,9.416343,4.2957196],"rotation":0,"texture":"#0","tintindex":0}}},{"name":"botxcd","from":[6.38,0.37999988,7.1],"to":[9.62,4.22,9.74],"rotation":{"angle":0.0,"axis":"x","origin":[8.0,0.19999981,8.9]},"faces":{"down":{"uv":[8.529182,5.634241,8.435798,5.7120624],"rotation":0,"texture":"#0","tintindex":0},"east":{"uv":[9.151751,5.3540854,9.229572,5.463035],"rotation":0,"texture":"#0","tintindex":0},"north":{"uv":[8.202334,5.089494,8.29572,5.1984434],"rotation":0,"texture":"#0","tintindex":0},"south":{"uv":[8.731518,5.105058,8.824903,5.214008],"rotation":0,"texture":"#0","tintindex":0},"up":{"uv":[9.66537,5.4941635,9.571984,5.4163423],"rotation":0,"texture":"#0","tintindex":0},"west":{"uv":[8.404669,5.36965,8.482491,5.478599],"rotation":0,"texture":"#0","tintindex":0}}},{"name":"botxcd","from":[6.08,3.1174998,6.8],"to":[9.92,3.9574997,10.04],"rotation":{"angle":0.0,"axis":"x","origin":[8.0,0.23749971,8.9]},"faces":{"down":{"uv":[9.712062,5.5097275,9.618677,5.5875487],"rotation":0,"texture":"#0","tintindex":0},"east":{"uv":[8.747082,6.1167316,8.824903,6.1322956],"rotation":0,"texture":"#0","tintindex":0},"north":{"uv":[8.357977,6.1167316,8.451362,6.1322956],"rotation":0,"texture":"#0","tintindex":0},"south":{"uv":[9.058366,6.1167316,9.151751,6.1322956],"rotation":0,"texture":"#0","tintindex":0},"up":{"uv":[8.77821,5.7120624,8.684825,5.634241],"rotation":0,"texture":"#0","tintindex":0},"west":{"uv":[10.038911,6.1167316,10.116732,6.1322956],"rotation":0,"texture":"#0","tintindex":0}}}],"display":{"head":{"translation":[0.0,-6.4,0.0],"rotation":[0.0,0.0,0.0],"scale":[3.8095,3.8095,3.8095]}}}