{"textures":{"0":"modelengine:entity/angelexdeeee"},"elements":[{"name":"cube","from":[3.5805511,6.4726257,7.484659],"to":[11.380551,7.6726255,8.08466],"rotation":{"angle":22.5,"axis":"z","origin":[4.7515182,8.15,7.835]},"faces":{"down":{"uv":[11.206225,0.18677042,12.015564,0.12451362],"rotation":180,"texture":"#0","tintindex":0},"east":{"uv":[11.206225,0.12451362,11.268482,0.0],"rotation":180,"texture":"#0","tintindex":0},"north":{"uv":[11.206225,0.24902724,11.953307,0.12451362],"rotation":180,"texture":"#0","tintindex":0},"south":{"uv":[11.206225,0.24902724,12.015564,0.12451362],"rotation":180,"texture":"#0","tintindex":0},"up":{"uv":[0.0,0.0,0.019455252,0.0270428],"rotation":0,"texture":"#0","tintindex":0},"west":{"uv":[0.0,0.0,0.0270428,0.031128405],"rotation":0,"texture":"#0","tintindex":0}}},{"name":"cube","from":[3.5805511,7.6726255,7.184659],"to":[11.380551,8.872625,8.38466],"rotation":{"angle":22.5,"axis":"z","origin":[4.7515182,8.15,7.835]},"faces":{"down":{"uv":[11.206225,0.12451362,11.953307,0.0],"rotation":180,"texture":"#0","tintindex":0},"east":{"uv":[11.206225,0.18677042,11.392996,0.0],"rotation":180,"texture":"#0","tintindex":0},"north":{"uv":[11.206225,0.12451362,11.953307,0.0],"rotation":180,"texture":"#0","tintindex":0},"south":{"uv":[11.143969,0.24902724,11.953307,0.12451362],"rotation":180,"texture":"#0","tintindex":0},"up":{"uv":[11.206225,0.12451362,11.953307,0.0],"rotation":180,"texture":"#0","tintindex":0},"west":{"uv":[0.0,0.0,0.0270428,0.031128405],"rotation":0,"texture":"#0","tintindex":0}}},{"name":"cube","from":[2.9805508,7.372626,6.8846593],"to":[4.780551,9.172626,8.68466],"rotation":{"angle":22.5,"axis":"z","origin":[4.7515182,8.15,7.835]},"faces":{"down":{"uv":[11.206225,0.18677042,11.392996,0.0],"rotation":180,"texture":"#0","tintindex":0},"east":{"uv":[11.206225,0.18677042,11.392996,0.0],"rotation":180,"texture":"#0","tintindex":0},"north":{"uv":[11.206225,0.18677042,11.392996,0.0],"rotation":180,"texture":"#0","tintindex":0},"south":{"uv":[11.392996,0.18677042,11.579766,0.0],"rotation":180,"texture":"#0","tintindex":0},"up":{"uv":[11.206225,0.18677042,11.392996,0.0],"rotation":180,"texture":"#0","tintindex":0},"west":{"uv":[11.206225,0.18677042,11.392996,0.0],"rotation":180,"texture":"#0","tintindex":0}}},{"name":"puntalum","from":[1.3999982,-13.701947,7.8884335],"to":[32.0,13.898054,7.7384334],"rotation":{"angle":0.0,"axis":"x","origin":[-47.940376,-24.119576,-17.711227]},"faces":{"down":{"uv":[1.5875486,4.015564,3.1750972,4.0466924],"rotation":0,"texture":"#0","tintindex":0},"east":{"uv":[1.618677,5.478599,1.5875486,6.910506],"rotation":0,"texture":"#0","tintindex":0},"north":{"uv":[1.5875486,3.9844358,0.0,5.4163423],"rotation":0,"texture":"#0","tintindex":0},"south":{"uv":[0.0,3.9844358,1.5875486,5.4163423],"rotation":0,"texture":"#0","tintindex":0},"up":{"uv":[1.5875486,4.015564,3.1750972,3.9844358],"rotation":0,"texture":"#0","tintindex":0},"west":{"uv":[1.618677,4.0466924,1.5875486,5.478599],"rotation":0,"texture":"#0","tintindex":0}}}],"display":{"head":{"translation":[13.583663,-6.4,0.0],"rotation":[0.0,0.0,0.0],"scale":[3.8095,3.8095,3.8095]}}}