{"textures":{"0":"modelengine:entity/angelexdeeee"},"elements":[{"name":"aluminio","from":[8.500847,-7.8446407,7.7083683],"to":[23.50085,9.55536,8.0083685],"rotation":{"angle":0.0,"axis":"x","origin":[0.8599999,-3.8392863,4.9249997]},"faces":{"down":{"uv":[5.85214,1.8677043,7.4085603,1.9299611],"rotation":0,"texture":"#0","tintindex":0},"east":{"uv":[4.171206,1.8677043,4.108949,3.6731517],"rotation":0,"texture":"#0","tintindex":0},"north":{"uv":[5.540856,0.0,3.9844358,1.8054475],"rotation":0,"texture":"#0","tintindex":0},"south":{"uv":[7.159533,0.0,5.6031127,1.8054475],"rotation":0,"texture":"#0","tintindex":0},"up":{"uv":[4.233463,1.9299611,5.789883,1.8677043],"rotation":0,"texture":"#0","tintindex":0},"west":{"uv":[4.0466924,1.8677043,3.9844358,3.6731517],"rotation":0,"texture":"#0","tintindex":0}}},{"name":"cube","from":[9.340847,5.944646,7.5133686],"to":[16.690847,7.1446457,8.113369],"rotation":{"angle":0.0,"axis":"x","origin":[5.6,2.7499998,9.365]},"faces":{"down":{"uv":[11.206225,0.24902724,11.953307,0.12451362],"rotation":180,"texture":"#0","tintindex":0},"east":{"uv":[11.206225,0.24902724,11.330739,0.12451362],"rotation":180,"texture":"#0","tintindex":0},"north":{"uv":[11.206225,0.24902724,11.953307,0.12451362],"rotation":180,"texture":"#0","tintindex":0},"south":{"uv":[9.338521,0.24902724,10.101168,0.12451362],"rotation":180,"texture":"#0","tintindex":0},"up":{"uv":[0.0,0.0,0.019455252,0.0270428],"rotation":0,"texture":"#0","tintindex":0},"west":{"uv":[11.330739,0.12451362,11.392996,0.0],"rotation":180,"texture":"#0","tintindex":0}}},{"name":"cube","from":[9.343246,7.147045,7.2157683],"to":[16.538448,8.342246,8.410969],"rotation":{"angle":0.0,"axis":"x","origin":[5.6,2.7499998,9.365]},"faces":{"down":{"uv":[11.206225,0.12451362,11.953307,0.0],"rotation":180,"texture":"#0","tintindex":0},"east":{"uv":[11.206225,0.12451362,11.953307,0.0],"rotation":180,"texture":"#0","tintindex":0},"north":{"uv":[11.206225,0.12451362,11.953307,0.0],"rotation":180,"texture":"#0","tintindex":0},"south":{"uv":[11.143969,0.24902724,11.89105,0.12451362],"rotation":180,"texture":"#0","tintindex":0},"up":{"uv":[11.206225,0.12451362,11.953307,0.0],"rotation":180,"texture":"#0","tintindex":0},"west":{"uv":[0.0,0.0,0.0270428,0.031128405],"rotation":0,"texture":"#0","tintindex":0}}},{"name":"cube","from":[8.140847,6.5446453,7.2133684],"to":[9.340847,8.3446455,9.013369],"rotation":{"angle":0.0,"axis":"x","origin":[4.3999996,2.7499998,9.365]},"faces":{"down":{"uv":[11.330739,0.18677042,11.455253,0.0],"rotation":180,"texture":"#0","tintindex":0},"east":{"uv":[11.392996,0.18677042,11.579766,0.0],"rotation":180,"texture":"#0","tintindex":0},"north":{"uv":[11.206225,0.18677042,11.330739,0.0],"rotation":180,"texture":"#0","tintindex":0},"south":{"uv":[11.330739,0.18677042,11.455253,0.0],"rotation":180,"texture":"#0","tintindex":0},"up":{"uv":[11.330739,0.18677042,11.455253,0.0],"rotation":180,"texture":"#0","tintindex":0},"west":{"uv":[11.392996,0.18677042,11.579766,0.0],"rotation":180,"texture":"#0","tintindex":0}}},{"name":"cube","from":[15.752168,6.106797,7.5133686],"to":[21.752167,7.306797,8.113369],"rotation":{"angle":22.5,"axis":"z","origin":[16.1,8.15,7.85]},"faces":{"down":{"uv":[11.206225,0.24902724,11.953307,0.12451362],"rotation":180,"texture":"#0","tintindex":0},"east":{"uv":[11.206225,0.24902724,11.330739,0.12451362],"rotation":180,"texture":"#0","tintindex":0},"north":{"uv":[11.206225,0.24902724,11.953307,0.12451362],"rotation":180,"texture":"#0","tintindex":0},"south":{"uv":[11.206225,0.24902724,11.828794,0.12451362],"rotation":180,"texture":"#0","tintindex":0},"up":{"uv":[0.0,0.0,0.019455252,0.0270428],"rotation":0,"texture":"#0","tintindex":0},"west":{"uv":[11.206225,0.24902724,11.330739,0.12451362],"rotation":180,"texture":"#0","tintindex":0}}},{"name":"cube","from":[15.752168,7.306797,7.2133684],"to":[21.752167,8.506797,8.413368],"rotation":{"angle":22.5,"axis":"z","origin":[16.1,8.15,7.85]},"faces":{"down":{"uv":[11.206225,0.12451362,11.953307,0.0],"rotation":180,"texture":"#0","tintindex":0},"east":{"uv":[0.0,0.0,0.0270428,0.031128405],"rotation":0,"texture":"#0","tintindex":0},"north":{"uv":[11.206225,0.12451362,11.953307,0.0],"rotation":180,"texture":"#0","tintindex":0},"south":{"uv":[11.143969,0.24902724,11.766537,0.12451362],"rotation":180,"texture":"#0","tintindex":0},"up":{"uv":[11.206225,0.12451362,11.953307,0.0],"rotation":180,"texture":"#0","tintindex":0},"west":{"uv":[0.0,0.0,0.0270428,0.031128405],"rotation":0,"texture":"#0","tintindex":0}}}],"display":{"head":{"translation":[0.0,-6.4,0.0],"rotation":[0.0,0.0,0.0],"scale":[3.8095,3.8095,3.8095]}}}