{"textures":{"0":"modelengine:entity/angelexdeeee"},"elements":[{"name":"cube","from":[6.8,6.6499996,6.5],"to":[9.2,8.45,9.5],"rotation":{"angle":0.0,"axis":"x","origin":[10.4,6.05,8.3]},"faces":{"down":{"uv":[10.116732,5.789883,10.054475,5.8210115],"rotation":0,"texture":"#0","tintindex":0},"east":{"uv":[8.466926,6.1167316,8.4980545,6.163424],"rotation":0,"texture":"#0","tintindex":0},"north":{"uv":[9.961089,5.6498055,10.023346,5.696498],"rotation":0,"texture":"#0","tintindex":0},"south":{"uv":[9.680934,5.9766536,9.743191,6.0233464],"rotation":0,"texture":"#0","tintindex":0},"up":{"uv":[9.525291,6.101167,9.463035,6.070039],"rotation":0,"texture":"#0","tintindex":0},"west":{"uv":[8.638132,6.1167316,8.669261,6.163424],"rotation":0,"texture":"#0","tintindex":0}}},{"name":"botxcd","from":[6.3199997,3.9199996,6.8900003],"to":[9.68,7.28,10.25],"rotation":{"angle":0.0,"axis":"x","origin":[8.0,3.1999998,8.75]},"faces":{"down":{"uv":[9.431907,5.07393,9.338521,5.167315],"rotation":0,"texture":"#0","tintindex":0},"east":{"uv":[9.338521,4.638132,9.431907,4.7315173],"rotation":0,"texture":"#0","tintindex":0},"north":{"uv":[8.607004,5.3540854,8.700389,5.4474707],"rotation":0,"texture":"#0","tintindex":0},"south":{"uv":[9.338521,4.7470818,9.431907,4.840467],"rotation":0,"texture":"#0","tintindex":0},"up":{"uv":[9.136187,5.4474707,9.042802,5.3540854],"rotation":0,"texture":"#0","tintindex":0},"west":{"uv":[8.933852,5.3540854,9.027237,5.4474707],"rotation":0,"texture":"#0","tintindex":0}}},{"name":"botxcd","from":[6.38,0.37999988,7.1],"to":[9.62,4.22,9.74],"rotation":{"angle":0.0,"axis":"x","origin":[8.0,0.19999981,8.9]},"faces":{"down":{"uv":[9.743191,4.6692605,9.649805,4.7470818],"rotation":0,"texture":"#0","tintindex":0},"east":{"uv":[9.354086,5.1828794,9.431907,5.2918286],"rotation":0,"texture":"#0","tintindex":0},"north":{"uv":[9.058366,5.1206226,9.151751,5.229572],"rotation":0,"texture":"#0","tintindex":0},"south":{"uv":[8.311284,5.1361866,8.404669,5.2451363],"rotation":0,"texture":"#0","tintindex":0},"up":{"uv":[9.743191,4.6536965,9.649805,4.5758753],"rotation":0,"texture":"#0","tintindex":0},"west":{"uv":[9.354086,5.307393,9.431907,5.4163423],"rotation":0,"texture":"#0","tintindex":0}}},{"name":"botxcd","from":[6.08,3.1174998,6.8],"to":[9.92,3.9574997,10.04],"rotation":{"angle":0.0,"axis":"x","origin":[8.0,0.23749971,8.9]},"faces":{"down":{"uv":[9.089494,5.6653695,8.996109,5.743191],"rotation":0,"texture":"#0","tintindex":0},"east":{"uv":[10.116732,4.2490273,10.194552,4.264591],"rotation":0,"texture":"#0","tintindex":0},"north":{"uv":[9.385214,6.1167316,9.4786,6.1322956],"rotation":0,"texture":"#0","tintindex":0},"south":{"uv":[9.867704,6.1167316,9.961089,6.1322956],"rotation":0,"texture":"#0","tintindex":0},"up":{"uv":[9.743191,5.0272374,9.649805,4.949416],"rotation":0,"texture":"#0","tintindex":0},"west":{"uv":[10.116732,4.8871593,10.194552,4.902724],"rotation":0,"texture":"#0","tintindex":0}}}],"display":{"head":{"translation":[0.0,-6.4,0.0],"rotation":[0.0,0.0,0.0],"scale":[3.8095,3.8095,3.8095]}}}