{"textures":{"0":"modelengine:entity/angelexdeeee"},"elements":[{"name":"aluminio","from":[8.06,-8.039287,7.745],"to":[23.060001,9.360714,8.045],"rotation":{"angle":0.0,"axis":"x","origin":[0.8599999,-4.4392867,4.9249997]},"faces":{"down":{"uv":[1.8677043,1.8677043,3.4241245,1.9299611],"rotation":0,"texture":"#0","tintindex":0},"east":{"uv":[0.18677042,1.8677043,0.12451362,3.6731517],"rotation":0,"texture":"#0","tintindex":0},"north":{"uv":[1.5564202,0.0,0.0,1.8054475],"rotation":0,"texture":"#0","tintindex":0},"south":{"uv":[0.0,0.0,1.5564202,1.8054475],"rotation":0,"texture":"#0","tintindex":0},"up":{"uv":[0.24902724,1.9299611,1.8054475,1.8677043],"rotation":0,"texture":"#0","tintindex":0},"west":{"uv":[0.06225681,1.8677043,0.0,3.6731517],"rotation":0,"texture":"#0","tintindex":0}}},{"name":"cube","from":[8.9,5.75,7.55],"to":[16.25,6.95,8.15],"rotation":{"angle":0.0,"axis":"x","origin":[5.6,2.1499996,9.365]},"faces":{"down":{"uv":[11.206225,0.24902724,11.953307,0.12451362],"rotation":180,"texture":"#0","tintindex":0},"east":{"uv":[11.206225,0.24902724,11.330739,0.12451362],"rotation":180,"texture":"#0","tintindex":0},"north":{"uv":[11.206225,0.24902724,11.953307,0.12451362],"rotation":180,"texture":"#0","tintindex":0},"south":{"uv":[9.338521,0.24902724,10.101168,0.12451362],"rotation":180,"texture":"#0","tintindex":0},"up":{"uv":[0.0,0.0,0.019455252,0.0270428],"rotation":0,"texture":"#0","tintindex":0},"west":{"uv":[11.330739,0.12451362,11.392996,0.0],"rotation":180,"texture":"#0","tintindex":0}}},{"name":"cube","from":[8.9024,6.9523997,7.2524],"to":[16.0976,8.1476,8.4476],"rotation":{"angle":0.0,"axis":"x","origin":[5.6,2.1499996,9.365]},"faces":{"down":{"uv":[11.206225,0.12451362,11.953307,0.0],"rotation":180,"texture":"#0","tintindex":0},"east":{"uv":[11.206225,0.12451362,11.953307,0.0],"rotation":180,"texture":"#0","tintindex":0},"north":{"uv":[11.206225,0.12451362,11.953307,0.0],"rotation":180,"texture":"#0","tintindex":0},"south":{"uv":[11.143969,0.24902724,11.89105,0.12451362],"rotation":180,"texture":"#0","tintindex":0},"up":{"uv":[11.206225,0.12451362,11.953307,0.0],"rotation":180,"texture":"#0","tintindex":0},"west":{"uv":[0.0,0.0,0.0270428,0.031128405],"rotation":0,"texture":"#0","tintindex":0}}},{"name":"cube","from":[7.7,6.35,7.25],"to":[8.9,8.15,9.05],"rotation":{"angle":0.0,"axis":"x","origin":[4.3999996,2.1499996,9.365]},"faces":{"down":{"uv":[11.330739,0.18677042,11.455253,0.0],"rotation":180,"texture":"#0","tintindex":0},"east":{"uv":[11.392996,0.18677042,11.579766,0.0],"rotation":180,"texture":"#0","tintindex":0},"north":{"uv":[11.206225,0.18677042,11.330739,0.0],"rotation":180,"texture":"#0","tintindex":0},"south":{"uv":[11.330739,0.18677042,11.455253,0.0],"rotation":180,"texture":"#0","tintindex":0},"up":{"uv":[11.330739,0.18677042,11.455253,0.0],"rotation":180,"texture":"#0","tintindex":0},"west":{"uv":[11.392996,0.18677042,11.579766,0.0],"rotation":180,"texture":"#0","tintindex":0}}},{"name":"cube","from":[15.5,6.05,7.55],"to":[21.5,7.25,8.15],"rotation":{"angle":22.5,"axis":"z","origin":[16.1,7.55,7.85]},"faces":{"down":{"uv":[11.206225,0.24902724,11.953307,0.12451362],"rotation":180,"texture":"#0","tintindex":0},"east":{"uv":[11.206225,0.24902724,11.330739,0.12451362],"rotation":180,"texture":"#0","tintindex":0},"north":{"uv":[11.206225,0.24902724,11.953307,0.12451362],"rotation":180,"texture":"#0","tintindex":0},"south":{"uv":[11.206225,0.24902724,11.828794,0.12451362],"rotation":180,"texture":"#0","tintindex":0},"up":{"uv":[0.0,0.0,0.019455252,0.0270428],"rotation":0,"texture":"#0","tintindex":0},"west":{"uv":[11.206225,0.24902724,11.330739,0.12451362],"rotation":180,"texture":"#0","tintindex":0}}},{"name":"cube","from":[15.5,7.25,7.25],"to":[21.5,8.45,8.45],"rotation":{"angle":22.5,"axis":"z","origin":[16.1,7.55,7.85]},"faces":{"down":{"uv":[11.206225,0.12451362,11.953307,0.0],"rotation":180,"texture":"#0","tintindex":0},"east":{"uv":[0.0,0.0,0.0270428,0.031128405],"rotation":0,"texture":"#0","tintindex":0},"north":{"uv":[11.206225,0.12451362,11.953307,0.0],"rotation":180,"texture":"#0","tintindex":0},"south":{"uv":[11.143969,0.24902724,11.766537,0.12451362],"rotation":180,"texture":"#0","tintindex":0},"up":{"uv":[11.206225,0.12451362,11.953307,0.0],"rotation":180,"texture":"#0","tintindex":0},"west":{"uv":[0.0,0.0,0.0270428,0.031128405],"rotation":0,"texture":"#0","tintindex":0}}},{"name":"aluminio","from":[8.66,0.36071372,7.895],"to":[9.26,5.7607136,8.195],"rotation":{"angle":0.0,"axis":"x","origin":[0.8599999,-4.4392867,5.075]},"faces":{"down":{"uv":[9.276264,0.93385214,9.338521,0.99610895],"rotation":0,"texture":"#0","tintindex":0},"east":{"uv":[9.276264,0.43579766,9.338521,0.99610895],"rotation":0,"texture":"#0","tintindex":0},"north":{"uv":[9.276264,0.99610895,9.338521,0.43579766],"rotation":180,"texture":"#0","tintindex":0},"south":{"uv":[9.276264,0.43579766,9.338521,0.99610895],"rotation":0,"texture":"#0","tintindex":0},"up":{"uv":[9.338521,0.43579766,9.276264,0.49805447],"rotation":180,"texture":"#0","tintindex":0},"west":{"uv":[9.276264,0.43579766,9.338521,0.99610895],"rotation":0,"texture":"#0","tintindex":0}}},{"name":"aluminio","from":[8.06,0.9607136,7.895],"to":[8.66,4.560714,8.195],"rotation":{"angle":0.0,"axis":"x","origin":[0.8599999,-4.4392867,5.075]},"faces":{"down":{"uv":[9.214007,0.8715953,9.276264,0.93385214],"rotation":0,"texture":"#0","tintindex":0},"east":{"uv":[9.214007,0.56031126,9.276264,0.93385214],"rotation":0,"texture":"#0","tintindex":0},"north":{"uv":[9.214007,0.93385214,9.276264,0.56031126],"rotation":180,"texture":"#0","tintindex":0},"south":{"uv":[9.214007,0.56031126,9.276264,0.93385214],"rotation":0,"texture":"#0","tintindex":0},"up":{"uv":[9.276264,0.56031126,9.214007,0.6225681],"rotation":180,"texture":"#0","tintindex":0},"west":{"uv":[9.214007,0.56031126,9.276264,0.93385214],"rotation":0,"texture":"#0","tintindex":0}}}],"display":{"head":{"translation":[0.0,-6.4,0.0],"rotation":[0.0,0.0,0.0],"scale":[3.8095,3.8095,3.8095]}}}