{"textures":{"0":"modelengine:entity/angelexdeeee"},"elements":[{"name":"cube","from":[6.336364,5.0927267,6.2818184],"to":[9.336364,8.092727,9.881819],"rotation":{"angle":0.0,"axis":"x","origin":[1.5363635,-2.7072735,8.081819]},"faces":{"down":{"uv":[8.280155,5.478599,8.202334,5.5719843],"rotation":0,"texture":"#0","tintindex":0},"east":{"uv":[9.649805,5.214008,9.55642,5.2918286],"rotation":0,"texture":"#0","tintindex":0},"north":{"uv":[7.9688716,5.6498055,8.046693,5.7276263],"rotation":0,"texture":"#0","tintindex":0},"south":{"uv":[8.902723,5.680934,8.980545,5.7587547],"rotation":0,"texture":"#0","tintindex":0},"up":{"uv":[8.18677,5.5719843,8.10895,5.478599],"rotation":0,"texture":"#0","tintindex":0},"west":{"uv":[9.447471,5.322957,9.540856,5.4007783],"rotation":0,"texture":"#0","tintindex":0}}},{"name":"cube","from":[6.4563637,1.7627265,6.4018183],"to":[9.216364,5.122727,9.761818],"rotation":{"angle":0.0,"axis":"x","origin":[1.5363635,-6.1572733,8.081819]},"faces":{"down":{"uv":[9.322957,5.4941635,9.245136,5.5875487],"rotation":0,"texture":"#0","tintindex":0},"east":{"uv":[8.824903,5.229572,8.918288,5.322957],"rotation":0,"texture":"#0","tintindex":0},"north":{"uv":[8.29572,5.478599,8.373541,5.5719843],"rotation":0,"texture":"#0","tintindex":0},"south":{"uv":[9.151751,5.478599,9.229572,5.5719843],"rotation":0,"texture":"#0","tintindex":0},"up":{"uv":[8.466926,5.5875487,8.389105,5.4941635],"rotation":0,"texture":"#0","tintindex":0},"west":{"uv":[9.214007,4.933852,9.307393,5.0272374],"rotation":0,"texture":"#0","tintindex":0}}},{"name":"cube","from":[6.276364,2.1827264,6.221818],"to":[9.396364,4.102727,9.941818],"rotation":{"angle":0.0,"axis":"x","origin":[1.5363635,-6.1572733,8.081819]},"faces":{"down":{"uv":[9.5097275,5.5097275,9.431907,5.6031127],"rotation":0,"texture":"#0","tintindex":0},"east":{"uv":[9.945525,5.07393,9.85214,5.1206226],"rotation":0,"texture":"#0","tintindex":0},"north":{"uv":[9.649805,5.0428014,9.727627,5.089494],"rotation":0,"texture":"#0","tintindex":0},"south":{"uv":[9.898832,4.856031,9.976654,4.902724],"rotation":0,"texture":"#0","tintindex":0},"up":{"uv":[9.416343,5.5875487,9.338521,5.4941635],"rotation":0,"texture":"#0","tintindex":0},"west":{"uv":[9.276264,5.85214,9.36965,5.898833],"rotation":0,"texture":"#0","tintindex":0}}},{"name":"xd","from":[9.336364,4.0427265,5.681818],"to":[9.336364,8.842727,10.481819],"rotation":{"angle":-22.5,"axis":"z","origin":[9.336364,4.0427265,8.081819]},"faces":{"down":{"uv":[8.529182,6.1789885,8.529182,6.303502],"rotation":0,"texture":"#0","tintindex":0},"east":{"uv":[8.155642,4.6692605,8.280155,4.793774],"rotation":0,"texture":"#0","tintindex":0},"north":{"uv":[9.089494,5.836576,9.089494,5.9610896],"rotation":0,"texture":"#0","tintindex":0},"south":{"uv":[8.4980545,6.1789885,8.4980545,6.303502],"rotation":0,"texture":"#0","tintindex":0},"up":{"uv":[8.513618,6.303502,8.513618,6.1789885],"rotation":0,"texture":"#0","tintindex":0},"west":{"uv":[8.684825,4.638132,8.809339,4.7626457],"rotation":0,"texture":"#0","tintindex":0}}},{"name":"xd","from":[5.1363635,4.0427265,9.881819],"to":[9.936363,8.842727,9.881819],"rotation":{"angle":22.5,"axis":"x","origin":[7.5363636,4.0427265,9.881819]},"faces":{"down":{"uv":[10.241245,4.2801557,10.116732,4.2801557],"rotation":0,"texture":"#0","tintindex":0},"east":{"uv":[8.638132,6.1789885,8.638132,6.303502],"rotation":0,"texture":"#0","tintindex":0},"north":{"uv":[7.9688716,4.7315173,8.093385,4.856031],"rotation":0,"texture":"#0","tintindex":0},"south":{"uv":[8.715953,3.9844358,8.8404665,4.108949],"rotation":0,"texture":"#0","tintindex":0},"up":{"uv":[10.210116,5.3540854,10.085603,5.3540854],"rotation":0,"texture":"#0","tintindex":0},"west":{"uv":[8.653696,6.1789885,8.653696,6.303502],"rotation":0,"texture":"#0","tintindex":0}}},{"name":"xd","from":[5.1363635,4.0427265,6.2818184],"to":[9.936363,8.842727,6.2818184],"rotation":{"angle":-22.5,"axis":"x","origin":[7.5363636,4.0427265,6.2818184]},"faces":{"down":{"uv":[10.256809,5.8677044,10.132296,5.8677044],"rotation":0,"texture":"#0","tintindex":0},"east":{"uv":[8.669261,6.1789885,8.669261,6.303502],"rotation":0,"texture":"#0","tintindex":0},"north":{"uv":[8.715953,4.373541,8.8404665,4.4980545],"rotation":0,"texture":"#0","tintindex":0},"south":{"uv":[8.29572,4.7470818,8.420234,4.8715954],"rotation":0,"texture":"#0","tintindex":0},"up":{"uv":[10.256809,4.840467,10.132296,4.840467],"rotation":0,"texture":"#0","tintindex":0},"west":{"uv":[8.715953,6.1789885,8.715953,6.303502],"rotation":0,"texture":"#0","tintindex":0}}}],"display":{"head":{"translation":[0.0,-6.4,0.0],"rotation":[0.0,0.0,0.0],"scale":[3.8095,3.8095,3.8095]}}}