{"textures":{"0":"modelengine:entity/angelexdeeee"},"elements":[{"name":"cube","from":[3.5032148,6.106797,7.4983683],"to":[11.303215,7.306797,8.098368],"rotation":{"angle":22.5,"axis":"z","origin":[3.8510475,8.15,7.835]},"faces":{"down":{"uv":[11.206225,0.18677042,12.015564,0.12451362],"rotation":180,"texture":"#0","tintindex":0},"east":{"uv":[11.206225,0.12451362,11.268482,0.0],"rotation":180,"texture":"#0","tintindex":0},"north":{"uv":[11.206225,0.24902724,11.953307,0.12451362],"rotation":180,"texture":"#0","tintindex":0},"south":{"uv":[11.206225,0.24902724,12.015564,0.12451362],"rotation":180,"texture":"#0","tintindex":0},"up":{"uv":[0.0,0.0,0.019455252,0.0270428],"rotation":0,"texture":"#0","tintindex":0},"west":{"uv":[0.0,0.0,0.0270428,0.031128405],"rotation":0,"texture":"#0","tintindex":0}}},{"name":"cube","from":[3.5032148,7.306797,7.198368],"to":[11.303215,8.506797,8.398369],"rotation":{"angle":22.5,"axis":"z","origin":[3.8510475,8.15,7.835]},"faces":{"down":{"uv":[11.206225,0.12451362,11.953307,0.0],"rotation":180,"texture":"#0","tintindex":0},"east":{"uv":[11.206225,0.18677042,11.392996,0.0],"rotation":180,"texture":"#0","tintindex":0},"north":{"uv":[11.206225,0.12451362,11.953307,0.0],"rotation":180,"texture":"#0","tintindex":0},"south":{"uv":[11.143969,0.24902724,11.953307,0.12451362],"rotation":180,"texture":"#0","tintindex":0},"up":{"uv":[11.206225,0.12451362,11.953307,0.0],"rotation":180,"texture":"#0","tintindex":0},"west":{"uv":[0.0,0.0,0.0270428,0.031128405],"rotation":0,"texture":"#0","tintindex":0}}},{"name":"cube","from":[2.903215,7.006797,6.898368],"to":[4.7032146,8.806797,8.698368],"rotation":{"angle":22.5,"axis":"z","origin":[3.8510475,8.15,7.835]},"faces":{"down":{"uv":[11.206225,0.18677042,11.392996,0.0],"rotation":180,"texture":"#0","tintindex":0},"east":{"uv":[11.206225,0.18677042,11.392996,0.0],"rotation":180,"texture":"#0","tintindex":0},"north":{"uv":[11.206225,0.18677042,11.392996,0.0],"rotation":180,"texture":"#0","tintindex":0},"south":{"uv":[11.392996,0.18677042,11.579766,0.0],"rotation":180,"texture":"#0","tintindex":0},"up":{"uv":[11.206225,0.18677042,11.392996,0.0],"rotation":180,"texture":"#0","tintindex":0},"west":{"uv":[11.206225,0.18677042,11.392996,0.0],"rotation":180,"texture":"#0","tintindex":0}}},{"name":"puntalum","from":[1.4000015,-13.724929,7.902142],"to":[32.0,13.875072,7.752142],"rotation":{"angle":0.0,"axis":"x","origin":[-48.840847,-24.119576,-17.711227]},"faces":{"down":{"uv":[5.5719843,4.015564,7.159533,4.0466924],"rotation":0,"texture":"#0","tintindex":0},"east":{"uv":[5.6031127,5.478599,5.5719843,6.910506],"rotation":0,"texture":"#0","tintindex":0},"north":{"uv":[3.9844358,5.4163423,5.5719843,6.848249],"rotation":0,"texture":"#0","tintindex":0},"south":{"uv":[5.5719843,5.4163423,3.9844358,6.848249],"rotation":0,"texture":"#0","tintindex":0},"up":{"uv":[5.5719843,4.015564,7.159533,3.9844358],"rotation":0,"texture":"#0","tintindex":0},"west":{"uv":[5.6031127,4.0466924,5.5719843,5.478599],"rotation":0,"texture":"#0","tintindex":0}}}],"display":{"head":{"translation":[16.945421,-6.4,0.0],"rotation":[0.0,0.0,0.0],"scale":[3.8095,3.8095,3.8095]}}}