{"textures":{"0":"modelengine:entity/angelexdeeee"},"elements":[{"name":"cube","from":[6.3875,6.2075005,6.3125],"to":[9.387501,7.4075003,9.9125],"rotation":{"angle":0.0,"axis":"x","origin":[8.1875,5.6075,8.1125]},"faces":{"down":{"uv":[8.77821,5.525292,8.700389,5.618677],"rotation":0,"texture":"#0","tintindex":0},"east":{"uv":[8.357977,5.9766536,8.264591,6.007782],"rotation":0,"texture":"#0","tintindex":0},"north":{"uv":[8.155642,4.622568,8.233463,4.6536965],"rotation":0,"texture":"#0","tintindex":0},"south":{"uv":[9.011673,4.466926,9.089494,4.4980545],"rotation":0,"texture":"#0","tintindex":0},"up":{"uv":[8.560311,5.618677,8.482491,5.525292],"rotation":0,"texture":"#0","tintindex":0},"west":{"uv":[9.945525,4.8093386,10.038911,4.840467],"rotation":0,"texture":"#0","tintindex":0}}},{"name":"cube","from":[6.5435,7.5635004,6.4685],"to":[9.231501,7.8515005,9.7565],"rotation":{"angle":0.0,"axis":"x","origin":[8.1875,5.6075,8.1125]},"faces":{"down":{"uv":[9.603113,5.5097275,9.525291,5.6031127],"rotation":0,"texture":"#0","tintindex":0},"east":{"uv":[10.070039,5.36965,10.1634245,5.385214],"rotation":0,"texture":"#0","tintindex":0},"north":{"uv":[9.027237,4.9649806,9.105059,4.9805446],"rotation":0,"texture":"#0","tintindex":0},"south":{"uv":[9.214007,4.311284,9.291829,4.326848],"rotation":0,"texture":"#0","tintindex":0},"up":{"uv":[8.046693,5.634241,7.9688716,5.540856],"rotation":0,"texture":"#0","tintindex":0},"west":{"uv":[10.070039,5.4007783,10.1634245,5.4163423],"rotation":0,"texture":"#0","tintindex":0}}},{"name":"cube","from":[8.1875,4.4075003,6.3125],"to":[9.387501,6.2075005,9.9125],"rotation":{"angle":0.0,"axis":"x","origin":[8.1875,5.6075,8.1125]},"faces":{"down":{"uv":[9.245136,5.929961,9.214007,6.0233464],"rotation":0,"texture":"#0","tintindex":0},"east":{"uv":[9.245136,5.8677044,9.151751,5.914397],"rotation":0,"texture":"#0","tintindex":0},"north":{"uv":[8.887159,6.070039,8.918288,6.1167316],"rotation":0,"texture":"#0","tintindex":0},"south":{"uv":[9.540856,6.070039,9.571984,6.1167316],"rotation":0,"texture":"#0","tintindex":0},"up":{"uv":[9.151751,4.077821,9.120623,3.9844358],"rotation":0,"texture":"#0","tintindex":0},"west":{"uv":[8.140078,5.8677044,8.233463,5.914397],"rotation":0,"texture":"#0","tintindex":0}}},{"name":"cube","from":[6.6275,5.1275005,6.7925],"to":[8.3075,6.2075005,9.672501],"rotation":{"angle":0.0,"axis":"x","origin":[8.1875,5.6075,8.1125]},"faces":{"down":{"uv":[9.36965,5.914397,9.322957,5.992218],"rotation":0,"texture":"#0","tintindex":0},"east":{"uv":[8.18677,5.322957,8.264591,5.3540854],"rotation":0,"texture":"#0","tintindex":0},"north":{"uv":[10.070039,5.6031127,10.116732,5.634241],"rotation":0,"texture":"#0","tintindex":0},"south":{"uv":[9.66537,6.085603,9.712062,6.1167316],"rotation":0,"texture":"#0","tintindex":0},"up":{"uv":[9.307393,5.992218,9.2607,5.914397],"rotation":0,"texture":"#0","tintindex":0},"west":{"uv":[8.482491,5.992218,8.560311,6.0233464],"rotation":0,"texture":"#0","tintindex":0}}},{"name":"cube","from":[5.7875,4.4075003,6.3125],"to":[6.9875,6.2075005,7.5125],"rotation":{"angle":0.0,"axis":"x","origin":[8.1875,5.6075,8.1125]},"faces":{"down":{"uv":[8.96498,6.1167316,8.933852,6.14786],"rotation":0,"texture":"#0","tintindex":0},"east":{"uv":[9.727627,6.085603,9.758755,6.1322956],"rotation":0,"texture":"#0","tintindex":0},"north":{"uv":[7.9688716,6.085603,8.0,6.1322956],"rotation":0,"texture":"#0","tintindex":0},"south":{"uv":[9.774319,6.085603,9.805448,6.1322956],"rotation":0,"texture":"#0","tintindex":0},"up":{"uv":[8.093385,5.5719843,8.062257,5.540856],"rotation":0,"texture":"#0","tintindex":0},"west":{"uv":[9.821012,6.085603,9.85214,6.1322956],"rotation":0,"texture":"#0","tintindex":0}}},{"name":"cube","from":[6.6275005,4.2875004,6.1925],"to":[9.2675,5.1275,7.0325],"rotation":{"angle":0.0,"axis":"x","origin":[8.1875,5.6075,8.1125]},"faces":{"down":{"uv":[10.178988,4.949416,10.116732,4.9649806],"rotation":0,"texture":"#0","tintindex":0},"east":{"uv":[8.249027,4.4513617,8.264591,4.466926],"rotation":0,"texture":"#0","tintindex":0},"north":{"uv":[9.2607,4.093385,9.322957,4.108949],"rotation":0,"texture":"#0","tintindex":0},"south":{"uv":[9.1673155,6.1167316,9.229572,6.1322956],"rotation":0,"texture":"#0","tintindex":0},"up":{"uv":[10.178988,4.933852,10.116732,4.9182878],"rotation":0,"texture":"#0","tintindex":0},"west":{"uv":[8.389105,4.9805446,8.404669,4.996109],"rotation":0,"texture":"#0","tintindex":0}}},{"name":"cube","from":[6.6275005,4.2875004,7.2425003],"to":[9.2675,5.1275,8.0825],"rotation":{"angle":0.0,"axis":"x","origin":[8.1875,5.6075,7.9625]},"faces":{"down":{"uv":[10.178988,5.5564203,10.116732,5.5719843],"rotation":0,"texture":"#0","tintindex":0},"east":{"uv":[8.96498,4.622568,8.980545,4.638132],"rotation":0,"texture":"#0","tintindex":0},"north":{"uv":[10.116732,5.07393,10.178988,5.089494],"rotation":0,"texture":"#0","tintindex":0},"south":{"uv":[10.116732,5.105058,10.178988,5.1206226],"rotation":0,"texture":"#0","tintindex":0},"up":{"uv":[9.55642,6.14786,9.4941635,6.1322956],"rotation":0,"texture":"#0","tintindex":0},"west":{"uv":[8.731518,5.07393,8.747082,5.089494],"rotation":0,"texture":"#0","tintindex":0}}},{"name":"cube","from":[6.6275005,4.2875004,8.2925],"to":[9.2675,5.1275,9.1325],"rotation":{"angle":0.0,"axis":"x","origin":[8.1875,5.6075,8.4125]},"faces":{"down":{"uv":[10.178988,5.8832684,10.116732,5.898833],"rotation":0,"texture":"#0","tintindex":0},"east":{"uv":[8.171206,5.1828794,8.18677,5.1984434],"rotation":0,"texture":"#0","tintindex":0},"north":{"uv":[10.116732,5.6498055,10.178988,5.6653695],"rotation":0,"texture":"#0","tintindex":0},"south":{"uv":[10.116732,5.680934,10.178988,5.696498],"rotation":0,"texture":"#0","tintindex":0},"up":{"uv":[10.178988,5.7587547,10.116732,5.743191],"rotation":0,"texture":"#0","tintindex":0},"west":{"uv":[8.077821,5.4319067,8.093385,5.4474707],"rotation":0,"texture":"#0","tintindex":0}}},{"name":"cube","from":[6.6275005,4.2875004,9.1925],"to":[9.2675,5.1275,10.032499],"rotation":{"angle":0.0,"axis":"x","origin":[8.1875,5.6075,8.1125]},"faces":{"down":{"uv":[10.194552,4.4513617,10.132296,4.466926],"rotation":0,"texture":"#0","tintindex":0},"east":{"uv":[8.871595,5.743191,8.887159,5.7587547],"rotation":0,"texture":"#0","tintindex":0},"north":{"uv":[10.132296,4.3579764,10.194552,4.373541],"rotation":0,"texture":"#0","tintindex":0},"south":{"uv":[8.357977,6.14786,8.420234,6.163424],"rotation":0,"texture":"#0","tintindex":0},"up":{"uv":[10.194552,4.4046693,10.132296,4.389105],"rotation":0,"texture":"#0","tintindex":0},"west":{"uv":[9.789884,5.4474707,9.805448,5.463035],"rotation":0,"texture":"#0","tintindex":0}}}],"display":{"head":{"translation":[0.0,-6.4,0.0],"rotation":[0.0,0.0,0.0],"scale":[3.8095,3.8095,3.8095]}}}