{"textures":{"0":"modelengine:entity/angelexdeeee"},"elements":[{"name":"cube","from":[3.6918898,6.05,7.535],"to":[11.491891,7.25,8.135],"rotation":{"angle":22.5,"axis":"z","origin":[4.291889,7.55,7.835]},"faces":{"down":{"uv":[11.206225,0.18677042,12.015564,0.12451362],"rotation":180,"texture":"#0","tintindex":0},"east":{"uv":[11.206225,0.12451362,11.268482,0.0],"rotation":180,"texture":"#0","tintindex":0},"north":{"uv":[11.206225,0.24902724,11.953307,0.12451362],"rotation":180,"texture":"#0","tintindex":0},"south":{"uv":[11.206225,0.24902724,12.015564,0.12451362],"rotation":180,"texture":"#0","tintindex":0},"up":{"uv":[0.0,0.0,0.019455252,0.0270428],"rotation":0,"texture":"#0","tintindex":0},"west":{"uv":[0.0,0.0,0.0270428,0.031128405],"rotation":0,"texture":"#0","tintindex":0}}},{"name":"cube","from":[3.6918898,7.25,7.235],"to":[11.491891,8.45,8.435],"rotation":{"angle":22.5,"axis":"z","origin":[4.291889,7.55,7.835]},"faces":{"down":{"uv":[11.206225,0.12451362,11.953307,0.0],"rotation":180,"texture":"#0","tintindex":0},"east":{"uv":[11.206225,0.18677042,11.392996,0.0],"rotation":180,"texture":"#0","tintindex":0},"north":{"uv":[11.206225,0.12451362,11.953307,0.0],"rotation":180,"texture":"#0","tintindex":0},"south":{"uv":[11.143969,0.24902724,11.953307,0.12451362],"rotation":180,"texture":"#0","tintindex":0},"up":{"uv":[11.206225,0.12451362,11.953307,0.0],"rotation":180,"texture":"#0","tintindex":0},"west":{"uv":[0.0,0.0,0.0270428,0.031128405],"rotation":0,"texture":"#0","tintindex":0}}},{"name":"cube","from":[3.0918894,6.95,6.935],"to":[4.8918896,8.75,8.735001],"rotation":{"angle":22.5,"axis":"z","origin":[4.291889,7.55,7.835]},"faces":{"down":{"uv":[11.206225,0.18677042,11.392996,0.0],"rotation":180,"texture":"#0","tintindex":0},"east":{"uv":[11.206225,0.18677042,11.392996,0.0],"rotation":180,"texture":"#0","tintindex":0},"north":{"uv":[11.206225,0.18677042,11.392996,0.0],"rotation":180,"texture":"#0","tintindex":0},"south":{"uv":[11.392996,0.18677042,11.579766,0.0],"rotation":180,"texture":"#0","tintindex":0},"up":{"uv":[11.206225,0.18677042,11.392996,0.0],"rotation":180,"texture":"#0","tintindex":0},"west":{"uv":[11.206225,0.18677042,11.392996,0.0],"rotation":180,"texture":"#0","tintindex":0}}},{"name":"puntalum","from":[1.3999949,-13.919576,7.9387736],"to":[32.0,13.680427,7.788774],"rotation":{"angle":0.0,"axis":"x","origin":[-48.400005,-24.719574,-17.711227]},"faces":{"down":{"uv":[1.5875486,4.015564,3.1750972,4.0466924],"rotation":0,"texture":"#0","tintindex":0},"east":{"uv":[1.618677,5.478599,1.5875486,6.910506],"rotation":0,"texture":"#0","tintindex":0},"north":{"uv":[1.5875486,3.9844358,0.0,5.4163423],"rotation":0,"texture":"#0","tintindex":0},"south":{"uv":[0.0,3.9844358,1.5875486,5.4163423],"rotation":0,"texture":"#0","tintindex":0},"up":{"uv":[1.5875486,4.015564,3.1750972,3.9844358],"rotation":0,"texture":"#0","tintindex":0},"west":{"uv":[1.618677,4.0466924,1.5875486,5.478599],"rotation":0,"texture":"#0","tintindex":0}}},{"name":"cube","from":[10.891891,9.034999,7.535],"to":[19.291893,10.234999,8.135],"rotation":{"angle":22.5,"axis":"z","origin":[11.491891,10.535,7.835]},"faces":{"down":{"uv":[11.206225,0.18677042,12.077821,0.12451362],"rotation":180,"texture":"#0","tintindex":0},"east":{"uv":[11.206225,0.24902724,11.953307,0.12451362],"rotation":180,"texture":"#0","tintindex":0},"north":{"uv":[11.206225,0.24902724,11.953307,0.12451362],"rotation":180,"texture":"#0","tintindex":0},"south":{"uv":[11.206225,0.24902724,12.077821,0.12451362],"rotation":180,"texture":"#0","tintindex":0},"up":{"uv":[0.0,0.0,0.019455252,0.0270428],"rotation":0,"texture":"#0","tintindex":0},"west":{"uv":[0.0,0.0,0.0270428,0.031128405],"rotation":0,"texture":"#0","tintindex":0}}},{"name":"cube","from":[10.891891,10.234999,7.235],"to":[19.891891,11.434999,8.435],"rotation":{"angle":22.5,"axis":"z","origin":[11.491891,10.535,7.835]},"faces":{"down":{"uv":[11.206225,0.12451362,11.953307,0.0],"rotation":180,"texture":"#0","tintindex":0},"east":{"uv":[11.206225,0.12451362,11.330739,0.0],"rotation":180,"texture":"#0","tintindex":0},"north":{"uv":[11.143969,0.24902724,12.264591,0.12451362],"rotation":180,"texture":"#0","tintindex":0},"south":{"uv":[11.143969,0.24902724,11.953307,0.12451362],"rotation":180,"texture":"#0","tintindex":0},"up":{"uv":[11.206225,0.12451362,12.202334,0.0],"rotation":180,"texture":"#0","tintindex":0},"west":{"uv":[0.0,0.0,0.0270428,0.031128405],"rotation":0,"texture":"#0","tintindex":0}}}],"display":{"head":{"translation":[15.299611,-6.4,0.0],"rotation":[0.0,0.0,0.0],"scale":[3.8095,3.8095,3.8095]}}}