{"textures":{"0":"modelengine:entity/angelexdeeee"},"elements":[{"name":"cube","from":[6.2,0.9499998,6.2],"to":[9.8,3.35,9.8],"rotation":{"angle":0.0,"axis":"x","origin":[10.4,0.34999967,8.0]},"faces":{"down":{"uv":[8.062257,5.3540854,7.9688716,5.4474707],"rotation":0,"texture":"#0","tintindex":0},"east":{"uv":[9.727627,5.478599,9.821012,5.540856],"rotation":0,"texture":"#0","tintindex":0},"north":{"uv":[8.762646,5.743191,8.856031,5.8054476],"rotation":0,"texture":"#0","tintindex":0},"south":{"uv":[8.996109,5.7587547,9.089494,5.8210115],"rotation":0,"texture":"#0","tintindex":0},"up":{"uv":[9.416343,5.058366,9.322957,4.9649806],"rotation":0,"texture":"#0","tintindex":0},"west":{"uv":[9.743191,5.0428014,9.8365755,5.105058],"rotation":0,"texture":"#0","tintindex":0}}},{"name":"cube","from":[6.0439997,3.1939998,6.0439997],"to":[9.956,7.7060003,9.956],"rotation":{"angle":0.0,"axis":"x","origin":[10.4,0.34999967,8.0]},"faces":{"down":{"uv":[9.431907,4.529183,9.338521,4.622568],"rotation":0,"texture":"#0","tintindex":0},"east":{"uv":[9.105059,4.466926,9.198443,4.5758753],"rotation":0,"texture":"#0","tintindex":0},"north":{"uv":[9.105059,4.217899,9.198443,4.326848],"rotation":0,"texture":"#0","tintindex":0},"south":{"uv":[8.607004,5.1206226,8.700389,5.229572],"rotation":0,"texture":"#0","tintindex":0},"up":{"uv":[9.431907,4.1867704,9.338521,4.093385],"rotation":0,"texture":"#0","tintindex":0},"west":{"uv":[8.949416,5.1206226,9.042802,5.229572],"rotation":0,"texture":"#0","tintindex":0}}}],"display":{"head":{"translation":[0.0,-6.4,0.0],"rotation":[0.0,0.0,0.0],"scale":[3.8095,3.8095,3.8095]}}}