{"textures":{"0":"modelengine:entity/angelexdeeee"},"elements":[{"name":"cube","from":[7.3849998,3.9125,5.8999996],"to":[10.985001,5.1124997,10.1],"rotation":{"angle":0.0,"axis":"x","origin":[8.0,1.3999997,8.0]},"faces":{"down":{"uv":[8.4980545,5.011673,8.591439,5.1206226],"rotation":0,"texture":"#0","tintindex":0},"east":{"uv":[10.038911,5.836576,9.929961,5.8677044],"rotation":0,"texture":"#0","tintindex":0},"north":{"uv":[8.933852,5.9610896,8.8404665,5.992218],"rotation":0,"texture":"#0","tintindex":0},"south":{"uv":[10.038911,5.4474707,9.945525,5.478599],"rotation":0,"texture":"#0","tintindex":0},"up":{"uv":[8.389105,5.1206226,8.482491,5.011673],"rotation":0,"texture":"#0","tintindex":0},"west":{"uv":[10.038911,5.789883,9.929961,5.8210115],"rotation":0,"texture":"#0","tintindex":0}}},{"name":"xd","from":[10.700001,0.049999714,7.7],"to":[14.900001,7.85,7.7],"rotation":{"angle":0.0,"axis":"x","origin":[24.8,-19.150002,0.49999976]},"faces":{"down":{"uv":[9.898832,5.743191,9.789884,5.743191],"rotation":0,"texture":"#0","tintindex":0},"east":{"uv":[8.871595,6.163424,8.871595,6.365759],"rotation":0,"texture":"#0","tintindex":0},"north":{"uv":[8.280155,4.264591,8.389105,4.466926],"rotation":0,"texture":"#0","tintindex":0},"south":{"uv":[8.404669,3.9844358,8.513618,4.1867704],"rotation":0,"texture":"#0","tintindex":0},"up":{"uv":[9.55642,5.4163423,9.447471,5.4163423],"rotation":0,"texture":"#0","tintindex":0},"west":{"uv":[8.10895,6.1789885,8.10895,6.381323],"rotation":0,"texture":"#0","tintindex":0}}},{"name":"cube","from":[7.1,4.7,6.2],"to":[10.700001,7.7,9.8],"rotation":{"angle":0.0,"axis":"x","origin":[2.8999999,-10.300001,8.0]},"faces":{"down":{"uv":[9.307393,4.2023344,9.214007,4.2957196],"rotation":0,"texture":"#0","tintindex":0},"east":{"uv":[9.634241,5.011673,9.540856,5.089494],"rotation":0,"texture":"#0","tintindex":0},"north":{"uv":[8.591439,5.463035,8.684825,5.540856],"rotation":0,"texture":"#0","tintindex":0},"south":{"uv":[9.447471,4.7315173,9.540856,4.8093386],"rotation":0,"texture":"#0","tintindex":0},"up":{"uv":[8.264591,5.307393,8.171206,5.214008],"rotation":0,"texture":"#0","tintindex":0},"west":{"uv":[8.856031,5.463035,8.949416,5.540856],"rotation":0,"texture":"#0","tintindex":0}}},{"name":"cube","from":[7.7,7.7,6.2],"to":[10.1,8.3,9.8],"rotation":{"angle":0.0,"axis":"x","origin":[2.8999999,-10.300001,8.0]},"faces":{"down":{"uv":[8.311284,5.696498,8.249027,5.789883],"rotation":0,"texture":"#0","tintindex":0},"east":{"uv":[10.070039,5.1361866,10.1634245,5.151751],"rotation":0,"texture":"#0","tintindex":0},"north":{"uv":[8.918288,4.233463,8.980545,4.2490273],"rotation":0,"texture":"#0","tintindex":0},"south":{"uv":[9.136187,4.933852,9.198443,4.949416],"rotation":0,"texture":"#0","tintindex":0},"up":{"uv":[8.8404665,4.3579764,8.77821,4.264591],"rotation":0,"texture":"#0","tintindex":0},"west":{"uv":[10.070039,5.167315,10.1634245,5.1828794],"rotation":0,"texture":"#0","tintindex":0}}},{"name":"cube","from":[7.52,0.9199996,6.0199995],"to":[10.88,4.88,9.98],"rotation":{"angle":0.0,"axis":"x","origin":[2.8999999,-10.300001,8.0]},"faces":{"down":{"uv":[9.525291,5.1206226,9.447471,5.214008],"rotation":0,"texture":"#0","tintindex":0},"east":{"uv":[9.322957,4.638132,9.229572,4.7315173],"rotation":0,"texture":"#0","tintindex":0},"north":{"uv":[8.96498,5.463035,9.042802,5.5564203],"rotation":0,"texture":"#0","tintindex":0},"south":{"uv":[9.447471,5.011673,9.525291,5.105058],"rotation":0,"texture":"#0","tintindex":0},"up":{"uv":[9.136187,5.5564203,9.058366,5.463035],"rotation":0,"texture":"#0","tintindex":0},"west":{"uv":[8.715953,5.229572,8.809339,5.322957],"rotation":0,"texture":"#0","tintindex":0}}}],"display":{"head":{"translation":[0.0,-6.4,0.0],"rotation":[0.0,0.0,0.0],"scale":[3.8095,3.8095,3.8095]}}}