{"textures":{"0":"modelengine:entity/angelexdeeee"},"elements":[{"name":"botxcd","from":[5.75,6.119892,8.858696],"to":[9.889999,7.859892,10.598698],"rotation":{"angle":-22.5,"axis":"x","origin":[7.52,6.449892,10.868696]},"faces":{"down":{"uv":[9.883268,4.7470818,9.774319,4.793774],"rotation":0,"texture":"#0","tintindex":0},"east":{"uv":[9.758755,6.0233464,9.805448,6.070039],"rotation":0,"texture":"#0","tintindex":0},"north":{"uv":[9.774319,4.2490273,9.883268,4.2957196],"rotation":0,"texture":"#0","tintindex":0},"south":{"uv":[9.774319,4.311284,9.883268,4.3579764],"rotation":0,"texture":"#0","tintindex":0},"up":{"uv":[9.883268,4.4202332,9.774319,4.373541],"rotation":0,"texture":"#0","tintindex":0},"west":{"uv":[9.821012,6.0233464,9.867704,6.070039],"rotation":0,"texture":"#0","tintindex":0}}},{"name":"botxcd","from":[5.7206,5.346418,7.3685846],"to":[9.9194,7.145218,9.167384],"rotation":{"angle":0.0,"axis":"x","origin":[7.8199997,5.945818,8.567985]},"faces":{"down":{"uv":[9.898832,4.171206,9.789884,4.217899],"rotation":0,"texture":"#0","tintindex":0},"east":{"uv":[9.883268,6.0233464,9.929961,6.070039],"rotation":0,"texture":"#0","tintindex":0},"north":{"uv":[9.774319,4.8093386,9.883268,4.856031],"rotation":0,"texture":"#0","tintindex":0},"south":{"uv":[9.774319,4.8715954,9.883268,4.9182878],"rotation":0,"texture":"#0","tintindex":0},"up":{"uv":[8.264591,5.85214,8.155642,5.8054476],"rotation":0,"texture":"#0","tintindex":0},"west":{"uv":[9.945525,6.0233464,9.992218,6.070039],"rotation":0,"texture":"#0","tintindex":0}}},{"name":"botxcd","from":[6.17,7.2533903,5.5707626],"to":[9.77,9.0533905,9.170763],"rotation":{"angle":22.5,"axis":"x","origin":[8.0,6.2,5.6]},"faces":{"down":{"uv":[8.389105,5.36965,8.29572,5.463035],"rotation":0,"texture":"#0","tintindex":0},"east":{"uv":[9.883268,5.1984434,9.976654,5.2451363],"rotation":0,"texture":"#0","tintindex":0},"north":{"uv":[9.883268,4.933852,9.976654,4.9805446],"rotation":0,"texture":"#0","tintindex":0},"south":{"uv":[9.883268,5.2607,9.976654,5.307393],"rotation":0,"texture":"#0","tintindex":0},"up":{"uv":[8.280155,5.463035,8.18677,5.36965],"rotation":0,"texture":"#0","tintindex":0},"west":{"uv":[9.883268,5.322957,9.976654,5.36965],"rotation":0,"texture":"#0","tintindex":0}}},{"name":"botxcd","from":[6.152,5.2318916,6.050697],"to":[9.788,7.667892,10.286697],"rotation":{"angle":0.0,"axis":"x","origin":[8.0,6.2,5.6]},"faces":{"down":{"uv":[9.214007,4.5914397,9.120623,4.700389],"rotation":0,"texture":"#0","tintindex":0},"east":{"uv":[9.66537,5.6031127,9.774319,5.6653695],"rotation":0,"texture":"#0","tintindex":0},"north":{"uv":[9.743191,5.1206226,9.8365755,5.1828794],"rotation":0,"texture":"#0","tintindex":0},"south":{"uv":[9.618677,5.7587547,9.712062,5.8210115],"rotation":0,"texture":"#0","tintindex":0},"up":{"uv":[8.513618,5.2451363,8.420234,5.1361866],"rotation":0,"texture":"#0","tintindex":0},"west":{"uv":[9.66537,5.680934,9.774319,5.743191],"rotation":0,"texture":"#0","tintindex":0}}},{"name":"botxcd","from":[6.17,5.249892,3.0686965],"to":[9.77,6.449892,6.068697],"rotation":{"angle":0.0,"axis":"x","origin":[8.0,6.2,5.6]},"faces":{"down":{"uv":[9.758755,4.373541,9.66537,4.4513617],"rotation":0,"texture":"#0","tintindex":0},"east":{"uv":[10.007782,4.171206,10.085603,4.2023344],"rotation":0,"texture":"#0","tintindex":0},"north":{"uv":[9.758755,5.9766536,9.85214,6.007782],"rotation":0,"texture":"#0","tintindex":0},"south":{"uv":[9.867704,5.9766536,9.961089,6.007782],"rotation":0,"texture":"#0","tintindex":0},"up":{"uv":[9.743191,5.385214,9.649805,5.307393],"rotation":0,"texture":"#0","tintindex":0},"west":{"uv":[8.18677,6.0233464,8.264591,6.054475],"rotation":0,"texture":"#0","tintindex":0}}},{"name":"botxcd","from":[6.7699995,5.249892,1.8686966],"to":[9.17,6.449892,3.0686965],"rotation":{"angle":0.0,"axis":"x","origin":[8.0,6.2,2.6]},"faces":{"down":{"uv":[10.116732,6.070039,10.054475,6.101167],"rotation":0,"texture":"#0","tintindex":0},"east":{"uv":[9.2607,6.163424,9.291829,6.1945524],"rotation":0,"texture":"#0","tintindex":0},"north":{"uv":[10.054475,5.836576,10.116732,5.8677044],"rotation":0,"texture":"#0","tintindex":0},"south":{"uv":[10.054475,5.929961,10.116732,5.9610896],"rotation":0,"texture":"#0","tintindex":0},"up":{"uv":[10.116732,6.054475,10.054475,6.0233464],"rotation":0,"texture":"#0","tintindex":0},"west":{"uv":[9.4941635,6.163424,9.525291,6.1945524],"rotation":0,"texture":"#0","tintindex":0}}},{"name":"botxcd","from":[6.1724,5.8835173,3.776721],"to":[9.7676,7.0787177,6.771921],"rotation":{"angle":-22.5,"axis":"x","origin":[8.0,6.2,5.6]},"faces":{"down":{"uv":[9.758755,4.856031,9.66537,4.933852],"rotation":0,"texture":"#0","tintindex":0},"east":{"uv":[8.280155,6.0233464,8.357977,6.054475],"rotation":0,"texture":"#0","tintindex":0},"north":{"uv":[8.015564,5.992218,8.10895,6.0233464],"rotation":0,"texture":"#0","tintindex":0},"south":{"uv":[8.373541,5.992218,8.466926,6.0233464],"rotation":0,"texture":"#0","tintindex":0},"up":{"uv":[9.758755,4.840467,9.66537,4.7626457],"rotation":0,"texture":"#0","tintindex":0},"west":{"uv":[9.431907,6.0233464,9.5097275,6.054475],"rotation":0,"texture":"#0","tintindex":0}}}],"display":{"head":{"translation":[0.0,-6.4,0.0],"rotation":[0.0,0.0,0.0],"scale":[3.8095,3.8095,3.8095]}}}