{"textures":{"0":"modelengine:entity/angelexdeeee"},"elements":[{"name":"cube","from":[7.4770875,6.9135556,8.06],"to":[9.517088,7.7535553,8.9],"rotation":{"angle":0.0,"axis":"x","origin":[9.8,-15.250001,10.4]},"faces":{"down":{"uv":[10.101168,5.6498055,10.038911,5.680934],"rotation":0,"texture":"#0","tintindex":0},"east":{"uv":[8.124514,6.163424,8.155642,6.1945524],"rotation":0,"texture":"#0","tintindex":0},"north":{"uv":[9.245136,6.054475,9.307393,6.085603],"rotation":0,"texture":"#0","tintindex":0},"south":{"uv":[10.038911,5.5564203,10.101168,5.5875487],"rotation":0,"texture":"#0","tintindex":0},"up":{"uv":[9.649805,6.085603,9.587548,6.054475],"rotation":0,"texture":"#0","tintindex":0},"west":{"uv":[8.171206,6.163424,8.202334,6.1945524],"rotation":0,"texture":"#0","tintindex":0}}}],"display":{"head":{"translation":[0.0,-6.4,0.0],"rotation":[0.0,0.0,0.0],"scale":[3.8095,3.8095,3.8095]}}}