{"textures":{"0":"modelengine:entity/angelexdeeee"},"elements":[{"name":"cube","from":[4.94,7.94,6.74],"to":[11.660001,9.26,11.06],"rotation":{"angle":0.0,"axis":"x","origin":[8.0,-4.6000004,8.6]},"faces":{"down":{"uv":[8.700389,4.108949,8.529182,4.217899],"rotation":0,"texture":"#0","tintindex":0},"east":{"uv":[9.914397,5.5564203,10.023346,5.5875487],"rotation":0,"texture":"#0","tintindex":0},"north":{"uv":[9.758755,4.466926,9.929961,4.4980545],"rotation":0,"texture":"#0","tintindex":0},"south":{"uv":[9.758755,4.5136185,9.929961,4.544747],"rotation":0,"texture":"#0","tintindex":0},"up":{"uv":[8.700389,4.093385,8.529182,3.9844358],"rotation":0,"texture":"#0","tintindex":0},"west":{"uv":[9.914397,5.743191,10.023346,5.774319],"rotation":0,"texture":"#0","tintindex":0}}},{"name":"cube","from":[4.3999996,9.2,6.2],"to":[12.2,14.0,11.0],"rotation":{"angle":0.0,"axis":"x","origin":[8.0,-5.200001,8.6]},"faces":{"down":{"uv":[8.389105,4.1245136,8.18677,4.2490273],"rotation":0,"texture":"#0","tintindex":0},"east":{"uv":[8.544747,4.638132,8.669261,4.7626457],"rotation":0,"texture":"#0","tintindex":0},"north":{"uv":[7.9688716,3.9844358,8.171206,4.108949],"rotation":0,"texture":"#0","tintindex":0},"south":{"uv":[7.9688716,4.1245136,8.171206,4.2490273],"rotation":0,"texture":"#0","tintindex":0},"up":{"uv":[8.389105,4.108949,8.18677,3.9844358],"rotation":0,"texture":"#0","tintindex":0},"west":{"uv":[8.638132,4.233463,8.762646,4.3579764],"rotation":0,"texture":"#0","tintindex":0}}},{"name":"cube","from":[5.0,13.429999,9.530001],"to":[11.6,14.03,11.33],"rotation":{"angle":0.0,"axis":"x","origin":[8.3,-16.27,36.230003]},"faces":{"down":{"uv":[9.603113,4.2023344,9.431907,4.2490273],"rotation":0,"texture":"#0","tintindex":0},"east":{"uv":[8.996109,4.093385,9.042802,4.108949],"rotation":0,"texture":"#0","tintindex":0},"north":{"uv":[9.961089,5.7120624,10.132296,5.7276263],"rotation":0,"texture":"#0","tintindex":0},"south":{"uv":[9.976654,5.4941635,10.14786,5.5097275],"rotation":0,"texture":"#0","tintindex":0},"up":{"uv":[9.416343,5.478599,9.245136,5.4319067],"rotation":0,"texture":"#0","tintindex":0},"west":{"uv":[8.793775,5.525292,8.8404665,5.540856],"rotation":0,"texture":"#0","tintindex":0}}},{"name":"cube","from":[10.34,10.940001,6.14],"to":[13.46,13.46,11.06],"rotation":{"angle":22.5,"axis":"z","origin":[11.6,13.400001,8.6]},"faces":{"down":{"uv":[9.214007,4.7159534,9.136187,4.840467],"rotation":0,"texture":"#0","tintindex":0},"east":{"uv":[9.431907,4.373541,9.55642,4.4357977],"rotation":0,"texture":"#0","tintindex":0},"north":{"uv":[9.182879,5.789883,9.2607,5.85214],"rotation":0,"texture":"#0","tintindex":0},"south":{"uv":[8.420234,5.8054476,8.4980545,5.8677044],"rotation":0,"texture":"#0","tintindex":0},"up":{"uv":[9.198443,5.089494,9.120623,4.9649806],"rotation":0,"texture":"#0","tintindex":0},"west":{"uv":[9.431907,4.4513617,9.55642,4.5136185],"rotation":0,"texture":"#0","tintindex":0}}},{"name":"cube","from":[3.1399996,10.940001,6.14],"to":[6.26,13.46,11.06],"rotation":{"angle":-22.5,"axis":"z","origin":[5.0,13.400001,8.6]},"faces":{"down":{"uv":[8.155642,5.1828794,8.077821,5.307393],"rotation":0,"texture":"#0","tintindex":0},"east":{"uv":[8.715953,5.4474707,8.8404665,5.5097275],"rotation":0,"texture":"#0","tintindex":0},"north":{"uv":[8.653696,5.8054476,8.731518,5.8677044],"rotation":0,"texture":"#0","tintindex":0},"south":{"uv":[9.789884,5.1984434,9.867704,5.2607],"rotation":0,"texture":"#0","tintindex":0},"up":{"uv":[9.245136,4.108949,9.1673155,3.9844358],"rotation":0,"texture":"#0","tintindex":0},"west":{"uv":[9.431907,4.856031,9.55642,4.9182878],"rotation":0,"texture":"#0","tintindex":0}}}],"display":{"head":{"translation":[0.0,-6.4,0.0],"rotation":[0.0,0.0,0.0],"scale":[3.8095,3.8095,3.8095]}}}