{"textures":{"0":"modelengine:entity/zeus"},"elements":[{"name":"cube","from":[4.88,3.1249998,6.83],"to":[11.12,7.8049974,9.17],"rotation":{"angle":0.0,"axis":"x","origin":[8.0,6.244998,8.0]},"faces":{"down":{"uv":[3.75,3.5,3.25,3.6875],"rotation":0,"texture":"#0","tintindex":0},"east":{"uv":[2.5625,3.6875,2.75,4.0625],"rotation":0,"texture":"#0","tintindex":0},"north":{"uv":[2.75,3.6875,3.25,4.0625],"rotation":0,"texture":"#0","tintindex":0},"south":{"uv":[3.4375,3.6875,3.9375,4.0625],"rotation":0,"texture":"#0","tintindex":0},"up":{"uv":[3.25,3.6875,2.75,3.5],"rotation":0,"texture":"#0","tintindex":0},"west":{"uv":[3.25,3.6875,3.4375,4.0625],"rotation":0,"texture":"#0","tintindex":0}}},{"name":"cube","from":[13.070001,3.904997,9.17],"to":[15.410001,10.144999,9.17],"rotation":{"angle":-22.5,"axis":"y","origin":[13.070001,3.904997,9.17]},"faces":{"down":{"uv":[4.3125,3.5,4.125,3.5],"rotation":0,"texture":"#0","tintindex":0},"east":{"uv":[3.9375,3.5,3.9375,4.0],"rotation":0,"texture":"#0","tintindex":0},"north":{"uv":[3.9375,3.5,4.125,4.0],"rotation":0,"texture":"#0","tintindex":0},"south":{"uv":[4.125,3.5,3.9375,4.0],"rotation":0,"texture":"#0","tintindex":0},"up":{"uv":[4.125,3.5,3.9375,3.5],"rotation":0,"texture":"#0","tintindex":0},"west":{"uv":[4.125,3.5,4.125,4.0],"rotation":0,"texture":"#0","tintindex":0}}},{"name":"cube","from":[11.12,3.904997,6.83],"to":[14.24,9.365002,6.83],"rotation":{"angle":-22.5,"axis":"y","origin":[11.12,6.244998,6.83]},"faces":{"down":{"uv":[4.3125,0.0,4.0625,0.0],"rotation":0,"texture":"#0","tintindex":0},"east":{"uv":[3.8125,0.0,3.8125,0.4375],"rotation":0,"texture":"#0","tintindex":0},"north":{"uv":[3.8125,0.0,4.0625,0.4375],"rotation":0,"texture":"#0","tintindex":0},"south":{"uv":[4.0625,0.0,3.8125,0.4375],"rotation":0,"texture":"#0","tintindex":0},"up":{"uv":[4.0625,0.0,3.8125,0.0],"rotation":0,"texture":"#0","tintindex":0},"west":{"uv":[4.0625,0.0,4.0625,0.4375],"rotation":0,"texture":"#0","tintindex":0}}},{"name":"cube","from":[9.56,3.1249998,6.8105],"to":[12.68,7.8049974,6.8105],"rotation":{"angle":0.0,"axis":"x","origin":[9.56,6.244998,6.8105]},"faces":{"down":{"uv":[3.8125,1.875,3.5625,1.875],"rotation":0,"texture":"#0","tintindex":0},"east":{"uv":[3.3125,1.875,3.3125,2.25],"rotation":0,"texture":"#0","tintindex":0},"north":{"uv":[3.3125,1.875,3.5625,2.25],"rotation":0,"texture":"#0","tintindex":0},"south":{"uv":[3.5625,1.875,3.3125,2.25],"rotation":0,"texture":"#0","tintindex":0},"up":{"uv":[3.5625,1.875,3.3125,1.875],"rotation":0,"texture":"#0","tintindex":0},"west":{"uv":[3.5625,1.875,3.5625,2.25],"rotation":0,"texture":"#0","tintindex":0}}},{"name":"cube","from":[0.58999944,3.904997,9.17],"to":[2.9299998,10.144999,9.17],"rotation":{"angle":22.5,"axis":"y","origin":[2.9299998,3.904997,9.17]},"faces":{"down":{"uv":[4.125,3.5,4.3125,3.5],"rotation":0,"texture":"#0","tintindex":0},"east":{"uv":[4.125,3.5,4.125,4.0],"rotation":0,"texture":"#0","tintindex":0},"north":{"uv":[4.125,3.5,3.9375,4.0],"rotation":0,"texture":"#0","tintindex":0},"south":{"uv":[3.9375,3.5,4.125,4.0],"rotation":0,"texture":"#0","tintindex":0},"up":{"uv":[3.9375,3.5,4.125,3.5],"rotation":0,"texture":"#0","tintindex":0},"west":{"uv":[3.9375,3.5,3.9375,4.0],"rotation":0,"texture":"#0","tintindex":0}}},{"name":"cube","from":[1.76,3.904997,6.83],"to":[4.88,9.365002,6.83],"rotation":{"angle":22.5,"axis":"y","origin":[4.88,6.244998,6.83]},"faces":{"down":{"uv":[4.0625,0.0,4.3125,0.0],"rotation":0,"texture":"#0","tintindex":0},"east":{"uv":[4.0625,0.0,4.0625,0.4375],"rotation":0,"texture":"#0","tintindex":0},"north":{"uv":[4.0625,0.0,3.8125,0.4375],"rotation":0,"texture":"#0","tintindex":0},"south":{"uv":[3.8125,0.0,4.0625,0.4375],"rotation":0,"texture":"#0","tintindex":0},"up":{"uv":[3.8125,0.0,4.0625,0.0],"rotation":0,"texture":"#0","tintindex":0},"west":{"uv":[3.8125,0.0,3.8125,0.4375],"rotation":0,"texture":"#0","tintindex":0}}},{"name":"cube","from":[3.3199997,3.1249998,6.8105],"to":[6.44,7.8049974,6.8105],"rotation":{"angle":0.0,"axis":"x","origin":[6.44,6.244998,6.8105]},"faces":{"down":{"uv":[3.5625,1.875,3.8125,1.875],"rotation":0,"texture":"#0","tintindex":0},"east":{"uv":[3.5625,1.875,3.5625,2.25],"rotation":0,"texture":"#0","tintindex":0},"north":{"uv":[3.5625,1.875,3.3125,2.25],"rotation":0,"texture":"#0","tintindex":0},"south":{"uv":[3.3125,1.875,3.5625,2.25],"rotation":0,"texture":"#0","tintindex":0},"up":{"uv":[3.3125,1.875,3.5625,1.875],"rotation":0,"texture":"#0","tintindex":0},"west":{"uv":[3.3125,1.875,3.3125,2.25],"rotation":0,"texture":"#0","tintindex":0}}}],"display":{"head":{"translation":[0.0,-6.4,0.0],"rotation":[0.0,0.0,0.0],"scale":[3.8095,3.8095,3.8095]}}}