{"textures":{"0":"modelengine:entity/zeus"},"elements":[{"name":"cube","from":[5.66,4.684999,6.83],"to":[10.34,7.8050017,9.17],"rotation":{"angle":0.0,"axis":"x","origin":[8.0,6.244998,8.0]},"faces":{"down":{"uv":[7.4375,2.1875,7.0625,2.375],"rotation":0,"texture":"#0","tintindex":0},"east":{"uv":[6.5,2.375,6.6875,2.625],"rotation":0,"texture":"#0","tintindex":0},"north":{"uv":[6.6875,2.375,7.0625,2.625],"rotation":0,"texture":"#0","tintindex":0},"south":{"uv":[7.25,2.375,7.625,2.625],"rotation":0,"texture":"#0","tintindex":0},"up":{"uv":[7.0625,2.375,6.6875,2.1875],"rotation":0,"texture":"#0","tintindex":0},"west":{"uv":[7.0625,2.375,7.25,2.625],"rotation":0,"texture":"#0","tintindex":0}}},{"name":"cube","from":[3.3199997,2.344998,8.0],"to":[12.68,6.244998,8.0],"rotation":{"angle":0.0,"axis":"x","origin":[8.0,6.244998,8.39]},"faces":{"down":{"uv":[7.75,8.3125,7.0,8.3125],"rotation":0,"texture":"#0","tintindex":0},"east":{"uv":[6.25,8.3125,6.25,8.625],"rotation":0,"texture":"#0","tintindex":0},"north":{"uv":[6.25,8.3125,7.0,8.625],"rotation":0,"texture":"#0","tintindex":0},"south":{"uv":[7.0,8.3125,6.25,8.625],"rotation":0,"texture":"#0","tintindex":0},"up":{"uv":[7.0,8.3125,6.25,8.3125],"rotation":0,"texture":"#0","tintindex":0},"west":{"uv":[7.0,8.3125,7.0,8.625],"rotation":0,"texture":"#0","tintindex":0}}},{"name":"cube","from":[5.66,0.7849989,7.22],"to":[10.34,4.684999,7.22],"rotation":{"angle":0.0,"axis":"x","origin":[8.0,4.684999,7.61]},"faces":{"down":{"uv":[3.3125,3.125,2.9375,3.125],"rotation":0,"texture":"#0","tintindex":0},"east":{"uv":[2.5625,3.125,2.5625,3.4375],"rotation":0,"texture":"#0","tintindex":0},"north":{"uv":[2.5625,3.125,2.9375,3.4375],"rotation":0,"texture":"#0","tintindex":0},"south":{"uv":[2.9375,3.125,3.3125,3.4375],"rotation":0,"texture":"#0","tintindex":0},"up":{"uv":[2.9375,3.125,2.5625,3.125],"rotation":0,"texture":"#0","tintindex":0},"west":{"uv":[2.9375,3.125,2.9375,3.4375],"rotation":0,"texture":"#0","tintindex":0}}},{"name":"cube","from":[10.34,3.9050016,6.83],"to":[14.24,9.365002,6.83],"rotation":{"angle":-22.5,"axis":"y","origin":[10.34,6.244998,6.83]},"faces":{"down":{"uv":[3.9375,1.4375,3.625,1.4375],"rotation":0,"texture":"#0","tintindex":0},"east":{"uv":[3.3125,1.4375,3.3125,1.875],"rotation":0,"texture":"#0","tintindex":0},"north":{"uv":[3.3125,1.4375,3.625,1.875],"rotation":0,"texture":"#0","tintindex":0},"south":{"uv":[3.625,1.4375,3.3125,1.875],"rotation":0,"texture":"#0","tintindex":0},"up":{"uv":[3.625,1.4375,3.3125,1.4375],"rotation":0,"texture":"#0","tintindex":0},"west":{"uv":[3.625,1.4375,3.625,1.875],"rotation":0,"texture":"#0","tintindex":0}}},{"name":"cube","from":[8.780001,3.1249998,6.8105],"to":[11.900001,7.8050017,6.8105],"rotation":{"angle":0.0,"axis":"x","origin":[8.780001,4.684999,6.8105]},"faces":{"down":{"uv":[0.5,4.875,0.25,4.875],"rotation":0,"texture":"#0","tintindex":0},"east":{"uv":[0.0,4.875,0.0,5.25],"rotation":0,"texture":"#0","tintindex":0},"north":{"uv":[0.0,4.875,0.25,5.25],"rotation":0,"texture":"#0","tintindex":0},"south":{"uv":[0.25,4.875,0.0,5.25],"rotation":0,"texture":"#0","tintindex":0},"up":{"uv":[0.25,4.875,0.0,4.875],"rotation":0,"texture":"#0","tintindex":0},"west":{"uv":[0.25,4.875,0.25,5.25],"rotation":0,"texture":"#0","tintindex":0}}},{"name":"cube","from":[4.1,3.1249998,6.8105],"to":[7.22,7.8050017,6.8105],"rotation":{"angle":0.0,"axis":"x","origin":[7.22,4.684999,6.8105]},"faces":{"down":{"uv":[0.25,4.875,0.5,4.875],"rotation":0,"texture":"#0","tintindex":0},"east":{"uv":[0.25,4.875,0.25,5.25],"rotation":0,"texture":"#0","tintindex":0},"north":{"uv":[0.25,4.875,0.0,5.25],"rotation":0,"texture":"#0","tintindex":0},"south":{"uv":[0.0,4.875,0.25,5.25],"rotation":0,"texture":"#0","tintindex":0},"up":{"uv":[0.0,4.875,0.25,4.875],"rotation":0,"texture":"#0","tintindex":0},"west":{"uv":[0.0,4.875,0.0,5.25],"rotation":0,"texture":"#0","tintindex":0}}},{"name":"cube","from":[1.76,3.9050016,6.83],"to":[5.66,9.365002,6.83],"rotation":{"angle":22.5,"axis":"y","origin":[5.66,6.244998,6.83]},"faces":{"down":{"uv":[3.625,1.4375,3.9375,1.4375],"rotation":0,"texture":"#0","tintindex":0},"east":{"uv":[3.625,1.4375,3.625,1.875],"rotation":0,"texture":"#0","tintindex":0},"north":{"uv":[3.625,1.4375,3.3125,1.875],"rotation":0,"texture":"#0","tintindex":0},"south":{"uv":[3.3125,1.4375,3.625,1.875],"rotation":0,"texture":"#0","tintindex":0},"up":{"uv":[3.3125,1.4375,3.625,1.4375],"rotation":0,"texture":"#0","tintindex":0},"west":{"uv":[3.3125,1.4375,3.3125,1.875],"rotation":0,"texture":"#0","tintindex":0}}}],"display":{"head":{"translation":[0.0,-6.4,0.0],"rotation":[0.0,0.0,0.0],"scale":[3.8095,3.8095,3.8095]}}}