{"textures":{"0":"modelengine:entity/zeus"},"elements":[{"name":"hair_outer","from":[2.9378002,8.3978,1.3777999],"to":[13.062201,18.522203,13.062201],"rotation":{"angle":0.0,"axis":"x","origin":[8.389999,6.830002,8.389999]},"faces":{"down":{"uv":[2.5625,3.125,1.75,4.0625],"rotation":0,"texture":"#0","tintindex":0},"east":{"uv":[0.0,4.0625,0.9375,4.875],"rotation":0,"texture":"#0","tintindex":0},"north":{"uv":[0.9375,4.0625,1.75,4.875],"rotation":0,"texture":"#0","tintindex":0},"south":{"uv":[2.6875,4.0625,3.5,4.875],"rotation":0,"texture":"#0","tintindex":0},"up":{"uv":[1.75,4.0625,0.9375,3.125],"rotation":0,"texture":"#0","tintindex":0},"west":{"uv":[1.75,4.0625,2.6875,4.875],"rotation":0,"texture":"#0","tintindex":0}}},{"name":"cube","from":[3.3199997,7.2200027,1.7599994],"to":[12.68,18.140001,12.68],"rotation":{"angle":0.0,"axis":"x","origin":[8.0,7.2200027,8.0]},"faces":{"down":{"uv":[5.875,3.5,5.125,4.375],"rotation":0,"texture":"#0","tintindex":0},"east":{"uv":[3.5,4.375,4.375,5.25],"rotation":0,"texture":"#0","tintindex":0},"north":{"uv":[4.375,4.375,5.125,5.25],"rotation":0,"texture":"#0","tintindex":0},"south":{"uv":[6.0,4.375,6.75,5.25],"rotation":0,"texture":"#0","tintindex":0},"up":{"uv":[5.125,4.375,4.375,3.5],"rotation":0,"texture":"#0","tintindex":0},"west":{"uv":[5.125,4.375,6.0,5.25],"rotation":0,"texture":"#0","tintindex":0}}},{"name":"cube","from":[3.7099998,19.310001,10.925],"to":[7.61,20.870003,10.925],"rotation":{"angle":-22.5,"axis":"z","origin":[5.2699995,19.700005,10.925]},"faces":{"down":{"uv":[0.625,3.875,0.3125,3.875],"rotation":0,"texture":"#0","tintindex":0},"east":{"uv":[0.0,3.875,0.0,4.0],"rotation":0,"texture":"#0","tintindex":0},"north":{"uv":[0.0,3.875,0.3125,4.0],"rotation":0,"texture":"#0","tintindex":0},"south":{"uv":[0.3125,3.875,0.0,4.0],"rotation":0,"texture":"#0","tintindex":0},"up":{"uv":[0.3125,3.875,0.0,3.875],"rotation":0,"texture":"#0","tintindex":0},"west":{"uv":[0.3125,3.875,0.3125,4.0],"rotation":0,"texture":"#0","tintindex":0}}},{"name":"cube","from":[8.389999,19.310001,10.925],"to":[12.29,20.870003,10.925],"rotation":{"angle":22.5,"axis":"z","origin":[10.73,19.700005,10.925]},"faces":{"down":{"uv":[0.625,2.0625,0.3125,2.0625],"rotation":0,"texture":"#0","tintindex":0},"east":{"uv":[0.0,2.0625,0.0,2.1875],"rotation":0,"texture":"#0","tintindex":0},"north":{"uv":[0.0,2.0625,0.3125,2.1875],"rotation":0,"texture":"#0","tintindex":0},"south":{"uv":[0.3125,2.0625,0.0,2.1875],"rotation":0,"texture":"#0","tintindex":0},"up":{"uv":[0.3125,2.0625,0.0,2.0625],"rotation":0,"texture":"#0","tintindex":0},"west":{"uv":[0.3125,2.0625,0.3125,2.1875],"rotation":0,"texture":"#0","tintindex":0}}},{"name":"cube","from":[2.9299998,15.41,0.7849994],"to":[6.83,16.970003,0.7849994],"rotation":{"angle":-22.5,"axis":"z","origin":[4.49,15.800005,0.7849994]},"faces":{"down":{"uv":[0.625,3.875,0.3125,3.875],"rotation":0,"texture":"#0","tintindex":0},"east":{"uv":[0.0,3.875,0.0,4.0],"rotation":0,"texture":"#0","tintindex":0},"north":{"uv":[0.0,3.875,0.3125,4.0],"rotation":0,"texture":"#0","tintindex":0},"south":{"uv":[0.3125,3.875,0.0,4.0],"rotation":0,"texture":"#0","tintindex":0},"up":{"uv":[0.3125,3.875,0.0,3.875],"rotation":0,"texture":"#0","tintindex":0},"west":{"uv":[0.3125,3.875,0.3125,4.0],"rotation":0,"texture":"#0","tintindex":0}}},{"name":"cube","from":[9.17,15.41,0.7849994],"to":[13.070001,16.970003,0.7849994],"rotation":{"angle":22.5,"axis":"z","origin":[11.51,15.800005,0.7849994]},"faces":{"down":{"uv":[0.625,2.0625,0.3125,2.0625],"rotation":0,"texture":"#0","tintindex":0},"east":{"uv":[0.0,2.0625,0.0,2.1875],"rotation":0,"texture":"#0","tintindex":0},"north":{"uv":[0.0,2.0625,0.3125,2.1875],"rotation":0,"texture":"#0","tintindex":0},"south":{"uv":[0.3125,2.0625,0.0,2.1875],"rotation":0,"texture":"#0","tintindex":0},"up":{"uv":[0.3125,2.0625,0.0,2.0625],"rotation":0,"texture":"#0","tintindex":0},"west":{"uv":[0.3125,2.0625,0.3125,2.1875],"rotation":0,"texture":"#0","tintindex":0}}},{"name":"cube","from":[10.73,15.604998,0.3949995],"to":[14.63,17.165,0.3949995],"rotation":{"angle":22.5,"axis":"z","origin":[13.070001,15.995003,0.3949995]},"faces":{"down":{"uv":[0.625,2.0625,0.3125,2.0625],"rotation":0,"texture":"#0","tintindex":0},"east":{"uv":[0.0,2.0625,0.0,2.1875],"rotation":0,"texture":"#0","tintindex":0},"north":{"uv":[0.0,2.0625,0.3125,2.1875],"rotation":0,"texture":"#0","tintindex":0},"south":{"uv":[0.3125,2.0625,0.0,2.1875],"rotation":0,"texture":"#0","tintindex":0},"up":{"uv":[0.3125,2.0625,0.0,2.0625],"rotation":0,"texture":"#0","tintindex":0},"west":{"uv":[0.3125,2.0625,0.3125,2.1875],"rotation":0,"texture":"#0","tintindex":0}}},{"name":"cube","from":[1.3699996,15.604998,0.3949995],"to":[5.2699995,17.165,0.3949995],"rotation":{"angle":-22.5,"axis":"z","origin":[2.9299998,15.995003,0.3949995]},"faces":{"down":{"uv":[0.625,3.875,0.3125,3.875],"rotation":0,"texture":"#0","tintindex":0},"east":{"uv":[0.0,3.875,0.0,4.0],"rotation":0,"texture":"#0","tintindex":0},"north":{"uv":[0.0,3.875,0.3125,4.0],"rotation":0,"texture":"#0","tintindex":0},"south":{"uv":[0.3125,3.875,0.0,4.0],"rotation":0,"texture":"#0","tintindex":0},"up":{"uv":[0.3125,3.875,0.0,3.875],"rotation":0,"texture":"#0","tintindex":0},"west":{"uv":[0.3125,3.875,0.3125,4.0],"rotation":0,"texture":"#0","tintindex":0}}},{"name":"cube","from":[11.51,7.2200027,1.7599994],"to":[14.63,10.340001,7.22],"rotation":{"angle":-45.0,"axis":"x","origin":[13.070001,8.780002,3.71]},"faces":{"down":{"uv":[3.875,9.0625,3.625,9.5],"rotation":0,"texture":"#0","tintindex":0},"east":{"uv":[2.9375,9.5,3.375,9.75],"rotation":0,"texture":"#0","tintindex":0},"north":{"uv":[3.375,9.5,3.625,9.75],"rotation":0,"texture":"#0","tintindex":0},"south":{"uv":[4.0625,9.5,4.3125,9.75],"rotation":0,"texture":"#0","tintindex":0},"up":{"uv":[3.625,9.5,3.375,9.0625],"rotation":0,"texture":"#0","tintindex":0},"west":{"uv":[3.625,9.5,4.0625,9.75],"rotation":0,"texture":"#0","tintindex":0}}},{"name":"cube","from":[9.56,14.240001,-0.38500047],"to":[13.46,15.800005,1.1749997],"rotation":{"angle":-45.0,"axis":"x","origin":[11.12,15.800005,1.5649995]},"faces":{"down":{"uv":[0.75,3.4375,0.4375,3.5625],"rotation":0,"texture":"#0","tintindex":0},"east":{"uv":[0.0,3.5625,0.125,3.6875],"rotation":0,"texture":"#0","tintindex":0},"north":{"uv":[0.125,3.5625,0.4375,3.6875],"rotation":0,"texture":"#0","tintindex":0},"south":{"uv":[0.5625,3.5625,0.875,3.6875],"rotation":0,"texture":"#0","tintindex":0},"up":{"uv":[0.4375,3.5625,0.125,3.4375],"rotation":0,"texture":"#0","tintindex":0},"west":{"uv":[0.4375,3.5625,0.5625,3.6875],"rotation":0,"texture":"#0","tintindex":0}}},{"name":"cube","from":[9.56,14.54923,0.31422782],"to":[14.24,16.109234,1.0942278],"rotation":{"angle":0.0,"axis":"x","origin":[9.56,14.54923,0.31422782]},"faces":{"down":{"uv":[0.8125,3.6875,0.4375,3.75],"rotation":0,"texture":"#0","tintindex":0},"east":{"uv":[0.0,3.75,0.0625,3.875],"rotation":0,"texture":"#0","tintindex":0},"north":{"uv":[0.0625,3.75,0.4375,3.875],"rotation":0,"texture":"#0","tintindex":0},"south":{"uv":[0.5,3.75,0.875,3.875],"rotation":0,"texture":"#0","tintindex":0},"up":{"uv":[0.4375,3.75,0.0625,3.6875],"rotation":0,"texture":"#0","tintindex":0},"west":{"uv":[0.4375,3.75,0.5,3.875],"rotation":0,"texture":"#0","tintindex":0}}},{"name":"cube","from":[10.73,8.0,0.19999981],"to":[13.85,11.120003,4.1],"rotation":{"angle":-45.0,"axis":"x","origin":[13.070001,8.780002,3.71]},"faces":{"down":{"uv":[8.75,9.1875,8.5,9.5],"rotation":0,"texture":"#0","tintindex":0},"east":{"uv":[7.9375,9.5,8.25,9.75],"rotation":0,"texture":"#0","tintindex":0},"north":{"uv":[8.25,9.5,8.5,9.75],"rotation":0,"texture":"#0","tintindex":0},"south":{"uv":[8.8125,9.5,9.0625,9.75],"rotation":0,"texture":"#0","tintindex":0},"up":{"uv":[8.5,9.5,8.25,9.1875],"rotation":0,"texture":"#0","tintindex":0},"west":{"uv":[8.5,9.5,8.8125,9.75],"rotation":0,"texture":"#0","tintindex":0}}},{"name":"cube","from":[2.1499996,8.0,0.19999981],"to":[5.2699995,11.120003,4.1],"rotation":{"angle":-45.0,"axis":"x","origin":[2.9299998,8.780002,3.71]},"faces":{"down":{"uv":[8.5,9.1875,8.75,9.5],"rotation":0,"texture":"#0","tintindex":0},"east":{"uv":[8.8125,9.5,8.5,9.75],"rotation":0,"texture":"#0","tintindex":0},"north":{"uv":[8.5,9.5,8.25,9.75],"rotation":0,"texture":"#0","tintindex":0},"south":{"uv":[9.0625,9.5,8.8125,9.75],"rotation":0,"texture":"#0","tintindex":0},"up":{"uv":[8.25,9.5,8.5,9.1875],"rotation":0,"texture":"#0","tintindex":0},"west":{"uv":[8.25,9.5,7.9375,9.75],"rotation":0,"texture":"#0","tintindex":0}}},{"name":"cube","from":[1.3699996,7.2200027,1.7599994],"to":[4.49,10.340001,7.22],"rotation":{"angle":-45.0,"axis":"x","origin":[2.9299998,8.780002,3.71]},"faces":{"down":{"uv":[3.625,9.0625,3.875,9.5],"rotation":0,"texture":"#0","tintindex":0},"east":{"uv":[4.0625,9.5,3.625,9.75],"rotation":0,"texture":"#0","tintindex":0},"north":{"uv":[3.625,9.5,3.375,9.75],"rotation":0,"texture":"#0","tintindex":0},"south":{"uv":[4.3125,9.5,4.0625,9.75],"rotation":0,"texture":"#0","tintindex":0},"up":{"uv":[3.375,9.5,3.625,9.0625],"rotation":0,"texture":"#0","tintindex":0},"west":{"uv":[3.375,9.5,2.9375,9.75],"rotation":0,"texture":"#0","tintindex":0}}},{"name":"cube","from":[4.1,7.2200027,-0.5800004],"to":[11.900001,10.340001,3.3199997],"rotation":{"angle":-45.0,"axis":"x","origin":[4.49,8.780002,3.71]},"faces":{"down":{"uv":[7.375,0.0,6.75,0.3125],"rotation":0,"texture":"#0","tintindex":0},"east":{"uv":[5.8125,0.3125,6.125,0.5625],"rotation":0,"texture":"#0","tintindex":0},"north":{"uv":[6.125,0.3125,6.75,0.5625],"rotation":0,"texture":"#0","tintindex":0},"south":{"uv":[7.0625,0.3125,7.6875,0.5625],"rotation":0,"texture":"#0","tintindex":0},"up":{"uv":[6.75,0.3125,6.125,0.0],"rotation":0,"texture":"#0","tintindex":0},"west":{"uv":[6.75,0.3125,7.0625,0.5625],"rotation":0,"texture":"#0","tintindex":0}}},{"name":"cube","from":[6.44,11.509999,0.9799998],"to":[9.56,13.070003,3.3199997],"rotation":{"angle":-45.0,"axis":"x","origin":[2.9299998,10.730001,3.71]},"faces":{"down":{"uv":[0.6875,3.125,0.4375,3.3125],"rotation":0,"texture":"#0","tintindex":0},"east":{"uv":[0.0,3.3125,0.1875,3.4375],"rotation":0,"texture":"#0","tintindex":0},"north":{"uv":[0.1875,3.3125,0.4375,3.4375],"rotation":0,"texture":"#0","tintindex":0},"south":{"uv":[0.625,3.3125,0.875,3.4375],"rotation":0,"texture":"#0","tintindex":0},"up":{"uv":[0.4375,3.3125,0.1875,3.125],"rotation":0,"texture":"#0","tintindex":0},"west":{"uv":[0.4375,3.3125,0.625,3.4375],"rotation":0,"texture":"#0","tintindex":0}}},{"name":"cube","from":[13.070001,7.415001,2.1499996],"to":[15.410001,13.654998,2.1499996],"rotation":{"angle":-22.5,"axis":"y","origin":[13.070001,7.415001,2.1499996]},"faces":{"down":{"uv":[5.6875,0.0,5.5,0.0],"rotation":0,"texture":"#0","tintindex":0},"east":{"uv":[5.3125,0.0,5.3125,0.5],"rotation":0,"texture":"#0","tintindex":0},"north":{"uv":[5.3125,0.0,5.5,0.5],"rotation":0,"texture":"#0","tintindex":0},"south":{"uv":[5.5,0.0,5.3125,0.5],"rotation":0,"texture":"#0","tintindex":0},"up":{"uv":[5.5,0.0,5.3125,0.0],"rotation":0,"texture":"#0","tintindex":0},"west":{"uv":[5.5,0.0,5.5,0.5],"rotation":0,"texture":"#0","tintindex":0}}},{"name":"cube","from":[11.12,3.5150008,0.3949995],"to":[15.8,11.3150015,0.3949995],"rotation":{"angle":-22.5,"axis":"y","origin":[11.12,5.075,0.3949995]},"faces":{"down":{"uv":[0.75,1.4375,0.375,1.4375],"rotation":0,"texture":"#0","tintindex":0},"east":{"uv":[0.0,1.4375,0.0,2.0625],"rotation":0,"texture":"#0","tintindex":0},"north":{"uv":[0.0,1.4375,0.375,2.0625],"rotation":0,"texture":"#0","tintindex":0},"south":{"uv":[0.375,1.4375,0.0,2.0625],"rotation":0,"texture":"#0","tintindex":0},"up":{"uv":[0.375,1.4375,0.0,1.4375],"rotation":0,"texture":"#0","tintindex":0},"west":{"uv":[0.375,1.4375,0.375,2.0625],"rotation":0,"texture":"#0","tintindex":0}}},{"name":"cube","from":[9.56,11.120003,0.9799998],"to":[11.900001,12.680002,3.3199997],"rotation":{"angle":-45.0,"axis":"x","origin":[16.19,10.340001,3.71]},"faces":{"down":{"uv":[4.0625,4.0625,3.875,4.25],"rotation":0,"texture":"#0","tintindex":0},"east":{"uv":[3.5,4.25,3.6875,4.375],"rotation":0,"texture":"#0","tintindex":0},"north":{"uv":[3.6875,4.25,3.875,4.375],"rotation":0,"texture":"#0","tintindex":0},"south":{"uv":[4.0625,4.25,4.25,4.375],"rotation":0,"texture":"#0","tintindex":0},"up":{"uv":[3.875,4.25,3.6875,4.0625],"rotation":0,"texture":"#0","tintindex":0},"west":{"uv":[3.875,4.25,4.0625,4.375],"rotation":0,"texture":"#0","tintindex":0}}},{"name":"cube","from":[4.1,11.120003,0.9799998],"to":[6.44,12.680002,3.3199997],"rotation":{"angle":-45.0,"axis":"x","origin":[-0.19000006,10.340001,3.71]},"faces":{"down":{"uv":[3.875,4.0625,4.0625,4.25],"rotation":0,"texture":"#0","tintindex":0},"east":{"uv":[4.0625,4.25,3.875,4.375],"rotation":0,"texture":"#0","tintindex":0},"north":{"uv":[3.875,4.25,3.6875,4.375],"rotation":0,"texture":"#0","tintindex":0},"south":{"uv":[4.25,4.25,4.0625,4.375],"rotation":0,"texture":"#0","tintindex":0},"up":{"uv":[3.6875,4.25,3.875,4.0625],"rotation":0,"texture":"#0","tintindex":0},"west":{"uv":[3.6875,4.25,3.5,4.375],"rotation":0,"texture":"#0","tintindex":0}}},{"name":"cube","from":[2.5399995,14.240001,-0.38500047],"to":[6.44,15.800005,1.1749997],"rotation":{"angle":-45.0,"axis":"x","origin":[4.88,15.800005,1.5649995]},"faces":{"down":{"uv":[0.4375,3.4375,0.75,3.5625],"rotation":0,"texture":"#0","tintindex":0},"east":{"uv":[0.5625,3.5625,0.4375,3.6875],"rotation":0,"texture":"#0","tintindex":0},"north":{"uv":[0.4375,3.5625,0.125,3.6875],"rotation":0,"texture":"#0","tintindex":0},"south":{"uv":[0.875,3.5625,0.5625,3.6875],"rotation":0,"texture":"#0","tintindex":0},"up":{"uv":[0.125,3.5625,0.4375,3.4375],"rotation":0,"texture":"#0","tintindex":0},"west":{"uv":[0.125,3.5625,0.0,3.6875],"rotation":0,"texture":"#0","tintindex":0}}},{"name":"cube","from":[1.76,14.54923,0.31422782],"to":[6.44,16.109234,1.0942278],"rotation":{"angle":0.0,"axis":"x","origin":[6.44,14.54923,0.31422782]},"faces":{"down":{"uv":[0.4375,3.6875,0.8125,3.75],"rotation":0,"texture":"#0","tintindex":0},"east":{"uv":[0.5,3.75,0.4375,3.875],"rotation":0,"texture":"#0","tintindex":0},"north":{"uv":[0.4375,3.75,0.0625,3.875],"rotation":0,"texture":"#0","tintindex":0},"south":{"uv":[0.875,3.75,0.5,3.875],"rotation":0,"texture":"#0","tintindex":0},"up":{"uv":[0.0625,3.75,0.4375,3.6875],"rotation":0,"texture":"#0","tintindex":0},"west":{"uv":[0.0625,3.75,0.0,3.875],"rotation":0,"texture":"#0","tintindex":0}}},{"name":"cube","from":[1.76,17.669228,4.019228],"to":[6.44,19.229233,10.454228],"rotation":{"angle":0.0,"axis":"x","origin":[6.44,17.669228,2.4592283]},"faces":{"down":{"uv":[9.4375,9.25,9.8125,9.75],"rotation":0,"texture":"#0","tintindex":0},"east":{"uv":[9.9375,9.75,9.4375,9.875],"rotation":0,"texture":"#0","tintindex":0},"north":{"uv":[9.4375,9.75,9.0625,9.875],"rotation":0,"texture":"#0","tintindex":0},"south":{"uv":[10.3125,9.75,9.9375,9.875],"rotation":0,"texture":"#0","tintindex":0},"up":{"uv":[9.0625,9.75,9.4375,9.25],"rotation":0,"texture":"#0","tintindex":0},"west":{"uv":[9.0625,9.75,8.5625,9.875],"rotation":0,"texture":"#0","tintindex":0}}},{"name":"cube","from":[4.88,17.669228,1.0942278],"to":[7.22,19.229233,13.37923],"rotation":{"angle":-22.5,"axis":"z","origin":[7.22,17.669228,2.2642279]},"faces":{"down":{"uv":[11.0,7.1875,11.1875,8.125],"rotation":0,"texture":"#0","tintindex":0},"east":{"uv":[11.9375,8.125,11.0,8.25],"rotation":0,"texture":"#0","tintindex":0},"north":{"uv":[11.0,8.125,10.8125,8.25],"rotation":0,"texture":"#0","tintindex":0},"south":{"uv":[12.125,8.125,11.9375,8.25],"rotation":0,"texture":"#0","tintindex":0},"up":{"uv":[10.8125,8.125,11.0,7.1875],"rotation":0,"texture":"#0","tintindex":0},"west":{"uv":[10.8125,8.125,9.875,8.25],"rotation":0,"texture":"#0","tintindex":0}}},{"name":"cube","from":[0.19999981,17.669228,4.019228],"to":[4.88,19.229233,10.454228],"rotation":{"angle":45.0,"axis":"z","origin":[4.88,17.669228,2.4592283]},"faces":{"down":{"uv":[0.875,11.75,1.25,12.25],"rotation":0,"texture":"#0","tintindex":0},"east":{"uv":[1.375,12.25,0.875,12.375],"rotation":0,"texture":"#0","tintindex":0},"north":{"uv":[0.875,12.25,0.5,12.375],"rotation":0,"texture":"#0","tintindex":0},"south":{"uv":[1.75,12.25,1.375,12.375],"rotation":0,"texture":"#0","tintindex":0},"up":{"uv":[0.5,12.25,0.875,11.75],"rotation":0,"texture":"#0","tintindex":0},"west":{"uv":[0.5,12.25,0.0,12.375],"rotation":0,"texture":"#0","tintindex":0}}},{"name":"cube","from":[3.3199997,2.8492293,13.106228],"to":[12.68,12.2092285,13.106228],"rotation":{"angle":-22.5,"axis":"x","origin":[8.0,12.2092285,13.106228]},"faces":{"down":{"uv":[4.75,13.1875,5.5,13.1875],"rotation":0,"texture":"#0","tintindex":0},"east":{"uv":[4.75,13.1875,4.75,13.9375],"rotation":0,"texture":"#0","tintindex":0},"north":{"uv":[5.5,13.1875,4.75,13.9375],"rotation":0,"texture":"#0","tintindex":0},"south":{"uv":[5.5,13.1875,4.75,13.9375],"rotation":0,"texture":"#0","tintindex":0},"up":{"uv":[4.0,13.1875,4.75,13.1875],"rotation":0,"texture":"#0","tintindex":0},"west":{"uv":[4.0,13.1875,4.0,13.9375],"rotation":0,"texture":"#0","tintindex":0}}},{"name":"cube","from":[3.3199997,7.529231,13.028229],"to":[12.68,16.109234,13.028229],"rotation":{"angle":-22.5,"axis":"x","origin":[8.0,16.109234,13.028229]},"faces":{"down":{"uv":[4.75,12.5,5.5,12.5],"rotation":0,"texture":"#0","tintindex":0},"east":{"uv":[4.75,12.5,4.75,13.1875],"rotation":0,"texture":"#0","tintindex":0},"north":{"uv":[5.5,12.5,4.75,13.1875],"rotation":0,"texture":"#0","tintindex":0},"south":{"uv":[5.5,12.5,4.75,13.1875],"rotation":0,"texture":"#0","tintindex":0},"up":{"uv":[4.0,12.5,4.75,12.5],"rotation":0,"texture":"#0","tintindex":0},"west":{"uv":[4.0,12.5,4.0,13.1875],"rotation":0,"texture":"#0","tintindex":0}}},{"name":"cube","from":[3.3199997,12.2092285,13.37923],"to":[12.68,18.44923,13.37923],"rotation":{"angle":-22.5,"axis":"x","origin":[8.0,18.44923,13.37923]},"faces":{"down":{"uv":[3.25,13.1875,4.0,13.1875],"rotation":0,"texture":"#0","tintindex":0},"east":{"uv":[3.25,13.1875,3.25,13.6875],"rotation":0,"texture":"#0","tintindex":0},"north":{"uv":[4.0,13.1875,3.25,13.6875],"rotation":0,"texture":"#0","tintindex":0},"south":{"uv":[4.0,13.1875,3.25,13.6875],"rotation":0,"texture":"#0","tintindex":0},"up":{"uv":[2.5,13.1875,3.25,13.1875],"rotation":0,"texture":"#0","tintindex":0},"west":{"uv":[2.5,13.1875,2.5,13.6875],"rotation":0,"texture":"#0","tintindex":0}}},{"name":"cube","from":[1.76,5.969228,13.37923],"to":[4.88,16.109234,13.37923],"rotation":{"angle":-22.5,"axis":"y","origin":[3.3199997,16.109234,13.37923]},"faces":{"down":{"uv":[3.75,12.375,4.0,12.375],"rotation":0,"texture":"#0","tintindex":0},"east":{"uv":[3.75,12.375,3.75,13.1875],"rotation":0,"texture":"#0","tintindex":0},"north":{"uv":[3.75,12.375,4.0,13.1875],"rotation":0,"texture":"#0","tintindex":0},"south":{"uv":[4.0,12.375,3.75,13.1875],"rotation":0,"texture":"#0","tintindex":0},"up":{"uv":[3.5,12.375,3.75,12.375],"rotation":0,"texture":"#0","tintindex":0},"west":{"uv":[3.5,12.375,3.5,13.1875],"rotation":0,"texture":"#0","tintindex":0}}},{"name":"cube","from":[1.76,18.44923,0.8992281],"to":[6.44,20.009235,4.019228],"rotation":{"angle":22.5,"axis":"z","origin":[6.44,18.44923,0.8992281]},"faces":{"down":{"uv":[1.3125,8.1875,1.6875,8.4375],"rotation":0,"texture":"#0","tintindex":0},"east":{"uv":[1.5625,8.4375,1.3125,8.5625],"rotation":0,"texture":"#0","tintindex":0},"north":{"uv":[1.3125,8.4375,0.9375,8.5625],"rotation":0,"texture":"#0","tintindex":0},"south":{"uv":[1.9375,8.4375,1.5625,8.5625],"rotation":0,"texture":"#0","tintindex":0},"up":{"uv":[0.9375,8.4375,1.3125,8.1875],"rotation":0,"texture":"#0","tintindex":0},"west":{"uv":[0.9375,8.4375,0.6875,8.5625],"rotation":0,"texture":"#0","tintindex":0}}},{"name":"cube","from":[0.19999981,16.889225,1.0942278],"to":[4.88,18.44923,4.2142286],"rotation":{"angle":45.0,"axis":"z","origin":[4.88,16.889225,1.0942278]},"faces":{"down":{"uv":[7.0,9.875,7.375,10.125],"rotation":0,"texture":"#0","tintindex":0},"east":{"uv":[7.25,10.125,7.0,10.25],"rotation":0,"texture":"#0","tintindex":0},"north":{"uv":[7.0,10.125,6.625,10.25],"rotation":0,"texture":"#0","tintindex":0},"south":{"uv":[7.625,10.125,7.25,10.25],"rotation":0,"texture":"#0","tintindex":0},"up":{"uv":[6.625,10.125,7.0,9.875],"rotation":0,"texture":"#0","tintindex":0},"west":{"uv":[6.625,10.125,6.375,10.25],"rotation":0,"texture":"#0","tintindex":0}}},{"name":"cube","from":[0.19999981,16.889225,10.225772],"to":[4.88,18.44923,13.345771],"rotation":{"angle":45.0,"axis":"z","origin":[4.88,16.889225,13.345771]},"faces":{"down":{"uv":[10.1875,6.75,10.5625,7.0],"rotation":0,"texture":"#0","tintindex":0},"east":{"uv":[10.4375,7.0,10.1875,7.125],"rotation":0,"texture":"#0","tintindex":0},"north":{"uv":[10.1875,7.0,9.8125,7.125],"rotation":0,"texture":"#0","tintindex":0},"south":{"uv":[10.8125,7.0,10.4375,7.125],"rotation":0,"texture":"#0","tintindex":0},"up":{"uv":[9.8125,7.0,10.1875,6.75],"rotation":0,"texture":"#0","tintindex":0},"west":{"uv":[9.8125,7.0,9.5625,7.125],"rotation":0,"texture":"#0","tintindex":0}}},{"name":"cube","from":[1.76,18.44923,10.420772],"to":[6.44,20.009235,13.5407715],"rotation":{"angle":22.5,"axis":"z","origin":[6.44,18.44923,13.5407715]},"faces":{"down":{"uv":[10.1875,7.125,10.5625,7.375],"rotation":0,"texture":"#0","tintindex":0},"east":{"uv":[10.4375,7.375,10.1875,7.5],"rotation":0,"texture":"#0","tintindex":0},"north":{"uv":[10.1875,7.375,9.8125,7.5],"rotation":0,"texture":"#0","tintindex":0},"south":{"uv":[10.8125,7.375,10.4375,7.5],"rotation":0,"texture":"#0","tintindex":0},"up":{"uv":[9.8125,7.375,10.1875,7.125],"rotation":0,"texture":"#0","tintindex":0},"west":{"uv":[9.8125,7.375,9.5625,7.5],"rotation":0,"texture":"#0","tintindex":0}}},{"name":"cube","from":[11.12,16.889225,1.0942278],"to":[15.8,18.44923,4.2142286],"rotation":{"angle":-45.0,"axis":"z","origin":[11.12,16.889225,1.0942278]},"faces":{"down":{"uv":[7.375,9.875,7.0,10.125],"rotation":0,"texture":"#0","tintindex":0},"east":{"uv":[6.375,10.125,6.625,10.25],"rotation":0,"texture":"#0","tintindex":0},"north":{"uv":[6.625,10.125,7.0,10.25],"rotation":0,"texture":"#0","tintindex":0},"south":{"uv":[7.25,10.125,7.625,10.25],"rotation":0,"texture":"#0","tintindex":0},"up":{"uv":[7.0,10.125,6.625,9.875],"rotation":0,"texture":"#0","tintindex":0},"west":{"uv":[7.0,10.125,7.25,10.25],"rotation":0,"texture":"#0","tintindex":0}}},{"name":"cube","from":[11.12,17.669228,4.019228],"to":[15.8,19.229233,10.454228],"rotation":{"angle":-45.0,"axis":"z","origin":[11.12,17.669228,2.4592283]},"faces":{"down":{"uv":[1.25,11.75,0.875,12.25],"rotation":0,"texture":"#0","tintindex":0},"east":{"uv":[0.0,12.25,0.5,12.375],"rotation":0,"texture":"#0","tintindex":0},"north":{"uv":[0.5,12.25,0.875,12.375],"rotation":0,"texture":"#0","tintindex":0},"south":{"uv":[1.375,12.25,1.75,12.375],"rotation":0,"texture":"#0","tintindex":0},"up":{"uv":[0.875,12.25,0.5,11.75],"rotation":0,"texture":"#0","tintindex":0},"west":{"uv":[0.875,12.25,1.375,12.375],"rotation":0,"texture":"#0","tintindex":0}}},{"name":"cube","from":[14.24,8.699229,2.4592283],"to":[14.24,14.939226,13.574228],"rotation":{"angle":22.5,"axis":"z","origin":[14.24,14.939226,3.2392285]},"faces":{"down":{"uv":[0.875,11.75,0.875,12.625],"rotation":0,"texture":"#0","tintindex":0},"east":{"uv":[0.0,12.625,0.875,13.125],"rotation":0,"texture":"#0","tintindex":0},"north":{"uv":[0.875,12.625,0.875,13.125],"rotation":0,"texture":"#0","tintindex":0},"south":{"uv":[1.75,12.625,1.75,13.125],"rotation":0,"texture":"#0","tintindex":0},"up":{"uv":[0.875,12.625,0.875,11.75],"rotation":0,"texture":"#0","tintindex":0},"west":{"uv":[0.875,12.625,0.0,13.125],"rotation":0,"texture":"#0","tintindex":0}}},{"name":"cube","from":[11.12,16.889225,10.225772],"to":[15.8,18.44923,13.345771],"rotation":{"angle":-45.0,"axis":"z","origin":[11.12,16.889225,13.345771]},"faces":{"down":{"uv":[10.5625,6.75,10.1875,7.0],"rotation":0,"texture":"#0","tintindex":0},"east":{"uv":[9.5625,7.0,9.8125,7.125],"rotation":0,"texture":"#0","tintindex":0},"north":{"uv":[9.8125,7.0,10.1875,7.125],"rotation":0,"texture":"#0","tintindex":0},"south":{"uv":[10.4375,7.0,10.8125,7.125],"rotation":0,"texture":"#0","tintindex":0},"up":{"uv":[10.1875,7.0,9.8125,6.75],"rotation":0,"texture":"#0","tintindex":0},"west":{"uv":[10.1875,7.0,10.4375,7.125],"rotation":0,"texture":"#0","tintindex":0}}},{"name":"cube","from":[12.29,5.969228,2.4592283],"to":[12.29,14.54923,13.574228],"rotation":{"angle":22.5,"axis":"z","origin":[12.29,14.54923,3.2392285]},"faces":{"down":{"uv":[2.625,11.625,2.625,12.5],"rotation":0,"texture":"#0","tintindex":0},"east":{"uv":[2.625,12.5,1.75,13.1875],"rotation":0,"texture":"#0","tintindex":0},"north":{"uv":[2.625,12.5,2.625,13.1875],"rotation":0,"texture":"#0","tintindex":0},"south":{"uv":[3.5,12.5,3.5,13.1875],"rotation":0,"texture":"#0","tintindex":0},"up":{"uv":[2.625,12.5,2.625,11.625],"rotation":0,"texture":"#0","tintindex":0},"west":{"uv":[1.75,12.5,2.625,13.1875],"rotation":0,"texture":"#0","tintindex":0}}},{"name":"cube","from":[0.19999981,3.5150008,0.3949995],"to":[4.88,11.3150015,0.3949995],"rotation":{"angle":22.5,"axis":"y","origin":[4.88,5.075,0.3949995]},"faces":{"down":{"uv":[0.375,1.4375,0.75,1.4375],"rotation":0,"texture":"#0","tintindex":0},"east":{"uv":[0.375,1.4375,0.375,2.0625],"rotation":0,"texture":"#0","tintindex":0},"north":{"uv":[0.375,1.4375,0.0,2.0625],"rotation":0,"texture":"#0","tintindex":0},"south":{"uv":[0.0,1.4375,0.375,2.0625],"rotation":0,"texture":"#0","tintindex":0},"up":{"uv":[0.0,1.4375,0.375,1.4375],"rotation":0,"texture":"#0","tintindex":0},"west":{"uv":[0.0,1.4375,0.0,2.0625],"rotation":0,"texture":"#0","tintindex":0}}},{"name":"cube","from":[3.7099998,5.969228,2.4592283],"to":[3.7099998,14.54923,13.574228],"rotation":{"angle":-22.5,"axis":"z","origin":[3.7099998,14.54923,3.2392285]},"faces":{"down":{"uv":[2.625,11.625,2.625,12.5],"rotation":0,"texture":"#0","tintindex":0},"east":{"uv":[2.625,12.5,1.75,13.1875],"rotation":0,"texture":"#0","tintindex":0},"north":{"uv":[2.625,12.5,2.625,13.1875],"rotation":0,"texture":"#0","tintindex":0},"south":{"uv":[3.5,12.5,3.5,13.1875],"rotation":0,"texture":"#0","tintindex":0},"up":{"uv":[2.625,12.5,2.625,11.625],"rotation":0,"texture":"#0","tintindex":0},"west":{"uv":[1.75,12.5,2.625,13.1875],"rotation":0,"texture":"#0","tintindex":0}}},{"name":"cube","from":[1.76,8.699229,2.4592283],"to":[1.76,14.939226,13.574228],"rotation":{"angle":-22.5,"axis":"z","origin":[1.76,14.939226,3.2392285]},"faces":{"down":{"uv":[0.875,11.75,0.875,12.625],"rotation":0,"texture":"#0","tintindex":0},"east":{"uv":[0.0,12.625,0.875,13.125],"rotation":0,"texture":"#0","tintindex":0},"north":{"uv":[0.875,12.625,0.875,13.125],"rotation":0,"texture":"#0","tintindex":0},"south":{"uv":[1.75,12.625,1.75,13.125],"rotation":0,"texture":"#0","tintindex":0},"up":{"uv":[0.875,12.625,0.875,11.75],"rotation":0,"texture":"#0","tintindex":0},"west":{"uv":[0.875,12.625,0.0,13.125],"rotation":0,"texture":"#0","tintindex":0}}},{"name":"cube","from":[0.58999944,7.415001,2.1499996],"to":[2.9299998,13.654998,2.1499996],"rotation":{"angle":22.5,"axis":"y","origin":[2.9299998,7.415001,2.1499996]},"faces":{"down":{"uv":[5.5,0.0,5.6875,0.0],"rotation":0,"texture":"#0","tintindex":0},"east":{"uv":[5.5,0.0,5.5,0.5],"rotation":0,"texture":"#0","tintindex":0},"north":{"uv":[5.5,0.0,5.3125,0.5],"rotation":0,"texture":"#0","tintindex":0},"south":{"uv":[5.3125,0.0,5.5,0.5],"rotation":0,"texture":"#0","tintindex":0},"up":{"uv":[5.3125,0.0,5.5,0.0],"rotation":0,"texture":"#0","tintindex":0},"west":{"uv":[5.3125,0.0,5.3125,0.5],"rotation":0,"texture":"#0","tintindex":0}}},{"name":"cube","from":[9.56,18.44923,10.420772],"to":[14.24,20.009235,13.5407715],"rotation":{"angle":-22.5,"axis":"z","origin":[9.56,18.44923,13.5407715]},"faces":{"down":{"uv":[10.5625,7.125,10.1875,7.375],"rotation":0,"texture":"#0","tintindex":0},"east":{"uv":[9.5625,7.375,9.8125,7.5],"rotation":0,"texture":"#0","tintindex":0},"north":{"uv":[9.8125,7.375,10.1875,7.5],"rotation":0,"texture":"#0","tintindex":0},"south":{"uv":[10.4375,7.375,10.8125,7.5],"rotation":0,"texture":"#0","tintindex":0},"up":{"uv":[10.1875,7.375,9.8125,7.125],"rotation":0,"texture":"#0","tintindex":0},"west":{"uv":[10.1875,7.375,10.4375,7.5],"rotation":0,"texture":"#0","tintindex":0}}},{"name":"cube","from":[9.56,17.669228,4.019228],"to":[14.24,19.229233,10.454228],"rotation":{"angle":0.0,"axis":"x","origin":[9.56,17.669228,2.4592283]},"faces":{"down":{"uv":[9.8125,9.25,9.4375,9.75],"rotation":0,"texture":"#0","tintindex":0},"east":{"uv":[8.5625,9.75,9.0625,9.875],"rotation":0,"texture":"#0","tintindex":0},"north":{"uv":[9.0625,9.75,9.4375,9.875],"rotation":0,"texture":"#0","tintindex":0},"south":{"uv":[9.9375,9.75,10.3125,9.875],"rotation":0,"texture":"#0","tintindex":0},"up":{"uv":[9.4375,9.75,9.0625,9.25],"rotation":0,"texture":"#0","tintindex":0},"west":{"uv":[9.4375,9.75,9.9375,9.875],"rotation":0,"texture":"#0","tintindex":0}}},{"name":"cube","from":[8.780001,17.669228,1.0942278],"to":[11.12,19.229233,13.37923],"rotation":{"angle":22.5,"axis":"z","origin":[8.780001,17.669228,2.2642279]},"faces":{"down":{"uv":[11.1875,7.1875,11.0,8.125],"rotation":0,"texture":"#0","tintindex":0},"east":{"uv":[9.875,8.125,10.8125,8.25],"rotation":0,"texture":"#0","tintindex":0},"north":{"uv":[10.8125,8.125,11.0,8.25],"rotation":0,"texture":"#0","tintindex":0},"south":{"uv":[11.9375,8.125,12.125,8.25],"rotation":0,"texture":"#0","tintindex":0},"up":{"uv":[11.0,8.125,10.8125,7.1875],"rotation":0,"texture":"#0","tintindex":0},"west":{"uv":[11.0,8.125,11.9375,8.25],"rotation":0,"texture":"#0","tintindex":0}}},{"name":"cube","from":[9.56,18.44923,0.8992281],"to":[14.24,20.009235,4.019228],"rotation":{"angle":-22.5,"axis":"z","origin":[9.56,18.44923,0.8992281]},"faces":{"down":{"uv":[1.6875,8.1875,1.3125,8.4375],"rotation":0,"texture":"#0","tintindex":0},"east":{"uv":[0.6875,8.4375,0.9375,8.5625],"rotation":0,"texture":"#0","tintindex":0},"north":{"uv":[0.9375,8.4375,1.3125,8.5625],"rotation":0,"texture":"#0","tintindex":0},"south":{"uv":[1.5625,8.4375,1.9375,8.5625],"rotation":0,"texture":"#0","tintindex":0},"up":{"uv":[1.3125,8.4375,0.9375,8.1875],"rotation":0,"texture":"#0","tintindex":0},"west":{"uv":[1.3125,8.4375,1.5625,8.5625],"rotation":0,"texture":"#0","tintindex":0}}},{"name":"cube","from":[11.12,5.969228,13.37923],"to":[14.24,16.109234,13.37923],"rotation":{"angle":22.5,"axis":"y","origin":[12.68,16.109234,13.37923]},"faces":{"down":{"uv":[4.0,12.375,3.75,12.375],"rotation":0,"texture":"#0","tintindex":0},"east":{"uv":[3.5,12.375,3.5,13.1875],"rotation":0,"texture":"#0","tintindex":0},"north":{"uv":[4.0,12.375,3.75,13.1875],"rotation":0,"texture":"#0","tintindex":0},"south":{"uv":[3.75,12.375,4.0,13.1875],"rotation":0,"texture":"#0","tintindex":0},"up":{"uv":[3.75,12.375,3.5,12.375],"rotation":0,"texture":"#0","tintindex":0},"west":{"uv":[3.75,12.375,3.75,13.1875],"rotation":0,"texture":"#0","tintindex":0}}},{"name":"cube","from":[1.3699996,13.574229,0.119227886],"to":[6.83,15.914227,0.119227886],"rotation":{"angle":0.0,"axis":"x","origin":[6.83,13.574229,0.119227886]},"faces":{"down":{"uv":[1.9375,6.5625,2.375,6.5625],"rotation":0,"texture":"#0","tintindex":0},"east":{"uv":[1.9375,6.5625,1.9375,6.75],"rotation":0,"texture":"#0","tintindex":0},"north":{"uv":[1.9375,6.5625,1.5,6.75],"rotation":0,"texture":"#0","tintindex":0},"south":{"uv":[2.375,6.5625,1.9375,6.75],"rotation":0,"texture":"#0","tintindex":0},"up":{"uv":[1.5,6.5625,1.9375,6.5625],"rotation":0,"texture":"#0","tintindex":0},"west":{"uv":[1.5,6.5625,1.5,6.75],"rotation":0,"texture":"#0","tintindex":0}}},{"name":"cube","from":[9.17,13.574229,0.119227886],"to":[14.63,15.914227,0.119227886],"rotation":{"angle":0.0,"axis":"x","origin":[9.17,13.574229,0.119227886]},"faces":{"down":{"uv":[2.375,6.5625,1.9375,6.5625],"rotation":0,"texture":"#0","tintindex":0},"east":{"uv":[1.5,6.5625,1.5,6.75],"rotation":0,"texture":"#0","tintindex":0},"north":{"uv":[1.5,6.5625,1.9375,6.75],"rotation":0,"texture":"#0","tintindex":0},"south":{"uv":[1.9375,6.5625,2.375,6.75],"rotation":0,"texture":"#0","tintindex":0},"up":{"uv":[1.9375,6.5625,1.5,6.5625],"rotation":0,"texture":"#0","tintindex":0},"west":{"uv":[1.9375,6.5625,1.9375,6.75],"rotation":0,"texture":"#0","tintindex":0}}}],"display":{"head":{"translation":[0.0,-6.4,0.0],"rotation":[0.0,0.0,0.0],"scale":[3.8095,3.8095,3.8095]}}}