{"textures":{"0":"modelengine:entity/zeus"},"elements":[{"name":"cube","from":[5.66,3.3199997,8.0],"to":[10.34,8.0,11.900001],"rotation":{"angle":0.0,"axis":"x","origin":[8.780001,3.3199997,9.56]},"faces":{"down":{"uv":[10.125,4.875,9.75,5.1875],"rotation":0,"texture":"#0","tintindex":0},"east":{"uv":[9.0625,5.1875,9.375,5.5625],"rotation":0,"texture":"#0","tintindex":0},"north":{"uv":[9.375,5.1875,9.75,5.5625],"rotation":0,"texture":"#0","tintindex":0},"south":{"uv":[10.0625,5.1875,10.4375,5.5625],"rotation":0,"texture":"#0","tintindex":0},"up":{"uv":[9.75,5.1875,9.375,4.875],"rotation":0,"texture":"#0","tintindex":0},"west":{"uv":[9.75,5.1875,10.0625,5.5625],"rotation":0,"texture":"#0","tintindex":0}}},{"name":"cube","from":[4.88,3.3199997,4.88],"to":[10.34,8.0,8.0],"rotation":{"angle":0.0,"axis":"x","origin":[8.0,8.0,8.0]},"faces":{"down":{"uv":[10.3125,7.5,9.875,7.75],"rotation":0,"texture":"#0","tintindex":0},"east":{"uv":[9.1875,7.75,9.4375,8.125],"rotation":0,"texture":"#0","tintindex":0},"north":{"uv":[9.4375,7.75,9.875,8.125],"rotation":0,"texture":"#0","tintindex":0},"south":{"uv":[10.125,7.75,10.5625,8.125],"rotation":0,"texture":"#0","tintindex":0},"up":{"uv":[9.875,7.75,9.4375,7.5],"rotation":0,"texture":"#0","tintindex":0},"west":{"uv":[9.875,7.75,10.125,8.125],"rotation":0,"texture":"#0","tintindex":0}}},{"name":"cube","from":[4.88,3.3199997,0.19999981],"to":[11.120001,6.4399996,4.88],"rotation":{"angle":0.0,"axis":"x","origin":[8.0,3.3199997,1.76]},"faces":{"down":{"uv":[9.9375,0.0,9.4375,0.375],"rotation":0,"texture":"#0","tintindex":0},"east":{"uv":[8.5625,0.375,8.9375,0.625],"rotation":0,"texture":"#0","tintindex":0},"north":{"uv":[8.9375,0.375,9.4375,0.625],"rotation":0,"texture":"#0","tintindex":0},"south":{"uv":[9.8125,0.375,10.3125,0.625],"rotation":0,"texture":"#0","tintindex":0},"up":{"uv":[9.4375,0.375,8.9375,0.0],"rotation":0,"texture":"#0","tintindex":0},"west":{"uv":[9.4375,0.375,9.8125,0.625],"rotation":0,"texture":"#0","tintindex":0}}},{"name":"cube","from":[9.0842,3.3121996,-2.0308008],"to":[11.4398,6.4477997,0.32479978],"rotation":{"angle":0.0,"axis":"x","origin":[9.872001,3.3199997,1.0969996]},"faces":{"down":{"uv":[9.9375,2.375,9.75,2.5625],"rotation":0,"texture":"#0","tintindex":0},"east":{"uv":[9.375,2.5625,9.5625,2.8125],"rotation":0,"texture":"#0","tintindex":0},"north":{"uv":[9.5625,2.5625,9.75,2.8125],"rotation":0,"texture":"#0","tintindex":0},"south":{"uv":[9.9375,2.5625,10.125,2.8125],"rotation":0,"texture":"#0","tintindex":0},"up":{"uv":[9.75,2.5625,9.5625,2.375],"rotation":0,"texture":"#0","tintindex":0},"west":{"uv":[9.75,2.5625,9.9375,2.8125],"rotation":0,"texture":"#0","tintindex":0}}},{"name":"cube","from":[4.9892,3.3121996,-1.2508006],"to":[8.9048,5.6678,0.32479978],"rotation":{"angle":0.0,"axis":"x","origin":[7.3370004,3.3199997,1.0969996]},"faces":{"down":{"uv":[10.125,2.8125,9.8125,2.9375],"rotation":0,"texture":"#0","tintindex":0},"east":{"uv":[9.375,2.9375,9.5,3.125],"rotation":0,"texture":"#0","tintindex":0},"north":{"uv":[9.5,2.9375,9.8125,3.125],"rotation":0,"texture":"#0","tintindex":0},"south":{"uv":[9.9375,2.9375,10.25,3.125],"rotation":0,"texture":"#0","tintindex":0},"up":{"uv":[9.8125,2.9375,9.5,2.8125],"rotation":0,"texture":"#0","tintindex":0},"west":{"uv":[9.8125,2.9375,9.9375,3.125],"rotation":0,"texture":"#0","tintindex":0}}},{"name":"cube","from":[4.8956,6.4556,0.21559978],"to":[11.104401,7.9844,4.8644],"rotation":{"angle":-22.5,"axis":"x","origin":[8.0,8.0,4.88]},"faces":{"down":{"uv":[10.1875,6.375,9.75,6.6875],"rotation":0,"texture":"#0","tintindex":0},"east":{"uv":[9.0,6.6875,9.3125,6.75],"rotation":0,"texture":"#0","tintindex":0},"north":{"uv":[9.3125,6.6875,9.75,6.75],"rotation":0,"texture":"#0","tintindex":0},"south":{"uv":[10.0625,6.6875,10.5,6.75],"rotation":0,"texture":"#0","tintindex":0},"up":{"uv":[9.75,6.6875,9.3125,6.375],"rotation":0,"texture":"#0","tintindex":0},"west":{"uv":[9.75,6.6875,10.0625,6.75],"rotation":0,"texture":"#0","tintindex":0}}}],"display":{"head":{"translation":[0.0,-6.4,0.0],"rotation":[0.0,0.0,0.0],"scale":[3.8095,3.8095,3.8095]}}}