{"textures":{"0":"modelengine:entity/zeus"},"elements":[{"name":"cube","from":[3.3199997,-7.6000004,4.1],"to":[11.12,-2.920001,11.900001],"rotation":{"angle":0.0,"axis":"x","origin":[4.88,-9.160002,8.780001]},"faces":{"down":{"uv":[8.0,4.625,7.375,5.25],"rotation":0,"texture":"#0","tintindex":0},"east":{"uv":[6.125,5.25,6.75,5.625],"rotation":0,"texture":"#0","tintindex":0},"north":{"uv":[6.75,5.25,7.375,5.625],"rotation":0,"texture":"#0","tintindex":0},"south":{"uv":[8.0,5.25,8.625,5.625],"rotation":0,"texture":"#0","tintindex":0},"up":{"uv":[7.375,5.25,6.75,4.625],"rotation":0,"texture":"#0","tintindex":0},"west":{"uv":[7.375,5.25,8.0,5.625],"rotation":0,"texture":"#0","tintindex":0}}},{"name":"cube","from":[2.9299998,-2.920001,3.7099998],"to":[11.51,9.559999,12.29],"rotation":{"angle":0.0,"axis":"x","origin":[4.49,-9.160002,9.17]},"faces":{"down":{"uv":[2.0625,4.875,1.375,5.5625],"rotation":0,"texture":"#0","tintindex":0},"east":{"uv":[0.0,5.5625,0.6875,6.5625],"rotation":0,"texture":"#0","tintindex":0},"north":{"uv":[0.6875,5.5625,1.375,6.5625],"rotation":0,"texture":"#0","tintindex":0},"south":{"uv":[2.0625,5.5625,2.75,6.5625],"rotation":0,"texture":"#0","tintindex":0},"up":{"uv":[1.375,5.5625,0.6875,4.875],"rotation":0,"texture":"#0","tintindex":0},"west":{"uv":[1.375,5.5625,2.0625,6.5625],"rotation":0,"texture":"#0","tintindex":0}}}],"display":{"head":{"translation":[0.0,-6.4,0.0],"rotation":[0.0,0.0,0.0],"scale":[3.8095,3.8095,3.8095]}}}