{"textures":{"0":"modelengine:entity/zeus"},"elements":[{"name":"cube","from":[5.66,-9.160002,8.0],"to":[10.34,-6.040002,13.46],"rotation":{"angle":0.0,"axis":"x","origin":[8.0,6.4399986,8.0]},"faces":{"down":{"uv":[9.875,1.6875,9.5,2.125],"rotation":0,"texture":"#0","tintindex":0},"east":{"uv":[8.6875,2.125,9.125,2.375],"rotation":0,"texture":"#0","tintindex":0},"north":{"uv":[9.125,2.125,9.5,2.375],"rotation":0,"texture":"#0","tintindex":0},"south":{"uv":[9.9375,2.125,10.3125,2.375],"rotation":0,"texture":"#0","tintindex":0},"up":{"uv":[9.5,2.125,9.125,1.6875],"rotation":0,"texture":"#0","tintindex":0},"west":{"uv":[9.5,2.125,9.9375,2.375],"rotation":0,"texture":"#0","tintindex":0}}},{"name":"cube","from":[4.88,-6.040002,8.0],"to":[11.120001,8.0,14.24],"rotation":{"angle":0.0,"axis":"x","origin":[7.22,-4.480001,14.24]},"faces":{"down":{"uv":[1.5,6.5625,1.0,7.0625],"rotation":0,"texture":"#0","tintindex":0},"east":{"uv":[0.0,7.0625,0.5,8.1875],"rotation":0,"texture":"#0","tintindex":0},"north":{"uv":[0.5,7.0625,1.0,8.1875],"rotation":0,"texture":"#0","tintindex":0},"south":{"uv":[1.5,7.0625,2.0,8.1875],"rotation":0,"texture":"#0","tintindex":0},"up":{"uv":[1.0,7.0625,0.5,6.5625],"rotation":0,"texture":"#0","tintindex":0},"west":{"uv":[1.0,7.0625,1.5,8.1875],"rotation":0,"texture":"#0","tintindex":0}}},{"name":"cube","from":[6.4400005,5.659999,4.685],"to":[11.120001,10.339998,6.245],"rotation":{"angle":-45.0,"axis":"z","origin":[8.0,8.78,5.465]},"faces":{"down":{"uv":[6.5,6.625,6.125,6.75],"rotation":0,"texture":"#0","tintindex":0},"east":{"uv":[5.625,6.75,5.75,7.125],"rotation":0,"texture":"#0","tintindex":0},"north":{"uv":[5.75,6.75,6.125,7.125],"rotation":0,"texture":"#0","tintindex":0},"south":{"uv":[6.25,6.75,6.625,7.125],"rotation":0,"texture":"#0","tintindex":0},"up":{"uv":[6.125,6.75,5.75,6.625],"rotation":0,"texture":"#0","tintindex":0},"west":{"uv":[6.125,6.75,6.25,7.125],"rotation":0,"texture":"#0","tintindex":0}}},{"name":"cube","from":[4.8878,0.20779896,8.0078],"to":[11.1122,7.9921985,11.1122],"rotation":{"angle":-22.5,"axis":"x","origin":[7.22,0.19999862,8.0]},"faces":{"down":{"uv":[7.6875,8.9375,7.1875,9.1875],"rotation":0,"texture":"#0","tintindex":0},"east":{"uv":[6.4375,9.1875,6.6875,9.8125],"rotation":0,"texture":"#0","tintindex":0},"north":{"uv":[6.6875,9.1875,7.1875,9.8125],"rotation":0,"texture":"#0","tintindex":0},"south":{"uv":[7.4375,9.1875,7.9375,9.8125],"rotation":0,"texture":"#0","tintindex":0},"up":{"uv":[7.1875,9.1875,6.6875,8.9375],"rotation":0,"texture":"#0","tintindex":0},"west":{"uv":[7.1875,9.1875,7.4375,9.8125],"rotation":0,"texture":"#0","tintindex":0}}},{"name":"cube","from":[6.4477997,-1.976201,8.0078],"to":[9.5522,6.5881987,9.5522],"rotation":{"angle":-22.5,"axis":"x","origin":[7.22,-1.9840012,8.0]},"faces":{"down":{"uv":[0.625,0.0,0.375,0.125],"rotation":0,"texture":"#0","tintindex":0},"east":{"uv":[0.0,0.125,0.125,0.8125],"rotation":0,"texture":"#0","tintindex":0},"north":{"uv":[0.125,0.125,0.375,0.8125],"rotation":0,"texture":"#0","tintindex":0},"south":{"uv":[0.5,0.125,0.75,0.8125],"rotation":0,"texture":"#0","tintindex":0},"up":{"uv":[0.375,0.125,0.125,0.0],"rotation":0,"texture":"#0","tintindex":0},"west":{"uv":[0.375,0.125,0.5,0.8125],"rotation":0,"texture":"#0","tintindex":0}}}],"display":{"head":{"translation":[0.0,-6.4,0.0],"rotation":[0.0,0.0,0.0],"scale":[3.8095,3.8095,3.8095]}}}