{"textures":{"0":"modelengine:entity/zeus"},"elements":[{"name":"cube","from":[5.66,-6.8199987,4.88],"to":[11.120001,8.0,11.12],"rotation":{"angle":0.0,"axis":"x","origin":[8.0,8.0,8.0]},"faces":{"down":{"uv":[7.375,6.625,7.8125,7.125],"rotation":0,"texture":"#0","tintindex":0},"east":{"uv":[7.875,7.125,7.375,8.3125],"rotation":0,"texture":"#0","tintindex":0},"north":{"uv":[7.375,7.125,6.9375,8.3125],"rotation":0,"texture":"#0","tintindex":0},"south":{"uv":[8.3125,7.125,7.875,8.3125],"rotation":0,"texture":"#0","tintindex":0},"up":{"uv":[6.9375,7.125,7.375,6.625],"rotation":0,"texture":"#0","tintindex":0},"west":{"uv":[6.9375,7.125,6.4375,8.3125],"rotation":0,"texture":"#0","tintindex":0}}},{"name":"cube","from":[4.802,-1.4379988,5.582],"to":[11.978001,6.518,11.978],"rotation":{"angle":0.0,"axis":"x","origin":[8.0,-4.48,8.780001]},"faces":{"down":{"uv":[9.0625,3.75,9.625,4.25],"rotation":0,"texture":"#0","tintindex":0},"east":{"uv":[9.5625,4.25,9.0625,4.875],"rotation":0,"texture":"#0","tintindex":0},"north":{"uv":[9.0625,4.25,8.5,4.875],"rotation":0,"texture":"#0","tintindex":0},"south":{"uv":[10.125,4.25,9.5625,4.875],"rotation":0,"texture":"#0","tintindex":0},"up":{"uv":[8.5,4.25,9.0625,3.75],"rotation":0,"texture":"#0","tintindex":0},"west":{"uv":[8.5,4.25,8.0,4.875],"rotation":0,"texture":"#0","tintindex":0}}},{"name":"cube","from":[6.2450004,3.671002,10.34],"to":[10.925,8.351,12.68],"rotation":{"angle":-45.0,"axis":"z","origin":[8.975,6.400999,11.900001]},"faces":{"down":{"uv":[2.625,4.875,3.0,5.0625],"rotation":0,"texture":"#0","tintindex":0},"east":{"uv":[2.8125,5.0625,2.625,5.4375],"rotation":0,"texture":"#0","tintindex":0},"north":{"uv":[2.625,5.0625,2.25,5.4375],"rotation":0,"texture":"#0","tintindex":0},"south":{"uv":[3.1875,5.0625,2.8125,5.4375],"rotation":0,"texture":"#0","tintindex":0},"up":{"uv":[2.25,5.0625,2.625,4.875],"rotation":0,"texture":"#0","tintindex":0},"west":{"uv":[2.25,5.0625,2.0625,5.4375],"rotation":0,"texture":"#0","tintindex":0}}},{"name":"cube","from":[10.34,-3.7000003,2.5399995],"to":[13.46,8.390001,5.66],"rotation":{"angle":22.5,"axis":"y","origin":[13.46,4.1,5.66]},"faces":{"down":{"uv":[6.0,12.5,6.25,12.75],"rotation":0,"texture":"#0","tintindex":0},"east":{"uv":[6.25,12.75,6.0,13.6875],"rotation":0,"texture":"#0","tintindex":0},"north":{"uv":[6.0,12.75,5.75,13.6875],"rotation":0,"texture":"#0","tintindex":0},"south":{"uv":[6.5,12.75,6.25,13.6875],"rotation":0,"texture":"#0","tintindex":0},"up":{"uv":[5.75,12.75,6.0,12.5],"rotation":0,"texture":"#0","tintindex":0},"west":{"uv":[5.75,12.75,5.5,13.6875],"rotation":0,"texture":"#0","tintindex":0}}},{"name":"cube","from":[12.095,4.8800015,2.9299998],"to":[14.045001,12.680002,10.73],"rotation":{"angle":-45.0,"axis":"x","origin":[12.095,9.559999,7.61]},"faces":{"down":{"uv":[4.375,13.9375,4.5,14.5625],"rotation":0,"texture":"#0","tintindex":0},"east":{"uv":[5.0,14.5625,4.375,15.1875],"rotation":0,"texture":"#0","tintindex":0},"north":{"uv":[4.375,14.5625,4.25,15.1875],"rotation":0,"texture":"#0","tintindex":0},"south":{"uv":[5.125,14.5625,5.0,15.1875],"rotation":0,"texture":"#0","tintindex":0},"up":{"uv":[4.25,14.5625,4.375,13.9375],"rotation":0,"texture":"#0","tintindex":0},"west":{"uv":[4.25,14.5625,3.625,15.1875],"rotation":0,"texture":"#0","tintindex":0}}},{"name":"cube","from":[10.34,-3.7000003,9.56],"to":[13.46,8.390001,13.459999],"rotation":{"angle":-22.5,"axis":"y","origin":[13.46,4.1,9.56]},"faces":{"down":{"uv":[3.0625,13.6875,3.3125,14.0],"rotation":0,"texture":"#0","tintindex":0},"east":{"uv":[3.375,14.0,3.0625,14.9375],"rotation":0,"texture":"#0","tintindex":0},"north":{"uv":[3.0625,14.0,2.8125,14.9375],"rotation":0,"texture":"#0","tintindex":0},"south":{"uv":[3.625,14.0,3.375,14.9375],"rotation":0,"texture":"#0","tintindex":0},"up":{"uv":[2.8125,14.0,3.0625,13.6875],"rotation":0,"texture":"#0","tintindex":0},"west":{"uv":[2.8125,14.0,2.5,14.9375],"rotation":0,"texture":"#0","tintindex":0}}},{"name":"cube","from":[10.34,-3.7000003,5.66],"to":[13.46,8.390001,9.56],"rotation":{"angle":0.0,"axis":"x","origin":[11.900001,4.1,8.0]},"faces":{"down":{"uv":[0.5625,13.125,0.8125,13.4375],"rotation":0,"texture":"#0","tintindex":0},"east":{"uv":[0.875,13.4375,0.5625,14.375],"rotation":0,"texture":"#0","tintindex":0},"north":{"uv":[0.5625,13.4375,0.3125,14.375],"rotation":0,"texture":"#0","tintindex":0},"south":{"uv":[1.125,13.4375,0.875,14.375],"rotation":0,"texture":"#0","tintindex":0},"up":{"uv":[0.3125,13.4375,0.5625,13.125],"rotation":0,"texture":"#0","tintindex":0},"west":{"uv":[0.3125,13.4375,0.0,14.375],"rotation":0,"texture":"#0","tintindex":0}}}],"display":{"head":{"translation":[0.0,-6.4,0.0],"rotation":[0.0,0.0,0.0],"scale":[3.8095,3.8095,3.8095]}}}