{"textures":{"0":"modelengine:entity/zeus"},"elements":[{"name":"cube","from":[8.0,-1.3599997,3.71],"to":[10.34,8.0,12.29],"rotation":{"angle":0.0,"axis":"x","origin":[8.0,8.0,8.0]},"faces":{"down":{"uv":[8.875,4.9375,9.0625,5.625],"rotation":0,"texture":"#0","tintindex":0},"east":{"uv":[9.5625,5.625,8.875,6.375],"rotation":0,"texture":"#0","tintindex":0},"north":{"uv":[8.875,5.625,8.6875,6.375],"rotation":0,"texture":"#0","tintindex":0},"south":{"uv":[9.75,5.625,9.5625,6.375],"rotation":0,"texture":"#0","tintindex":0},"up":{"uv":[8.6875,5.625,8.875,4.9375],"rotation":0,"texture":"#0","tintindex":0},"west":{"uv":[8.6875,5.625,8.0,6.375],"rotation":0,"texture":"#0","tintindex":0}}},{"name":"cube","from":[10.34,-1.3599997,5.2699995],"to":[11.120001,5.6600013,10.73],"rotation":{"angle":0.0,"axis":"x","origin":[8.0,8.0,8.0]},"faces":{"down":{"uv":[1.3125,9.125,1.375,9.5625],"rotation":0,"texture":"#0","tintindex":0},"east":{"uv":[1.75,9.5625,1.3125,10.125],"rotation":0,"texture":"#0","tintindex":0},"north":{"uv":[1.3125,9.5625,1.25,10.125],"rotation":0,"texture":"#0","tintindex":0},"south":{"uv":[1.8125,9.5625,1.75,10.125],"rotation":0,"texture":"#0","tintindex":0},"up":{"uv":[1.25,9.5625,1.3125,9.125],"rotation":0,"texture":"#0","tintindex":0},"west":{"uv":[1.25,9.5625,0.8125,10.125],"rotation":0,"texture":"#0","tintindex":0}}}],"display":{"head":{"translation":[0.0,-6.4,0.0],"rotation":[0.0,0.0,0.0],"scale":[3.8095,3.8095,3.8095]}}}