{"textures":{"0":"modelengine:entity/zeus"},"elements":[{"name":"cube","from":[8.0,-4.48,3.7099998],"to":[10.34,8.0,12.29],"rotation":{"angle":0.0,"axis":"x","origin":[8.0,8.0,8.0]},"faces":{"down":{"uv":[8.5,1.6875,8.6875,2.375],"rotation":0,"texture":"#0","tintindex":0},"east":{"uv":[9.1875,2.375,8.5,3.375],"rotation":0,"texture":"#0","tintindex":0},"north":{"uv":[8.5,2.375,8.3125,3.375],"rotation":0,"texture":"#0","tintindex":0},"south":{"uv":[9.375,2.375,9.1875,3.375],"rotation":0,"texture":"#0","tintindex":0},"up":{"uv":[8.3125,2.375,8.5,1.6875],"rotation":0,"texture":"#0","tintindex":0},"west":{"uv":[8.3125,2.375,7.625,3.375],"rotation":0,"texture":"#0","tintindex":0}}},{"name":"cube","from":[10.34,-2.1400013,5.2699995],"to":[11.120001,8.0,10.73],"rotation":{"angle":0.0,"axis":"x","origin":[8.0,8.0,8.0]},"faces":{"down":{"uv":[5.875,9.0,5.9375,9.4375],"rotation":0,"texture":"#0","tintindex":0},"east":{"uv":[6.3125,9.4375,5.875,10.25],"rotation":0,"texture":"#0","tintindex":0},"north":{"uv":[5.875,9.4375,5.8125,10.25],"rotation":0,"texture":"#0","tintindex":0},"south":{"uv":[6.375,9.4375,6.3125,10.25],"rotation":0,"texture":"#0","tintindex":0},"up":{"uv":[5.8125,9.4375,5.875,9.0],"rotation":0,"texture":"#0","tintindex":0},"west":{"uv":[5.8125,9.4375,5.375,10.25],"rotation":0,"texture":"#0","tintindex":0}}}],"display":{"head":{"translation":[0.0,-6.4,0.0],"rotation":[0.0,0.0,0.0],"scale":[3.8095,3.8095,3.8095]}}}