{"textures":{"0":"modelengine:entity/zeus"},"elements":[{"name":"cube","from":[8.0,-1.3599997,2.9299998],"to":[10.34,8.0,13.070001],"rotation":{"angle":0.0,"axis":"x","origin":[8.0,8.0,8.0]},"faces":{"down":{"uv":[7.4375,2.6875,7.625,3.5],"rotation":0,"texture":"#0","tintindex":0},"east":{"uv":[8.25,3.5,7.4375,4.25],"rotation":0,"texture":"#0","tintindex":0},"north":{"uv":[7.4375,3.5,7.25,4.25],"rotation":0,"texture":"#0","tintindex":0},"south":{"uv":[8.4375,3.5,8.25,4.25],"rotation":0,"texture":"#0","tintindex":0},"up":{"uv":[7.25,3.5,7.4375,2.6875],"rotation":0,"texture":"#0","tintindex":0},"west":{"uv":[7.25,3.5,6.4375,4.25],"rotation":0,"texture":"#0","tintindex":0}}},{"name":"cube","from":[10.34,-1.3599997,4.49],"to":[11.12,5.6600013,11.51],"rotation":{"angle":0.0,"axis":"x","origin":[8.0,8.0,8.0]},"faces":{"down":{"uv":[0.625,8.1875,0.6875,8.75],"rotation":0,"texture":"#0","tintindex":0},"east":{"uv":[1.1875,8.75,0.625,9.3125],"rotation":0,"texture":"#0","tintindex":0},"north":{"uv":[0.625,8.75,0.5625,9.3125],"rotation":0,"texture":"#0","tintindex":0},"south":{"uv":[1.25,8.75,1.1875,9.3125],"rotation":0,"texture":"#0","tintindex":0},"up":{"uv":[0.5625,8.75,0.625,8.1875],"rotation":0,"texture":"#0","tintindex":0},"west":{"uv":[0.5625,8.75,0.0,9.3125],"rotation":0,"texture":"#0","tintindex":0}}}],"display":{"head":{"translation":[0.0,-6.4,0.0],"rotation":[0.0,0.0,0.0],"scale":[3.8095,3.8095,3.8095]}}}