{"textures":{"0":"modelengine:entity/zeus"},"elements":[{"name":"cube","from":[8.0,-2.920001,4.49],"to":[10.34,8.0,11.51],"rotation":{"angle":0.0,"axis":"x","origin":[8.0,8.0,8.0]},"faces":{"down":{"uv":[2.1875,8.125,2.375,8.6875],"rotation":0,"texture":"#0","tintindex":0},"east":{"uv":[2.75,8.6875,2.1875,9.5625],"rotation":0,"texture":"#0","tintindex":0},"north":{"uv":[2.1875,8.6875,2.0,9.5625],"rotation":0,"texture":"#0","tintindex":0},"south":{"uv":[2.9375,8.6875,2.75,9.5625],"rotation":0,"texture":"#0","tintindex":0},"up":{"uv":[2.0,8.6875,2.1875,8.125],"rotation":0,"texture":"#0","tintindex":0},"west":{"uv":[2.0,8.6875,1.4375,9.5625],"rotation":0,"texture":"#0","tintindex":0}}},{"name":"cube","from":[10.34,-0.5799999,6.05],"to":[11.120001,8.0,9.950001],"rotation":{"angle":0.0,"axis":"x","origin":[8.0,8.0,8.0]},"faces":{"down":{"uv":[4.8125,6.375,4.875,6.6875],"rotation":0,"texture":"#0","tintindex":0},"east":{"uv":[5.125,6.6875,4.8125,7.375],"rotation":0,"texture":"#0","tintindex":0},"north":{"uv":[4.8125,6.6875,4.75,7.375],"rotation":0,"texture":"#0","tintindex":0},"south":{"uv":[5.1875,6.6875,5.125,7.375],"rotation":0,"texture":"#0","tintindex":0},"up":{"uv":[4.75,6.6875,4.8125,6.375],"rotation":0,"texture":"#0","tintindex":0},"west":{"uv":[4.75,6.6875,4.4375,7.375],"rotation":0,"texture":"#0","tintindex":0}}}],"display":{"head":{"translation":[0.0,-6.4,0.0],"rotation":[0.0,0.0,0.0],"scale":[3.8095,3.8095,3.8095]}}}