{"textures":{"0":"modelengine:entity/zeus"},"elements":[{"name":"cube","from":[2.5400002,8.0,3.5599997],"to":[15.02,14.240001,11.360001],"rotation":{"angle":0.0,"axis":"x","origin":[8.780001,13.460004,7.46]},"faces":{"down":{"uv":[5.375,5.25,4.375,5.875],"rotation":0,"texture":"#0","tintindex":0},"east":{"uv":[2.75,5.875,3.375,6.375],"rotation":0,"texture":"#0","tintindex":0},"north":{"uv":[3.375,5.875,4.375,6.375],"rotation":0,"texture":"#0","tintindex":0},"south":{"uv":[5.0,5.875,6.0,6.375],"rotation":0,"texture":"#0","tintindex":0},"up":{"uv":[4.375,5.875,3.375,5.25],"rotation":0,"texture":"#0","tintindex":0},"west":{"uv":[4.375,5.875,5.0,6.375],"rotation":0,"texture":"#0","tintindex":0}}}],"display":{"head":{"translation":[0.0,-6.4,0.0],"rotation":[0.0,0.0,0.0],"scale":[3.8095,3.8095,3.8095]}}}