{"textures":{"0":"modelengine:entity/crocodile_texture"},"elements":[{"name":"cube","from":[6.3600397,6.337494,5.9245644],"to":[8.040039,9.697494,10.304564],"rotation":{"angle":0.0,"axis":"x","origin":[7.7688775,6.1874933,9.504122]},"faces":{"down":{"uv":[0.6875,3.875,0.5625,4.3125],"rotation":0,"texture":"#0","tintindex":0},"east":{"uv":[0.0,4.3125,0.4375,4.625],"rotation":0,"texture":"#0","tintindex":0},"north":{"uv":[0.4375,4.3125,0.5625,4.625],"rotation":0,"texture":"#0","tintindex":0},"south":{"uv":[1.0,4.3125,1.125,4.625],"rotation":0,"texture":"#0","tintindex":0},"up":{"uv":[0.5625,4.3125,0.4375,3.875],"rotation":0,"texture":"#0","tintindex":0},"west":{"uv":[0.5625,4.3125,1.0,4.625],"rotation":0,"texture":"#0","tintindex":0}}}],"display":{"head":{"translation":[0.0,-6.4,0.0],"rotation":[0.0,0.0,0.0],"scale":[3.8095,3.8095,3.8095]}}}