{"textures":{"0":"modelengine:entity/crocodile_texture"},"elements":[{"name":"cube","from":[1.1130304,4.8195763,4.0547695],"to":[8.013031,8.629576,8.044769],"rotation":{"angle":0.0,"axis":"x","origin":[8.913032,6.7395763,7.9847703]},"faces":{"down":{"uv":[3.75,6.6875,3.0625,7.0625],"rotation":0,"texture":"#0","tintindex":0},"east":{"uv":[2.0,7.0625,2.375,7.4375],"rotation":0,"texture":"#0","tintindex":0},"north":{"uv":[2.375,7.0625,3.0625,7.4375],"rotation":0,"texture":"#0","tintindex":0},"south":{"uv":[3.4375,7.0625,4.125,7.4375],"rotation":0,"texture":"#0","tintindex":0},"up":{"uv":[3.0625,7.0625,2.375,6.6875],"rotation":0,"texture":"#0","tintindex":0},"west":{"uv":[3.0625,7.0625,3.4375,7.4375],"rotation":0,"texture":"#0","tintindex":0}}}],"display":{"head":{"translation":[0.0,-6.4,0.0],"rotation":[0.0,0.0,0.0],"scale":[3.8095,3.8095,3.8095]}}}