{"textures":{"0":"modelengine:entity/crocodile_texture"},"elements":[{"name":"cube","from":[2.81,4.9,0.19999981],"to":[13.19,11.500001,15.8],"rotation":{"angle":0.0,"axis":"x","origin":[8.0,8.200001,8.0]},"faces":{"down":{"uv":[3.75,0.0,2.6875,1.625],"rotation":0,"texture":"#0","tintindex":0},"east":{"uv":[0.0,1.625,1.625,2.3125],"rotation":0,"texture":"#0","tintindex":0},"north":{"uv":[1.625,1.625,2.6875,2.3125],"rotation":0,"texture":"#0","tintindex":0},"south":{"uv":[4.3125,1.625,5.375,2.3125],"rotation":0,"texture":"#0","tintindex":0},"up":{"uv":[2.6875,1.625,1.625,0.0],"rotation":0,"texture":"#0","tintindex":0},"west":{"uv":[2.6875,1.625,4.3125,2.3125],"rotation":0,"texture":"#0","tintindex":0}}},{"name":"cube","from":[13.720329,11.28033,0.19999981],"to":[13.720329,13.68033,15.8],"rotation":{"angle":-45.0,"axis":"z","origin":[13.720329,12.03033,8.0]},"faces":{"down":{"uv":[3.3125,2.6875,3.3125,4.3125],"rotation":0,"texture":"#0","tintindex":0},"east":{"uv":[1.75,4.3125,3.375,4.5625],"rotation":0,"texture":"#0","tintindex":0},"north":{"uv":[3.3125,4.3125,3.3125,4.5625],"rotation":0,"texture":"#0","tintindex":0},"south":{"uv":[4.9375,4.3125,4.9375,4.5625],"rotation":0,"texture":"#0","tintindex":0},"up":{"uv":[3.3125,4.3125,3.3125,2.6875],"rotation":0,"texture":"#0","tintindex":0},"west":{"uv":[1.6875,4.3125,3.3125,4.5625],"rotation":0,"texture":"#0","tintindex":0}}},{"name":"cube","from":[2.2792459,11.279905,0.19999981],"to":[2.2792459,13.679906,15.8],"rotation":{"angle":45.0,"axis":"z","origin":[2.2792459,12.029905,8.0]},"faces":{"down":{"uv":[3.3125,2.4375,3.3125,4.0625],"rotation":0,"texture":"#0","tintindex":0},"east":{"uv":[3.375,4.0625,1.75,4.3125],"rotation":0,"texture":"#0","tintindex":0},"north":{"uv":[3.3125,4.0625,3.3125,4.3125],"rotation":0,"texture":"#0","tintindex":0},"south":{"uv":[4.9375,4.0625,4.9375,4.3125],"rotation":0,"texture":"#0","tintindex":0},"up":{"uv":[3.3125,4.0625,3.3125,2.4375],"rotation":0,"texture":"#0","tintindex":0},"west":{"uv":[3.3125,4.0625,1.6875,4.3125],"rotation":0,"texture":"#0","tintindex":0}}}],"display":{"head":{"translation":[0.0,-6.4,0.0],"rotation":[0.0,0.0,0.0],"scale":[3.8095,3.8095,3.8095]}}}