{"textures":{"0":"modelengine:entity/crocodile_texture"},"elements":[{"name":"cube","from":[7.9599605,6.337494,5.9245644],"to":[9.63996,9.697494,10.304564],"rotation":{"angle":0.0,"axis":"x","origin":[8.231123,6.1874933,9.504122]},"faces":{"down":{"uv":[3.4375,2.5625,3.3125,3.0],"rotation":0,"texture":"#0","tintindex":0},"east":{"uv":[2.75,3.0,3.1875,3.3125],"rotation":0,"texture":"#0","tintindex":0},"north":{"uv":[3.1875,3.0,3.3125,3.3125],"rotation":0,"texture":"#0","tintindex":0},"south":{"uv":[3.75,3.0,3.875,3.3125],"rotation":0,"texture":"#0","tintindex":0},"up":{"uv":[3.3125,3.0,3.1875,2.5625],"rotation":0,"texture":"#0","tintindex":0},"west":{"uv":[3.3125,3.0,3.75,3.3125],"rotation":0,"texture":"#0","tintindex":0}}}],"display":{"head":{"translation":[0.0,-6.4,0.0],"rotation":[0.0,0.0,0.0],"scale":[3.8095,3.8095,3.8095]}}}