{"textures":{"0":"modelengine:entity/crocodile_texture"},"elements":[{"name":"cube","from":[7.9690127,6.4402037,5.451482],"to":[14.569013,9.770205,8.091482],"rotation":{"angle":0.0,"axis":"x","origin":[7.9690127,8.150204,8.571483]},"faces":{"down":{"uv":[8.4375,3.6875,7.75,3.9375],"rotation":0,"texture":"#0","tintindex":0},"east":{"uv":[6.8125,3.9375,7.0625,4.25],"rotation":0,"texture":"#0","tintindex":0},"north":{"uv":[7.0625,3.9375,7.75,4.25],"rotation":0,"texture":"#0","tintindex":0},"south":{"uv":[8.0,3.9375,8.6875,4.25],"rotation":0,"texture":"#0","tintindex":0},"up":{"uv":[7.75,3.9375,7.0625,3.6875],"rotation":0,"texture":"#0","tintindex":0},"west":{"uv":[7.75,3.9375,8.0,4.25],"rotation":0,"texture":"#0","tintindex":0}}}],"display":{"head":{"translation":[0.0,-6.4,0.0],"rotation":[0.0,0.0,0.0],"scale":[3.8095,3.8095,3.8095]}}}