{"textures":{"0":"modelengine:entity/crocodile_texture"},"elements":[{"name":"cube","from":[7.986969,4.8195763,4.0547695],"to":[14.88697,8.629576,8.044769],"rotation":{"angle":0.0,"axis":"x","origin":[7.086969,6.7395763,7.9847703]},"faces":{"down":{"uv":[8.0,0.0,7.3125,0.375],"rotation":0,"texture":"#0","tintindex":0},"east":{"uv":[6.25,0.375,6.625,0.75],"rotation":0,"texture":"#0","tintindex":0},"north":{"uv":[6.625,0.375,7.3125,0.75],"rotation":0,"texture":"#0","tintindex":0},"south":{"uv":[7.6875,0.375,8.375,0.75],"rotation":0,"texture":"#0","tintindex":0},"up":{"uv":[7.3125,0.375,6.625,0.0],"rotation":0,"texture":"#0","tintindex":0},"west":{"uv":[7.3125,0.375,7.6875,0.75],"rotation":0,"texture":"#0","tintindex":0}}}],"display":{"head":{"translation":[0.0,-6.4,0.0],"rotation":[0.0,0.0,0.0],"scale":[3.8095,3.8095,3.8095]}}}