{"textures":{"0":"modelengine:entity/crocodile_texture"},"elements":[{"name":"cube","from":[3.4999998,2.7499998,1.9999998],"to":[12.5,8.24,8.6],"rotation":{"angle":0.0,"axis":"x","origin":[8.0,5.945,5.3]},"faces":{"down":{"uv":[6.8125,4.1875,5.875,4.875],"rotation":0,"texture":"#0","tintindex":0},"east":{"uv":[4.25,4.875,4.9375,5.4375],"rotation":0,"texture":"#0","tintindex":0},"north":{"uv":[4.9375,4.875,5.875,5.4375],"rotation":0,"texture":"#0","tintindex":0},"south":{"uv":[6.5625,4.875,7.5,5.4375],"rotation":0,"texture":"#0","tintindex":0},"up":{"uv":[5.875,4.875,4.9375,4.1875],"rotation":0,"texture":"#0","tintindex":0},"west":{"uv":[5.875,4.875,6.5625,5.4375],"rotation":0,"texture":"#0","tintindex":0}}},{"name":"cube","from":[13.295495,7.9104953,1.9999998],"to":[13.295495,10.160496,8.87],"rotation":{"angle":-45.0,"axis":"z","origin":[13.295495,9.035496,5.435]},"faces":{"down":{"uv":[0.6875,2.0,0.6875,2.6875],"rotation":0,"texture":"#0","tintindex":0},"east":{"uv":[0.0,2.6875,0.6875,2.875],"rotation":0,"texture":"#0","tintindex":0},"north":{"uv":[0.6875,2.6875,0.6875,2.875],"rotation":0,"texture":"#0","tintindex":0},"south":{"uv":[0.0,2.6875,0.0,2.875],"rotation":0,"texture":"#0","tintindex":0},"up":{"uv":[0.6875,2.6875,0.6875,2.0],"rotation":0,"texture":"#0","tintindex":0},"west":{"uv":[0.6875,2.6875,0.0,2.875],"rotation":0,"texture":"#0","tintindex":0}}},{"name":"cube","from":[2.7040803,7.9100714,1.9999998],"to":[2.7040803,10.160071,8.87],"rotation":{"angle":45.0,"axis":"z","origin":[2.7040803,9.035071,5.435]},"faces":{"down":{"uv":[0.6875,1.8125,0.6875,2.5],"rotation":0,"texture":"#0","tintindex":0},"east":{"uv":[0.6875,2.5,0.0,2.6875],"rotation":0,"texture":"#0","tintindex":0},"north":{"uv":[0.6875,2.5,0.6875,2.6875],"rotation":0,"texture":"#0","tintindex":0},"south":{"uv":[1.375,2.5,1.375,2.6875],"rotation":0,"texture":"#0","tintindex":0},"up":{"uv":[0.6875,2.5,0.6875,1.8125],"rotation":0,"texture":"#0","tintindex":0},"west":{"uv":[0.6875,2.5,0.0,2.6875],"rotation":0,"texture":"#0","tintindex":0}}}],"display":{"head":{"translation":[0.0,-6.4,0.0],"rotation":[0.0,0.0,0.0],"scale":[3.8095,3.8095,3.8095]}}}