{"textures":{"0":"modelengine:entity/crocodile_texture"},"elements":[{"name":"cube","from":[6.291815,6.906209,6.5549893],"to":[7.9718156,9.126209,10.42499],"rotation":{"angle":0.0,"axis":"x","origin":[7.700652,7.871971,7.695877]},"faces":{"down":{"uv":[2.3125,4.875,2.1875,5.25],"rotation":0,"texture":"#0","tintindex":0},"east":{"uv":[1.6875,5.25,2.0625,5.4375],"rotation":0,"texture":"#0","tintindex":0},"north":{"uv":[2.0625,5.25,2.1875,5.4375],"rotation":0,"texture":"#0","tintindex":0},"south":{"uv":[2.5625,5.25,2.6875,5.4375],"rotation":0,"texture":"#0","tintindex":0},"up":{"uv":[2.1875,5.25,2.0625,4.875],"rotation":0,"texture":"#0","tintindex":0},"west":{"uv":[2.1875,5.25,2.5625,5.4375],"rotation":0,"texture":"#0","tintindex":0}}}],"display":{"head":{"translation":[0.0,-6.4,0.0],"rotation":[0.0,0.0,0.0],"scale":[3.8095,3.8095,3.8095]}}}