{"textures":{"0":"modelengine:entity/crocodile_texture"},"elements":[{"name":"cube","from":[2.3455758,6.851733,7.972247],"to":[7.745576,9.161734,10.162247],"rotation":{"angle":0.0,"axis":"x","origin":[8.225575,8.021733,8.032248]},"faces":{"down":{"uv":[1.3125,4.625,0.75,4.8125],"rotation":0,"texture":"#0","tintindex":0},"east":{"uv":[0.0,4.8125,0.1875,5.0],"rotation":0,"texture":"#0","tintindex":0},"north":{"uv":[0.1875,4.8125,0.75,5.0],"rotation":0,"texture":"#0","tintindex":0},"south":{"uv":[0.9375,4.8125,1.5,5.0],"rotation":0,"texture":"#0","tintindex":0},"up":{"uv":[0.75,4.8125,0.1875,4.625],"rotation":0,"texture":"#0","tintindex":0},"west":{"uv":[0.75,4.8125,0.9375,5.0],"rotation":0,"texture":"#0","tintindex":0}}}],"display":{"head":{"translation":[0.0,-6.4,0.0],"rotation":[0.0,0.0,0.0],"scale":[3.8095,3.8095,3.8095]}}}