{"textures":{"0":"modelengine:entity/crocodile_texture"},"elements":[{"name":"cube","from":[2.4630306,6.049576,8.10523],"to":[8.013031,8.749577,11.225231],"rotation":{"angle":0.0,"axis":"x","origin":[8.913032,6.7395763,8.01523]},"faces":{"down":{"uv":[8.4375,5.4375,7.875,5.75],"rotation":0,"texture":"#0","tintindex":0},"east":{"uv":[7.0,5.75,7.3125,6.0],"rotation":0,"texture":"#0","tintindex":0},"north":{"uv":[7.3125,5.75,7.875,6.0],"rotation":0,"texture":"#0","tintindex":0},"south":{"uv":[8.1875,5.75,8.75,6.0],"rotation":0,"texture":"#0","tintindex":0},"up":{"uv":[7.875,5.75,7.3125,5.4375],"rotation":0,"texture":"#0","tintindex":0},"west":{"uv":[7.875,5.75,8.1875,6.0],"rotation":0,"texture":"#0","tintindex":0}}}],"display":{"head":{"translation":[0.0,-6.4,0.0],"rotation":[0.0,0.0,0.0],"scale":[3.8095,3.8095,3.8095]}}}