{"textures":{"0":"modelengine:entity/crocodile_texture"},"elements":[{"name":"cube","from":[8.028185,6.906209,6.6149893],"to":[9.708185,9.126209,10.484989],"rotation":{"angle":0.0,"axis":"x","origin":[8.299348,7.871971,7.695877]},"faces":{"down":{"uv":[0.625,3.0625,0.5,3.4375],"rotation":0,"texture":"#0","tintindex":0},"east":{"uv":[0.0,3.4375,0.375,3.625],"rotation":0,"texture":"#0","tintindex":0},"north":{"uv":[0.375,3.4375,0.5,3.625],"rotation":0,"texture":"#0","tintindex":0},"south":{"uv":[0.875,3.4375,1.0,3.625],"rotation":0,"texture":"#0","tintindex":0},"up":{"uv":[0.5,3.4375,0.375,3.0625],"rotation":0,"texture":"#0","tintindex":0},"west":{"uv":[0.5,3.4375,0.875,3.625],"rotation":0,"texture":"#0","tintindex":0}}}],"display":{"head":{"translation":[0.0,-6.4,0.0],"rotation":[0.0,0.0,0.0],"scale":[3.8095,3.8095,3.8095]}}}