{"textures":{"0":"modelengine:entity/crocodile_texture"},"elements":[{"name":"cube","from":[8.254424,6.851733,7.972247],"to":[13.654424,9.161734,10.162247],"rotation":{"angle":0.0,"axis":"x","origin":[7.7744246,8.021733,8.032248]},"faces":{"down":{"uv":[1.3125,0.0,0.75,0.1875],"rotation":0,"texture":"#0","tintindex":0},"east":{"uv":[0.0,0.1875,0.1875,0.375],"rotation":0,"texture":"#0","tintindex":0},"north":{"uv":[0.1875,0.1875,0.75,0.375],"rotation":0,"texture":"#0","tintindex":0},"south":{"uv":[0.9375,0.1875,1.5,0.375],"rotation":0,"texture":"#0","tintindex":0},"up":{"uv":[0.75,0.1875,0.1875,0.0],"rotation":0,"texture":"#0","tintindex":0},"west":{"uv":[0.75,0.1875,0.9375,0.375],"rotation":0,"texture":"#0","tintindex":0}}}],"display":{"head":{"translation":[0.0,-6.4,0.0],"rotation":[0.0,0.0,0.0],"scale":[3.8095,3.8095,3.8095]}}}