{"textures":{"0":"modelengine:entity/crocodile_texture"},"elements":[{"name":"cube","from":[7.986969,6.049576,8.10523],"to":[13.53697,8.749577,11.225231],"rotation":{"angle":0.0,"axis":"x","origin":[7.086969,6.7395763,8.01523]},"faces":{"down":{"uv":[8.4375,0.75,7.875,1.0625],"rotation":0,"texture":"#0","tintindex":0},"east":{"uv":[7.0,1.0625,7.3125,1.3125],"rotation":0,"texture":"#0","tintindex":0},"north":{"uv":[7.3125,1.0625,7.875,1.3125],"rotation":0,"texture":"#0","tintindex":0},"south":{"uv":[8.1875,1.0625,8.75,1.3125],"rotation":0,"texture":"#0","tintindex":0},"up":{"uv":[7.875,1.0625,7.3125,0.75],"rotation":0,"texture":"#0","tintindex":0},"west":{"uv":[7.875,1.0625,8.1875,1.3125],"rotation":0,"texture":"#0","tintindex":0}}}],"display":{"head":{"translation":[0.0,-6.4,0.0],"rotation":[0.0,0.0,0.0],"scale":[3.8095,3.8095,3.8095]}}}