{"textures":{"0":"modelengine:entity/crocodile_texture"},"elements":[{"name":"cube","from":[4.3807993,7.942883,0.13388896],"to":[11.5808,13.042883,7.9338894],"rotation":{"angle":0.0,"axis":"x","origin":[5.7307997,7.942883,7.633889]},"faces":{"down":{"uv":[6.25,0.0,5.375,0.75],"rotation":0,"texture":"#0","tintindex":0},"east":{"uv":[3.75,0.75,4.5,1.3125],"rotation":0,"texture":"#0","tintindex":0},"north":{"uv":[4.5,0.75,5.375,1.3125],"rotation":0,"texture":"#0","tintindex":0},"south":{"uv":[6.125,0.75,7.0,1.3125],"rotation":0,"texture":"#0","tintindex":0},"up":{"uv":[5.375,0.75,4.5,0.0],"rotation":0,"texture":"#0","tintindex":0},"west":{"uv":[5.375,0.75,6.125,1.3125],"rotation":0,"texture":"#0","tintindex":0}}},{"name":"cube","from":[5.4307995,12.742883,-1.9661107],"to":[10.5308,14.242883,7.7838893],"rotation":{"angle":0.0,"axis":"x","origin":[5.1307993,14.917883,3.133889]},"faces":{"down":{"uv":[7.5625,2.5625,6.9375,3.5],"rotation":0,"texture":"#0","tintindex":0},"east":{"uv":[5.375,3.5,6.3125,3.6875],"rotation":0,"texture":"#0","tintindex":0},"north":{"uv":[6.3125,3.5,6.9375,3.6875],"rotation":0,"texture":"#0","tintindex":0},"south":{"uv":[7.875,3.5,8.5,3.6875],"rotation":0,"texture":"#0","tintindex":0},"up":{"uv":[6.9375,3.5,6.3125,2.5625],"rotation":0,"texture":"#0","tintindex":0},"west":{"uv":[6.9375,3.5,7.875,3.6875],"rotation":0,"texture":"#0","tintindex":0}}},{"name":"cube","from":[5.0077915,10.978481,-11.938893],"to":[11.0077915,12.778481,1.4111079],"rotation":{"angle":0.0,"axis":"x","origin":[7.1078,14.412771,-2.6398816]},"faces":{"down":{"uv":[2.75,2.3125,2.0625,3.6875],"rotation":0,"texture":"#0","tintindex":0},"east":{"uv":[0.0,3.6875,1.375,3.875],"rotation":0,"texture":"#0","tintindex":0},"north":{"uv":[1.375,3.6875,2.0625,3.875],"rotation":0,"texture":"#0","tintindex":0},"south":{"uv":[3.4375,3.6875,4.125,3.875],"rotation":0,"texture":"#0","tintindex":0},"up":{"uv":[2.0625,3.6875,1.375,2.3125],"rotation":0,"texture":"#0","tintindex":0},"west":{"uv":[2.0625,3.6875,3.4375,3.875],"rotation":0,"texture":"#0","tintindex":0}}},{"name":"cube","from":[5.0078,12.778481,-11.938893],"to":[11.007801,13.738481,-8.938893],"rotation":{"angle":0.0,"axis":"x","origin":[7.9478,12.58277,-9.314884]},"faces":{"down":{"uv":[1.6875,6.9375,1.0,7.25],"rotation":0,"texture":"#0","tintindex":0},"east":{"uv":[0.0,7.25,0.3125,7.3125],"rotation":0,"texture":"#0","tintindex":0},"north":{"uv":[0.3125,7.25,1.0,7.3125],"rotation":0,"texture":"#0","tintindex":0},"south":{"uv":[1.3125,7.25,2.0,7.3125],"rotation":0,"texture":"#0","tintindex":0},"up":{"uv":[1.0,7.25,0.3125,6.9375],"rotation":0,"texture":"#0","tintindex":0},"west":{"uv":[1.0,7.25,1.3125,7.3125],"rotation":0,"texture":"#0","tintindex":0}}},{"name":"cube","from":[5.0078,9.778481,-11.938893],"to":[5.0078,10.978481,0.0011076927],"rotation":{"angle":0.0,"axis":"x","origin":[5.3078,10.332771,-3.0898814]},"faces":{"down":{"uv":[4.8125,4.375,4.8125,5.5625],"rotation":0,"texture":"#0","tintindex":0},"east":{"uv":[3.625,5.5625,4.8125,5.6875],"rotation":0,"texture":"#0","tintindex":0},"north":{"uv":[4.8125,5.5625,4.8125,5.6875],"rotation":0,"texture":"#0","tintindex":0},"south":{"uv":[6.0,5.5625,6.0,5.6875],"rotation":0,"texture":"#0","tintindex":0},"up":{"uv":[4.8125,5.5625,4.8125,4.375],"rotation":0,"texture":"#0","tintindex":0},"west":{"uv":[4.8125,5.5625,3.625,5.6875],"rotation":0,"texture":"#0","tintindex":0}}},{"name":"cube","from":[11.0072,9.778481,-11.938893],"to":[11.0072,10.978481,0.0011076927],"rotation":{"angle":0.0,"axis":"x","origin":[8.8472,14.232771,-2.7298822]},"faces":{"down":{"uv":[4.8125,4.25,4.8125,5.4375],"rotation":0,"texture":"#0","tintindex":0},"east":{"uv":[3.625,5.4375,4.8125,5.5625],"rotation":0,"texture":"#0","tintindex":0},"north":{"uv":[4.8125,5.4375,4.8125,5.5625],"rotation":0,"texture":"#0","tintindex":0},"south":{"uv":[6.0,5.4375,6.0,5.5625],"rotation":0,"texture":"#0","tintindex":0},"up":{"uv":[4.8125,5.4375,4.8125,4.25],"rotation":0,"texture":"#0","tintindex":0},"west":{"uv":[4.8125,5.4375,3.625,5.5625],"rotation":0,"texture":"#0","tintindex":0}}},{"name":"cube","from":[5.0078,9.778481,-11.938893],"to":[11.007801,10.978481,-11.938893],"rotation":{"angle":0.0,"axis":"x","origin":[7.9478,12.58277,-9.314884]},"faces":{"down":{"uv":[1.375,0.375,0.6875,0.375],"rotation":0,"texture":"#0","tintindex":0},"east":{"uv":[0.0,0.375,0.0,0.5],"rotation":0,"texture":"#0","tintindex":0},"north":{"uv":[0.0,0.375,0.6875,0.5],"rotation":0,"texture":"#0","tintindex":0},"south":{"uv":[0.6875,0.375,0.0,0.5],"rotation":0,"texture":"#0","tintindex":0},"up":{"uv":[0.6875,0.375,0.0,0.375],"rotation":0,"texture":"#0","tintindex":0},"west":{"uv":[0.6875,0.375,0.6875,0.5],"rotation":0,"texture":"#0","tintindex":0}}}],"display":{"head":{"translation":[0.0,-6.4,0.0],"rotation":[0.0,0.0,0.0],"scale":[3.8095,3.8095,3.8095]}}}