{"textures":{"0":"modelengine:entity/crocodile_texture"},"elements":[{"name":"cube","from":[3.6499999,2.6,6.8],"to":[12.35,8.24,13.400001],"rotation":{"angle":0.0,"axis":"x","origin":[8.0,5.87,10.1]},"faces":{"down":{"uv":[7.8125,1.3125,6.9375,2.0],"rotation":0,"texture":"#0","tintindex":0},"east":{"uv":[5.375,2.0,6.0625,2.5625],"rotation":0,"texture":"#0","tintindex":0},"north":{"uv":[6.0625,2.0,6.9375,2.5625],"rotation":0,"texture":"#0","tintindex":0},"south":{"uv":[7.625,2.0,8.5,2.5625],"rotation":0,"texture":"#0","tintindex":0},"up":{"uv":[6.9375,2.0,6.0625,1.3125],"rotation":0,"texture":"#0","tintindex":0},"west":{"uv":[6.9375,2.0,7.625,2.5625],"rotation":0,"texture":"#0","tintindex":0}}},{"name":"cube","from":[12.826218,8.322709,6.8],"to":[12.826218,10.572709,13.58],"rotation":{"angle":0.0,"axis":"z","origin":[12.526217,8.63771,10.190001]},"faces":{"down":{"uv":[0.6875,1.625,0.6875,2.3125],"rotation":0,"texture":"#0","tintindex":0},"east":{"uv":[0.0,2.3125,0.6875,2.5],"rotation":0,"texture":"#0","tintindex":0},"north":{"uv":[0.6875,2.3125,0.6875,2.5],"rotation":0,"texture":"#0","tintindex":0},"south":{"uv":[1.375,2.3125,1.375,2.5],"rotation":0,"texture":"#0","tintindex":0},"up":{"uv":[0.6875,2.3125,0.6875,1.625],"rotation":0,"texture":"#0","tintindex":0},"west":{"uv":[1.375,2.3125,0.6875,2.5],"rotation":0,"texture":"#0","tintindex":0}}},{"name":"cube","from":[3.173553,8.322155,6.8],"to":[3.173553,10.572155,13.58],"rotation":{"angle":0.0,"axis":"z","origin":[3.4735532,8.637156,10.190001]},"faces":{"down":{"uv":[0.6875,0.75,0.6875,1.4375],"rotation":0,"texture":"#0","tintindex":0},"east":{"uv":[0.6875,1.4375,1.375,1.625],"rotation":0,"texture":"#0","tintindex":0},"north":{"uv":[0.6875,1.4375,0.6875,1.625],"rotation":0,"texture":"#0","tintindex":0},"south":{"uv":[1.375,1.4375,1.375,1.625],"rotation":0,"texture":"#0","tintindex":0},"up":{"uv":[0.6875,1.4375,0.6875,0.75],"rotation":0,"texture":"#0","tintindex":0},"west":{"uv":[0.6875,1.4375,0.0,1.625],"rotation":0,"texture":"#0","tintindex":0}}}],"display":{"head":{"translation":[0.0,-6.4,0.0],"rotation":[0.0,0.0,0.0],"scale":[3.8095,3.8095,3.8095]}}}