{"textures":{"0":"modelengine:entity/crocodile_texture"},"elements":[{"name":"cube","from":[5.45015,7.8691926,-3.4624004],"to":[5.45015,9.069193,7.3976],"rotation":{"angle":0.0,"axis":"x","origin":[6.59015,6.323676,-1.7310376]},"faces":{"down":{"uv":[3.9375,1.25,3.9375,2.4375],"rotation":0,"texture":"#0","tintindex":0},"east":{"uv":[2.75,2.4375,3.9375,2.5625],"rotation":0,"texture":"#0","tintindex":0},"north":{"uv":[3.9375,2.4375,3.9375,2.5625],"rotation":0,"texture":"#0","tintindex":0},"south":{"uv":[5.125,2.4375,5.125,2.5625],"rotation":0,"texture":"#0","tintindex":0},"up":{"uv":[3.9375,2.4375,3.9375,1.25],"rotation":0,"texture":"#0","tintindex":0},"west":{"uv":[3.9375,2.4375,2.75,2.5625],"rotation":0,"texture":"#0","tintindex":0}}},{"name":"cube","from":[10.549551,7.8691926,-3.4624004],"to":[10.549551,9.069193,7.3976],"rotation":{"angle":0.0,"axis":"x","origin":[7.72955,6.323676,-1.7310376]},"faces":{"down":{"uv":[3.9375,1.125,3.9375,2.3125],"rotation":0,"texture":"#0","tintindex":0},"east":{"uv":[2.75,2.3125,3.9375,2.4375],"rotation":0,"texture":"#0","tintindex":0},"north":{"uv":[3.9375,2.3125,3.9375,2.4375],"rotation":0,"texture":"#0","tintindex":0},"south":{"uv":[5.125,2.3125,5.125,2.4375],"rotation":0,"texture":"#0","tintindex":0},"up":{"uv":[3.9375,2.3125,3.9375,1.125],"rotation":0,"texture":"#0","tintindex":0},"west":{"uv":[3.9375,2.3125,2.75,2.4375],"rotation":0,"texture":"#0","tintindex":0}}},{"name":"cube","from":[5.4501495,7.8691926,-4.0624003],"to":[10.55015,9.069193,-4.0624003],"rotation":{"angle":0.0,"axis":"x","origin":[7.97015,6.6236763,-1.7310376]},"faces":{"down":{"uv":[6.1875,4.0625,5.5625,4.0625],"rotation":0,"texture":"#0","tintindex":0},"east":{"uv":[4.9375,4.0625,4.9375,4.1875],"rotation":0,"texture":"#0","tintindex":0},"north":{"uv":[4.9375,4.0625,5.5625,4.1875],"rotation":0,"texture":"#0","tintindex":0},"south":{"uv":[5.5625,4.0625,4.9375,4.1875],"rotation":0,"texture":"#0","tintindex":0},"up":{"uv":[5.5625,4.0625,4.9375,4.0625],"rotation":0,"texture":"#0","tintindex":0},"west":{"uv":[5.5625,4.0625,5.5625,4.1875],"rotation":0,"texture":"#0","tintindex":0}}},{"name":"cube","from":[5.45015,6.2191925,-4.0624003],"to":[10.55015,7.869193,8.8376],"rotation":{"angle":0.0,"axis":"x","origin":[7.10015,12.653677,4.793964]},"faces":{"down":{"uv":[5.375,2.5625,4.75,3.875],"rotation":0,"texture":"#0","tintindex":0},"east":{"uv":[2.8125,3.875,4.125,4.0625],"rotation":0,"texture":"#0","tintindex":0},"north":{"uv":[4.125,3.875,4.75,4.0625],"rotation":0,"texture":"#0","tintindex":0},"south":{"uv":[6.0625,3.875,6.6875,4.0625],"rotation":0,"texture":"#0","tintindex":0},"up":{"uv":[4.75,3.875,4.125,2.5625],"rotation":0,"texture":"#0","tintindex":0},"west":{"uv":[4.75,3.875,6.0625,4.0625],"rotation":0,"texture":"#0","tintindex":0}}}],"display":{"head":{"translation":[0.0,-6.4,0.0],"rotation":[0.0,0.0,0.0],"scale":[3.8095,3.8095,3.8095]}}}