{"textures":{"0":"modelengine:entity/crocodile_texture"},"elements":[{"name":"cube","from":[7.1,5.5249996,6.8],"to":[8.9,10.025,17.0],"rotation":{"angle":0.0,"axis":"x","origin":[8.0,8.375,11.6]},"faces":{"down":{"uv":[3.625,4.875,3.4375,5.9375],"rotation":0,"texture":"#0","tintindex":0},"east":{"uv":[2.1875,5.9375,3.25,6.375],"rotation":0,"texture":"#0","tintindex":0},"north":{"uv":[3.25,5.9375,3.4375,6.375],"rotation":0,"texture":"#0","tintindex":0},"south":{"uv":[4.5,5.9375,4.6875,6.375],"rotation":0,"texture":"#0","tintindex":0},"up":{"uv":[3.4375,5.9375,3.25,4.875],"rotation":0,"texture":"#0","tintindex":0},"west":{"uv":[3.4375,5.9375,4.5,6.375],"rotation":0,"texture":"#0","tintindex":0}}},{"name":"cube","from":[9.048817,9.876171,6.8],"to":[9.048817,11.376171,17.0],"rotation":{"angle":-22.5,"axis":"z","origin":[9.348818,10.326171,12.2]},"faces":{"down":{"uv":[4.8125,0.375,4.8125,1.4375],"rotation":0,"texture":"#0","tintindex":0},"east":{"uv":[4.8125,1.5,3.75,1.625],"rotation":0,"texture":"#0","tintindex":0},"north":{"uv":[4.8125,1.4375,4.8125,1.5625],"rotation":0,"texture":"#0","tintindex":0},"south":{"uv":[5.875,1.4375,5.875,1.5625],"rotation":0,"texture":"#0","tintindex":0},"up":{"uv":[4.8125,1.4375,4.8125,0.375],"rotation":0,"texture":"#0","tintindex":0},"west":{"uv":[4.8125,1.5,3.75,1.625],"rotation":0,"texture":"#0","tintindex":0}}},{"name":"cube","from":[6.9511824,9.876171,6.8],"to":[6.9511824,11.376171,17.0],"rotation":{"angle":22.5,"axis":"z","origin":[6.6511827,10.326171,12.2]},"faces":{"down":{"uv":[4.8125,0.25,4.8125,1.3125],"rotation":0,"texture":"#0","tintindex":0},"east":{"uv":[4.8125,1.3125,3.75,1.4375],"rotation":0,"texture":"#0","tintindex":0},"north":{"uv":[4.8125,1.3125,4.8125,1.4375],"rotation":0,"texture":"#0","tintindex":0},"south":{"uv":[5.875,1.3125,5.875,1.4375],"rotation":0,"texture":"#0","tintindex":0},"up":{"uv":[4.8125,1.3125,4.8125,0.25],"rotation":0,"texture":"#0","tintindex":0},"west":{"uv":[4.8125,1.3125,3.75,1.4375],"rotation":0,"texture":"#0","tintindex":0}}}],"display":{"head":{"translation":[0.0,-6.4,0.0],"rotation":[0.0,0.0,0.0],"scale":[3.8095,3.8095,3.8095]}}}