{"textures":{"0":"modelengine:entity/crocodile_texture"},"elements":[{"name":"cube","from":[7.67,5.5249996,6.8],"to":[8.27,9.875,21.8],"rotation":{"angle":0.0,"axis":"x","origin":[8.0,8.375,10.4]},"faces":{"down":{"uv":[1.6875,3.875,1.625,5.4375],"rotation":0,"texture":"#0","tintindex":0},"east":{"uv":[0.0,5.4375,1.5625,5.875],"rotation":0,"texture":"#0","tintindex":0},"north":{"uv":[1.5625,5.4375,1.625,5.875],"rotation":0,"texture":"#0","tintindex":0},"south":{"uv":[3.1875,5.4375,3.25,5.875],"rotation":0,"texture":"#0","tintindex":0},"up":{"uv":[1.625,5.4375,1.5625,3.875],"rotation":0,"texture":"#0","tintindex":0},"west":{"uv":[1.625,5.4375,3.1875,5.875],"rotation":0,"texture":"#0","tintindex":0}}},{"name":"cube","from":[7.988182,9.7950735,6.8],"to":[7.988182,12.7950735,21.8],"rotation":{"angle":0.0,"axis":"x","origin":[7.4481826,10.845074,13.400001]},"faces":{"down":{"uv":[3.25,3.0,3.25,4.5625],"rotation":0,"texture":"#0","tintindex":0},"east":{"uv":[3.25,4.5625,4.8125,4.875],"rotation":0,"texture":"#0","tintindex":0},"north":{"uv":[3.25,4.5625,3.25,4.875],"rotation":0,"texture":"#0","tintindex":0},"south":{"uv":[4.8125,4.5625,4.8125,4.875],"rotation":0,"texture":"#0","tintindex":0},"up":{"uv":[3.25,4.5625,3.25,3.0],"rotation":0,"texture":"#0","tintindex":0},"west":{"uv":[3.25,4.5625,1.6875,4.875],"rotation":0,"texture":"#0","tintindex":0}}}],"display":{"head":{"translation":[0.0,-6.4,0.0],"rotation":[0.0,0.0,0.0],"scale":[3.8095,3.8095,3.8095]}}}