{"textures":{"0":"modelengine:entity/crocodile_texture"},"elements":[{"name":"cube","from":[5.6,5.375,6.8],"to":[10.4,10.175,13.400001],"rotation":{"angle":0.0,"axis":"x","origin":[8.0,8.225,11.6]},"faces":{"down":{"uv":[7.0,5.4375,6.5,6.125],"rotation":0,"texture":"#0","tintindex":0},"east":{"uv":[5.3125,6.125,6.0,6.625],"rotation":0,"texture":"#0","tintindex":0},"north":{"uv":[6.0,6.125,6.5,6.625],"rotation":0,"texture":"#0","tintindex":0},"south":{"uv":[7.1875,6.125,7.6875,6.625],"rotation":0,"texture":"#0","tintindex":0},"up":{"uv":[6.5,6.125,6.0,5.4375],"rotation":0,"texture":"#0","tintindex":0},"west":{"uv":[6.5,6.125,7.1875,6.625],"rotation":0,"texture":"#0","tintindex":0}}},{"name":"cube","from":[10.764265,9.974411,6.8],"to":[10.764265,11.774411,13.400001],"rotation":{"angle":-45.0,"axis":"z","origin":[10.824265,10.514412,10.4]},"faces":{"down":{"uv":[0.6875,0.5625,0.6875,1.25],"rotation":0,"texture":"#0","tintindex":0},"east":{"uv":[0.6875,1.25,0.0,1.4375],"rotation":0,"texture":"#0","tintindex":0},"north":{"uv":[0.6875,1.25,0.6875,1.4375],"rotation":0,"texture":"#0","tintindex":0},"south":{"uv":[1.375,1.25,1.375,1.4375],"rotation":0,"texture":"#0","tintindex":0},"up":{"uv":[0.6875,1.25,0.6875,0.5625],"rotation":0,"texture":"#0","tintindex":0},"west":{"uv":[0.6875,1.25,0.0,1.4375],"rotation":0,"texture":"#0","tintindex":0}}},{"name":"cube","from":[5.2353115,9.973988,6.8],"to":[5.2353115,11.773987,13.400001],"rotation":{"angle":45.0,"axis":"z","origin":[5.1753116,10.513987,10.4]},"faces":{"down":{"uv":[0.6875,0.375,0.6875,1.0625],"rotation":0,"texture":"#0","tintindex":0},"east":{"uv":[0.6875,1.0625,0.0,1.25],"rotation":0,"texture":"#0","tintindex":0},"north":{"uv":[0.6875,1.0625,0.6875,1.25],"rotation":0,"texture":"#0","tintindex":0},"south":{"uv":[1.375,1.0625,1.375,1.25],"rotation":0,"texture":"#0","tintindex":0},"up":{"uv":[0.6875,1.0625,0.6875,0.375],"rotation":0,"texture":"#0","tintindex":0},"west":{"uv":[0.6875,1.0625,0.0,1.25],"rotation":0,"texture":"#0","tintindex":0}}}],"display":{"head":{"translation":[0.0,-6.4,0.0],"rotation":[0.0,0.0,0.0],"scale":[3.8095,3.8095,3.8095]}}}