{"textures":{"0":"modelengine:entity/crocodile_texture"},"elements":[{"name":"cube","from":[4.1,5.225,6.2],"to":[11.900001,10.325001,10.4],"rotation":{"angle":0.0,"axis":"x","origin":[8.0,8.075,9.2]},"faces":{"down":{"uv":[7.75,6.625,6.9375,7.0625],"rotation":0,"texture":"#0","tintindex":0},"east":{"uv":[5.6875,7.0625,6.125,7.5625],"rotation":0,"texture":"#0","tintindex":0},"north":{"uv":[6.125,7.0625,6.9375,7.5625],"rotation":0,"texture":"#0","tintindex":0},"south":{"uv":[7.375,7.0625,8.1875,7.5625],"rotation":0,"texture":"#0","tintindex":0},"up":{"uv":[6.9375,7.0625,6.125,6.625],"rotation":0,"texture":"#0","tintindex":0},"west":{"uv":[6.9375,7.0625,7.375,7.5625],"rotation":0,"texture":"#0","tintindex":0}}},{"name":"cube","from":[12.592932,10.102943,6.2],"to":[12.592932,12.202944,10.4],"rotation":{"angle":0.0,"axis":"z","origin":[12.412931,10.732943,8.179999]},"faces":{"down":{"uv":[3.1875,3.0625,3.1875,3.5],"rotation":0,"texture":"#0","tintindex":0},"east":{"uv":[2.75,3.5,3.1875,3.6875],"rotation":0,"texture":"#0","tintindex":0},"north":{"uv":[3.1875,3.5,3.1875,3.6875],"rotation":0,"texture":"#0","tintindex":0},"south":{"uv":[3.625,3.5,3.625,3.6875],"rotation":0,"texture":"#0","tintindex":0},"up":{"uv":[3.1875,3.5,3.1875,3.0625],"rotation":0,"texture":"#0","tintindex":0},"west":{"uv":[3.625,3.5,3.1875,3.6875],"rotation":0,"texture":"#0","tintindex":0}}},{"name":"cube","from":[3.4070683,10.102943,6.2],"to":[3.4070683,12.202944,10.4],"rotation":{"angle":0.0,"axis":"z","origin":[3.5870686,10.732943,8.179999]},"faces":{"down":{"uv":[3.1875,2.875,3.1875,3.3125],"rotation":0,"texture":"#0","tintindex":0},"east":{"uv":[2.75,3.3125,3.1875,3.5],"rotation":0,"texture":"#0","tintindex":0},"north":{"uv":[3.1875,3.3125,3.1875,3.5],"rotation":0,"texture":"#0","tintindex":0},"south":{"uv":[3.625,3.3125,3.625,3.5],"rotation":0,"texture":"#0","tintindex":0},"up":{"uv":[3.1875,3.3125,3.1875,2.875],"rotation":0,"texture":"#0","tintindex":0},"west":{"uv":[3.1875,3.3125,2.75,3.5],"rotation":0,"texture":"#0","tintindex":0}}}],"display":{"head":{"translation":[0.0,-6.4,0.0],"rotation":[0.0,0.0,0.0],"scale":[3.8095,3.8095,3.8095]}}}