{"textures":{"0":"modelengine:entity/crocodile_texture"},"elements":[{"name":"cube","from":[6.35,5.45,6.8],"to":[9.65,10.1,14.600002],"rotation":{"angle":0.0,"axis":"x","origin":[8.0,8.3,11.600002]},"faces":{"down":{"uv":[5.3125,5.8125,5.0,6.625],"rotation":0,"texture":"#0","tintindex":0},"east":{"uv":[3.875,6.625,4.6875,7.0625],"rotation":0,"texture":"#0","tintindex":0},"north":{"uv":[4.6875,6.625,5.0,7.0625],"rotation":0,"texture":"#0","tintindex":0},"south":{"uv":[5.8125,6.625,6.125,7.0625],"rotation":0,"texture":"#0","tintindex":0},"up":{"uv":[5.0,6.625,4.6875,5.8125],"rotation":0,"texture":"#0","tintindex":0},"west":{"uv":[5.0,6.625,5.8125,7.0625],"rotation":0,"texture":"#0","tintindex":0}}},{"name":"cube","from":[10.020807,9.946655,6.8],"to":[10.020807,11.596655,14.600002],"rotation":{"angle":-45.0,"axis":"z","origin":[10.020807,10.471655,11.000002]},"faces":{"down":{"uv":[0.8125,0.125,0.8125,0.9375],"rotation":0,"texture":"#0","tintindex":0},"east":{"uv":[0.8125,0.9375,0.0,1.0625],"rotation":0,"texture":"#0","tintindex":0},"north":{"uv":[0.8125,0.9375,0.8125,1.0625],"rotation":0,"texture":"#0","tintindex":0},"south":{"uv":[1.625,0.9375,1.625,1.0625],"rotation":0,"texture":"#0","tintindex":0},"up":{"uv":[0.8125,0.9375,0.8125,0.125],"rotation":0,"texture":"#0","tintindex":0},"west":{"uv":[0.8125,0.9375,0.0,1.0625],"rotation":0,"texture":"#0","tintindex":0}}},{"name":"cube","from":[5.9791927,9.946655,6.8],"to":[5.9791927,11.596655,14.600002],"rotation":{"angle":45.0,"axis":"z","origin":[5.9791927,10.471655,11.000002]},"faces":{"down":{"uv":[0.8125,0.0,0.8125,0.8125],"rotation":0,"texture":"#0","tintindex":0},"east":{"uv":[0.8125,0.75,0.0,0.875],"rotation":0,"texture":"#0","tintindex":0},"north":{"uv":[0.8125,0.8125,0.8125,0.9375],"rotation":0,"texture":"#0","tintindex":0},"south":{"uv":[1.625,0.8125,1.625,0.9375],"rotation":0,"texture":"#0","tintindex":0},"up":{"uv":[0.8125,0.8125,0.8125,0.0],"rotation":0,"texture":"#0","tintindex":0},"west":{"uv":[0.8125,0.75,0.0,0.875],"rotation":0,"texture":"#0","tintindex":0}}}],"display":{"head":{"translation":[0.0,-6.4,0.0],"rotation":[0.0,0.0,0.0],"scale":[3.8095,3.8095,3.8095]}}}