{"textures":{"0":"modelengine:entity/crocodile_texture"},"elements":[{"name":"cube","from":[4.85,5.3,6.8],"to":[11.15,10.25,12.2],"rotation":{"angle":0.0,"axis":"x","origin":[8.0,8.0,9.8]},"faces":{"down":{"uv":[1.8125,5.875,1.1875,6.4375],"rotation":0,"texture":"#0","tintindex":0},"east":{"uv":[0.0,6.4375,0.5625,6.9375],"rotation":0,"texture":"#0","tintindex":0},"north":{"uv":[0.5625,6.4375,1.1875,6.9375],"rotation":0,"texture":"#0","tintindex":0},"south":{"uv":[1.75,6.4375,2.375,6.9375],"rotation":0,"texture":"#0","tintindex":0},"up":{"uv":[1.1875,6.4375,0.5625,5.875],"rotation":0,"texture":"#0","tintindex":0},"west":{"uv":[1.1875,6.4375,1.75,6.9375],"rotation":0,"texture":"#0","tintindex":0}}},{"name":"cube","from":[11.847467,9.944731,6.8],"to":[11.847467,11.8947315,12.2],"rotation":{"angle":0.0,"axis":"z","origin":[11.727468,10.619732,9.8]},"faces":{"down":{"uv":[0.5625,2.3125,0.5625,2.875],"rotation":0,"texture":"#0","tintindex":0},"east":{"uv":[0.0,2.875,0.5625,3.0625],"rotation":0,"texture":"#0","tintindex":0},"north":{"uv":[0.5625,2.875,0.5625,3.0625],"rotation":0,"texture":"#0","tintindex":0},"south":{"uv":[1.125,2.875,1.125,3.0625],"rotation":0,"texture":"#0","tintindex":0},"up":{"uv":[0.5625,2.875,0.5625,2.3125],"rotation":0,"texture":"#0","tintindex":0},"west":{"uv":[1.125,2.875,0.5625,3.0625],"rotation":0,"texture":"#0","tintindex":0}}},{"name":"cube","from":[4.1525326,9.944731,6.8],"to":[4.1525326,11.8947315,12.2],"rotation":{"angle":0.0,"axis":"z","origin":[4.2725325,10.619732,9.8]},"faces":{"down":{"uv":[0.5625,0.0,0.5625,0.5625],"rotation":0,"texture":"#0","tintindex":0},"east":{"uv":[0.5625,0.5625,1.125,0.75],"rotation":0,"texture":"#0","tintindex":0},"north":{"uv":[0.5625,0.5625,0.5625,0.75],"rotation":0,"texture":"#0","tintindex":0},"south":{"uv":[1.125,0.5625,1.125,0.75],"rotation":0,"texture":"#0","tintindex":0},"up":{"uv":[0.5625,0.5625,0.5625,0.0],"rotation":0,"texture":"#0","tintindex":0},"west":{"uv":[0.5625,0.5625,0.0,0.75],"rotation":0,"texture":"#0","tintindex":0}}}],"display":{"head":{"translation":[0.0,-6.4,0.0],"rotation":[0.0,0.0,0.0],"scale":[3.8095,3.8095,3.8095]}}}