{"textures":{"0":"modelengine:entity/kahnmar2"},"elements":[{"name":"cube","from":[7.4,-1.6000004,3.7999997],"to":[14.6,8.0,11.6],"rotation":{"angle":0.0,"axis":"x","origin":[-22.0,6.8,8.0]},"faces":{"down":{"uv":[11.5,0.0,10.75,0.8125],"rotation":0,"texture":"#0","tintindex":0},"east":{"uv":[8.8125,9.625,9.625,10.625],"rotation":0,"texture":"#0","tintindex":0},"north":{"uv":[10.1875,5.25,10.9375,6.25],"rotation":0,"texture":"#0","tintindex":0},"south":{"uv":[10.1875,6.25,10.9375,7.25],"rotation":0,"texture":"#0","tintindex":0},"up":{"uv":[10.375,11.4375,9.625,10.625],"rotation":0,"texture":"#0","tintindex":0},"west":{"uv":[9.625,9.625,10.4375,10.625],"rotation":0,"texture":"#0","tintindex":0}}}],"display":{"head":{"translation":[0.0,-6.4,0.0],"rotation":[0.0,0.0,0.0],"scale":[3.8095,3.8095,3.8095]}}}