{"textures":{"0":"modelengine:entity/kahnmar2"},"elements":[{"name":"cube","from":[7.4,-1.6000004,3.8599997],"to":[14.6,8.0,11.54],"rotation":{"angle":0.0,"axis":"x","origin":[-22.0,6.8,8.0]},"faces":{"down":{"uv":[11.5,0.0,10.75,0.8125],"rotation":0,"texture":"#0","tintindex":0},"east":{"uv":[8.8125,9.625,9.625,10.625],"rotation":0,"texture":"#0","tintindex":0},"north":{"uv":[10.1875,5.25,10.9375,6.25],"rotation":0,"texture":"#0","tintindex":0},"south":{"uv":[10.1875,6.25,10.9375,7.25],"rotation":0,"texture":"#0","tintindex":0},"up":{"uv":[10.375,11.4375,9.625,10.625],"rotation":0,"texture":"#0","tintindex":0},"west":{"uv":[9.625,9.625,10.4375,10.625],"rotation":0,"texture":"#0","tintindex":0}}},{"name":"cube","from":[7.4,18.8,3.9199996],"to":[13.400001,24.2,11.4800005],"rotation":{"angle":-45.0,"axis":"z","origin":[-8.8,8.0,7.4]},"faces":{"down":{"uv":[5.375,11.25,4.75,12.0625],"rotation":0,"texture":"#0","tintindex":0},"east":{"uv":[11.5,3.875,12.3125,4.4375],"rotation":0,"texture":"#0","tintindex":0},"north":{"uv":[11.625,11.125,12.25,11.6875],"rotation":0,"texture":"#0","tintindex":0},"south":{"uv":[11.6875,5.375,12.3125,5.9375],"rotation":0,"texture":"#0","tintindex":0},"up":{"uv":[11.625,12.0,11.0,11.1875],"rotation":0,"texture":"#0","tintindex":0},"west":{"uv":[0.0,11.5625,0.8125,12.125],"rotation":0,"texture":"#0","tintindex":0}}}],"display":{"head":{"translation":[0.0,-6.4,0.0],"rotation":[0.0,0.0,0.0],"scale":[3.8095,3.8095,3.8095]}}}