{"textures":{"0":"modelengine:entity/kahnmar2"},"elements":[{"name":"cube","from":[7.4,-2.8000002,2.06],"to":[17.6,8.6,13.34],"rotation":{"angle":0.0,"axis":"x","origin":[8.0,6.8,8.0]},"faces":{"down":{"uv":[3.25,7.4375,2.1875,8.625],"rotation":0,"texture":"#0","tintindex":0},"east":{"uv":[5.6875,0.0,6.875,1.1875],"rotation":0,"texture":"#0","tintindex":0},"north":{"uv":[7.3125,5.8125,8.375,7.0],"rotation":0,"texture":"#0","tintindex":0},"south":{"uv":[7.3125,7.0,8.375,8.1875],"rotation":0,"texture":"#0","tintindex":0},"up":{"uv":[2.1875,8.625,1.125,7.4375],"rotation":0,"texture":"#0","tintindex":0},"west":{"uv":[5.6875,1.1875,6.875,2.375],"rotation":0,"texture":"#0","tintindex":0}}}],"display":{"head":{"translation":[0.0,-6.4,0.0],"rotation":[0.0,0.0,0.0],"scale":[3.8095,3.8095,3.8095]}}}