{"textures":{"0":"modelengine:entity/kahnmar2"},"elements":[{"name":"cube","from":[4.3999996,-1.0000005,6.8],"to":[11.0,9.2,12.8],"rotation":{"angle":0.0,"axis":"x","origin":[8.0,8.0,9.8]},"faces":{"down":{"uv":[10.3125,11.4375,9.5625,12.0625],"rotation":0,"texture":"#0","tintindex":0},"east":{"uv":[7.4375,10.4375,8.0625,11.5],"rotation":0,"texture":"#0","tintindex":0},"north":{"uv":[10.0,0.0,10.75,1.0625],"rotation":0,"texture":"#0","tintindex":0},"south":{"uv":[10.1875,2.0625,10.9375,3.125],"rotation":0,"texture":"#0","tintindex":0},"up":{"uv":[9.5625,12.0625,8.8125,11.4375],"rotation":0,"texture":"#0","tintindex":0},"west":{"uv":[10.4375,9.3125,11.0625,10.375],"rotation":0,"texture":"#0","tintindex":0}}}],"display":{"head":{"translation":[0.0,-6.4,0.0],"rotation":[0.0,0.0,0.0],"scale":[3.8095,3.8095,3.8095]}}}