{"textures":{"0":"modelengine:entity/kahnmar2"},"elements":[{"name":"cube","from":[7.4,-2.8000002,2.66],"to":[18.2,8.6,12.74],"rotation":{"angle":0.0,"axis":"x","origin":[-1.6000004,6.8,8.0]},"faces":{"down":{"uv":[9.5,3.4375,8.375,4.5],"rotation":0,"texture":"#0","tintindex":0},"east":{"uv":[3.25,7.4375,4.3125,8.625],"rotation":0,"texture":"#0","tintindex":0},"north":{"uv":[6.1875,5.8125,7.3125,7.0],"rotation":0,"texture":"#0","tintindex":0},"south":{"uv":[1.125,6.25,2.25,7.4375],"rotation":0,"texture":"#0","tintindex":0},"up":{"uv":[9.375,3.4375,8.25,2.375],"rotation":0,"texture":"#0","tintindex":0},"west":{"uv":[8.0,0.0,9.0625,1.1875],"rotation":0,"texture":"#0","tintindex":0}}}],"display":{"head":{"translation":[0.0,-6.4,0.0],"rotation":[0.0,0.0,0.0],"scale":[3.8095,3.8095,3.8095]}}}