{"textures":{"0":"modelengine:entity/kahnmar2"},"elements":[{"name":"cube","from":[7.4,-2.8000002,2.6],"to":[18.2,8.6,12.8],"rotation":{"angle":0.0,"axis":"x","origin":[-1.6000004,6.8,8.0]},"faces":{"down":{"uv":[9.5,5.5625,8.375,6.625],"rotation":0,"texture":"#0","tintindex":0},"east":{"uv":[8.25,1.1875,9.3125,2.375],"rotation":0,"texture":"#0","tintindex":0},"north":{"uv":[2.25,6.25,3.375,7.4375],"rotation":0,"texture":"#0","tintindex":0},"south":{"uv":[3.375,6.25,4.5,7.4375],"rotation":0,"texture":"#0","tintindex":0},"up":{"uv":[9.5,5.5625,8.375,4.5],"rotation":0,"texture":"#0","tintindex":0},"west":{"uv":[4.3125,8.3125,5.375,9.5],"rotation":0,"texture":"#0","tintindex":0}}}],"display":{"head":{"translation":[0.0,-6.4,0.0],"rotation":[0.0,0.0,0.0],"scale":[3.8095,3.8095,3.8095]}}}