{"textures":{"0":"modelengine:entity/kahnmar2"},"elements":[{"name":"cube","from":[7.4,-2.2000003,3.26],"to":[18.2,8.6,12.14],"rotation":{"angle":0.0,"axis":"x","origin":[-11.800001,6.8,8.0]},"faces":{"down":{"uv":[6.5,9.3125,5.375,10.25],"rotation":0,"texture":"#0","tintindex":0},"east":{"uv":[9.0625,0.0,10.0,1.125],"rotation":0,"texture":"#0","tintindex":0},"north":{"uv":[0.0,6.9375,1.125,8.0625],"rotation":0,"texture":"#0","tintindex":0},"south":{"uv":[6.1875,7.0,7.3125,8.125],"rotation":0,"texture":"#0","tintindex":0},"up":{"uv":[10.4375,2.0625,9.3125,1.125],"rotation":0,"texture":"#0","tintindex":0},"west":{"uv":[0.0,9.25,0.9375,10.375],"rotation":0,"texture":"#0","tintindex":0}}}],"display":{"head":{"translation":[0.0,-6.4,0.0],"rotation":[0.0,0.0,0.0],"scale":[3.8095,3.8095,3.8095]}}}