{"textures":{"0":"modelengine:entity/kahnmar2"},"elements":[{"name":"cube","from":[4.3999996,0.7999997,4.3999996],"to":[12.2,11.6,12.2],"rotation":{"angle":0.0,"axis":"x","origin":[8.0,8.0,8.0]},"faces":{"down":{"uv":[9.625,10.625,8.8125,11.4375],"rotation":0,"texture":"#0","tintindex":0},"east":{"uv":[9.5,3.125,10.3125,4.1875],"rotation":0,"texture":"#0","tintindex":0},"north":{"uv":[7.3125,9.375,8.125,10.4375],"rotation":0,"texture":"#0","tintindex":0},"south":{"uv":[3.9375,9.5,4.75,10.5625],"rotation":0,"texture":"#0","tintindex":0},"up":{"uv":[11.4375,8.0625,10.625,7.25],"rotation":0,"texture":"#0","tintindex":0},"west":{"uv":[9.5,4.1875,10.3125,5.25],"rotation":0,"texture":"#0","tintindex":0}}}],"display":{"head":{"translation":[0.0,-6.4,0.0],"rotation":[0.0,0.0,0.0],"scale":[3.8095,3.8095,3.8095]}}}