{"textures":{"0":"modelengine:entity/kahnmar2"},"elements":[{"name":"cube","from":[7.4,-2.8000002,2.06],"to":[17.6,8.6,13.34],"rotation":{"angle":0.0,"axis":"x","origin":[8.0,6.8,8.0]},"faces":{"down":{"uv":[8.75,8.1875,7.6875,9.375],"rotation":0,"texture":"#0","tintindex":0},"east":{"uv":[5.0,5.9375,6.1875,7.125],"rotation":0,"texture":"#0","tintindex":0},"north":{"uv":[0.0,8.0625,1.0625,9.25],"rotation":0,"texture":"#0","tintindex":0},"south":{"uv":[5.5625,8.125,6.625,9.3125],"rotation":0,"texture":"#0","tintindex":0},"up":{"uv":[7.6875,9.375,6.625,8.1875],"rotation":0,"texture":"#0","tintindex":0},"west":{"uv":[6.0,2.375,7.1875,3.5625],"rotation":0,"texture":"#0","tintindex":0}}}],"display":{"head":{"translation":[0.0,-6.4,0.0],"rotation":[0.0,0.0,0.0],"scale":[3.8095,3.8095,3.8095]}}}