{"textures":{"0":"modelengine:entity/kahnmar2"},"elements":[{"name":"cube","from":[4.3999996,5.6,1.9999998],"to":[11.6,8.0,9.2],"rotation":{"angle":0.0,"axis":"x","origin":[8.0,8.0,6.2]},"faces":{"down":{"uv":[7.0,11.0,6.25,11.75],"rotation":0,"texture":"#0","tintindex":0},"east":{"uv":[11.875,8.5625,12.625,8.8125],"rotation":0,"texture":"#0","tintindex":0},"north":{"uv":[6.25,11.75,7.0,12.0],"rotation":0,"texture":"#0","tintindex":0},"south":{"uv":[11.875,8.8125,12.625,9.0625],"rotation":0,"texture":"#0","tintindex":0},"up":{"uv":[11.6875,6.875,10.9375,6.125],"rotation":0,"texture":"#0","tintindex":0},"west":{"uv":[11.875,9.0625,12.625,9.3125],"rotation":0,"texture":"#0","tintindex":0}}}],"display":{"head":{"translation":[0.0,-6.4,0.0],"rotation":[0.0,0.0,0.0],"scale":[3.8095,3.8095,3.8095]}}}