{"textures":{"0":"modelengine:entity/kahnmar2"},"elements":[{"name":"cube","from":[4.3999996,5.6,1.9999998],"to":[11.6,8.0,9.2],"rotation":{"angle":0.0,"axis":"x","origin":[8.0,8.0,6.2]},"faces":{"down":{"uv":[11.6875,5.375,10.9375,6.125],"rotation":0,"texture":"#0","tintindex":0},"east":{"uv":[10.75,0.8125,11.5,1.0625],"rotation":0,"texture":"#0","tintindex":0},"north":{"uv":[1.625,3.5,2.375,3.75],"rotation":0,"texture":"#0","tintindex":0},"south":{"uv":[11.5,4.4375,12.25,4.6875],"rotation":0,"texture":"#0","tintindex":0},"up":{"uv":[8.8125,11.5625,8.0625,10.8125],"rotation":0,"texture":"#0","tintindex":0},"west":{"uv":[11.625,11.6875,12.375,11.9375],"rotation":0,"texture":"#0","tintindex":0}}}],"display":{"head":{"translation":[0.0,-6.4,0.0],"rotation":[0.0,0.0,0.0],"scale":[3.8095,3.8095,3.8095]}}}