{"textures":{"0":"modelengine:entity/kahnmar2"},"elements":[{"name":"cube","from":[4.46,-1.0000005,6.8],"to":[11.54,9.2,12.8],"rotation":{"angle":0.0,"axis":"x","origin":[8.0,8.0,9.8]},"faces":{"down":{"uv":[12.1875,6.875,11.4375,7.5],"rotation":0,"texture":"#0","tintindex":0},"east":{"uv":[3.3125,9.75,3.9375,10.8125],"rotation":0,"texture":"#0","tintindex":0},"north":{"uv":[2.5625,9.75,3.3125,10.8125],"rotation":0,"texture":"#0","tintindex":0},"south":{"uv":[9.875,7.6875,10.625,8.75],"rotation":0,"texture":"#0","tintindex":0},"up":{"uv":[4.625,12.0,3.875,11.375],"rotation":0,"texture":"#0","tintindex":0},"west":{"uv":[0.0,10.375,0.625,11.4375],"rotation":0,"texture":"#0","tintindex":0}}}],"display":{"head":{"translation":[0.0,-6.4,0.0],"rotation":[0.0,0.0,0.0],"scale":[3.8095,3.8095,3.8095]}}}