{"textures":{"0":"modelengine:entity/kahnmar2"},"elements":[{"name":"cube","from":[7.4,-1.6000004,3.7999997],"to":[14.6,8.0,11.6],"rotation":{"angle":0.0,"axis":"x","origin":[-22.0,6.8,8.0]},"faces":{"down":{"uv":[2.125,10.75,1.375,11.5625],"rotation":0,"texture":"#0","tintindex":0},"east":{"uv":[0.9375,9.75,1.75,10.75],"rotation":0,"texture":"#0","tintindex":0},"north":{"uv":[4.75,10.25,5.5,11.25],"rotation":0,"texture":"#0","tintindex":0},"south":{"uv":[5.5,10.25,6.25,11.25],"rotation":0,"texture":"#0","tintindex":0},"up":{"uv":[1.375,11.5625,0.625,10.75],"rotation":0,"texture":"#0","tintindex":0},"west":{"uv":[1.75,9.75,2.5625,10.75],"rotation":0,"texture":"#0","tintindex":0}}}],"display":{"head":{"translation":[0.0,-6.4,0.0],"rotation":[0.0,0.0,0.0],"scale":[3.8095,3.8095,3.8095]}}}