{"textures":{"0":"modelengine:entity/kahnmar2"},"elements":[{"name":"cube","from":[7.4,-2.2000003,3.1999998],"to":[18.2,8.6,12.2],"rotation":{"angle":0.0,"axis":"x","origin":[-11.800001,6.8,8.0]},"faces":{"down":{"uv":[9.875,8.6875,8.75,9.625],"rotation":0,"texture":"#0","tintindex":0},"east":{"uv":[2.0625,8.625,3.0,9.75],"rotation":0,"texture":"#0","tintindex":0},"north":{"uv":[6.875,0.0,8.0,1.125],"rotation":0,"texture":"#0","tintindex":0},"south":{"uv":[6.875,1.125,8.0,2.25],"rotation":0,"texture":"#0","tintindex":0},"up":{"uv":[9.875,8.6875,8.75,7.75],"rotation":0,"texture":"#0","tintindex":0},"west":{"uv":[3.0,8.625,3.9375,9.75],"rotation":0,"texture":"#0","tintindex":0}}}],"display":{"head":{"translation":[0.0,-6.4,0.0],"rotation":[0.0,0.0,0.0],"scale":[3.8095,3.8095,3.8095]}}}