{"textures":{"0":"modelengine:entity/kahnmar2"},"elements":[{"name":"cube","from":[4.3999996,0.7999997,4.3999996],"to":[12.2,11.6,12.2],"rotation":{"angle":0.0,"axis":"x","origin":[8.0,8.0,8.0]},"faces":{"down":{"uv":[4.75,10.5625,3.9375,11.375],"rotation":0,"texture":"#0","tintindex":0},"east":{"uv":[9.375,2.0625,10.1875,3.125],"rotation":0,"texture":"#0","tintindex":0},"north":{"uv":[4.875,0.0,5.6875,1.0625],"rotation":0,"texture":"#0","tintindex":0},"south":{"uv":[6.5,9.375,7.3125,10.4375],"rotation":0,"texture":"#0","tintindex":0},"up":{"uv":[11.25,11.1875,10.4375,10.375],"rotation":0,"texture":"#0","tintindex":0},"west":{"uv":[9.375,6.625,10.1875,7.6875],"rotation":0,"texture":"#0","tintindex":0}}}],"display":{"head":{"translation":[0.0,-6.4,0.0],"rotation":[0.0,0.0,0.0],"scale":[3.8095,3.8095,3.8095]}}}