{"textures":{"0":"modelengine:entity/kahnmar2"},"elements":[{"name":"cube","from":[4.34,10.4,1.9999998],"to":[12.26,15.8,8.6],"rotation":{"angle":0.0,"axis":"x","origin":[8.6,6.2,7.4]},"faces":{"down":{"uv":[11.875,9.3125,11.0625,10.0],"rotation":0,"texture":"#0","tintindex":0},"east":{"uv":[8.125,11.5625,8.8125,12.125],"rotation":0,"texture":"#0","tintindex":0},"north":{"uv":[11.4375,7.5,12.25,8.0625],"rotation":0,"texture":"#0","tintindex":0},"south":{"uv":[11.5,0.0,12.3125,0.5625],"rotation":0,"texture":"#0","tintindex":0},"up":{"uv":[11.875,9.3125,11.0625,8.625],"rotation":0,"texture":"#0","tintindex":0},"west":{"uv":[11.625,0.5625,12.3125,1.125],"rotation":0,"texture":"#0","tintindex":0}}},{"name":"cube","from":[6.2,6.2,1.9999998],"to":[10.4,10.4,8.6],"rotation":{"angle":0.0,"axis":"x","origin":[8.6,6.2,7.4]},"faces":{"down":{"uv":[12.125,10.4375,11.6875,11.125],"rotation":0,"texture":"#0","tintindex":0},"east":{"uv":[11.6875,6.4375,12.375,6.875],"rotation":0,"texture":"#0","tintindex":0},"north":{"uv":[1.125,5.625,1.5625,6.0625],"rotation":0,"texture":"#0","tintindex":0},"south":{"uv":[10.1875,7.25,10.625,7.6875],"rotation":0,"texture":"#0","tintindex":0},"up":{"uv":[4.9375,6.9375,4.5,6.25],"rotation":0,"texture":"#0","tintindex":0},"west":{"uv":[11.6875,10.0,12.375,10.4375],"rotation":0,"texture":"#0","tintindex":0}}},{"name":"cube","from":[8.6,6.2,2.06],"to":[10.4,11.0,8.6],"rotation":{"angle":-22.5,"axis":"z","origin":[10.4,6.2,5.0]},"faces":{"down":{"uv":[4.5,7.4375,4.3125,8.125],"rotation":0,"texture":"#0","tintindex":0},"east":{"uv":[4.0625,3.25,4.75,3.75],"rotation":0,"texture":"#0","tintindex":0},"north":{"uv":[3.9375,8.625,4.125,9.125],"rotation":0,"texture":"#0","tintindex":0},"south":{"uv":[4.125,8.625,4.3125,9.125],"rotation":0,"texture":"#0","tintindex":0},"up":{"uv":[5.875,3.0625,5.6875,2.375],"rotation":0,"texture":"#0","tintindex":0},"west":{"uv":[11.625,1.125,12.3125,1.625],"rotation":0,"texture":"#0","tintindex":0}}},{"name":"cube","from":[6.2,6.2,2.06],"to":[8.0,11.0,8.6],"rotation":{"angle":22.5,"axis":"z","origin":[6.2,6.2,5.0]},"faces":{"down":{"uv":[5.5625,8.3125,5.375,9.0],"rotation":0,"texture":"#0","tintindex":0},"east":{"uv":[11.6875,5.9375,12.375,6.4375],"rotation":0,"texture":"#0","tintindex":0},"north":{"uv":[11.875,9.3125,12.0625,9.8125],"rotation":0,"texture":"#0","tintindex":0},"south":{"uv":[11.625,11.9375,11.8125,12.4375],"rotation":0,"texture":"#0","tintindex":0},"up":{"uv":[8.1875,1.875,8.0,1.1875],"rotation":0,"texture":"#0","tintindex":0},"west":{"uv":[11.6875,8.0625,12.375,8.5625],"rotation":0,"texture":"#0","tintindex":0}}}],"display":{"head":{"translation":[0.0,-6.4,0.0],"rotation":[0.0,0.0,0.0],"scale":[3.8095,3.8095,3.8095]}}}