{"textures":{"0":"modelengine:entity/kahnmar2"},"elements":[{"name":"cube","from":[0.19999981,8.0,2.6],"to":[5.6,21.2,13.400001],"rotation":{"angle":22.5,"axis":"z","origin":[0.19999981,8.0,8.0]},"faces":{"down":{"uv":[5.8125,11.25,5.375,12.375],"rotation":0,"texture":"#0","tintindex":0},"east":{"uv":[1.625,4.875,2.75,6.25],"rotation":0,"texture":"#0","tintindex":0},"north":{"uv":[2.125,10.75,2.5625,12.125],"rotation":0,"texture":"#0","tintindex":0},"south":{"uv":[2.5625,10.8125,3.0,12.1875],"rotation":0,"texture":"#0","tintindex":0},"up":{"uv":[7.4375,12.125,7.0,11.0],"rotation":0,"texture":"#0","tintindex":0},"west":{"uv":[2.75,4.875,3.875,6.25],"rotation":0,"texture":"#0","tintindex":0}}},{"name":"cube","from":[0.19999981,7.4,2.6],"to":[15.8,22.400002,13.400001],"rotation":{"angle":0.0,"axis":"x","origin":[8.0,-14.8,8.0]},"faces":{"down":{"uv":[5.6875,1.125,4.0625,2.25],"rotation":0,"texture":"#0","tintindex":0},"east":{"uv":[5.0,4.625,6.125,5.9375],"rotation":0,"texture":"#0","tintindex":0},"north":{"uv":[2.4375,1.125,4.0625,2.4375],"rotation":0,"texture":"#0","tintindex":0},"south":{"uv":[2.4375,2.4375,4.0625,3.75],"rotation":0,"texture":"#0","tintindex":0},"up":{"uv":[4.875,4.875,3.25,3.75],"rotation":0,"texture":"#0","tintindex":0},"west":{"uv":[0.0,5.625,1.125,6.9375],"rotation":0,"texture":"#0","tintindex":0}}},{"name":"cube","from":[10.4,8.0,2.6],"to":[15.8,21.2,13.400001],"rotation":{"angle":-22.5,"axis":"z","origin":[15.8,8.0,8.0]},"faces":{"down":{"uv":[11.6875,10.0,11.25,11.125],"rotation":0,"texture":"#0","tintindex":0},"east":{"uv":[4.875,3.25,6.0,4.625],"rotation":0,"texture":"#0","tintindex":0},"north":{"uv":[3.0,10.8125,3.4375,12.1875],"rotation":0,"texture":"#0","tintindex":0},"south":{"uv":[3.4375,10.8125,3.875,12.1875],"rotation":0,"texture":"#0","tintindex":0},"up":{"uv":[6.25,12.375,5.8125,11.25],"rotation":0,"texture":"#0","tintindex":0},"west":{"uv":[3.875,4.875,5.0,6.25],"rotation":0,"texture":"#0","tintindex":0}}}],"display":{"head":{"translation":[0.0,-6.4,0.0],"rotation":[0.0,0.0,0.0],"scale":[3.8095,3.8095,3.8095]}}}