{"textures":{"0":"modelengine:entity/kahnmar2"},"elements":[{"name":"cube","from":[-4.0000005,8.0,1.9999998],"to":[19.400002,18.8,13.400001],"rotation":{"angle":0.0,"axis":"x","origin":[8.0,-25.600002,8.0]},"faces":{"down":{"uv":[2.4375,1.1875,0.0,2.375],"rotation":0,"texture":"#0","tintindex":0},"east":{"uv":[6.125,3.5625,7.3125,4.6875],"rotation":0,"texture":"#0","tintindex":0},"north":{"uv":[0.0,2.375,2.4375,3.5],"rotation":0,"texture":"#0","tintindex":0},"south":{"uv":[2.4375,0.0,4.875,1.125],"rotation":0,"texture":"#0","tintindex":0},"up":{"uv":[2.4375,1.1875,0.0,0.0],"rotation":0,"texture":"#0","tintindex":0},"west":{"uv":[6.125,4.6875,7.3125,5.8125],"rotation":0,"texture":"#0","tintindex":0}}},{"name":"cube","from":[4.3999996,18.8,1.9999998],"to":[11.0,24.2,13.400001],"rotation":{"angle":0.0,"axis":"x","origin":[8.0,-25.600002,8.0]},"faces":{"down":{"uv":[8.8125,9.625,8.125,10.8125],"rotation":0,"texture":"#0","tintindex":0},"east":{"uv":[9.875,8.75,11.0625,9.3125],"rotation":0,"texture":"#0","tintindex":0},"north":{"uv":[0.8125,11.5625,1.5,12.125],"rotation":0,"texture":"#0","tintindex":0},"south":{"uv":[7.4375,11.5625,8.125,12.125],"rotation":0,"texture":"#0","tintindex":0},"up":{"uv":[10.1875,6.4375,9.5,5.25],"rotation":0,"texture":"#0","tintindex":0},"west":{"uv":[10.3125,3.125,11.5,3.6875],"rotation":0,"texture":"#0","tintindex":0}}},{"name":"cube","from":[11.0,18.8,2.06],"to":[21.2,24.2,13.34],"rotation":{"angle":-22.5,"axis":"z","origin":[11.0,24.2,8.0]},"faces":{"down":{"uv":[8.375,4.625,7.3125,5.8125],"rotation":0,"texture":"#0","tintindex":0},"east":{"uv":[10.4375,1.0625,11.625,1.625],"rotation":0,"texture":"#0","tintindex":0},"north":{"uv":[10.9375,2.1875,12.0,2.75],"rotation":0,"texture":"#0","tintindex":0},"south":{"uv":[10.9375,4.8125,12.0,5.375],"rotation":0,"texture":"#0","tintindex":0},"up":{"uv":[8.375,4.625,7.3125,3.4375],"rotation":0,"texture":"#0","tintindex":0},"west":{"uv":[6.25,10.4375,7.4375,11.0],"rotation":0,"texture":"#0","tintindex":0}}},{"name":"cube","from":[-5.8,18.8,2.06],"to":[4.3999996,24.2,13.34],"rotation":{"angle":22.5,"axis":"z","origin":[4.3999996,24.2,8.0]},"faces":{"down":{"uv":[8.25,2.25,7.1875,3.4375],"rotation":0,"texture":"#0","tintindex":0},"east":{"uv":[10.3125,3.6875,11.5,4.25],"rotation":0,"texture":"#0","tintindex":0},"north":{"uv":[10.625,8.0625,11.6875,8.625],"rotation":0,"texture":"#0","tintindex":0},"south":{"uv":[10.9375,1.625,12.0,2.1875],"rotation":0,"texture":"#0","tintindex":0},"up":{"uv":[5.5625,8.3125,4.5,7.125],"rotation":0,"texture":"#0","tintindex":0},"west":{"uv":[10.3125,4.25,11.5,4.8125],"rotation":0,"texture":"#0","tintindex":0}}}],"display":{"head":{"translation":[0.0,-6.4,0.0],"rotation":[0.0,0.0,0.0],"scale":[3.8095,3.8095,3.8095]}}}