{"textures":{"0":"modelengine:entity/marsh_strider"},"elements":[{"name":"cube","from":[7.1,6.665,5.555],"to":[8.9,8.014999,8.554999],"rotation":{"angle":0.0,"axis":"x","origin":[8.0,7.3399997,7.1]},"faces":{"down":{"uv":[5.375,5.25,5.0,5.875],"rotation":0,"texture":"#0","tintindex":0},"east":{"uv":[4.0,5.875,4.625,6.125],"rotation":0,"texture":"#0","tintindex":0},"north":{"uv":[4.625,5.875,5.0,6.125],"rotation":0,"texture":"#0","tintindex":0},"south":{"uv":[5.625,5.875,6.0,6.125],"rotation":0,"texture":"#0","tintindex":0},"up":{"uv":[5.0,5.875,4.625,5.25],"rotation":0,"texture":"#0","tintindex":0},"west":{"uv":[5.0,5.875,5.625,6.125],"rotation":0,"texture":"#0","tintindex":0}}}],"display":{"head":{"translation":[0.0,-6.4,0.0],"rotation":[0.0,0.0,0.0],"scale":[3.8095,3.8095,3.8095]}}}