{"textures":{"0":"modelengine:entity/marsh_strider"},"elements":[{"name":"cube","from":[3.7999997,8.45,3.7999997],"to":[12.2,12.2,12.2],"rotation":{"angle":0.0,"axis":"x","origin":[8.0,5.3,7.97]},"faces":{"down":{"uv":[5.25,0.0,3.5,1.75],"rotation":0,"texture":"#0","tintindex":0},"east":{"uv":[0.0,1.75,1.75,2.5],"rotation":0,"texture":"#0","tintindex":0},"north":{"uv":[1.75,1.75,3.5,2.5],"rotation":0,"texture":"#0","tintindex":0},"south":{"uv":[5.25,1.75,7.0,2.5],"rotation":0,"texture":"#0","tintindex":0},"up":{"uv":[3.5,1.75,1.75,0.0],"rotation":0,"texture":"#0","tintindex":0},"west":{"uv":[3.5,1.75,5.25,2.5],"rotation":0,"texture":"#0","tintindex":0}}},{"name":"cube","from":[3.7999997,6.6499996,3.7999997],"to":[3.7999997,8.45,12.2],"rotation":{"angle":0.0,"axis":"x","origin":[8.0,5.3,7.97]},"faces":{"down":{"uv":[4.5,3.125,4.5,4.875],"rotation":0,"texture":"#0","tintindex":0},"east":{"uv":[2.75,4.875,4.5,5.25],"rotation":0,"texture":"#0","tintindex":0},"north":{"uv":[4.5,4.875,4.5,5.25],"rotation":0,"texture":"#0","tintindex":0},"south":{"uv":[6.25,4.875,6.25,5.25],"rotation":0,"texture":"#0","tintindex":0},"up":{"uv":[4.5,4.875,4.5,3.125],"rotation":0,"texture":"#0","tintindex":0},"west":{"uv":[4.5,4.875,2.75,5.25],"rotation":0,"texture":"#0","tintindex":0}}},{"name":"cube","from":[3.7999997,6.6499996,3.7999997],"to":[12.2,8.45,3.7999997],"rotation":{"angle":0.0,"axis":"x","origin":[8.0,5.3,7.97]},"faces":{"down":{"uv":[8.75,0.375,7.0,0.375],"rotation":0,"texture":"#0","tintindex":0},"east":{"uv":[5.25,0.375,5.25,0.75],"rotation":0,"texture":"#0","tintindex":0},"north":{"uv":[5.25,0.375,7.0,0.75],"rotation":0,"texture":"#0","tintindex":0},"south":{"uv":[7.0,0.375,5.25,0.75],"rotation":0,"texture":"#0","tintindex":0},"up":{"uv":[7.0,0.375,5.25,0.375],"rotation":0,"texture":"#0","tintindex":0},"west":{"uv":[7.0,0.375,7.0,0.75],"rotation":0,"texture":"#0","tintindex":0}}},{"name":"cube","from":[12.2,6.6499996,3.7999997],"to":[12.2,8.45,12.2],"rotation":{"angle":0.0,"axis":"x","origin":[8.0,5.3,7.97]},"faces":{"down":{"uv":[4.5,2.75,4.5,4.5],"rotation":0,"texture":"#0","tintindex":0},"east":{"uv":[2.75,4.5,4.5,4.875],"rotation":0,"texture":"#0","tintindex":0},"north":{"uv":[4.5,4.5,4.5,4.875],"rotation":0,"texture":"#0","tintindex":0},"south":{"uv":[6.25,4.5,6.25,4.875],"rotation":0,"texture":"#0","tintindex":0},"up":{"uv":[4.5,4.5,4.5,2.75],"rotation":0,"texture":"#0","tintindex":0},"west":{"uv":[4.5,4.5,2.75,4.875],"rotation":0,"texture":"#0","tintindex":0}}},{"name":"cube","from":[3.7999997,6.6499996,12.2],"to":[12.2,8.45,12.2],"rotation":{"angle":0.0,"axis":"x","origin":[8.0,5.3,7.97]},"faces":{"down":{"uv":[8.75,0.0,7.0,0.0],"rotation":0,"texture":"#0","tintindex":0},"east":{"uv":[5.25,0.0,5.25,0.375],"rotation":0,"texture":"#0","tintindex":0},"north":{"uv":[5.25,0.0,7.0,0.375],"rotation":0,"texture":"#0","tintindex":0},"south":{"uv":[7.0,0.0,5.25,0.375],"rotation":0,"texture":"#0","tintindex":0},"up":{"uv":[7.0,0.0,5.25,0.0],"rotation":0,"texture":"#0","tintindex":0},"west":{"uv":[7.0,0.0,7.0,0.375],"rotation":0,"texture":"#0","tintindex":0}}},{"name":"cube","from":[6.2,5.8999996,5.0],"to":[9.8,9.05,11.0],"rotation":{"angle":0.0,"axis":"x","origin":[8.0,5.3,7.97]},"faces":{"down":{"uv":[2.75,4.5,2.0,5.75],"rotation":0,"texture":"#0","tintindex":0},"east":{"uv":[0.0,5.75,1.25,6.375],"rotation":0,"texture":"#0","tintindex":0},"north":{"uv":[1.25,5.75,2.0,6.375],"rotation":0,"texture":"#0","tintindex":0},"south":{"uv":[3.25,5.75,4.0,6.375],"rotation":0,"texture":"#0","tintindex":0},"up":{"uv":[2.0,5.75,1.25,4.5],"rotation":0,"texture":"#0","tintindex":0},"west":{"uv":[2.0,5.75,3.25,6.375],"rotation":0,"texture":"#0","tintindex":0}}},{"name":"cube","from":[8.9,6.8,4.7],"to":[10.1,8.15,5.8999996],"rotation":{"angle":0.0,"axis":"x","origin":[8.0,5.3,7.97]},"faces":{"down":{"uv":[2.75,4.0,2.5,4.25],"rotation":0,"texture":"#0","tintindex":0},"east":{"uv":[2.0,4.25,2.25,4.5],"rotation":0,"texture":"#0","tintindex":0},"north":{"uv":[2.25,4.25,2.5,4.5],"rotation":0,"texture":"#0","tintindex":0},"south":{"uv":[2.75,4.25,3.0,4.5],"rotation":0,"texture":"#0","tintindex":0},"up":{"uv":[2.5,4.25,2.25,4.0],"rotation":0,"texture":"#0","tintindex":0},"west":{"uv":[2.5,4.25,2.75,4.5],"rotation":0,"texture":"#0","tintindex":0}}},{"name":"cube","from":[5.8999996,6.8,4.7],"to":[7.1,8.15,5.8999996],"rotation":{"angle":0.0,"axis":"x","origin":[8.0,5.3,7.97]},"faces":{"down":{"uv":[2.75,3.5,2.5,3.75],"rotation":0,"texture":"#0","tintindex":0},"east":{"uv":[2.0,3.75,2.25,4.0],"rotation":0,"texture":"#0","tintindex":0},"north":{"uv":[2.25,3.75,2.5,4.0],"rotation":0,"texture":"#0","tintindex":0},"south":{"uv":[2.75,3.75,3.0,4.0],"rotation":0,"texture":"#0","tintindex":0},"up":{"uv":[2.5,3.75,2.25,3.5],"rotation":0,"texture":"#0","tintindex":0},"west":{"uv":[2.5,3.75,2.75,4.0],"rotation":0,"texture":"#0","tintindex":0}}}],"display":{"head":{"translation":[0.0,-6.4,0.0],"rotation":[0.0,0.0,0.0],"scale":[3.8095,3.8095,3.8095]}}}