{"textures":{"0":"modelengine:entity/marsh_strider"},"elements":[{"name":"cube","from":[7.1,6.635,5.54],"to":[8.9,7.985,8.54],"rotation":{"angle":0.0,"axis":"x","origin":[6.2,6.9350004,5.2699995]},"faces":{"down":{"uv":[6.625,0.75,6.25,1.375],"rotation":0,"texture":"#0","tintindex":0},"east":{"uv":[5.25,1.375,5.875,1.625],"rotation":0,"texture":"#0","tintindex":0},"north":{"uv":[5.875,1.375,6.25,1.625],"rotation":0,"texture":"#0","tintindex":0},"south":{"uv":[6.875,1.375,7.25,1.625],"rotation":0,"texture":"#0","tintindex":0},"up":{"uv":[6.25,1.375,5.875,0.75],"rotation":0,"texture":"#0","tintindex":0},"west":{"uv":[6.25,1.375,6.875,1.625],"rotation":0,"texture":"#0","tintindex":0}}}],"display":{"head":{"translation":[0.0,-6.4,0.0],"rotation":[0.0,0.0,0.0],"scale":[3.8095,3.8095,3.8095]}}}