{"textures":{"0":"modelengine:entity/marsh_strider"},"elements":[{"name":"cube","from":[7.1,6.725,5.96],"to":[8.9,8.075,8.360001],"rotation":{"angle":0.0,"axis":"x","origin":[9.8,7.0249996,9.77]},"faces":{"down":{"uv":[1.25,0.75,0.875,1.25],"rotation":0,"texture":"#0","tintindex":0},"east":{"uv":[0.0,1.25,0.5,1.5],"rotation":0,"texture":"#0","tintindex":0},"north":{"uv":[0.5,1.25,0.875,1.5],"rotation":0,"texture":"#0","tintindex":0},"south":{"uv":[1.375,1.25,1.75,1.5],"rotation":0,"texture":"#0","tintindex":0},"up":{"uv":[0.875,1.25,0.5,0.75],"rotation":0,"texture":"#0","tintindex":0},"west":{"uv":[0.875,1.25,1.375,1.5],"rotation":0,"texture":"#0","tintindex":0}}}],"display":{"head":{"translation":[0.0,-6.4,0.0],"rotation":[0.0,0.0,0.0],"scale":[3.8095,3.8095,3.8095]}}}