{"textures":{"0":"modelengine:entity/marsh_strider"},"elements":[{"name":"cube","from":[7.1,6.665,5.9300003],"to":[8.9,8.014999,8.33],"rotation":{"angle":0.0,"axis":"x","origin":[8.0,7.9399996,7.1]},"faces":{"down":{"uv":[1.25,0.0,0.875,0.5],"rotation":0,"texture":"#0","tintindex":0},"east":{"uv":[0.0,0.5,0.5,0.75],"rotation":0,"texture":"#0","tintindex":0},"north":{"uv":[0.5,0.5,0.875,0.75],"rotation":0,"texture":"#0","tintindex":0},"south":{"uv":[1.375,0.5,1.75,0.75],"rotation":0,"texture":"#0","tintindex":0},"up":{"uv":[0.875,0.5,0.5,0.0],"rotation":0,"texture":"#0","tintindex":0},"west":{"uv":[0.875,0.5,1.375,0.75],"rotation":0,"texture":"#0","tintindex":0}}}],"display":{"head":{"translation":[0.0,-6.4,0.0],"rotation":[0.0,0.0,0.0],"scale":[3.8095,3.8095,3.8095]}}}