{"textures":{"0":"modelengine:entity/marsh_strider"},"elements":[{"name":"cube","from":[3.2286177,8.030001,7.9786615],"to":[12.828618,17.630001,7.9786615],"rotation":{"angle":-45.0,"axis":"y","origin":[7.93091,12.83,8.051516]},"faces":{"down":{"uv":[8.0,2.5,6.0,2.5],"rotation":0,"texture":"#0","tintindex":0},"east":{"uv":[4.0,2.5,4.0,4.5],"rotation":0,"texture":"#0","tintindex":0},"north":{"uv":[4.0,2.5,6.0,4.5],"rotation":0,"texture":"#0","tintindex":0},"south":{"uv":[6.0,2.5,4.0,4.5],"rotation":0,"texture":"#0","tintindex":0},"up":{"uv":[6.0,2.5,4.0,2.5],"rotation":0,"texture":"#0","tintindex":0},"west":{"uv":[6.0,2.5,6.0,4.5],"rotation":0,"texture":"#0","tintindex":0}}},{"name":"cube","from":[3.2286177,8.030001,7.9786615],"to":[12.828618,17.630001,7.9786615],"rotation":{"angle":45.0,"axis":"y","origin":[7.93091,12.83,8.051516]},"faces":{"down":{"uv":[4.0,2.5,2.0,2.5],"rotation":0,"texture":"#0","tintindex":0},"east":{"uv":[0.0,2.5,0.0,4.5],"rotation":0,"texture":"#0","tintindex":0},"north":{"uv":[0.0,2.5,2.0,4.5],"rotation":0,"texture":"#0","tintindex":0},"south":{"uv":[2.0,2.5,0.0,4.5],"rotation":0,"texture":"#0","tintindex":0},"up":{"uv":[2.0,2.5,0.0,2.5],"rotation":0,"texture":"#0","tintindex":0},"west":{"uv":[2.0,2.5,2.0,4.5],"rotation":0,"texture":"#0","tintindex":0}}}],"display":{"head":{"translation":[0.0,-6.4,0.0],"rotation":[0.0,0.0,0.0],"scale":[3.8095,3.8095,3.8095]}}}