{"textures":{"0":"modelengine:entity/greatsword_boss_texture"},"elements":[{"name":"chest","from":[4.37,8.0,4.3999996],"to":[11.63,14.0,8.0],"rotation":{"angle":0.0,"axis":"x","origin":[8.0,11.0,6.2]},"faces":{"down":{"uv":[7.75,4.25,7.0,4.625],"rotation":0,"texture":"#0","tintindex":0},"east":{"uv":[7.375,4.625,7.0,5.25],"rotation":0,"texture":"#0","tintindex":0},"north":{"uv":[6.25,4.625,7.0,5.25],"rotation":0,"texture":"#0","tintindex":0},"south":{"uv":[7.375,4.625,8.125,5.25],"rotation":0,"texture":"#0","tintindex":0},"up":{"uv":[7.0,4.625,6.25,4.25],"rotation":0,"texture":"#0","tintindex":0},"west":{"uv":[7.0,4.625,7.375,5.25],"rotation":0,"texture":"#0","tintindex":0}}}],"display":{"head":{"translation":[0.0,-6.4,0.0],"rotation":[0.0,0.0,0.0],"scale":[3.8095,3.8095,3.8095]}}}