{"textures":{"0":"modelengine:entity/greatsword_boss_texture"},"elements":[{"name":"blade_2d","from":[7.976721,4.0912538,-16.0],"to":[7.976721,7.519825,22.571424],"rotation":{"angle":0.0,"axis":"x","origin":[7.976721,7.519825,12.28571]},"faces":{"down":{"uv":[5.625,0.0,5.625,5.625],"rotation":0,"texture":"#0","tintindex":0},"east":{"uv":[5.625,5.625,11.25,6.125],"rotation":0,"texture":"#0","tintindex":0},"north":{"uv":[5.625,5.625,5.625,6.125],"rotation":0,"texture":"#0","tintindex":0},"south":{"uv":[11.25,5.625,11.25,6.125],"rotation":0,"texture":"#0","tintindex":0},"up":{"uv":[5.625,5.625,5.625,0.0],"rotation":0,"texture":"#0","tintindex":0},"west":{"uv":[11.25,5.625,5.625,6.125],"rotation":0,"texture":"#0","tintindex":0}}},{"name":"blade_2d","from":[7.976721,8.376968,-16.0],"to":[7.976721,11.80554,22.571424],"rotation":{"angle":0.0,"axis":"x","origin":[7.976721,7.519825,12.28571]},"faces":{"down":{"uv":[5.625,0.5,5.625,6.125],"rotation":0,"texture":"#0","tintindex":0},"east":{"uv":[5.625,6.125,11.25,6.625],"rotation":0,"texture":"#0","tintindex":0},"north":{"uv":[5.625,6.125,5.625,6.625],"rotation":0,"texture":"#0","tintindex":0},"south":{"uv":[11.25,6.125,11.25,6.625],"rotation":0,"texture":"#0","tintindex":0},"up":{"uv":[5.625,6.125,5.625,0.5],"rotation":0,"texture":"#0","tintindex":0},"west":{"uv":[11.25,6.125,5.625,6.625],"rotation":0,"texture":"#0","tintindex":0}}},{"name":"blade_holder","from":[7.762435,9.234111,10.5714245],"to":[8.191007,10.519825,23.428568],"rotation":{"angle":0.0,"axis":"x","origin":[7.976721,7.519825,12.28571]},"faces":{"down":{"uv":[2.0,0.0,1.9375,1.875],"rotation":0,"texture":"#0","tintindex":0},"east":{"uv":[3.8125,1.875,1.9375,2.0625],"rotation":0,"texture":"#0","tintindex":0},"north":{"uv":[1.875,1.875,1.9375,2.0625],"rotation":0,"texture":"#0","tintindex":0},"south":{"uv":[3.8125,1.875,3.875,2.0625],"rotation":0,"texture":"#0","tintindex":0},"up":{"uv":[3.8125,1.9375,1.9375,1.875],"rotation":270,"texture":"#0","tintindex":0},"west":{"uv":[1.9375,1.875,3.8125,2.0625],"rotation":0,"texture":"#0","tintindex":0}}},{"name":"blade_holder","from":[7.762435,5.3769684,10.5714245],"to":[8.191007,6.6626825,23.428568],"rotation":{"angle":0.0,"axis":"x","origin":[7.976721,7.519825,12.28571]},"faces":{"down":{"uv":[6.3125,2.0625,8.1875,2.0],"rotation":270,"texture":"#0","tintindex":0},"east":{"uv":[8.1875,1.875,6.3125,2.0625],"rotation":0,"texture":"#0","tintindex":0},"north":{"uv":[6.25,1.875,6.3125,2.0625],"rotation":0,"texture":"#0","tintindex":0},"south":{"uv":[8.1875,1.875,8.25,2.0625],"rotation":0,"texture":"#0","tintindex":0},"up":{"uv":[6.3125,1.875,6.25,0.0],"rotation":0,"texture":"#0","tintindex":0},"west":{"uv":[6.3125,1.875,8.1875,2.0625],"rotation":0,"texture":"#0","tintindex":0}}},{"name":"fuller","from":[7.119578,7.9483967,-1.8571472],"to":[8.833864,9.234111,24.714283],"rotation":{"angle":0.0,"axis":"x","origin":[7.976721,7.519825,29.85714]},"faces":{"down":{"uv":[4.375,0.0,4.125,3.875],"rotation":0,"texture":"#0","tintindex":0},"east":{"uv":[8.0,3.875,4.125,4.0625],"rotation":0,"texture":"#0","tintindex":0},"north":{"uv":[3.875,3.875,4.125,4.0625],"rotation":0,"texture":"#0","tintindex":0},"south":{"uv":[8.0,3.875,8.25,4.0625],"rotation":0,"texture":"#0","tintindex":0},"up":{"uv":[4.125,3.875,3.875,0.0],"rotation":0,"texture":"#0","tintindex":0},"west":{"uv":[4.125,3.875,8.0,4.0625],"rotation":0,"texture":"#0","tintindex":0}}},{"name":"fuller","from":[7.119578,6.6626825,-1.8571472],"to":[8.833864,7.9483967,24.714283],"rotation":{"angle":0.0,"axis":"x","origin":[7.976721,7.519825,29.85714]},"faces":{"down":{"uv":[8.75,0.1875,8.5,4.0625],"rotation":0,"texture":"#0","tintindex":0},"east":{"uv":[12.375,4.0625,8.5,4.25],"rotation":0,"texture":"#0","tintindex":0},"north":{"uv":[8.25,4.0625,8.5,4.25],"rotation":0,"texture":"#0","tintindex":0},"south":{"uv":[12.375,4.0625,12.625,4.25],"rotation":0,"texture":"#0","tintindex":0},"up":{"uv":[8.5,4.0625,8.25,0.1875],"rotation":0,"texture":"#0","tintindex":0},"west":{"uv":[8.5,4.0625,12.375,4.25],"rotation":0,"texture":"#0","tintindex":0}}},{"name":"guard","from":[7.548149,7.991254,23.428568],"to":[8.4052925,12.234111,25.999996],"rotation":{"angle":0.0,"axis":"x","origin":[7.976721,7.519825,29.85714]},"faces":{"down":{"uv":[6.9375,6.625,6.8125,7.0],"rotation":0,"texture":"#0","tintindex":0},"east":{"uv":[7.1875,7.0,6.8125,7.625],"rotation":0,"texture":"#0","tintindex":0},"north":{"uv":[6.6875,7.0,6.8125,7.625],"rotation":0,"texture":"#0","tintindex":0},"south":{"uv":[7.1875,7.0,7.3125,7.625],"rotation":0,"texture":"#0","tintindex":0},"up":{"uv":[6.8125,7.0,6.6875,6.625],"rotation":0,"texture":"#0","tintindex":0},"west":{"uv":[6.8125,7.0,7.1875,7.625],"rotation":0,"texture":"#0","tintindex":0}}},{"name":"guard","from":[7.548149,3.6626825,23.428568],"to":[8.4052925,7.9055395,25.999996],"rotation":{"angle":0.0,"axis":"x","origin":[7.976721,7.519825,29.85714]},"faces":{"down":{"uv":[6.9375,6.625,6.8125,7.0],"rotation":0,"texture":"#0","tintindex":0},"east":{"uv":[7.1875,7.625,6.8125,8.25],"rotation":0,"texture":"#0","tintindex":0},"north":{"uv":[6.6875,7.625,6.8125,8.25],"rotation":0,"texture":"#0","tintindex":0},"south":{"uv":[7.1875,7.625,7.3125,8.25],"rotation":0,"texture":"#0","tintindex":0},"up":{"uv":[6.8125,7.0,6.6875,6.625],"rotation":0,"texture":"#0","tintindex":0},"west":{"uv":[6.8125,7.625,7.1875,8.25],"rotation":0,"texture":"#0","tintindex":0}}}],"display":{"head":{"translation":[0.0,-6.4,-65.62398],"rotation":[0.0,0.0,0.0],"scale":[3.7333333,3.7333333,3.7333333]}}}