{"textures":{"0":"modelengine:entity/greatsword_boss_texture"},"elements":[{"name":"pommel","from":[6.467409,5.2277555,12.200004],"to":[8.86741,9.427755,16.400003],"rotation":{"angle":0.0,"axis":"x","origin":[7.66741,6.7277555,-8.799998]},"faces":{"down":{"uv":[7.375,8.5625,7.125,9.0],"rotation":0,"texture":"#0","tintindex":0},"east":{"uv":[7.5625,9.0,7.125,9.4375],"rotation":0,"texture":"#0","tintindex":0},"north":{"uv":[6.875,9.0,7.125,9.4375],"rotation":0,"texture":"#0","tintindex":0},"south":{"uv":[7.5625,9.0,7.8125,9.4375],"rotation":0,"texture":"#0","tintindex":0},"up":{"uv":[7.125,9.0,6.875,8.5625],"rotation":0,"texture":"#0","tintindex":0},"west":{"uv":[7.125,9.0,7.5625,9.4375],"rotation":0,"texture":"#0","tintindex":0}}},{"name":"handle","from":[7.0674095,6.4277554,-7.5999985],"to":[8.267409,8.227756,12.200004],"rotation":{"angle":0.0,"axis":"x","origin":[7.66741,6.7277555,4.100003]},"faces":{"down":{"uv":[2.3125,6.625,2.1875,8.6875],"rotation":0,"texture":"#0","tintindex":0},"east":{"uv":[0.0,8.6875,2.0625,8.875],"rotation":0,"texture":"#0","tintindex":0},"north":{"uv":[2.0625,8.6875,2.1875,8.875],"rotation":0,"texture":"#0","tintindex":0},"south":{"uv":[4.25,8.6875,4.375,8.875],"rotation":0,"texture":"#0","tintindex":0},"up":{"uv":[2.1875,8.6875,2.0625,6.625],"rotation":0,"texture":"#0","tintindex":0},"west":{"uv":[2.1875,8.6875,4.25,8.875],"rotation":0,"texture":"#0","tintindex":0}}},{"name":"guard_circle","from":[6.467409,3.1277556,-9.999998],"to":[8.86741,7.327756,-7.5999985],"rotation":{"angle":0.0,"axis":"x","origin":[7.66741,6.7277555,-8.799998]},"faces":{"down":{"uv":[9.5,1.125,9.25,1.375],"rotation":0,"texture":"#0","tintindex":0},"east":{"uv":[9.5,1.8125,9.25,2.25],"rotation":0,"texture":"#0","tintindex":0},"north":{"uv":[9.0,1.8125,9.25,2.25],"rotation":0,"texture":"#0","tintindex":0},"south":{"uv":[9.5,1.8125,9.75,2.25],"rotation":0,"texture":"#0","tintindex":0},"up":{"uv":[9.0,1.375,8.75,1.125],"rotation":0,"texture":"#0","tintindex":0},"west":{"uv":[9.25,1.8125,9.5,2.25],"rotation":0,"texture":"#0","tintindex":0}}},{"name":"guard_circle","from":[6.467409,7.327756,-9.999998],"to":[8.86741,11.527756,-7.5999985],"rotation":{"angle":0.0,"axis":"x","origin":[7.66741,6.7277555,-8.799998]},"faces":{"down":{"uv":[9.75,1.125,9.5,1.375],"rotation":0,"texture":"#0","tintindex":0},"east":{"uv":[9.5,1.375,9.25,1.8125],"rotation":0,"texture":"#0","tintindex":0},"north":{"uv":[9.0,1.375,9.25,1.8125],"rotation":0,"texture":"#0","tintindex":0},"south":{"uv":[9.5,1.375,9.75,1.8125],"rotation":0,"texture":"#0","tintindex":0},"up":{"uv":[9.25,1.375,9.0,1.125],"rotation":0,"texture":"#0","tintindex":0},"west":{"uv":[9.25,1.375,9.5,1.8125],"rotation":0,"texture":"#0","tintindex":0}}},{"name":"guard_circle","from":[6.467409,9.127756,-13.599999],"to":[8.86741,11.527756,-9.999998],"rotation":{"angle":0.0,"axis":"x","origin":[7.66741,6.7277555,-15.099999]},"faces":{"down":{"uv":[3.3125,2.0625,3.0625,2.4375],"rotation":0,"texture":"#0","tintindex":0},"east":{"uv":[3.4375,2.4375,3.0625,2.6875],"rotation":0,"texture":"#0","tintindex":0},"north":{"uv":[2.8125,2.4375,3.0625,2.6875],"rotation":0,"texture":"#0","tintindex":0},"south":{"uv":[3.4375,2.4375,3.6875,2.6875],"rotation":0,"texture":"#0","tintindex":0},"up":{"uv":[3.0625,2.4375,2.8125,2.0625],"rotation":0,"texture":"#0","tintindex":0},"west":{"uv":[3.0625,2.4375,3.4375,2.6875],"rotation":0,"texture":"#0","tintindex":0}}},{"name":"guard_circle","from":[6.467409,3.1277556,-13.599999],"to":[8.86741,5.5277557,-9.999998],"rotation":{"angle":0.0,"axis":"x","origin":[7.66741,6.7277555,-15.099999]},"faces":{"down":{"uv":[2.875,1.0625,2.625,1.4375],"rotation":0,"texture":"#0","tintindex":0},"east":{"uv":[3.0,1.4375,2.625,1.6875],"rotation":0,"texture":"#0","tintindex":0},"north":{"uv":[2.375,1.4375,2.625,1.6875],"rotation":0,"texture":"#0","tintindex":0},"south":{"uv":[3.0,1.4375,3.25,1.6875],"rotation":0,"texture":"#0","tintindex":0},"up":{"uv":[2.625,1.4375,2.375,1.0625],"rotation":0,"texture":"#0","tintindex":0},"west":{"uv":[2.625,1.4375,3.0,1.6875],"rotation":0,"texture":"#0","tintindex":0}}},{"name":"guard_circle","from":[6.467409,3.1277556,-16.0],"to":[8.86741,7.327756,-13.599999],"rotation":{"angle":0.0,"axis":"x","origin":[7.66741,6.7277555,-8.799998]},"faces":{"down":{"uv":[9.5,0.0,9.25,0.25],"rotation":0,"texture":"#0","tintindex":0},"east":{"uv":[9.5,0.6875,9.25,1.125],"rotation":0,"texture":"#0","tintindex":0},"north":{"uv":[9.0,0.6875,9.25,1.125],"rotation":0,"texture":"#0","tintindex":0},"south":{"uv":[9.5,0.6875,9.75,1.125],"rotation":0,"texture":"#0","tintindex":0},"up":{"uv":[9.0,0.25,8.75,0.0],"rotation":0,"texture":"#0","tintindex":0},"west":{"uv":[9.25,0.6875,9.5,1.125],"rotation":0,"texture":"#0","tintindex":0}}},{"name":"guard_circle","from":[6.467409,7.327756,-16.0],"to":[8.86741,11.527756,-13.599999],"rotation":{"angle":0.0,"axis":"x","origin":[7.66741,6.7277555,-8.799998]},"faces":{"down":{"uv":[9.75,0.0,9.5,0.25],"rotation":0,"texture":"#0","tintindex":0},"east":{"uv":[9.5,0.25,9.25,0.6875],"rotation":0,"texture":"#0","tintindex":0},"north":{"uv":[9.0,0.25,9.25,0.6875],"rotation":0,"texture":"#0","tintindex":0},"south":{"uv":[9.5,0.25,9.75,0.6875],"rotation":0,"texture":"#0","tintindex":0},"up":{"uv":[9.25,0.25,9.0,0.0],"rotation":0,"texture":"#0","tintindex":0},"west":{"uv":[9.25,0.25,9.5,0.6875],"rotation":0,"texture":"#0","tintindex":0}}}],"display":{"head":{"translation":[0.0,-6.4,-2.27359],"rotation":[0.0,0.0,0.0],"scale":[3.8095,3.8095,3.8095]}}}