{"textures":{"0":"modelengine:entity/greatsword_boss_texture"},"elements":[{"name":"head","from":[4.3999996,8.0,4.3999996],"to":[11.6,15.2,11.6],"rotation":{"angle":0.0,"axis":"x","origin":[8.0,11.6,8.0]},"faces":{"down":{"uv":[2.25,4.0625,1.5,4.8125],"rotation":0,"texture":"#0","tintindex":0},"east":{"uv":[0.0,4.8125,0.75,5.5625],"rotation":0,"texture":"#0","tintindex":0},"north":{"uv":[0.75,4.8125,1.5,5.5625],"rotation":0,"texture":"#0","tintindex":0},"south":{"uv":[2.25,4.8125,3.0,5.5625],"rotation":0,"texture":"#0","tintindex":0},"up":{"uv":[1.5,4.8125,0.75,4.0625],"rotation":0,"texture":"#0","tintindex":0},"west":{"uv":[2.25,4.8125,1.5,5.5625],"rotation":0,"texture":"#0","tintindex":0}}}],"display":{"head":{"translation":[0.0,-6.4,0.0],"rotation":[0.0,0.0,0.0],"scale":[3.8095,3.8095,3.8095]}}}