{"textures":{"0":"modelengine:entity/greatsword_boss_texture"},"elements":[{"name":"helm","from":[4.1,2.4499998,4.1],"to":[11.900001,10.25,11.900001],"rotation":{"angle":0.0,"axis":"x","origin":[8.0,6.35,8.0]},"faces":{"down":{"uv":[0.875,11.1875,1.6875,12.0],"rotation":0,"texture":"#0","tintindex":0},"east":{"uv":[3.0,8.9375,2.1875,9.75],"rotation":0,"texture":"#0","tintindex":0},"north":{"uv":[0.0625,10.375,0.875,11.1875],"rotation":0,"texture":"#0","tintindex":0},"south":{"uv":[1.6875,10.375,2.5,11.1875],"rotation":0,"texture":"#0","tintindex":0},"up":{"uv":[0.0625,11.1875,0.875,12.0],"rotation":0,"texture":"#0","tintindex":0},"west":{"uv":[1.6875,10.375,0.875,11.1875],"rotation":0,"texture":"#0","tintindex":0}}},{"name":"ridge","from":[7.1,10.25,4.1],"to":[8.9,11.45,11.900001],"rotation":{"angle":0.0,"axis":"x","origin":[8.0,6.35,8.0]},"faces":{"down":{"uv":[2.0625,11.1875,1.875,12.0],"rotation":0,"texture":"#0","tintindex":0},"east":{"uv":[2.0625,11.3125,2.875,11.4375],"rotation":0,"texture":"#0","tintindex":0},"north":{"uv":[2.0625,11.4375,2.25,11.5625],"rotation":0,"texture":"#0","tintindex":0},"south":{"uv":[2.25,11.4375,2.4375,11.5625],"rotation":0,"texture":"#0","tintindex":0},"up":{"uv":[1.875,12.0,1.6875,11.1875],"rotation":0,"texture":"#0","tintindex":0},"west":{"uv":[2.0625,11.1875,2.875,11.3125],"rotation":0,"texture":"#0","tintindex":0}}},{"name":"plume_holder","from":[7.7,11.15,5.0],"to":[8.3,12.95,6.8],"rotation":{"angle":0.0,"axis":"x","origin":[8.0,6.35,8.0]},"faces":{"down":{"uv":[2.4375,10.0,2.375,10.1875],"rotation":0,"texture":"#0","tintindex":0},"east":{"uv":[2.375,10.0,2.1875,10.1875],"rotation":0,"texture":"#0","tintindex":0},"north":{"uv":[2.375,10.1875,2.4375,10.375],"rotation":0,"texture":"#0","tintindex":0},"south":{"uv":[2.4375,10.0,2.5,10.1875],"rotation":0,"texture":"#0","tintindex":0},"up":{"uv":[2.4375,10.185938,2.5,10.373438],"rotation":0,"texture":"#0","tintindex":0},"west":{"uv":[2.375,10.1875,2.1875,10.375],"rotation":0,"texture":"#0","tintindex":0}}},{"name":"plume","from":[8.0,6.95,4.1],"to":[8.0,20.75,14.3],"rotation":{"angle":0.0,"axis":"x","origin":[8.0,6.35,8.0]},"faces":{"down":{"uv":[0.0,0.0,0.0,1.0625],"rotation":0,"texture":"#0","tintindex":0},"east":{"uv":[0.0625,8.9375,1.125,10.375],"rotation":0,"texture":"#0","tintindex":0},"north":{"uv":[0.0,0.0,0.0,1.4375],"rotation":0,"texture":"#0","tintindex":0},"south":{"uv":[0.0,0.0,0.0,1.4375],"rotation":0,"texture":"#0","tintindex":0},"up":{"uv":[0.0,1.0625,0.0,0.0],"rotation":0,"texture":"#0","tintindex":0},"west":{"uv":[1.125,8.9375,2.1875,10.375],"rotation":0,"texture":"#0","tintindex":0}}}],"display":{"head":{"translation":[0.0,-6.4,0.0],"rotation":[0.0,0.0,0.0],"scale":[3.8095,3.8095,3.8095]}}}