{"textures":{"0":"modelengine:entity/greatsword_boss_texture"},"elements":[{"name":"left_lower_arm","from":[6.215,2.5999992,4.3999996],"to":[9.785,8.0,8.0],"rotation":{"angle":0.0,"axis":"x","origin":[8.0,5.3,6.2]},"faces":{"down":{"uv":[6.0625,8.25,5.6875,8.625],"rotation":0,"texture":"#0","tintindex":0},"east":{"uv":[6.0625,8.625,5.6875,9.1875],"rotation":0,"texture":"#0","tintindex":0},"north":{"uv":[5.3125,8.625,5.6875,9.1875],"rotation":0,"texture":"#0","tintindex":0},"south":{"uv":[6.0625,8.625,6.4375,9.1875],"rotation":0,"texture":"#0","tintindex":0},"up":{"uv":[5.6875,8.625,5.3125,8.25],"rotation":0,"texture":"#0","tintindex":0},"west":{"uv":[5.6875,8.625,6.0625,9.1875],"rotation":0,"texture":"#0","tintindex":0}}},{"name":"left_gauntlet","from":[5.8999996,2.2999992,4.1],"to":[10.1,8.3,8.3],"rotation":{"angle":0.0,"axis":"x","origin":[8.0,5.3,6.2]},"faces":{"down":{"uv":[5.875,6.625,5.4375,7.0625],"rotation":0,"texture":"#0","tintindex":0},"east":{"uv":[4.5625,7.0625,5.0,7.6875],"rotation":0,"texture":"#0","tintindex":0},"north":{"uv":[5.0,7.0625,5.4375,7.6875],"rotation":0,"texture":"#0","tintindex":0},"south":{"uv":[5.875,7.0625,6.3125,7.6875],"rotation":0,"texture":"#0","tintindex":0},"up":{"uv":[5.4375,7.0625,5.0,6.625],"rotation":0,"texture":"#0","tintindex":0},"west":{"uv":[5.4375,7.0625,5.875,7.6875],"rotation":0,"texture":"#0","tintindex":0}}},{"name":"left_gauntlet_spike","from":[7.4,3.4999993,8.3],"to":[8.6,11.3,9.5],"rotation":{"angle":0.0,"axis":"x","origin":[8.0,5.3,6.2]},"faces":{"down":{"uv":[4.75,8.625,4.625,8.75],"rotation":0,"texture":"#0","tintindex":0},"east":{"uv":[4.625,8.75,4.5,9.5625],"rotation":0,"texture":"#0","tintindex":0},"north":{"uv":[4.5,8.75,4.625,9.5625],"rotation":0,"texture":"#0","tintindex":0},"south":{"uv":[4.75,8.75,4.625,9.5625],"rotation":0,"texture":"#0","tintindex":0},"up":{"uv":[4.625,8.75,4.5,8.625],"rotation":0,"texture":"#0","tintindex":0},"west":{"uv":[4.625,8.75,4.75,9.5625],"rotation":0,"texture":"#0","tintindex":0}}}],"display":{"head":{"translation":[0.0,-6.4,0.0],"rotation":[0.0,0.0,0.0],"scale":[3.8095,3.8095,3.8095]}}}