{"textures":{"0":"modelengine:entity/greatsword_boss_texture"},"elements":[{"name":"left_arm","from":[4.3999996,2.6,6.2],"to":[8.0,8.0,9.8],"rotation":{"angle":0.0,"axis":"x","origin":[6.2,5.3,8.0]},"faces":{"down":{"uv":[9.5625,8.1875,9.1875,8.5625],"rotation":0,"texture":"#0","tintindex":0},"east":{"uv":[9.5625,8.5625,9.1875,9.125],"rotation":0,"texture":"#0","tintindex":0},"north":{"uv":[8.8125,8.5625,9.1875,9.125],"rotation":0,"texture":"#0","tintindex":0},"south":{"uv":[9.5625,8.5625,9.9375,9.125],"rotation":0,"texture":"#0","tintindex":0},"up":{"uv":[9.1875,8.5625,8.8125,8.1875],"rotation":0,"texture":"#0","tintindex":0},"west":{"uv":[9.1875,8.5625,9.5625,9.125],"rotation":0,"texture":"#0","tintindex":0}}}],"display":{"head":{"translation":[0.0,-6.4,0.0],"rotation":[0.0,0.0,0.0],"scale":[3.8095,3.8095,3.8095]}}}