{"textures":{"0":"modelengine:entity/greatsword_boss_texture"},"elements":[{"name":"left_lower_leg","from":[6.215,1.9999998,8.0],"to":[9.785,8.0,11.6],"rotation":{"angle":0.0,"axis":"x","origin":[8.0,5.0,9.8]},"faces":{"down":{"uv":[3.4375,7.5,3.0625,7.875],"rotation":0,"texture":"#0","tintindex":0},"east":{"uv":[2.3125,7.875,2.6875,8.5],"rotation":0,"texture":"#0","tintindex":0},"north":{"uv":[2.6875,7.875,3.0625,8.5],"rotation":0,"texture":"#0","tintindex":0},"south":{"uv":[2.6875,7.875,3.0625,8.5],"rotation":0,"texture":"#0","tintindex":0},"up":{"uv":[3.0625,7.875,2.6875,7.5],"rotation":0,"texture":"#0","tintindex":0},"west":{"uv":[2.6875,7.875,2.3125,8.5],"rotation":0,"texture":"#0","tintindex":0}}},{"name":"left_boot","from":[5.8999996,1.6999998,7.7],"to":[10.1,8.3,11.900001],"rotation":{"angle":0.0,"axis":"x","origin":[8.0,5.0,9.8]},"faces":{"down":{"uv":[7.6875,0.0,7.25,0.4375],"rotation":0,"texture":"#0","tintindex":0},"east":{"uv":[6.375,0.4375,6.8125,1.125],"rotation":0,"texture":"#0","tintindex":0},"north":{"uv":[6.8125,0.4375,7.25,1.125],"rotation":0,"texture":"#0","tintindex":0},"south":{"uv":[7.6875,0.4375,8.125,1.125],"rotation":0,"texture":"#0","tintindex":0},"up":{"uv":[7.25,0.4375,6.8125,0.0],"rotation":0,"texture":"#0","tintindex":0},"west":{"uv":[7.25,0.4375,7.6875,1.125],"rotation":0,"texture":"#0","tintindex":0}}},{"name":"left_boot_spike","from":[7.4,1.6999998,6.5],"to":[8.6,10.1,7.7],"rotation":{"angle":0.0,"axis":"x","origin":[8.0,5.0,9.8]},"faces":{"down":{"uv":[1.875,7.6875,1.75,7.8125],"rotation":0,"texture":"#0","tintindex":0},"east":{"uv":[1.75,7.8125,1.625,8.6875],"rotation":0,"texture":"#0","tintindex":0},"north":{"uv":[1.625,7.8125,1.75,8.6875],"rotation":0,"texture":"#0","tintindex":0},"south":{"uv":[1.875,7.8125,1.75,8.6875],"rotation":0,"texture":"#0","tintindex":0},"up":{"uv":[1.75,7.8125,1.625,7.6875],"rotation":0,"texture":"#0","tintindex":0},"west":{"uv":[1.75,7.8125,1.875,8.6875],"rotation":0,"texture":"#0","tintindex":0}}}],"display":{"head":{"translation":[0.0,-6.4,0.0],"rotation":[0.0,0.0,0.0],"scale":[3.8095,3.8095,3.8095]}}}