{"textures":{"0":"modelengine:entity/greatsword_boss_texture"},"elements":[{"name":"right_arm","from":[8.0,2.6,6.2],"to":[11.6,8.0,9.8],"rotation":{"angle":0.0,"axis":"x","origin":[9.8,5.3,8.0]},"faces":{"down":{"uv":[9.1875,8.1875,9.5625,8.5625],"rotation":0,"texture":"#0","tintindex":0},"east":{"uv":[9.5625,8.5625,9.1875,9.125],"rotation":0,"texture":"#0","tintindex":0},"north":{"uv":[9.1875,8.5625,8.8125,9.125],"rotation":0,"texture":"#0","tintindex":0},"south":{"uv":[9.9375,8.5625,9.5625,9.125],"rotation":0,"texture":"#0","tintindex":0},"up":{"uv":[8.8125,8.5625,9.1875,8.1875],"rotation":0,"texture":"#0","tintindex":0},"west":{"uv":[9.1875,8.5625,9.5625,9.125],"rotation":0,"texture":"#0","tintindex":0}}},{"name":"right_shoulder","from":[8.337447,6.5,5.3],"to":[13.737448,10.700001,10.700001],"rotation":{"angle":0.0,"axis":"x","origin":[18.237448,5.3,8.0]},"faces":{"down":{"uv":[6.0625,2.8125,5.5,3.375],"rotation":0,"texture":"#0","tintindex":0},"east":{"uv":[4.375,3.375,4.9375,3.8125],"rotation":0,"texture":"#0","tintindex":0},"north":{"uv":[4.9375,3.375,5.5,3.8125],"rotation":0,"texture":"#0","tintindex":0},"south":{"uv":[6.0625,3.375,6.625,3.8125],"rotation":0,"texture":"#0","tintindex":0},"up":{"uv":[5.5,3.375,4.9375,2.8125],"rotation":0,"texture":"#0","tintindex":0},"west":{"uv":[5.5,3.375,6.0625,3.8125],"rotation":0,"texture":"#0","tintindex":0}}},{"name":"right_shoulder_ridge","from":[7.7374473,5.8999996,5.0],"to":[14.937448,7.1,11.0],"rotation":{"angle":0.0,"axis":"x","origin":[18.237448,5.3,8.0]},"faces":{"down":{"uv":[6.5,2.0625,5.75,2.6875],"rotation":0,"texture":"#0","tintindex":0},"east":{"uv":[4.375,2.6875,5.0,2.8125],"rotation":0,"texture":"#0","tintindex":0},"north":{"uv":[5.0,2.6875,5.75,2.8125],"rotation":0,"texture":"#0","tintindex":0},"south":{"uv":[6.375,2.6875,7.125,2.8125],"rotation":0,"texture":"#0","tintindex":0},"up":{"uv":[5.75,2.6875,5.0,2.0625],"rotation":0,"texture":"#0","tintindex":0},"west":{"uv":[5.75,2.6875,6.375,2.8125],"rotation":0,"texture":"#0","tintindex":0}}},{"name":"right_shoulder_ridge","from":[8.937448,7.1,7.4],"to":[14.937448,11.3,8.6],"rotation":{"angle":0.0,"axis":"x","origin":[18.237448,5.3,8.0]},"faces":{"down":{"uv":[1.375,1.0625,0.75,1.1875],"rotation":0,"texture":"#0","tintindex":0},"east":{"uv":[0.0,1.1875,0.125,1.625],"rotation":0,"texture":"#0","tintindex":0},"north":{"uv":[0.125,1.1875,0.75,1.625],"rotation":0,"texture":"#0","tintindex":0},"south":{"uv":[0.75,1.1875,0.125,1.625],"rotation":0,"texture":"#0","tintindex":0},"up":{"uv":[0.75,1.1875,0.125,1.0625],"rotation":0,"texture":"#0","tintindex":0},"west":{"uv":[0.75,1.1875,0.875,1.625],"rotation":0,"texture":"#0","tintindex":0}}},{"name":"right_shoulder_ridge","from":[7.7374473,7.1,5.0],"to":[8.937448,11.3,11.0],"rotation":{"angle":0.0,"axis":"x","origin":[18.237448,5.3,8.0]},"faces":{"down":{"uv":[7.375,2.1875,7.25,2.8125],"rotation":0,"texture":"#0","tintindex":0},"east":{"uv":[6.5,2.8125,7.125,3.25],"rotation":0,"texture":"#0","tintindex":0},"north":{"uv":[7.125,2.8125,7.25,3.25],"rotation":0,"texture":"#0","tintindex":0},"south":{"uv":[7.875,2.8125,8.0,3.25],"rotation":0,"texture":"#0","tintindex":0},"up":{"uv":[7.25,2.8125,7.125,2.1875],"rotation":0,"texture":"#0","tintindex":0},"west":{"uv":[7.25,2.8125,7.875,3.25],"rotation":0,"texture":"#0","tintindex":0}}}],"display":{"head":{"translation":[0.0,-6.4,0.0],"rotation":[0.0,0.0,0.0],"scale":[3.8095,3.8095,3.8095]}}}