{"textures":{"0":"modelengine:entity/greatsword_boss_texture"},"elements":[{"name":"right_lower_arm","from":[6.215,2.5999992,4.3999996],"to":[9.785,8.0,8.0],"rotation":{"angle":0.0,"axis":"x","origin":[8.0,5.3,6.2]},"faces":{"down":{"uv":[5.6875,8.25,6.0625,8.625],"rotation":0,"texture":"#0","tintindex":0},"east":{"uv":[6.0625,8.625,5.6875,9.1875],"rotation":0,"texture":"#0","tintindex":0},"north":{"uv":[5.6875,8.625,5.3125,9.1875],"rotation":0,"texture":"#0","tintindex":0},"south":{"uv":[6.4375,8.625,6.0625,9.1875],"rotation":0,"texture":"#0","tintindex":0},"up":{"uv":[5.3125,8.625,5.6875,8.25],"rotation":0,"texture":"#0","tintindex":0},"west":{"uv":[5.6875,8.625,6.0625,9.1875],"rotation":0,"texture":"#0","tintindex":0}}},{"name":"right_gauntlet","from":[5.9374475,2.2999992,4.1],"to":[10.137447,8.3,8.3],"rotation":{"angle":0.0,"axis":"x","origin":[16.437447,5.3,6.2]},"faces":{"down":{"uv":[1.3125,6.625,0.875,7.0625],"rotation":0,"texture":"#0","tintindex":0},"east":{"uv":[0.0,7.0625,0.4375,7.6875],"rotation":0,"texture":"#0","tintindex":0},"north":{"uv":[0.4375,7.0625,0.875,7.6875],"rotation":0,"texture":"#0","tintindex":0},"south":{"uv":[1.3125,7.0625,1.75,7.6875],"rotation":0,"texture":"#0","tintindex":0},"up":{"uv":[0.875,7.0625,0.4375,6.625],"rotation":0,"texture":"#0","tintindex":0},"west":{"uv":[0.875,7.0625,1.3125,7.6875],"rotation":0,"texture":"#0","tintindex":0}}},{"name":"right_gauntlet_spike","from":[7.4374475,3.4999993,8.3],"to":[8.637447,11.3,9.5],"rotation":{"angle":0.0,"axis":"x","origin":[16.437447,5.3,6.2]},"faces":{"down":{"uv":[8.1875,8.5625,8.0625,8.6875],"rotation":0,"texture":"#0","tintindex":0},"east":{"uv":[8.0625,8.6875,7.9375,9.5],"rotation":0,"texture":"#0","tintindex":0},"north":{"uv":[7.9375,8.6875,8.0625,9.5],"rotation":0,"texture":"#0","tintindex":0},"south":{"uv":[8.1875,8.6875,8.0625,9.5],"rotation":0,"texture":"#0","tintindex":0},"up":{"uv":[8.0625,8.6875,7.9375,8.5625],"rotation":0,"texture":"#0","tintindex":0},"west":{"uv":[8.0625,8.6875,8.1875,9.5],"rotation":0,"texture":"#0","tintindex":0}}}],"display":{"head":{"translation":[0.0,-6.4,0.0],"rotation":[0.0,0.0,0.0],"scale":[3.8095,3.8095,3.8095]}}}