{"textures":{"0":"modelengine:entity/greatsword_boss_texture"},"elements":[{"name":"right_lower_leg","from":[6.215,1.9999998,8.0],"to":[9.785,8.0,11.6],"rotation":{"angle":0.0,"axis":"x","origin":[8.0,5.0,9.8]},"faces":{"down":{"uv":[3.0625,7.5,3.4375,7.875],"rotation":0,"texture":"#0","tintindex":0},"east":{"uv":[2.3125,7.875,2.6875,8.5],"rotation":0,"texture":"#0","tintindex":0},"north":{"uv":[3.0625,7.875,2.6875,8.5],"rotation":0,"texture":"#0","tintindex":0},"south":{"uv":[3.0625,7.875,2.6875,8.5],"rotation":0,"texture":"#0","tintindex":0},"up":{"uv":[2.6875,7.875,3.0625,7.5],"rotation":0,"texture":"#0","tintindex":0},"west":{"uv":[2.6875,7.875,2.3125,8.5],"rotation":0,"texture":"#0","tintindex":0}}},{"name":"right_boot","from":[5.9374466,1.6999998,7.7],"to":[10.137447,8.3,11.900001],"rotation":{"angle":0.0,"axis":"x","origin":[16.437447,5.0,9.8]},"faces":{"down":{"uv":[5.6875,0.0,5.25,0.4375],"rotation":0,"texture":"#0","tintindex":0},"east":{"uv":[4.375,0.4375,4.8125,1.125],"rotation":0,"texture":"#0","tintindex":0},"north":{"uv":[4.8125,0.4375,5.25,1.125],"rotation":0,"texture":"#0","tintindex":0},"south":{"uv":[5.6875,0.4375,6.125,1.125],"rotation":0,"texture":"#0","tintindex":0},"up":{"uv":[5.25,0.4375,4.8125,0.0],"rotation":0,"texture":"#0","tintindex":0},"west":{"uv":[5.25,0.4375,5.6875,1.125],"rotation":0,"texture":"#0","tintindex":0}}},{"name":"right_boot_spike","from":[7.437447,1.6999998,6.5],"to":[8.637447,10.1,7.7],"rotation":{"angle":0.0,"axis":"x","origin":[16.437447,5.0,9.8]},"faces":{"down":{"uv":[3.625,2.6875,3.5,2.8125],"rotation":0,"texture":"#0","tintindex":0},"east":{"uv":[3.375,2.8125,3.5,3.6875],"rotation":0,"texture":"#0","tintindex":0},"north":{"uv":[3.5,2.8125,3.375,3.6875],"rotation":0,"texture":"#0","tintindex":0},"south":{"uv":[3.625,2.8125,3.5,3.6875],"rotation":0,"texture":"#0","tintindex":0},"up":{"uv":[3.5,2.8125,3.375,2.6875],"rotation":0,"texture":"#0","tintindex":0},"west":{"uv":[3.5,2.8125,3.625,3.6875],"rotation":0,"texture":"#0","tintindex":0}}}],"display":{"head":{"translation":[0.0,-6.4,0.0],"rotation":[0.0,0.0,0.0],"scale":[3.8095,3.8095,3.8095]}}}