{"textures":{"0":"modelengine:entity/greatsword_boss_texture"},"elements":[{"name":"right_leg","from":[6.2,2.5999722,6.2],"to":[9.8,7.999972,9.8],"rotation":{"angle":0.0,"axis":"x","origin":[8.0,5.299972,8.0]},"faces":{"down":{"uv":[0.375,7.6875,0.75,8.0625],"rotation":0,"texture":"#0","tintindex":0},"east":{"uv":[1.125,8.0625,0.75,8.625],"rotation":0,"texture":"#0","tintindex":0},"north":{"uv":[0.75,8.0625,0.375,8.625],"rotation":0,"texture":"#0","tintindex":0},"south":{"uv":[0.75,8.0625,0.375,8.625],"rotation":0,"texture":"#0","tintindex":0},"up":{"uv":[0.375,8.0625,0.75,7.6875],"rotation":0,"texture":"#0","tintindex":0},"west":{"uv":[0.75,8.0625,1.125,8.625],"rotation":0,"texture":"#0","tintindex":0}}}],"display":{"head":{"translation":[0.0,-6.4,0.0],"rotation":[0.0,0.0,0.0],"scale":[3.8095,3.8095,3.8095]}}}