{"textures":{"0":"modelengine:entity/greatsword_boss_texture"},"elements":[{"name":"stomach","from":[4.3999963,3.1999993,4.3999996],"to":[11.599997,8.0,8.0],"rotation":{"angle":0.0,"axis":"x","origin":[7.9999967,5.5999994,6.2]},"faces":{"down":{"uv":[4.1875,6.625,3.4375,7.0],"rotation":0,"texture":"#0","tintindex":0},"east":{"uv":[3.8125,7.0,3.4375,7.5],"rotation":0,"texture":"#0","tintindex":0},"north":{"uv":[2.6875,7.0,3.4375,7.5],"rotation":0,"texture":"#0","tintindex":0},"south":{"uv":[3.8125,7.0,4.5625,7.5],"rotation":0,"texture":"#0","tintindex":0},"up":{"uv":[3.4375,7.0,2.6875,6.625],"rotation":0,"texture":"#0","tintindex":0},"west":{"uv":[3.4375,7.0,3.8125,7.5],"rotation":0,"texture":"#0","tintindex":0}}},{"name":"loin_cloth","from":[4.0999966,-1.6000004,4.1],"to":[11.899997,5.5999994,8.3],"rotation":{"angle":0.0,"axis":"x","origin":[7.9999967,5.5999994,6.2]},"faces":{"down":{"uv":[5.0625,4.25,4.25,4.6875],"rotation":0,"texture":"#0","tintindex":0},"east":{"uv":[3.0,4.6875,3.4375,5.4375],"rotation":0,"texture":"#0","tintindex":0},"north":{"uv":[3.4375,4.6875,4.25,5.4375],"rotation":0,"texture":"#0","tintindex":0},"south":{"uv":[4.6875,4.6875,5.5,5.4375],"rotation":0,"texture":"#0","tintindex":0},"up":{"uv":[4.25,4.6875,3.4375,4.25],"rotation":0,"texture":"#0","tintindex":0},"west":{"uv":[4.25,4.6875,4.6875,5.4375],"rotation":0,"texture":"#0","tintindex":0}}}],"display":{"head":{"translation":[0.0,-6.4,0.0],"rotation":[0.0,0.0,0.0],"scale":[3.8095,3.8095,3.8095]}}}