{"textures":{"0":"modelengine:entity/glaceous"},"elements":[{"name":"crystal_central","from":[6.154078,7.8820257,6.062234],"to":[9.754078,23.782024,9.662233],"rotation":{"angle":0.0,"axis":"x","origin":[7.954078,8.482025,7.8622336]},"faces":{"down":{"uv":[12.3125,10.75,11.9375,11.125],"rotation":0,"texture":"#0","tintindex":0},"east":{"uv":[6.375,9.8125,6.75,11.4375],"rotation":0,"texture":"#0","tintindex":0},"north":{"uv":[0.8125,6.3125,1.1875,7.9375],"rotation":0,"texture":"#0","tintindex":0},"south":{"uv":[4.9375,10.0625,5.3125,11.6875],"rotation":0,"texture":"#0","tintindex":0},"up":{"uv":[7.875,3.625,7.5,3.25],"rotation":0,"texture":"#0","tintindex":0},"west":{"uv":[10.5,7.5,10.875,9.125],"rotation":0,"texture":"#0","tintindex":0}}},{"name":"crystal_slant","from":[5.254078,7.8820257,6.6622334],"to":[8.554077,18.682026,9.062234],"rotation":{"angle":22.5,"axis":"z","origin":[7.954078,8.482025,7.8622336]},"faces":{"down":{"uv":[13.3125,8.6875,12.9375,8.9375],"rotation":0,"texture":"#0","tintindex":0},"east":{"uv":[2.9375,12.4375,3.1875,13.5625],"rotation":0,"texture":"#0","tintindex":0},"north":{"uv":[6.375,11.4375,6.75,12.5625],"rotation":0,"texture":"#0","tintindex":0},"south":{"uv":[9.25,11.8125,9.625,12.9375],"rotation":0,"texture":"#0","tintindex":0},"up":{"uv":[4.375,8.8125,4.0,8.5625],"rotation":0,"texture":"#0","tintindex":0},"west":{"uv":[1.1875,12.5,1.4375,13.625],"rotation":0,"texture":"#0","tintindex":0}}},{"name":"crystal_slant","from":[7.354078,7.8820257,6.6622334],"to":[10.6540785,19.882027,9.062234],"rotation":{"angle":-22.5,"axis":"z","origin":[7.954078,8.482025,7.8622336]},"faces":{"down":{"uv":[13.375,1.125,13.0,1.375],"rotation":0,"texture":"#0","tintindex":0},"east":{"uv":[12.125,5.9375,12.375,7.1875],"rotation":0,"texture":"#0","tintindex":0},"north":{"uv":[7.0625,1.0,7.4375,2.25],"rotation":0,"texture":"#0","tintindex":0},"south":{"uv":[10.625,11.125,11.0,12.375],"rotation":0,"texture":"#0","tintindex":0},"up":{"uv":[13.375,1.125,13.0,0.875],"rotation":0,"texture":"#0","tintindex":0},"west":{"uv":[12.25,2.5625,12.5,3.8125],"rotation":0,"texture":"#0","tintindex":0}}},{"name":"crystal_slant","from":[6.754078,7.8820257,7.2622337],"to":[9.1540785,21.082027,10.562234],"rotation":{"angle":22.5,"axis":"x","origin":[7.954078,8.482025,7.8622336]},"faces":{"down":{"uv":[8.4375,5.75,8.1875,6.125],"rotation":0,"texture":"#0","tintindex":0},"east":{"uv":[6.0,10.9375,6.375,12.3125],"rotation":0,"texture":"#0","tintindex":0},"north":{"uv":[3.6875,0.0,3.9375,1.375],"rotation":0,"texture":"#0","tintindex":0},"south":{"uv":[10.0,12.0625,10.25,13.4375],"rotation":0,"texture":"#0","tintindex":0},"up":{"uv":[2.375,8.5,2.125,8.125],"rotation":0,"texture":"#0","tintindex":0},"west":{"uv":[11.0625,2.625,11.4375,4.0],"rotation":0,"texture":"#0","tintindex":0}}},{"name":"crystal_slant","from":[6.754078,7.8820257,5.1622334],"to":[9.1540785,17.482025,8.462234],"rotation":{"angle":-22.5,"axis":"x","origin":[7.954078,8.482025,7.8622336]},"faces":{"down":{"uv":[9.0625,11.5,8.8125,11.8125],"rotation":0,"texture":"#0","tintindex":0},"east":{"uv":[12.125,7.1875,12.4375,8.1875],"rotation":0,"texture":"#0","tintindex":0},"north":{"uv":[6.5,12.5625,6.75,13.5625],"rotation":0,"texture":"#0","tintindex":0},"south":{"uv":[12.5625,8.9375,12.8125,9.9375],"rotation":0,"texture":"#0","tintindex":0},"up":{"uv":[9.0625,11.5,8.8125,11.1875],"rotation":0,"texture":"#0","tintindex":0},"west":{"uv":[12.25,11.875,12.5625,12.875],"rotation":0,"texture":"#0","tintindex":0}}}],"display":{"head":{"translation":[0.0,-6.4,0.0],"rotation":[0.0,0.0,0.0],"scale":[3.8095,3.8095,3.8095]}}}