{"textures":{"0":"modelengine:entity/glaceous"},"elements":[{"name":"main_body","from":[2.484285,-2.8320498,1.6704139],"to":[13.509286,16.217953,12.935413],"rotation":{"angle":0.0,"axis":"x","origin":[7.9967856,7.4429507,7.302914]},"faces":{"down":{"uv":[3.375,3.1875,2.25,4.3125],"rotation":0,"texture":"#0","tintindex":0},"east":{"uv":[0.0,4.3125,1.125,6.25],"rotation":0,"texture":"#0","tintindex":0},"north":{"uv":[1.125,4.3125,2.25,6.25],"rotation":0,"texture":"#0","tintindex":0},"south":{"uv":[3.375,4.3125,4.5,6.25],"rotation":0,"texture":"#0","tintindex":0},"up":{"uv":[2.25,4.3125,1.125,3.1875],"rotation":0,"texture":"#0","tintindex":0},"west":{"uv":[2.25,4.3125,3.375,6.25],"rotation":0,"texture":"#0","tintindex":0}}},{"name":"main_body_2d","from":[2.3342853,-2.9820495,1.5204139],"to":[13.659286,16.367952,13.085414],"rotation":{"angle":0.0,"axis":"x","origin":[7.9967856,7.4429507,7.302914]},"faces":{"down":{"uv":[3.4375,0.0,2.3125,1.1875],"rotation":0,"texture":"#0","tintindex":0},"east":{"uv":[0.0,1.1875,1.1875,3.1875],"rotation":0,"texture":"#0","tintindex":0},"north":{"uv":[1.1875,1.1875,2.3125,3.1875],"rotation":0,"texture":"#0","tintindex":0},"south":{"uv":[3.5,1.1875,4.625,3.1875],"rotation":0,"texture":"#0","tintindex":0},"up":{"uv":[2.3125,1.1875,1.1875,0.0],"rotation":0,"texture":"#0","tintindex":0},"west":{"uv":[2.3125,1.1875,3.5,3.1875],"rotation":0,"texture":"#0","tintindex":0}}},{"name":"shoulders","from":[1.2842851,8.747951,7.070414],"to":[14.709286,18.04795,14.735414],"rotation":{"angle":0.0,"axis":"x","origin":[7.9967856,13.097951,10.602915]},"faces":{"down":{"uv":[8.125,0.0,6.75,0.75],"rotation":0,"texture":"#0","tintindex":0},"east":{"uv":[4.625,0.75,5.375,1.6875],"rotation":0,"texture":"#0","tintindex":0},"north":{"uv":[5.375,0.75,6.75,1.6875],"rotation":0,"texture":"#0","tintindex":0},"south":{"uv":[7.5,0.75,8.875,1.6875],"rotation":0,"texture":"#0","tintindex":0},"up":{"uv":[6.75,0.75,5.375,0.0],"rotation":0,"texture":"#0","tintindex":0},"west":{"uv":[6.75,0.75,7.5,1.6875],"rotation":0,"texture":"#0","tintindex":0}}},{"name":"shoulders_2d","from":[1.134285,8.59795,6.920414],"to":[14.859285,18.197952,14.885413],"rotation":{"angle":0.0,"axis":"x","origin":[7.9967856,13.097951,10.602915]},"faces":{"down":{"uv":[8.0625,4.0625,6.6875,4.875],"rotation":0,"texture":"#0","tintindex":0},"east":{"uv":[4.5,4.875,5.3125,5.875],"rotation":0,"texture":"#0","tintindex":0},"north":{"uv":[5.3125,4.875,6.6875,5.875],"rotation":0,"texture":"#0","tintindex":0},"south":{"uv":[7.5,4.875,8.875,5.875],"rotation":0,"texture":"#0","tintindex":0},"up":{"uv":[6.6875,4.875,5.3125,4.0625],"rotation":0,"texture":"#0","tintindex":0},"west":{"uv":[6.6875,4.875,7.5,5.875],"rotation":0,"texture":"#0","tintindex":0}}},{"name":"hips","from":[0.30928516,-1.4820495,4.670414],"to":[15.729286,7.367951,12.335414],"rotation":{"angle":0.0,"axis":"x","origin":[8.019285,3.2429507,8.202914]},"faces":{"down":{"uv":[7.75,2.4375,6.1875,3.1875],"rotation":0,"texture":"#0","tintindex":0},"east":{"uv":[3.875,3.1875,4.625,4.0625],"rotation":0,"texture":"#0","tintindex":0},"north":{"uv":[4.625,3.1875,6.1875,4.0625],"rotation":0,"texture":"#0","tintindex":0},"south":{"uv":[6.9375,3.1875,8.5,4.0625],"rotation":0,"texture":"#0","tintindex":0},"up":{"uv":[6.1875,3.1875,4.625,2.4375],"rotation":0,"texture":"#0","tintindex":0},"west":{"uv":[6.1875,3.1875,6.9375,4.0625],"rotation":0,"texture":"#0","tintindex":0}}},{"name":"neck","from":[3.6842854,12.266318,3.7681527],"to":[12.309285,21.566319,10.683153],"rotation":{"angle":45.0,"axis":"x","origin":[7.9967856,16.01632,7.2256527]},"faces":{"down":{"uv":[11.3125,3.625,10.4375,4.3125],"rotation":0,"texture":"#0","tintindex":0},"east":{"uv":[8.875,4.3125,9.5625,5.25],"rotation":0,"texture":"#0","tintindex":0},"north":{"uv":[9.5625,4.3125,10.4375,5.25],"rotation":0,"texture":"#0","tintindex":0},"south":{"uv":[11.125,4.3125,12.0,5.25],"rotation":0,"texture":"#0","tintindex":0},"up":{"uv":[10.4375,4.3125,9.5625,3.625],"rotation":0,"texture":"#0","tintindex":0},"west":{"uv":[10.4375,4.3125,11.125,5.25],"rotation":0,"texture":"#0","tintindex":0}}},{"name":"neck_2d","from":[3.5342855,12.116319,3.6181526],"to":[12.459286,21.71632,10.833153],"rotation":{"angle":45.0,"axis":"x","origin":[7.9967856,16.01632,7.2256527]},"faces":{"down":{"uv":[4.875,8.75,4.0,9.5],"rotation":0,"texture":"#0","tintindex":0},"east":{"uv":[2.375,9.5,3.125,10.5],"rotation":0,"texture":"#0","tintindex":0},"north":{"uv":[3.125,9.5,4.0,10.5],"rotation":0,"texture":"#0","tintindex":0},"south":{"uv":[4.75,9.5,5.625,10.5],"rotation":0,"texture":"#0","tintindex":0},"up":{"uv":[4.0,9.5,3.125,8.75],"rotation":0,"texture":"#0","tintindex":0},"west":{"uv":[4.0,9.5,4.75,10.5],"rotation":0,"texture":"#0","tintindex":0}}},{"name":"chest","from":[3.6842854,0.7830963,1.7258136],"to":[12.309285,12.363097,8.820814],"rotation":{"angle":22.5,"axis":"x","origin":[7.9967856,9.273097,1.8233132]},"faces":{"down":{"uv":[8.5,8.625,7.625,9.3125],"rotation":0,"texture":"#0","tintindex":0},"east":{"uv":[6.0625,9.3125,6.75,10.5],"rotation":0,"texture":"#0","tintindex":0},"north":{"uv":[6.75,9.3125,7.625,10.5],"rotation":0,"texture":"#0","tintindex":0},"south":{"uv":[8.3125,9.3125,9.1875,10.5],"rotation":0,"texture":"#0","tintindex":0},"up":{"uv":[7.625,9.3125,6.75,8.625],"rotation":0,"texture":"#0","tintindex":0},"west":{"uv":[7.625,9.3125,8.3125,10.5],"rotation":0,"texture":"#0","tintindex":0}}},{"name":"arse","from":[4.2842855,-4.4162197,4.381877],"to":[11.709286,0.98378086,11.896877],"rotation":{"angle":22.5,"axis":"x","origin":[7.9967856,-0.81621933,8.139378]},"faces":{"down":{"uv":[2.25,9.75,1.5,10.5],"rotation":0,"texture":"#0","tintindex":0},"east":{"uv":[0.0,10.5,0.75,11.0625],"rotation":0,"texture":"#0","tintindex":0},"north":{"uv":[0.75,10.5,1.5,11.0625],"rotation":0,"texture":"#0","tintindex":0},"south":{"uv":[2.25,10.5,3.0,11.0625],"rotation":0,"texture":"#0","tintindex":0},"up":{"uv":[1.5,10.5,0.75,9.75],"rotation":0,"texture":"#0","tintindex":0},"west":{"uv":[1.5,10.5,2.25,11.0625],"rotation":0,"texture":"#0","tintindex":0}}}],"display":{"head":{"translation":[0.0,-6.4,0.0],"rotation":[0.0,0.0,0.0],"scale":[3.8095,3.8095,3.8095]}}}