{"textures":{"0":"modelengine:entity/glaceous"},"elements":[{"name":"main_body","from":[2.1842852,-2.9820495,1.6704139],"to":[13.584286,16.217953,14.870415],"rotation":{"angle":0.0,"axis":"x","origin":[7.9967856,7.4429507,7.302914]},"faces":{"down":{"uv":[8.6875,7.375,7.5,8.75],"rotation":0,"texture":"#0","tintindex":0},"east":{"uv":[0.0,2.0625,1.375,4.0625],"rotation":0,"texture":"#0","tintindex":0},"north":{"uv":[5.9375,4.375,7.125,6.375],"rotation":0,"texture":"#0","tintindex":0},"south":{"uv":[1.1875,6.125,2.375,8.125],"rotation":0,"texture":"#0","tintindex":0},"up":{"uv":[8.6875,2.375,7.5,1.0],"rotation":0,"texture":"#0","tintindex":0},"west":{"uv":[1.375,2.0625,2.75,4.0625],"rotation":0,"texture":"#0","tintindex":0}}},{"name":"main_body_2d","from":[1.8842851,-3.2820497,1.3704139],"to":[13.884286,16.517952,15.170415],"rotation":{"angle":0.0,"axis":"x","origin":[7.9967856,7.4429507,7.302914]},"faces":{"down":{"uv":[4.4375,6.6875,3.1875,8.125],"rotation":0,"texture":"#0","tintindex":0},"east":{"uv":[0.0,0.0,1.4375,2.0625],"rotation":0,"texture":"#0","tintindex":0},"north":{"uv":[1.1875,4.0625,2.4375,6.125],"rotation":0,"texture":"#0","tintindex":0},"south":{"uv":[2.4375,4.3125,3.6875,6.375],"rotation":0,"texture":"#0","tintindex":0},"up":{"uv":[7.5,3.6875,6.25,2.25],"rotation":0,"texture":"#0","tintindex":0},"west":{"uv":[1.4375,0.0,2.875,2.0625],"rotation":0,"texture":"#0","tintindex":0}}},{"name":"hips","from":[-0.38071465,-2.0820494,4.670414],"to":[16.419285,7.517951,13.070415],"rotation":{"angle":0.0,"axis":"x","origin":[8.019285,3.2429507,8.202914]},"faces":{"down":{"uv":[9.625,3.25,7.875,4.125],"rotation":0,"texture":"#0","tintindex":0},"east":{"uv":[0.0,9.75,0.875,10.75],"rotation":0,"texture":"#0","tintindex":0},"north":{"uv":[6.75,6.375,8.5,7.375],"rotation":0,"texture":"#0","tintindex":0},"south":{"uv":[7.0625,0.0,8.8125,1.0],"rotation":0,"texture":"#0","tintindex":0},"up":{"uv":[9.25,3.25,7.5,2.375],"rotation":0,"texture":"#0","tintindex":0},"west":{"uv":[7.3125,9.75,8.1875,10.75],"rotation":0,"texture":"#0","tintindex":0}}},{"name":"neck","from":[3.6242855,12.266318,3.7681527],"to":[12.3242855,21.566319,12.468153],"rotation":{"angle":45.0,"axis":"x","origin":[7.9967856,16.01632,7.2256527]},"faces":{"down":{"uv":[10.625,1.0,9.6875,1.9375],"rotation":0,"texture":"#0","tintindex":0},"east":{"uv":[9.5,5.1875,10.4375,6.1875],"rotation":0,"texture":"#0","tintindex":0},"north":{"uv":[9.3125,9.1875,10.25,10.1875],"rotation":0,"texture":"#0","tintindex":0},"south":{"uv":[9.5625,6.1875,10.5,7.1875],"rotation":0,"texture":"#0","tintindex":0},"up":{"uv":[10.5,9.125,9.5625,8.1875],"rotation":0,"texture":"#0","tintindex":0},"west":{"uv":[9.5625,7.1875,10.5,8.1875],"rotation":0,"texture":"#0","tintindex":0}}},{"name":"neck_2d","from":[3.3242855,11.966319,3.4681525],"to":[12.624286,21.866318,12.768153],"rotation":{"angle":45.0,"axis":"x","origin":[7.9967856,16.01632,7.2256527]},"faces":{"down":{"uv":[9.8125,0.0,8.8125,1.0],"rotation":0,"texture":"#0","tintindex":0},"east":{"uv":[1.625,8.625,2.625,9.6875],"rotation":0,"texture":"#0","tintindex":0},"north":{"uv":[8.5,5.75,9.5,6.8125],"rotation":0,"texture":"#0","tintindex":0},"south":{"uv":[8.6875,1.0,9.6875,2.0625],"rotation":0,"texture":"#0","tintindex":0},"up":{"uv":[8.5,9.75,7.5,8.75],"rotation":0,"texture":"#0","tintindex":0},"west":{"uv":[8.6875,4.125,9.6875,5.1875],"rotation":0,"texture":"#0","tintindex":0}}},{"name":"chest","from":[3.6842854,0.7830963,1.1258135],"to":[12.309285,12.363097,8.820814],"rotation":{"angle":22.5,"axis":"x","origin":[7.9967856,9.273097,1.8233132]},"faces":{"down":{"uv":[11.3125,5.0625,10.4375,5.875],"rotation":0,"texture":"#0","tintindex":0},"east":{"uv":[0.0,8.5625,0.8125,9.75],"rotation":0,"texture":"#0","tintindex":0},"north":{"uv":[8.6875,6.8125,9.5625,8.0],"rotation":0,"texture":"#0","tintindex":0},"south":{"uv":[8.6875,8.0,9.5625,9.1875],"rotation":0,"texture":"#0","tintindex":0},"up":{"uv":[9.0625,11.1875,8.1875,10.375],"rotation":0,"texture":"#0","tintindex":0},"west":{"uv":[5.9375,8.625,6.75,9.8125],"rotation":0,"texture":"#0","tintindex":0}}},{"name":"arse","from":[4.2542853,-4.4162197,4.381877],"to":[11.754286,0.98378086,11.881877],"rotation":{"angle":22.5,"axis":"x","origin":[7.9967856,-0.81621933,8.139378]},"faces":{"down":{"uv":[11.3125,6.6875,10.5,7.5],"rotation":0,"texture":"#0","tintindex":0},"east":{"uv":[11.0,11.25,11.8125,11.8125],"rotation":0,"texture":"#0","tintindex":0},"north":{"uv":[8.6875,5.1875,9.5,5.75],"rotation":0,"texture":"#0","tintindex":0},"south":{"uv":[11.3125,4.625,12.125,5.1875],"rotation":0,"texture":"#0","tintindex":0},"up":{"uv":[11.3125,6.6875,10.5,5.875],"rotation":0,"texture":"#0","tintindex":0},"west":{"uv":[11.3125,5.1875,12.125,5.75],"rotation":0,"texture":"#0","tintindex":0}}}],"display":{"head":{"translation":[0.0,-6.4,0.0],"rotation":[0.0,0.0,0.0],"scale":[3.8095,3.8095,3.8095]}}}