{"textures":{"0":"modelengine:entity/glaceous"},"elements":[{"name":"crystal_central","from":[6.843052,5.7886047,6.7091126],"to":[9.243052,16.888607,9.109113],"rotation":{"angle":0.0,"axis":"x","origin":[8.043053,6.388605,7.909113]},"faces":{"down":{"uv":[0.75,13.0625,0.5,13.3125],"rotation":0,"texture":"#0","tintindex":0},"east":{"uv":[0.0,13.3125,0.25,14.4375],"rotation":0,"texture":"#0","tintindex":0},"north":{"uv":[0.25,13.3125,0.5,14.4375],"rotation":0,"texture":"#0","tintindex":0},"south":{"uv":[0.75,13.3125,1.0,14.4375],"rotation":0,"texture":"#0","tintindex":0},"up":{"uv":[0.5,13.3125,0.25,13.0625],"rotation":0,"texture":"#0","tintindex":0},"west":{"uv":[0.5,13.3125,0.75,14.4375],"rotation":0,"texture":"#0","tintindex":0}}},{"name":"crystal_slant","from":[8.043053,5.7886047,6.8591127],"to":[10.293052,13.138606,8.959112],"rotation":{"angle":-22.5,"axis":"z","origin":[8.043053,6.388605,7.909113]},"faces":{"down":{"uv":[9.75,9.375,9.5625,9.5625],"rotation":0,"texture":"#0","tintindex":0},"east":{"uv":[9.1875,9.5625,9.375,10.3125],"rotation":0,"texture":"#0","tintindex":0},"north":{"uv":[9.375,9.5625,9.5625,10.3125],"rotation":0,"texture":"#0","tintindex":0},"south":{"uv":[9.75,9.5625,9.9375,10.3125],"rotation":0,"texture":"#0","tintindex":0},"up":{"uv":[9.5625,9.5625,9.375,9.375],"rotation":0,"texture":"#0","tintindex":0},"west":{"uv":[9.5625,9.5625,9.75,10.3125],"rotation":0,"texture":"#0","tintindex":0}}},{"name":"crystal_slant","from":[5.7930517,5.7886047,6.8591127],"to":[8.043053,14.4886055,8.959112],"rotation":{"angle":22.5,"axis":"z","origin":[8.043053,6.388605,7.909113]},"faces":{"down":{"uv":[10.3125,6.625,10.125,6.8125],"rotation":0,"texture":"#0","tintindex":0},"east":{"uv":[9.75,6.8125,9.9375,7.6875],"rotation":0,"texture":"#0","tintindex":0},"north":{"uv":[9.9375,6.8125,10.125,7.6875],"rotation":0,"texture":"#0","tintindex":0},"south":{"uv":[10.3125,6.8125,10.5,7.6875],"rotation":0,"texture":"#0","tintindex":0},"up":{"uv":[10.125,6.8125,9.9375,6.625],"rotation":0,"texture":"#0","tintindex":0},"west":{"uv":[10.125,6.8125,10.3125,7.6875],"rotation":0,"texture":"#0","tintindex":0}}},{"name":"crystal_slant","from":[6.9930515,5.7886047,7.909113],"to":[9.093052,14.638606,10.159113],"rotation":{"angle":22.5,"axis":"x","origin":[8.043053,6.388605,7.909113]},"faces":{"down":{"uv":[0.5625,9.125,0.375,9.3125],"rotation":0,"texture":"#0","tintindex":0},"east":{"uv":[0.0,9.3125,0.1875,10.1875],"rotation":0,"texture":"#0","tintindex":0},"north":{"uv":[0.1875,9.3125,0.375,10.1875],"rotation":0,"texture":"#0","tintindex":0},"south":{"uv":[0.5625,9.3125,0.75,10.1875],"rotation":0,"texture":"#0","tintindex":0},"up":{"uv":[0.375,9.3125,0.1875,9.125],"rotation":0,"texture":"#0","tintindex":0},"west":{"uv":[0.375,9.3125,0.5625,10.1875],"rotation":0,"texture":"#0","tintindex":0}}},{"name":"crystal_slant","from":[6.9930515,5.7886047,5.659113],"to":[9.093052,11.788605,7.909113],"rotation":{"angle":-22.5,"axis":"x","origin":[8.043053,6.388605,7.909113]},"faces":{"down":{"uv":[5.0625,4.0625,4.875,4.25],"rotation":0,"texture":"#0","tintindex":0},"east":{"uv":[4.5,4.25,4.6875,4.875],"rotation":0,"texture":"#0","tintindex":0},"north":{"uv":[4.6875,4.25,4.875,4.875],"rotation":0,"texture":"#0","tintindex":0},"south":{"uv":[5.0625,4.25,5.25,4.875],"rotation":0,"texture":"#0","tintindex":0},"up":{"uv":[4.875,4.25,4.6875,4.0625],"rotation":0,"texture":"#0","tintindex":0},"west":{"uv":[4.875,4.25,5.0625,4.875],"rotation":0,"texture":"#0","tintindex":0}}}],"display":{"head":{"translation":[0.0,-6.4,0.0],"rotation":[0.0,0.0,0.0],"scale":[3.8095,3.8095,3.8095]}}}