{"textures":{"0":"modelengine:entity/glaceous"},"elements":[{"name":"crystal_central","from":[8.790242,8.439388,5.153607],"to":[11.190243,20.139389,7.553607],"rotation":{"angle":0.0,"axis":"x","origin":[9.990242,9.639388,6.353607]},"faces":{"down":{"uv":[9.75,12.8125,9.5,13.0625],"rotation":0,"texture":"#0","tintindex":0},"east":{"uv":[9.0,13.0625,9.25,14.25],"rotation":0,"texture":"#0","tintindex":0},"north":{"uv":[9.25,13.0625,9.5,14.25],"rotation":0,"texture":"#0","tintindex":0},"south":{"uv":[9.75,13.0625,10.0,14.25],"rotation":0,"texture":"#0","tintindex":0},"up":{"uv":[9.5,13.0625,9.25,12.8125],"rotation":0,"texture":"#0","tintindex":0},"west":{"uv":[9.5,13.0625,9.75,14.25],"rotation":0,"texture":"#0","tintindex":0}}},{"name":"crystal_slant","from":[9.990242,8.439388,5.303607],"to":[12.240242,16.389389,7.4036074],"rotation":{"angle":0.0,"axis":"x","origin":[9.990242,9.639388,6.353607]},"faces":{"down":{"uv":[13.125,0.0,12.9375,0.1875],"rotation":0,"texture":"#0","tintindex":0},"east":{"uv":[12.5625,0.1875,12.75,1.0],"rotation":0,"texture":"#0","tintindex":0},"north":{"uv":[12.75,0.1875,12.9375,1.0],"rotation":0,"texture":"#0","tintindex":0},"south":{"uv":[13.125,0.1875,13.3125,1.0],"rotation":0,"texture":"#0","tintindex":0},"up":{"uv":[12.9375,0.1875,12.75,0.0],"rotation":0,"texture":"#0","tintindex":0},"west":{"uv":[12.9375,0.1875,13.125,1.0],"rotation":0,"texture":"#0","tintindex":0}}},{"name":"crystal_slant","from":[7.740242,8.439388,5.303607],"to":[9.990242,17.739388,7.4036074],"rotation":{"angle":0.0,"axis":"x","origin":[9.990242,9.639388,6.353607]},"faces":{"down":{"uv":[8.3125,1.6875,8.125,1.875],"rotation":0,"texture":"#0","tintindex":0},"east":{"uv":[7.75,1.875,7.9375,2.8125],"rotation":0,"texture":"#0","tintindex":0},"north":{"uv":[7.9375,1.875,8.125,2.8125],"rotation":0,"texture":"#0","tintindex":0},"south":{"uv":[8.3125,1.875,8.5,2.8125],"rotation":0,"texture":"#0","tintindex":0},"up":{"uv":[8.125,1.875,7.9375,1.6875],"rotation":0,"texture":"#0","tintindex":0},"west":{"uv":[8.125,1.875,8.3125,2.8125],"rotation":0,"texture":"#0","tintindex":0}}},{"name":"crystal_slant","from":[8.940242,8.439388,6.353607],"to":[11.040242,17.889389,8.603607],"rotation":{"angle":0.0,"axis":"x","origin":[9.990242,9.639388,6.353607]},"faces":{"down":{"uv":[4.0,0.0,3.8125,0.1875],"rotation":0,"texture":"#0","tintindex":0},"east":{"uv":[3.4375,0.1875,3.625,1.125],"rotation":0,"texture":"#0","tintindex":0},"north":{"uv":[3.625,0.1875,3.8125,1.125],"rotation":0,"texture":"#0","tintindex":0},"south":{"uv":[4.0,0.1875,4.1875,1.125],"rotation":0,"texture":"#0","tintindex":0},"up":{"uv":[3.8125,0.1875,3.625,0.0],"rotation":0,"texture":"#0","tintindex":0},"west":{"uv":[3.8125,0.1875,4.0,1.125],"rotation":0,"texture":"#0","tintindex":0}}},{"name":"crystal_slant","from":[8.940242,8.439388,4.103607],"to":[11.040242,15.039388,6.353607],"rotation":{"angle":0.0,"axis":"x","origin":[9.990242,9.639388,6.353607]},"faces":{"down":{"uv":[0.5625,6.25,0.375,6.4375],"rotation":0,"texture":"#0","tintindex":0},"east":{"uv":[0.0,6.4375,0.1875,7.125],"rotation":0,"texture":"#0","tintindex":0},"north":{"uv":[0.1875,6.4375,0.375,7.125],"rotation":0,"texture":"#0","tintindex":0},"south":{"uv":[0.5625,6.4375,0.75,7.125],"rotation":0,"texture":"#0","tintindex":0},"up":{"uv":[0.375,6.4375,0.1875,6.25],"rotation":0,"texture":"#0","tintindex":0},"west":{"uv":[0.375,6.4375,0.5625,7.125],"rotation":0,"texture":"#0","tintindex":0}}}],"display":{"head":{"translation":[0.0,-6.4,0.0],"rotation":[0.0,0.0,0.0],"scale":[3.8095,3.8095,3.8095]}}}