{"textures":{"0":"modelengine:entity/glaceous"},"elements":[{"name":"crystal_central","from":[4.8097577,8.439388,5.153607],"to":[7.209758,20.139389,7.553607],"rotation":{"angle":0.0,"axis":"x","origin":[6.009758,9.639388,6.353607]},"faces":{"down":{"uv":[13.3125,12.625,13.0625,12.875],"rotation":0,"texture":"#0","tintindex":0},"east":{"uv":[12.5625,12.875,12.8125,14.0625],"rotation":0,"texture":"#0","tintindex":0},"north":{"uv":[12.8125,12.875,13.0625,14.0625],"rotation":0,"texture":"#0","tintindex":0},"south":{"uv":[13.3125,12.875,13.5625,14.0625],"rotation":0,"texture":"#0","tintindex":0},"up":{"uv":[13.0625,12.875,12.8125,12.625],"rotation":0,"texture":"#0","tintindex":0},"west":{"uv":[13.0625,12.875,13.3125,14.0625],"rotation":0,"texture":"#0","tintindex":0}}},{"name":"crystal_slant","from":[3.7597578,8.439388,5.303607],"to":[6.009758,16.389389,7.4036074],"rotation":{"angle":0.0,"axis":"x","origin":[6.009758,9.639388,6.353607]},"faces":{"down":{"uv":[2.0625,11.0625,1.875,11.25],"rotation":0,"texture":"#0","tintindex":0},"east":{"uv":[1.5,11.25,1.6875,12.0625],"rotation":0,"texture":"#0","tintindex":0},"north":{"uv":[1.6875,11.25,1.875,12.0625],"rotation":0,"texture":"#0","tintindex":0},"south":{"uv":[2.0625,11.25,2.25,12.0625],"rotation":0,"texture":"#0","tintindex":0},"up":{"uv":[1.875,11.25,1.6875,11.0625],"rotation":0,"texture":"#0","tintindex":0},"west":{"uv":[1.875,11.25,2.0625,12.0625],"rotation":0,"texture":"#0","tintindex":0}}},{"name":"crystal_slant","from":[6.009758,8.439388,5.303607],"to":[8.259758,17.739388,7.4036074],"rotation":{"angle":0.0,"axis":"x","origin":[6.009758,9.639388,6.353607]},"faces":{"down":{"uv":[0.5625,3.1875,0.375,3.375],"rotation":0,"texture":"#0","tintindex":0},"east":{"uv":[0.0,3.375,0.1875,4.3125],"rotation":0,"texture":"#0","tintindex":0},"north":{"uv":[0.1875,3.375,0.375,4.3125],"rotation":0,"texture":"#0","tintindex":0},"south":{"uv":[0.5625,3.375,0.75,4.3125],"rotation":0,"texture":"#0","tintindex":0},"up":{"uv":[0.375,3.375,0.1875,3.1875],"rotation":0,"texture":"#0","tintindex":0},"west":{"uv":[0.375,3.375,0.5625,4.3125],"rotation":0,"texture":"#0","tintindex":0}}},{"name":"crystal_slant","from":[4.959758,8.439388,6.353607],"to":[7.059758,17.889389,8.603607],"rotation":{"angle":0.0,"axis":"x","origin":[6.009758,9.639388,6.353607]},"faces":{"down":{"uv":[0.5625,0.0,0.375,0.1875],"rotation":0,"texture":"#0","tintindex":0},"east":{"uv":[0.0,0.1875,0.1875,1.125],"rotation":0,"texture":"#0","tintindex":0},"north":{"uv":[0.1875,0.1875,0.375,1.125],"rotation":0,"texture":"#0","tintindex":0},"south":{"uv":[0.5625,0.1875,0.75,1.125],"rotation":0,"texture":"#0","tintindex":0},"up":{"uv":[0.375,0.1875,0.1875,0.0],"rotation":0,"texture":"#0","tintindex":0},"west":{"uv":[0.375,0.1875,0.5625,1.125],"rotation":0,"texture":"#0","tintindex":0}}},{"name":"crystal_slant","from":[4.959758,8.439388,4.103607],"to":[7.059758,15.039388,6.353607],"rotation":{"angle":0.0,"axis":"x","origin":[6.009758,9.639388,6.353607]},"faces":{"down":{"uv":[6.4375,5.875,6.25,6.0625],"rotation":0,"texture":"#0","tintindex":0},"east":{"uv":[5.875,6.0625,6.0625,6.75],"rotation":0,"texture":"#0","tintindex":0},"north":{"uv":[6.0625,6.0625,6.25,6.75],"rotation":0,"texture":"#0","tintindex":0},"south":{"uv":[6.4375,6.0625,6.625,6.75],"rotation":0,"texture":"#0","tintindex":0},"up":{"uv":[6.25,6.0625,6.0625,5.875],"rotation":0,"texture":"#0","tintindex":0},"west":{"uv":[6.25,6.0625,6.4375,6.75],"rotation":0,"texture":"#0","tintindex":0}}}],"display":{"head":{"translation":[0.0,-6.4,0.0],"rotation":[0.0,0.0,0.0],"scale":[3.8095,3.8095,3.8095]}}}