{"textures":{"0":"modelengine:entity/glaceous"},"elements":[{"name":"crystal_central","from":[6.7569475,5.7886043,6.7091126],"to":[9.156948,16.888605,9.109113],"rotation":{"angle":0.0,"axis":"x","origin":[7.956948,6.388604,7.909113]},"faces":{"down":{"uv":[0.5,13.0625,0.75,13.3125],"rotation":0,"texture":"#0","tintindex":0},"east":{"uv":[0.75,13.3125,0.5,14.4375],"rotation":0,"texture":"#0","tintindex":0},"north":{"uv":[0.5,13.3125,0.25,14.4375],"rotation":0,"texture":"#0","tintindex":0},"south":{"uv":[1.0,13.3125,0.75,14.4375],"rotation":0,"texture":"#0","tintindex":0},"up":{"uv":[0.25,13.3125,0.5,13.0625],"rotation":0,"texture":"#0","tintindex":0},"west":{"uv":[0.25,13.3125,0.0,14.4375],"rotation":0,"texture":"#0","tintindex":0}}},{"name":"crystal_slant","from":[5.706948,5.7886043,6.8591127],"to":[7.956948,13.138604,8.959112],"rotation":{"angle":22.5,"axis":"z","origin":[7.956948,6.388604,7.909113]},"faces":{"down":{"uv":[9.5625,9.375,9.75,9.5625],"rotation":0,"texture":"#0","tintindex":0},"east":{"uv":[9.75,9.5625,9.5625,10.3125],"rotation":0,"texture":"#0","tintindex":0},"north":{"uv":[9.5625,9.5625,9.375,10.3125],"rotation":0,"texture":"#0","tintindex":0},"south":{"uv":[9.9375,9.5625,9.75,10.3125],"rotation":0,"texture":"#0","tintindex":0},"up":{"uv":[9.375,9.5625,9.5625,9.375],"rotation":0,"texture":"#0","tintindex":0},"west":{"uv":[9.375,9.5625,9.1875,10.3125],"rotation":0,"texture":"#0","tintindex":0}}},{"name":"crystal_slant","from":[7.956948,5.7886043,6.8591127],"to":[10.206947,14.488605,8.959112],"rotation":{"angle":-22.5,"axis":"z","origin":[7.956948,6.388604,7.909113]},"faces":{"down":{"uv":[10.125,6.625,10.3125,6.8125],"rotation":0,"texture":"#0","tintindex":0},"east":{"uv":[10.3125,6.8125,10.125,7.6875],"rotation":0,"texture":"#0","tintindex":0},"north":{"uv":[10.125,6.8125,9.9375,7.6875],"rotation":0,"texture":"#0","tintindex":0},"south":{"uv":[10.5,6.8125,10.3125,7.6875],"rotation":0,"texture":"#0","tintindex":0},"up":{"uv":[9.9375,6.8125,10.125,6.625],"rotation":0,"texture":"#0","tintindex":0},"west":{"uv":[9.9375,6.8125,9.75,7.6875],"rotation":0,"texture":"#0","tintindex":0}}},{"name":"crystal_slant","from":[6.906948,5.7886043,7.909113],"to":[9.006948,14.638604,10.159113],"rotation":{"angle":22.5,"axis":"x","origin":[7.956948,6.388604,7.909113]},"faces":{"down":{"uv":[0.375,9.125,0.5625,9.3125],"rotation":0,"texture":"#0","tintindex":0},"east":{"uv":[0.5625,9.3125,0.375,10.1875],"rotation":0,"texture":"#0","tintindex":0},"north":{"uv":[0.375,9.3125,0.1875,10.1875],"rotation":0,"texture":"#0","tintindex":0},"south":{"uv":[0.75,9.3125,0.5625,10.1875],"rotation":0,"texture":"#0","tintindex":0},"up":{"uv":[0.1875,9.3125,0.375,9.125],"rotation":0,"texture":"#0","tintindex":0},"west":{"uv":[0.1875,9.3125,0.0,10.1875],"rotation":0,"texture":"#0","tintindex":0}}},{"name":"crystal_slant","from":[6.906948,5.7886043,5.659113],"to":[9.006948,11.788605,7.909113],"rotation":{"angle":-22.5,"axis":"x","origin":[7.956948,6.388604,7.909113]},"faces":{"down":{"uv":[4.875,4.0625,5.0625,4.25],"rotation":0,"texture":"#0","tintindex":0},"east":{"uv":[5.0625,4.25,4.875,4.875],"rotation":0,"texture":"#0","tintindex":0},"north":{"uv":[4.875,4.25,4.6875,4.875],"rotation":0,"texture":"#0","tintindex":0},"south":{"uv":[5.25,4.25,5.0625,4.875],"rotation":0,"texture":"#0","tintindex":0},"up":{"uv":[4.6875,4.25,4.875,4.0625],"rotation":0,"texture":"#0","tintindex":0},"west":{"uv":[4.6875,4.25,4.5,4.875],"rotation":0,"texture":"#0","tintindex":0}}}],"display":{"head":{"translation":[0.0,-6.4,0.0],"rotation":[0.0,0.0,0.0],"scale":[3.8095,3.8095,3.8095]}}}