{"textures":{"0":"modelengine:entity/glaceous"},"elements":[{"name":"cube","from":[4.3999996,1.2499971,6.2],"to":[11.6,6.6499968,9.8],"rotation":{"angle":0.0,"axis":"x","origin":[8.0,1.849997,8.0]},"faces":{"down":{"uv":[6.25,7.875,4.75,8.625],"rotation":0,"texture":"#0","tintindex":0},"east":{"uv":[4.5,10.25,5.25,11.375],"rotation":0,"texture":"#0","tintindex":0},"north":{"uv":[6.0,2.25,7.5,3.375],"rotation":0,"texture":"#0","tintindex":0},"south":{"uv":[6.25,0.0,7.75,1.125],"rotation":0,"texture":"#0","tintindex":0},"up":{"uv":[9.25,0.75,7.75,0.0],"rotation":0,"texture":"#0","tintindex":0},"west":{"uv":[5.25,10.25,6.0,11.375],"rotation":0,"texture":"#0","tintindex":0}}},{"name":"cube","from":[5.0,1.2499971,6.8],"to":[11.0,16.249996,9.8],"rotation":{"angle":22.5,"axis":"x","origin":[8.0,1.849997,9.8]},"faces":{"down":{"uv":[8.25,10.5,7.0,11.125],"rotation":0,"texture":"#0","tintindex":0},"east":{"uv":[4.25,3.375,4.875,6.5],"rotation":0,"texture":"#0","tintindex":0},"north":{"uv":[0.0,0.0,1.25,3.125],"rotation":0,"texture":"#0","tintindex":0},"south":{"uv":[1.25,0.0,2.5,3.125],"rotation":0,"texture":"#0","tintindex":0},"up":{"uv":[11.75,7.5,10.5,6.875],"rotation":0,"texture":"#0","tintindex":0},"west":{"uv":[4.875,3.375,5.5,6.5],"rotation":0,"texture":"#0","tintindex":0}}},{"name":"cube","from":[3.7999997,6.6499968,5.6],"to":[12.2,12.049997,10.4],"rotation":{"angle":0.0,"axis":"x","origin":[8.0,1.849997,8.0]},"faces":{"down":{"uv":[7.25,3.375,5.5,4.375],"rotation":0,"texture":"#0","tintindex":0},"east":{"uv":[6.25,7.875,7.25,9.0],"rotation":0,"texture":"#0","tintindex":0},"north":{"uv":[2.0,4.25,3.75,5.375],"rotation":0,"texture":"#0","tintindex":0},"south":{"uv":[4.25,2.25,6.0,3.375],"rotation":0,"texture":"#0","tintindex":0},"up":{"uv":[3.5,6.375,1.75,5.375],"rotation":0,"texture":"#0","tintindex":0},"west":{"uv":[7.25,7.875,8.25,9.0],"rotation":0,"texture":"#0","tintindex":0}}},{"name":"cube","from":[3.8599997,6.6499968,6.2],"to":[12.14,16.849998,10.4],"rotation":{"angle":22.5,"axis":"x","origin":[8.0,6.0499973,9.8]},"faces":{"down":{"uv":[8.5,4.375,6.75,5.25],"rotation":0,"texture":"#0","tintindex":0},"east":{"uv":[0.0,5.375,0.875,7.5],"rotation":0,"texture":"#0","tintindex":0},"north":{"uv":[2.5,0.0,4.25,2.125],"rotation":0,"texture":"#0","tintindex":0},"south":{"uv":[2.5,2.125,4.25,4.25],"rotation":0,"texture":"#0","tintindex":0},"up":{"uv":[8.0,2.0,6.25,1.125],"rotation":0,"texture":"#0","tintindex":0},"west":{"uv":[0.875,5.375,1.75,7.5],"rotation":0,"texture":"#0","tintindex":0}}},{"name":"cube","from":[3.1999998,12.049997,5.6],"to":[12.8,17.449997,11.0],"rotation":{"angle":0.0,"axis":"x","origin":[8.0,1.849997,8.0]},"faces":{"down":{"uv":[6.25,1.125,4.25,2.25],"rotation":0,"texture":"#0","tintindex":0},"east":{"uv":[0.0,7.5,1.125,8.625],"rotation":0,"texture":"#0","tintindex":0},"north":{"uv":[0.0,3.125,2.0,4.25],"rotation":0,"texture":"#0","tintindex":0},"south":{"uv":[0.0,4.25,2.0,5.375],"rotation":0,"texture":"#0","tintindex":0},"up":{"uv":[6.25,1.125,4.25,0.0],"rotation":0,"texture":"#0","tintindex":0},"west":{"uv":[7.5,2.0,8.625,3.125],"rotation":0,"texture":"#0","tintindex":0}}},{"name":"cube","from":[3.7999997,15.199997,11.6],"to":[12.2,18.8,15.38],"rotation":{"angle":0.0,"axis":"x","origin":[12.2,18.649998,14.6]},"faces":{"down":{"uv":[9.0,3.375,7.25,4.125],"rotation":0,"texture":"#0","tintindex":0},"east":{"uv":[9.125,12.375,9.875,13.125],"rotation":0,"texture":"#0","tintindex":0},"north":{"uv":[6.75,6.375,8.5,7.125],"rotation":0,"texture":"#0","tintindex":0},"south":{"uv":[5.25,7.125,7.0,7.875],"rotation":0,"texture":"#0","tintindex":0},"up":{"uv":[8.75,7.875,7.0,7.125],"rotation":0,"texture":"#0","tintindex":0},"west":{"uv":[12.375,10.625,13.125,11.375],"rotation":0,"texture":"#0","tintindex":0}}},{"name":"cube","from":[6.8,18.8,12.2],"to":[9.2,26.599998,15.38],"rotation":{"angle":0.0,"axis":"x","origin":[12.2,18.649998,14.6]},"faces":{"down":{"uv":[8.0,13.625,7.5,14.25],"rotation":0,"texture":"#0","tintindex":0},"east":{"uv":[8.875,7.5,9.5,9.125],"rotation":0,"texture":"#0","tintindex":0},"north":{"uv":[0.0,10.375,0.5,12.0],"rotation":0,"texture":"#0","tintindex":0},"south":{"uv":[10.375,5.25,10.875,6.875],"rotation":0,"texture":"#0","tintindex":0},"up":{"uv":[14.125,6.25,13.625,5.625],"rotation":0,"texture":"#0","tintindex":0},"west":{"uv":[9.0,2.375,9.625,4.0],"rotation":0,"texture":"#0","tintindex":0}}},{"name":"cube","from":[7.4,26.599998,12.8],"to":[8.6,32.0,14.6],"rotation":{"angle":0.0,"axis":"x","origin":[12.2,18.649998,14.6]},"faces":{"down":{"uv":[3.625,14.0,3.375,14.375],"rotation":0,"texture":"#0","tintindex":0},"east":{"uv":[6.75,12.75,7.125,13.875],"rotation":0,"texture":"#0","tintindex":0},"north":{"uv":[1.625,13.5,1.875,14.625],"rotation":0,"texture":"#0","tintindex":0},"south":{"uv":[6.125,13.625,6.375,14.75],"rotation":0,"texture":"#0","tintindex":0},"up":{"uv":[3.375,14.375,3.125,14.0],"rotation":0,"texture":"#0","tintindex":0},"west":{"uv":[7.125,12.75,7.5,13.875],"rotation":0,"texture":"#0","tintindex":0}}},{"name":"cube","from":[9.2,16.999996,12.8],"to":[11.6,22.399998,15.2],"rotation":{"angle":0.0,"axis":"z","origin":[11.6,18.649998,14.6]},"faces":{"down":{"uv":[7.375,13.875,6.875,14.375],"rotation":0,"texture":"#0","tintindex":0},"east":{"uv":[12.375,11.375,12.875,12.5],"rotation":0,"texture":"#0","tintindex":0},"north":{"uv":[0.75,12.125,1.25,13.25],"rotation":0,"texture":"#0","tintindex":0},"south":{"uv":[12.5,8.25,13.0,9.375],"rotation":0,"texture":"#0","tintindex":0},"up":{"uv":[6.875,14.375,6.375,13.875],"rotation":0,"texture":"#0","tintindex":0},"west":{"uv":[12.5,9.375,13.0,10.5],"rotation":0,"texture":"#0","tintindex":0}}},{"name":"cube","from":[9.8,22.399998,13.400001],"to":[11.0,27.8,14.6],"rotation":{"angle":0.0,"axis":"z","origin":[11.6,18.649998,14.6]},"faces":{"down":{"uv":[1.375,7.5,1.125,7.75],"rotation":0,"texture":"#0","tintindex":0},"east":{"uv":[11.0,13.25,11.25,14.375],"rotation":0,"texture":"#0","tintindex":0},"north":{"uv":[8.5,5.875,8.75,7.0],"rotation":0,"texture":"#0","tintindex":0},"south":{"uv":[8.75,13.375,9.0,14.5],"rotation":0,"texture":"#0","tintindex":0},"up":{"uv":[7.5,4.375,7.25,4.125],"rotation":0,"texture":"#0","tintindex":0},"west":{"uv":[10.125,13.375,10.375,14.5],"rotation":0,"texture":"#0","tintindex":0}}},{"name":"cube","from":[4.3999996,16.399998,12.8],"to":[6.8,25.399998,15.2],"rotation":{"angle":45.0,"axis":"z","origin":[4.3999996,18.649998,14.6]},"faces":{"down":{"uv":[1.125,13.875,0.625,14.375],"rotation":0,"texture":"#0","tintindex":0},"east":{"uv":[4.0,9.25,4.5,11.125],"rotation":0,"texture":"#0","tintindex":0},"north":{"uv":[9.25,0.0,9.75,1.875],"rotation":0,"texture":"#0","tintindex":0},"south":{"uv":[1.125,9.375,1.625,11.25],"rotation":0,"texture":"#0","tintindex":0},"up":{"uv":[14.25,13.0,13.75,12.5],"rotation":0,"texture":"#0","tintindex":0},"west":{"uv":[1.625,9.375,2.125,11.25],"rotation":0,"texture":"#0","tintindex":0}}},{"name":"cube","from":[5.0,25.399998,13.400001],"to":[6.2,28.399998,14.6],"rotation":{"angle":45.0,"axis":"z","origin":[4.3999996,18.649998,14.6]},"faces":{"down":{"uv":[7.5,2.0,7.25,2.25],"rotation":0,"texture":"#0","tintindex":0},"east":{"uv":[7.5,12.0,7.75,12.625],"rotation":0,"texture":"#0","tintindex":0},"north":{"uv":[5.25,6.5,5.5,7.125],"rotation":0,"texture":"#0","tintindex":0},"south":{"uv":[14.0,0.5,14.25,1.125],"rotation":0,"texture":"#0","tintindex":0},"up":{"uv":[7.25,2.25,7.0,2.0],"rotation":0,"texture":"#0","tintindex":0},"west":{"uv":[14.0,1.125,14.25,1.75],"rotation":0,"texture":"#0","tintindex":0}}},{"name":"cube","from":[6.8,17.599998,12.8],"to":[9.2,25.999996,15.26],"rotation":{"angle":22.5,"axis":"z","origin":[8.0,18.649998,14.6]},"faces":{"down":{"uv":[14.25,11.0,13.75,11.5],"rotation":0,"texture":"#0","tintindex":0},"east":{"uv":[9.75,3.625,10.25,5.375],"rotation":0,"texture":"#0","tintindex":0},"north":{"uv":[9.75,0.0,10.25,1.75],"rotation":0,"texture":"#0","tintindex":0},"south":{"uv":[9.875,5.375,10.375,7.125],"rotation":0,"texture":"#0","tintindex":0},"up":{"uv":[10.875,14.25,10.375,13.75],"rotation":0,"texture":"#0","tintindex":0},"west":{"uv":[10.0,7.125,10.5,8.875],"rotation":0,"texture":"#0","tintindex":0}}},{"name":"cube","from":[7.4,25.999996,13.400001],"to":[8.6,30.8,14.6],"rotation":{"angle":22.5,"axis":"z","origin":[8.0,18.649998,14.6]},"faces":{"down":{"uv":[7.0,2.0,6.75,2.25],"rotation":0,"texture":"#0","tintindex":0},"east":{"uv":[12.75,13.75,13.0,14.75],"rotation":0,"texture":"#0","tintindex":0},"north":{"uv":[9.25,13.75,9.5,14.75],"rotation":0,"texture":"#0","tintindex":0},"south":{"uv":[13.0,13.75,13.25,14.75],"rotation":0,"texture":"#0","tintindex":0},"up":{"uv":[6.75,2.25,6.5,2.0],"rotation":0,"texture":"#0","tintindex":0},"west":{"uv":[13.25,13.75,13.5,14.75],"rotation":0,"texture":"#0","tintindex":0}}},{"name":"cube","from":[6.8,17.599998,12.8],"to":[9.2,25.999996,15.2],"rotation":{"angle":22.5,"axis":"z","origin":[8.0,18.649998,14.6]},"faces":{"down":{"uv":[14.25,12.0,13.75,12.5],"rotation":0,"texture":"#0","tintindex":0},"east":{"uv":[10.125,1.75,10.625,3.5],"rotation":0,"texture":"#0","tintindex":0},"north":{"uv":[10.0,8.875,10.5,10.625],"rotation":0,"texture":"#0","tintindex":0},"south":{"uv":[10.25,0.0,10.75,1.75],"rotation":0,"texture":"#0","tintindex":0},"up":{"uv":[12.25,14.25,11.75,13.75],"rotation":0,"texture":"#0","tintindex":0},"west":{"uv":[10.25,3.5,10.75,5.25],"rotation":0,"texture":"#0","tintindex":0}}},{"name":"cube","from":[7.4,17.599998,12.8],"to":[9.8,27.199997,15.26],"rotation":{"angle":-22.5,"axis":"z","origin":[8.6,18.649998,14.6]},"faces":{"down":{"uv":[14.25,11.5,13.75,12.0],"rotation":0,"texture":"#0","tintindex":0},"east":{"uv":[0.625,8.625,1.125,10.625],"rotation":0,"texture":"#0","tintindex":0},"north":{"uv":[3.75,4.25,4.25,6.25],"rotation":0,"texture":"#0","tintindex":0},"south":{"uv":[6.0,9.0,6.5,11.0],"rotation":0,"texture":"#0","tintindex":0},"up":{"uv":[11.75,14.25,11.25,13.75],"rotation":0,"texture":"#0","tintindex":0},"west":{"uv":[6.5,9.0,7.0,11.0],"rotation":0,"texture":"#0","tintindex":0}}},{"name":"cube","from":[8.0,27.199997,13.400001],"to":[9.2,30.8,14.6],"rotation":{"angle":-22.5,"axis":"z","origin":[8.6,18.649998,14.6]},"faces":{"down":{"uv":[4.25,6.25,4.0,6.5],"rotation":0,"texture":"#0","tintindex":0},"east":{"uv":[2.625,12.0,2.875,12.75],"rotation":0,"texture":"#0","tintindex":0},"north":{"uv":[1.875,11.25,2.125,12.0],"rotation":0,"texture":"#0","tintindex":0},"south":{"uv":[5.625,12.875,5.875,13.625],"rotation":0,"texture":"#0","tintindex":0},"up":{"uv":[6.5,2.25,6.25,2.0],"rotation":0,"texture":"#0","tintindex":0},"west":{"uv":[0.0,13.875,0.25,14.625],"rotation":0,"texture":"#0","tintindex":0}}},{"name":"cube","from":[7.4,15.649998,11.0],"to":[9.8,21.649998,13.400001],"rotation":{"angle":0.0,"axis":"x","origin":[8.0,1.849997,8.0]},"faces":{"down":{"uv":[14.25,6.75,13.75,7.25],"rotation":0,"texture":"#0","tintindex":0},"east":{"uv":[10.5,11.875,11.0,13.125],"rotation":0,"texture":"#0","tintindex":0},"north":{"uv":[10.0,11.625,10.5,12.875],"rotation":0,"texture":"#0","tintindex":0},"south":{"uv":[11.875,10.625,12.375,11.875],"rotation":0,"texture":"#0","tintindex":0},"up":{"uv":[14.25,6.75,13.75,6.25],"rotation":0,"texture":"#0","tintindex":0},"west":{"uv":[11.875,11.875,12.375,13.125],"rotation":0,"texture":"#0","tintindex":0}}},{"name":"cube","from":[8.0,21.649998,11.6],"to":[9.2,26.449997,13.400001],"rotation":{"angle":0.0,"axis":"x","origin":[8.0,1.849997,8.0]},"faces":{"down":{"uv":[2.125,14.0,1.875,14.375],"rotation":0,"texture":"#0","tintindex":0},"east":{"uv":[8.625,2.375,9.0,3.375],"rotation":0,"texture":"#0","tintindex":0},"north":{"uv":[3.5,5.375,3.75,6.375],"rotation":0,"texture":"#0","tintindex":0},"south":{"uv":[4.5,9.25,4.75,10.25],"rotation":0,"texture":"#0","tintindex":0},"up":{"uv":[9.375,5.875,9.125,5.5],"rotation":0,"texture":"#0","tintindex":0},"west":{"uv":[12.75,3.75,13.125,4.75],"rotation":0,"texture":"#0","tintindex":0}}},{"name":"cube","from":[9.2,15.649998,10.4],"to":[11.6,21.05,13.400001],"rotation":{"angle":-22.5,"axis":"z","origin":[10.4,15.649998,12.8]},"faces":{"down":{"uv":[6.125,13.625,5.625,14.25],"rotation":0,"texture":"#0","tintindex":0},"east":{"uv":[8.0,0.75,8.625,1.875],"rotation":0,"texture":"#0","tintindex":0},"north":{"uv":[2.0,3.125,2.5,4.25],"rotation":0,"texture":"#0","tintindex":0},"south":{"uv":[8.0,5.25,8.5,6.375],"rotation":0,"texture":"#0","tintindex":0},"up":{"uv":[14.125,5.625,13.625,5.0],"rotation":0,"texture":"#0","tintindex":0},"west":{"uv":[11.375,7.5,12.0,8.625],"rotation":0,"texture":"#0","tintindex":0}}},{"name":"cube","from":[9.8,21.05,11.0],"to":[11.0,27.649998,12.8],"rotation":{"angle":-22.5,"axis":"z","origin":[10.4,15.649998,12.8]},"faces":{"down":{"uv":[6.25,8.625,6.0,9.0],"rotation":0,"texture":"#0","tintindex":0},"east":{"uv":[3.625,9.5,4.0,10.875],"rotation":0,"texture":"#0","tintindex":0},"north":{"uv":[0.375,12.875,0.625,14.25],"rotation":0,"texture":"#0","tintindex":0},"south":{"uv":[5.375,12.875,5.625,14.25],"rotation":0,"texture":"#0","tintindex":0},"up":{"uv":[8.0,1.125,7.75,0.75],"rotation":0,"texture":"#0","tintindex":0},"west":{"uv":[11.0,11.875,11.375,13.25],"rotation":0,"texture":"#0","tintindex":0}}},{"name":"cube","from":[5.0,15.649998,11.0],"to":[7.4,22.249996,13.400001],"rotation":{"angle":22.5,"axis":"z","origin":[6.2,15.649998,12.8]},"faces":{"down":{"uv":[14.25,4.5,13.75,5.0],"rotation":0,"texture":"#0","tintindex":0},"east":{"uv":[11.375,8.625,11.875,10.0],"rotation":0,"texture":"#0","tintindex":0},"north":{"uv":[8.25,11.375,8.75,12.75],"rotation":0,"texture":"#0","tintindex":0},"south":{"uv":[11.375,10.0,11.875,11.375],"rotation":0,"texture":"#0","tintindex":0},"up":{"uv":[14.25,0.5,13.75,0.0],"rotation":0,"texture":"#0","tintindex":0},"west":{"uv":[11.375,11.375,11.875,12.75],"rotation":0,"texture":"#0","tintindex":0}}},{"name":"cube","from":[5.0,22.249996,11.6],"to":[6.8,28.249996,13.400001],"rotation":{"angle":22.5,"axis":"z","origin":[6.2,15.649998,12.8]},"faces":{"down":{"uv":[14.375,1.75,14.0,2.125],"rotation":0,"texture":"#0","tintindex":0},"east":{"uv":[6.375,12.625,6.75,13.875],"rotation":0,"texture":"#0","tintindex":0},"north":{"uv":[5.0,12.25,5.375,13.5],"rotation":0,"texture":"#0","tintindex":0},"south":{"uv":[3.375,12.75,3.75,14.0],"rotation":0,"texture":"#0","tintindex":0},"up":{"uv":[9.625,2.25,9.25,1.875],"rotation":0,"texture":"#0","tintindex":0},"west":{"uv":[3.75,12.75,4.125,14.0],"rotation":0,"texture":"#0","tintindex":0}}},{"name":"cube","from":[3.7999997,15.049999,10.4],"to":[6.2,19.849998,12.8],"rotation":{"angle":45.0,"axis":"z","origin":[3.7999997,15.649998,12.2]},"faces":{"down":{"uv":[14.125,10.5,13.625,11.0],"rotation":0,"texture":"#0","tintindex":0},"east":{"uv":[12.625,4.75,13.125,5.75],"rotation":0,"texture":"#0","tintindex":0},"north":{"uv":[12.375,12.5,12.875,13.5],"rotation":0,"texture":"#0","tintindex":0},"south":{"uv":[12.625,5.75,13.125,6.75],"rotation":0,"texture":"#0","tintindex":0},"up":{"uv":[14.125,8.0,13.625,7.5],"rotation":0,"texture":"#0","tintindex":0},"west":{"uv":[5.875,12.625,6.375,13.625],"rotation":0,"texture":"#0","tintindex":0}}},{"name":"cube","from":[4.3999996,19.849998,11.0],"to":[5.6,24.649998,12.8],"rotation":{"angle":45.0,"axis":"z","origin":[3.7999997,15.649998,12.2]},"faces":{"down":{"uv":[3.125,14.0,2.875,14.375],"rotation":0,"texture":"#0","tintindex":0},"east":{"uv":[11.375,12.75,11.75,13.75],"rotation":0,"texture":"#0","tintindex":0},"north":{"uv":[8.5,13.75,8.75,14.75],"rotation":0,"texture":"#0","tintindex":0},"south":{"uv":[9.0,13.75,9.25,14.75],"rotation":0,"texture":"#0","tintindex":0},"up":{"uv":[2.875,14.375,2.625,14.0],"rotation":0,"texture":"#0","tintindex":0},"west":{"uv":[0.0,12.875,0.375,13.875],"rotation":0,"texture":"#0","tintindex":0}}},{"name":"cube","from":[9.8,14.449997,9.8],"to":[12.2,19.249996,12.8],"rotation":{"angle":-45.0,"axis":"z","origin":[12.2,15.049999,12.2]},"faces":{"down":{"uv":[14.0,13.25,13.5,13.875],"rotation":0,"texture":"#0","tintindex":0},"east":{"uv":[11.875,8.625,12.5,9.625],"rotation":0,"texture":"#0","tintindex":0},"north":{"uv":[7.5,12.625,8.0,13.625],"rotation":0,"texture":"#0","tintindex":0},"south":{"uv":[12.75,0.0,13.25,1.0],"rotation":0,"texture":"#0","tintindex":0},"up":{"uv":[12.75,14.125,12.25,13.5],"rotation":0,"texture":"#0","tintindex":0},"west":{"uv":[11.875,9.625,12.5,10.625],"rotation":0,"texture":"#0","tintindex":0}}},{"name":"cube","from":[10.4,19.249996,10.4],"to":[11.6,24.05,12.2],"rotation":{"angle":-45.0,"axis":"z","origin":[12.2,15.049999,12.2]},"faces":{"down":{"uv":[2.625,14.0,2.375,14.375],"rotation":0,"texture":"#0","tintindex":0},"east":{"uv":[8.0,12.75,8.375,13.75],"rotation":0,"texture":"#0","tintindex":0},"north":{"uv":[8.0,13.75,8.25,14.75],"rotation":0,"texture":"#0","tintindex":0},"south":{"uv":[8.25,13.75,8.5,14.75],"rotation":0,"texture":"#0","tintindex":0},"up":{"uv":[2.375,14.375,2.125,14.0],"rotation":0,"texture":"#0","tintindex":0},"west":{"uv":[8.375,12.75,8.75,13.75],"rotation":0,"texture":"#0","tintindex":0}}},{"name":"cube","from":[6.2,17.449997,6.8],"to":[9.8,20.449997,10.4],"rotation":{"angle":0.0,"axis":"x","origin":[8.0,1.849997,8.0]},"faces":{"down":{"uv":[5.0,12.25,4.25,13.0],"rotation":0,"texture":"#0","tintindex":0},"east":{"uv":[12.75,2.5,13.5,3.125],"rotation":0,"texture":"#0","tintindex":0},"north":{"uv":[1.875,12.75,2.625,13.375],"rotation":0,"texture":"#0","tintindex":0},"south":{"uv":[2.625,12.75,3.375,13.375],"rotation":0,"texture":"#0","tintindex":0},"up":{"uv":[0.75,12.875,0.0,12.125],"rotation":0,"texture":"#0","tintindex":0},"west":{"uv":[12.75,3.125,13.5,3.75],"rotation":0,"texture":"#0","tintindex":0}}}],"display":{"head":{"translation":[0.0,14.320011,0.0],"rotation":[0.0,0.0,0.0],"scale":[3.8095,3.8095,3.8095]}}}