{"textures":{"0":"modelengine:entity/texture"},"elements":[{"name":"cube","from":[6.2,12.2,6.8],"to":[8.0,17.6,8.6],"rotation":{"angle":-45.0,"axis":"z","origin":[8.0,8.0,8.0]},"faces":{"down":{"uv":[15.375,3.0,15.0,3.375],"rotation":0,"texture":"#0","tintindex":0},"east":{"uv":[14.125,0.0,14.5,1.125],"rotation":0,"texture":"#0","tintindex":0},"north":{"uv":[11.625,14.0,12.0,15.125],"rotation":0,"texture":"#0","tintindex":0},"south":{"uv":[14.125,3.25,14.5,4.375],"rotation":0,"texture":"#0","tintindex":0},"up":{"uv":[15.375,3.0,15.0,2.625],"rotation":0,"texture":"#0","tintindex":0},"west":{"uv":[10.25,14.125,10.625,15.25],"rotation":0,"texture":"#0","tintindex":0}}}],"display":{"head":{"translation":[0.0,-6.4,0.0],"rotation":[0.0,0.0,0.0],"scale":[3.8095,3.8095,3.8095]}}}