{"textures":{"0":"modelengine:entity/texture"},"elements":[{"name":"cube","from":[6.8,14.0,8.0],"to":[9.2,19.400002,9.8],"rotation":{"angle":-22.5,"axis":"z","origin":[8.0,8.0,8.0]},"faces":{"down":{"uv":[3.0,6.75,2.5,7.125],"rotation":0,"texture":"#0","tintindex":0},"east":{"uv":[13.875,10.125,14.25,11.25],"rotation":0,"texture":"#0","tintindex":0},"north":{"uv":[5.75,13.5,6.25,14.625],"rotation":0,"texture":"#0","tintindex":0},"south":{"uv":[6.25,13.5,6.75,14.625],"rotation":0,"texture":"#0","tintindex":0},"up":{"uv":[6.5,7.0,6.0,6.625],"rotation":0,"texture":"#0","tintindex":0},"west":{"uv":[13.875,11.25,14.25,12.375],"rotation":0,"texture":"#0","tintindex":0}}}],"display":{"head":{"translation":[0.0,-6.4,0.0],"rotation":[0.0,0.0,0.0],"scale":[3.8095,3.8095,3.8095]}}}