{"textures":{"0":"modelengine:entity/texture"},"elements":[{"name":"cube","from":[5.66,6.1543446,4.754072],"to":[9.139999,19.954342,8.354073],"rotation":{"angle":22.5,"axis":"x","origin":[8.0,8.0,8.0]},"faces":{"down":{"uv":[13.875,10.875,13.125,11.625],"rotation":0,"texture":"#0","tintindex":0},"east":{"uv":[1.5,3.875,2.25,6.75],"rotation":0,"texture":"#0","tintindex":0},"north":{"uv":[3.5,2.25,4.25,5.125],"rotation":0,"texture":"#0","tintindex":0},"south":{"uv":[2.25,3.875,3.0,6.75],"rotation":0,"texture":"#0","tintindex":0},"up":{"uv":[13.875,10.875,13.125,10.125],"rotation":0,"texture":"#0","tintindex":0},"west":{"uv":[4.25,2.25,5.0,5.125],"rotation":0,"texture":"#0","tintindex":0}}}],"display":{"head":{"translation":[0.0,-6.4,0.0],"rotation":[0.0,0.0,0.0],"scale":[3.8095,3.8095,3.8095]}}}