{"textures":{"0":"modelengine:entity/texture"},"elements":[{"name":"cube","from":[8.06,7.4904127,6.5004325],"to":[10.940001,20.090412,8.900433],"rotation":{"angle":22.5,"axis":"x","origin":[8.0,8.0,8.0]},"faces":{"down":{"uv":[15.0,12.25,14.375,12.75],"rotation":0,"texture":"#0","tintindex":0},"east":{"uv":[1.75,8.125,2.25,10.75],"rotation":0,"texture":"#0","tintindex":0},"north":{"uv":[0.0,7.875,0.625,10.5],"rotation":0,"texture":"#0","tintindex":0},"south":{"uv":[0.625,7.875,1.25,10.5],"rotation":0,"texture":"#0","tintindex":0},"up":{"uv":[10.125,14.875,9.5,14.375],"rotation":0,"texture":"#0","tintindex":0},"west":{"uv":[8.5,7.125,9.0,9.75],"rotation":0,"texture":"#0","tintindex":0}}}],"display":{"head":{"translation":[0.0,-6.4,0.0],"rotation":[0.0,0.0,0.0],"scale":[3.8095,3.8095,3.8095]}}}