{"textures":{"0":"modelengine:entity/glaceous"},"elements":[{"name":"cube","from":[5.0,1.9999998,6.8],"to":[8.0,9.8,10.4],"rotation":{"angle":0.0,"axis":"x","origin":[8.0,8.0,8.6]},"faces":{"down":{"uv":[13.375,1.0,12.75,1.75],"rotation":0,"texture":"#0","tintindex":0},"east":{"uv":[4.0,7.625,4.75,9.25],"rotation":0,"texture":"#0","tintindex":0},"north":{"uv":[8.625,0.75,9.25,2.375],"rotation":0,"texture":"#0","tintindex":0},"south":{"uv":[4.75,8.625,5.375,10.25],"rotation":0,"texture":"#0","tintindex":0},"up":{"uv":[13.25,7.5,12.625,6.75],"rotation":0,"texture":"#0","tintindex":0},"west":{"uv":[1.125,7.75,1.875,9.375],"rotation":0,"texture":"#0","tintindex":0}}}],"display":{"head":{"translation":[0.0,-6.4,0.0],"rotation":[0.0,0.0,0.0],"scale":[3.8095,3.8095,3.8095]}}}