{"textures":{"0":"modelengine:entity/texture"},"elements":[{"name":"cube","from":[8.0,1.9999998,6.8],"to":[11.0,9.8,10.4],"rotation":{"angle":0.0,"axis":"x","origin":[8.0,8.0,8.6]},"faces":{"down":{"uv":[14.5,7.125,13.875,7.875],"rotation":0,"texture":"#0","tintindex":0},"east":{"uv":[7.25,9.25,8.0,10.875],"rotation":0,"texture":"#0","tintindex":0},"north":{"uv":[0.625,10.5,1.25,12.125],"rotation":0,"texture":"#0","tintindex":0},"south":{"uv":[3.75,10.5,4.375,12.125],"rotation":0,"texture":"#0","tintindex":0},"up":{"uv":[14.5,7.125,13.875,6.375],"rotation":0,"texture":"#0","tintindex":0},"west":{"uv":[9.375,0.0,10.125,1.625],"rotation":0,"texture":"#0","tintindex":0}}}],"display":{"head":{"translation":[0.0,-6.4,0.0],"rotation":[0.0,0.0,0.0],"scale":[3.8095,3.8095,3.8095]}}}