{"textures":{"0":"modelengine:entity/texture"},"elements":[{"name":"cube","from":[8.06,6.1543446,5.354072],"to":[11.54,21.154343,8.354073],"rotation":{"angle":22.5,"axis":"x","origin":[8.0,8.0,8.0]},"faces":{"down":{"uv":[1.5,13.75,0.75,14.375],"rotation":0,"texture":"#0","tintindex":0},"east":{"uv":[0.0,4.75,0.625,7.875],"rotation":0,"texture":"#0","tintindex":0},"north":{"uv":[0.0,1.625,0.75,4.75],"rotation":0,"texture":"#0","tintindex":0},"south":{"uv":[0.75,1.625,1.5,4.75],"rotation":0,"texture":"#0","tintindex":0},"up":{"uv":[14.375,13.0,13.625,12.375],"rotation":0,"texture":"#0","tintindex":0},"west":{"uv":[0.625,4.75,1.25,7.875],"rotation":0,"texture":"#0","tintindex":0}}}],"display":{"head":{"translation":[0.0,-6.4,0.0],"rotation":[0.0,0.0,0.0],"scale":[3.8095,3.8095,3.8095]}}}