{"textures":{"0":"modelengine:entity/glaceous"},"elements":[{"name":"cube","from":[6.8,1.3999997,6.2],"to":[9.2,8.6,9.2],"rotation":{"angle":0.0,"axis":"x","origin":[8.0,8.0,8.0]},"faces":{"down":{"uv":[2.5,12.875,2.0,13.5],"rotation":0,"texture":"#0","tintindex":0},"east":{"uv":[9.125,4.0,9.75,5.5],"rotation":0,"texture":"#0","tintindex":0},"north":{"uv":[10.0,10.625,10.5,12.125],"rotation":0,"texture":"#0","tintindex":0},"south":{"uv":[10.75,3.5,11.25,5.0],"rotation":0,"texture":"#0","tintindex":0},"up":{"uv":[12.625,13.375,12.125,12.75],"rotation":0,"texture":"#0","tintindex":0},"west":{"uv":[8.875,9.125,9.5,10.625],"rotation":0,"texture":"#0","tintindex":0}}},{"name":"cube","from":[6.8,-1.0000005,6.2],"to":[9.2,1.9999998,6.2],"rotation":{"angle":-45.0,"axis":"x","origin":[8.0,1.3999997,6.2]},"faces":{"down":{"uv":[0.5,0.0,0.0,0.0],"rotation":0,"texture":"#0","tintindex":0},"east":{"uv":[0.0,0.0,0.0,0.625],"rotation":0,"texture":"#0","tintindex":0},"north":{"uv":[12.875,3.25,13.375,3.875],"rotation":0,"texture":"#0","tintindex":0},"south":{"uv":[12.875,7.5,13.375,8.125],"rotation":0,"texture":"#0","tintindex":0},"up":{"uv":[0.5,0.0,0.0,0.0],"rotation":0,"texture":"#0","tintindex":0},"west":{"uv":[0.0,0.0,0.0,0.625],"rotation":0,"texture":"#0","tintindex":0}}},{"name":"cube","from":[6.8,-1.0000005,9.2],"to":[9.2,1.9999998,9.2],"rotation":{"angle":45.0,"axis":"x","origin":[8.0,1.3999997,9.2]},"faces":{"down":{"uv":[0.5,0.0,0.0,0.0],"rotation":0,"texture":"#0","tintindex":0},"east":{"uv":[0.0,0.0,0.0,0.625],"rotation":0,"texture":"#0","tintindex":0},"north":{"uv":[0.0,13.0,0.5,13.625],"rotation":0,"texture":"#0","tintindex":0},"south":{"uv":[0.875,13.0,1.375,13.625],"rotation":0,"texture":"#0","tintindex":0},"up":{"uv":[0.5,0.0,0.0,0.0],"rotation":0,"texture":"#0","tintindex":0},"west":{"uv":[0.0,0.0,0.0,0.625],"rotation":0,"texture":"#0","tintindex":0}}},{"name":"cube","from":[6.8,-0.40000033,6.2],"to":[6.8,1.9999998,9.2],"rotation":{"angle":22.5,"axis":"z","origin":[6.8,1.3999997,7.7]},"faces":{"down":{"uv":[0.0,0.0,0.0,0.625],"rotation":0,"texture":"#0","tintindex":0},"east":{"uv":[1.375,13.0,2.0,13.5],"rotation":0,"texture":"#0","tintindex":0},"north":{"uv":[0.0,0.0,0.0,0.5],"rotation":0,"texture":"#0","tintindex":0},"south":{"uv":[0.0,0.0,0.0,0.5],"rotation":0,"texture":"#0","tintindex":0},"up":{"uv":[0.0,0.625,0.0,0.0],"rotation":0,"texture":"#0","tintindex":0},"west":{"uv":[2.5,13.0,3.125,13.5],"rotation":0,"texture":"#0","tintindex":0}}},{"name":"cube","from":[9.2,-0.40000033,6.2],"to":[9.2,1.9999998,9.2],"rotation":{"angle":-22.5,"axis":"z","origin":[9.2,1.3999997,8.0]},"faces":{"down":{"uv":[0.0,0.0,0.0,0.625],"rotation":0,"texture":"#0","tintindex":0},"east":{"uv":[6.625,13.0,7.25,13.5],"rotation":0,"texture":"#0","tintindex":0},"north":{"uv":[0.0,0.0,0.0,0.5],"rotation":0,"texture":"#0","tintindex":0},"south":{"uv":[0.0,0.0,0.0,0.5],"rotation":0,"texture":"#0","tintindex":0},"up":{"uv":[0.0,0.625,0.0,0.0],"rotation":0,"texture":"#0","tintindex":0},"west":{"uv":[13.0,10.0,13.625,10.5],"rotation":0,"texture":"#0","tintindex":0}}},{"name":"cube","from":[6.41,1.8200002,5.6],"to":[6.41,5.42,9.8],"rotation":{"angle":0.0,"axis":"x","origin":[8.0,0.7999997,7.7]},"faces":{"down":{"uv":[0.0,0.0,0.0,0.875],"rotation":0,"texture":"#0","tintindex":0},"east":{"uv":[2.875,11.25,3.75,12.0],"rotation":0,"texture":"#0","tintindex":0},"north":{"uv":[0.0,0.0,0.0,0.75],"rotation":0,"texture":"#0","tintindex":0},"south":{"uv":[0.0,0.0,0.0,0.75],"rotation":0,"texture":"#0","tintindex":0},"up":{"uv":[0.0,0.875,0.0,0.0],"rotation":0,"texture":"#0","tintindex":0},"west":{"uv":[11.25,3.5,12.125,4.25],"rotation":0,"texture":"#0","tintindex":0}}},{"name":"cube","from":[6.2,1.8200002,5.81],"to":[9.8,5.42,5.81],"rotation":{"angle":0.0,"axis":"x","origin":[8.0,1.9999998,7.7]},"faces":{"down":{"uv":[0.75,0.0,0.0,0.0],"rotation":0,"texture":"#0","tintindex":0},"east":{"uv":[0.0,0.0,0.0,0.75],"rotation":0,"texture":"#0","tintindex":0},"north":{"uv":[11.375,8.25,12.125,9.0],"rotation":0,"texture":"#0","tintindex":0},"south":{"uv":[11.375,9.0,12.125,9.75],"rotation":0,"texture":"#0","tintindex":0},"up":{"uv":[0.75,0.0,0.0,0.0],"rotation":0,"texture":"#0","tintindex":0},"west":{"uv":[0.0,0.0,0.0,0.75],"rotation":0,"texture":"#0","tintindex":0}}}],"display":{"head":{"translation":[0.0,-6.4,0.0],"rotation":[0.0,0.0,0.0],"scale":[3.8095,3.8095,3.8095]}}}