{"textures":{"0":"modelengine:entity/glaceous"},"elements":[{"name":"cube","from":[6.8,0.59681726,6.877613],"to":[9.8,8.996817,9.277613],"rotation":{"angle":0.0,"axis":"x","origin":[7.4,0.59681726,7.477613]},"faces":{"down":{"uv":[13.75,4.5,13.125,5.0],"rotation":0,"texture":"#0","tintindex":0},"east":{"uv":[9.5,7.25,10.0,9.0],"rotation":0,"texture":"#0","tintindex":0},"north":{"uv":[8.5,4.125,9.125,5.875],"rotation":0,"texture":"#0","tintindex":0},"south":{"uv":[0.0,8.625,0.625,10.375],"rotation":0,"texture":"#0","tintindex":0},"up":{"uv":[10.5,13.375,9.875,12.875],"rotation":0,"texture":"#0","tintindex":0},"west":{"uv":[9.5,9.0,10.0,10.75],"rotation":0,"texture":"#0","tintindex":0}}}],"display":{"head":{"translation":[0.0,-6.4,0.0],"rotation":[0.0,0.0,0.0],"scale":[3.8095,3.8095,3.8095]}}}