{"textures":{"0":"modelengine:entity/texture"},"elements":[{"name":"cube","from":[6.2,6.8,6.2],"to":[8.6,12.2,9.2],"rotation":{"angle":-45.0,"axis":"z","origin":[8.0,8.0,8.0]},"faces":{"down":{"uv":[15.0,1.125,14.5,1.75],"rotation":0,"texture":"#0","tintindex":0},"east":{"uv":[0.875,12.625,1.5,13.75],"rotation":0,"texture":"#0","tintindex":0},"north":{"uv":[12.125,13.5,12.625,14.625],"rotation":0,"texture":"#0","tintindex":0},"south":{"uv":[13.625,3.375,14.125,4.5],"rotation":0,"texture":"#0","tintindex":0},"up":{"uv":[15.0,1.125,14.5,0.5],"rotation":0,"texture":"#0","tintindex":0},"west":{"uv":[1.5,12.625,2.125,13.75],"rotation":0,"texture":"#0","tintindex":0}}}],"display":{"head":{"translation":[0.0,-6.4,0.0],"rotation":[0.0,0.0,0.0],"scale":[3.8095,3.8095,3.8095]}}}