{"textures":{"0":"modelengine:entity/texture"},"elements":[{"name":"cube","from":[6.8,8.6,7.4],"to":[9.8,14.0,9.8],"rotation":{"angle":-22.5,"axis":"z","origin":[8.0,8.0,8.0]},"faces":{"down":{"uv":[15.125,0.0,14.5,0.5],"rotation":0,"texture":"#0","tintindex":0},"east":{"uv":[13.25,13.125,13.75,14.25],"rotation":0,"texture":"#0","tintindex":0},"north":{"uv":[6.625,12.375,7.25,13.5],"rotation":0,"texture":"#0","tintindex":0},"south":{"uv":[4.0,12.5,4.625,13.625],"rotation":0,"texture":"#0","tintindex":0},"up":{"uv":[14.75,14.875,14.125,14.375],"rotation":0,"texture":"#0","tintindex":0},"west":{"uv":[5.25,13.5,5.75,14.625],"rotation":0,"texture":"#0","tintindex":0}}}],"display":{"head":{"translation":[0.0,-6.4,0.0],"rotation":[0.0,0.0,0.0],"scale":[3.8095,3.8095,3.8095]}}}