{"textures":{"0":"modelengine:entity/glaceous"},"elements":[{"name":"cube","from":[6.8,0.19999981,7.4],"to":[9.2,8.6,9.2],"rotation":{"angle":0.0,"axis":"x","origin":[6.2,0.19999981,8.6]},"faces":{"down":{"uv":[14.875,9.75,14.375,10.125],"rotation":0,"texture":"#0","tintindex":0},"east":{"uv":[12.75,5.375,13.125,7.125],"rotation":0,"texture":"#0","tintindex":0},"north":{"uv":[1.25,10.875,1.75,12.625],"rotation":0,"texture":"#0","tintindex":0},"south":{"uv":[7.25,10.875,7.75,12.625],"rotation":0,"texture":"#0","tintindex":0},"up":{"uv":[3.625,12.125,3.125,11.75],"rotation":0,"texture":"#0","tintindex":0},"west":{"uv":[12.75,7.125,13.125,8.875],"rotation":0,"texture":"#0","tintindex":0}}},{"name":"cube","from":[6.2,0.19999981,7.4],"to":[10.4,1.9999998,7.4],"rotation":{"angle":-22.5,"axis":"x","origin":[8.3,0.19999981,7.4]},"faces":{"down":{"uv":[0.875,0.0,0.0,0.0],"rotation":0,"texture":"#0","tintindex":0},"east":{"uv":[0.0,0.0,0.0,0.375],"rotation":0,"texture":"#0","tintindex":0},"north":{"uv":[14.25,10.75,15.125,11.125],"rotation":0,"texture":"#0","tintindex":0},"south":{"uv":[14.25,11.125,15.125,11.5],"rotation":0,"texture":"#0","tintindex":0},"up":{"uv":[0.875,0.0,0.0,0.0],"rotation":0,"texture":"#0","tintindex":0},"west":{"uv":[0.0,0.0,0.0,0.375],"rotation":0,"texture":"#0","tintindex":0}}},{"name":"cube","from":[7.4,0.19999981,6.2],"to":[7.4,1.9999998,10.4],"rotation":{"angle":22.5,"axis":"z","origin":[7.4,0.19999981,8.3]},"faces":{"down":{"uv":[0.0,0.0,0.0,0.875],"rotation":0,"texture":"#0","tintindex":0},"east":{"uv":[14.25,11.5,15.125,11.875],"rotation":0,"texture":"#0","tintindex":0},"north":{"uv":[0.0,0.0,0.0,0.375],"rotation":0,"texture":"#0","tintindex":0},"south":{"uv":[0.0,0.0,0.0,0.375],"rotation":0,"texture":"#0","tintindex":0},"up":{"uv":[0.0,0.875,0.0,0.0],"rotation":0,"texture":"#0","tintindex":0},"west":{"uv":[14.25,11.875,15.125,12.25],"rotation":0,"texture":"#0","tintindex":0}}},{"name":"cube","from":[9.2,0.19999981,6.2],"to":[9.2,1.9999998,10.4],"rotation":{"angle":-22.5,"axis":"z","origin":[9.2,0.19999981,8.3]},"faces":{"down":{"uv":[0.0,0.0,0.0,0.875],"rotation":0,"texture":"#0","tintindex":0},"east":{"uv":[12.625,14.25,13.5,14.625],"rotation":0,"texture":"#0","tintindex":0},"north":{"uv":[0.0,0.0,0.0,0.375],"rotation":0,"texture":"#0","tintindex":0},"south":{"uv":[0.0,0.0,0.0,0.375],"rotation":0,"texture":"#0","tintindex":0},"up":{"uv":[0.0,0.875,0.0,0.0],"rotation":0,"texture":"#0","tintindex":0},"west":{"uv":[3.5,14.375,4.375,14.75],"rotation":0,"texture":"#0","tintindex":0}}},{"name":"cube","from":[6.2,0.19999981,9.2],"to":[10.4,1.9999998,9.2],"rotation":{"angle":22.5,"axis":"x","origin":[8.3,0.19999981,9.2]},"faces":{"down":{"uv":[0.875,0.0,0.0,0.0],"rotation":0,"texture":"#0","tintindex":0},"east":{"uv":[0.0,0.0,0.0,0.375],"rotation":0,"texture":"#0","tintindex":0},"north":{"uv":[4.375,14.375,5.25,14.75],"rotation":0,"texture":"#0","tintindex":0},"south":{"uv":[14.375,4.375,15.25,4.75],"rotation":0,"texture":"#0","tintindex":0},"up":{"uv":[0.875,0.0,0.0,0.0],"rotation":0,"texture":"#0","tintindex":0},"west":{"uv":[0.0,0.0,0.0,0.375],"rotation":0,"texture":"#0","tintindex":0}}},{"name":"cube","from":[6.2,8.0,7.4],"to":[10.4,12.2,7.4],"rotation":{"angle":0.0,"axis":"x","origin":[8.0,8.0,8.0]},"faces":{"down":{"uv":[0.875,0.0,0.0,0.0],"rotation":0,"texture":"#0","tintindex":0},"east":{"uv":[0.0,0.0,0.0,0.875],"rotation":0,"texture":"#0","tintindex":0},"north":{"uv":[6.75,4.625,7.625,5.5],"rotation":0,"texture":"#0","tintindex":0},"south":{"uv":[11.0,6.125,11.875,7.0],"rotation":0,"texture":"#0","tintindex":0},"up":{"uv":[0.875,0.0,0.0,0.0],"rotation":0,"texture":"#0","tintindex":0},"west":{"uv":[0.0,0.0,0.0,0.875],"rotation":0,"texture":"#0","tintindex":0}}},{"name":"cube","from":[9.2,8.0,7.4],"to":[9.2,9.8,9.8],"rotation":{"angle":-45.0,"axis":"z","origin":[9.2,8.0,8.0]},"faces":{"down":{"uv":[0.0,0.0,0.0,0.5],"rotation":0,"texture":"#0","tintindex":0},"east":{"uv":[14.5,4.0,15.0,4.375],"rotation":0,"texture":"#0","tintindex":0},"north":{"uv":[0.0,0.0,0.0,0.375],"rotation":0,"texture":"#0","tintindex":0},"south":{"uv":[0.0,0.0,0.0,0.375],"rotation":0,"texture":"#0","tintindex":0},"up":{"uv":[0.0,0.5,0.0,0.0],"rotation":0,"texture":"#0","tintindex":0},"west":{"uv":[15.0,0.5,15.5,0.875],"rotation":0,"texture":"#0","tintindex":0}}},{"name":"cube","from":[6.2,1.3999997,6.8],"to":[10.4,5.6,6.8],"rotation":{"angle":0.0,"axis":"x","origin":[8.3,1.9999998,8.3]},"faces":{"down":{"uv":[0.875,0.0,0.0,0.0],"rotation":0,"texture":"#0","tintindex":0},"east":{"uv":[0.0,0.0,0.0,0.875],"rotation":0,"texture":"#0","tintindex":0},"north":{"uv":[11.375,7.5,12.25,8.375],"rotation":0,"texture":"#0","tintindex":0},"south":{"uv":[11.375,8.375,12.25,9.25],"rotation":0,"texture":"#0","tintindex":0},"up":{"uv":[0.875,0.0,0.0,0.0],"rotation":0,"texture":"#0","tintindex":0},"west":{"uv":[0.0,0.0,0.0,0.875],"rotation":0,"texture":"#0","tintindex":0}}},{"name":"cube","from":[6.2,1.3999997,6.8],"to":[10.4,5.6,6.8],"rotation":{"angle":0.0,"axis":"y","origin":[8.3,1.9999998,8.3]},"faces":{"down":{"uv":[0.875,0.0,0.0,0.0],"rotation":0,"texture":"#0","tintindex":0},"east":{"uv":[0.0,0.0,0.0,0.875],"rotation":0,"texture":"#0","tintindex":0},"north":{"uv":[11.375,9.25,12.25,10.125],"rotation":0,"texture":"#0","tintindex":0},"south":{"uv":[11.375,10.125,12.25,11.0],"rotation":0,"texture":"#0","tintindex":0},"up":{"uv":[0.875,0.0,0.0,0.0],"rotation":0,"texture":"#0","tintindex":0},"west":{"uv":[0.0,0.0,0.0,0.875],"rotation":0,"texture":"#0","tintindex":0}}},{"name":"cube","from":[6.2,1.3999997,6.8],"to":[10.4,5.6,6.8],"rotation":{"angle":0.0,"axis":"x","origin":[8.3,1.9999998,8.3]},"faces":{"down":{"uv":[0.875,0.0,0.0,0.0],"rotation":0,"texture":"#0","tintindex":0},"east":{"uv":[0.0,0.0,0.0,0.875],"rotation":0,"texture":"#0","tintindex":0},"north":{"uv":[11.375,11.0,12.25,11.875],"rotation":0,"texture":"#0","tintindex":0},"south":{"uv":[5.375,11.5,6.25,12.375],"rotation":0,"texture":"#0","tintindex":0},"up":{"uv":[0.875,0.0,0.0,0.0],"rotation":0,"texture":"#0","tintindex":0},"west":{"uv":[0.0,0.0,0.0,0.875],"rotation":0,"texture":"#0","tintindex":0}}},{"name":"cube","from":[6.2,1.3999997,6.8],"to":[10.4,5.6,6.8],"rotation":{"angle":0.0,"axis":"y","origin":[8.3,1.9999998,8.3]},"faces":{"down":{"uv":[0.875,0.0,0.0,0.0],"rotation":0,"texture":"#0","tintindex":0},"east":{"uv":[0.0,0.0,0.0,0.875],"rotation":0,"texture":"#0","tintindex":0},"north":{"uv":[6.25,11.5,7.125,12.375],"rotation":0,"texture":"#0","tintindex":0},"south":{"uv":[11.75,0.0,12.625,0.875],"rotation":0,"texture":"#0","tintindex":0},"up":{"uv":[0.875,0.0,0.0,0.0],"rotation":0,"texture":"#0","tintindex":0},"west":{"uv":[0.0,0.0,0.0,0.875],"rotation":0,"texture":"#0","tintindex":0}}},{"name":"cube","from":[10.4,9.2,7.4],"to":[10.4,12.2,9.8],"rotation":{"angle":0.0,"axis":"x","origin":[8.0,8.0,8.0]},"faces":{"down":{"uv":[0.0,0.0,0.0,0.5],"rotation":0,"texture":"#0","tintindex":0},"east":{"uv":[14.5,2.25,15.0,2.875],"rotation":0,"texture":"#0","tintindex":0},"north":{"uv":[0.0,0.0,0.0,0.625],"rotation":0,"texture":"#0","tintindex":0},"south":{"uv":[0.0,0.0,0.0,0.625],"rotation":0,"texture":"#0","tintindex":0},"up":{"uv":[0.0,0.5,0.0,0.0],"rotation":0,"texture":"#0","tintindex":0},"west":{"uv":[14.5,2.875,15.0,3.5],"rotation":0,"texture":"#0","tintindex":0}}}],"display":{"head":{"translation":[0.0,-6.4,0.0],"rotation":[0.0,0.0,0.0],"scale":[3.8095,3.8095,3.8095]}}}