{"textures":{"0":"modelengine:entity/texture"},"elements":[{"name":"cube","from":[4.3999996,-2.1543455,6.2],"to":[11.6,3.245654,9.8],"rotation":{"angle":0.0,"axis":"x","origin":[8.0,-1.5543456,8.0]},"faces":{"down":{"uv":[10.75,5.625,9.25,6.375],"rotation":0,"texture":"#0","tintindex":0},"east":{"uv":[11.25,1.75,12.0,2.875],"rotation":0,"texture":"#0","tintindex":0},"north":{"uv":[6.75,0.0,8.25,1.125],"rotation":0,"texture":"#0","tintindex":0},"south":{"uv":[6.75,3.5,8.25,4.625],"rotation":0,"texture":"#0","tintindex":0},"up":{"uv":[10.625,2.375,9.125,1.625],"rotation":0,"texture":"#0","tintindex":0},"west":{"uv":[11.25,2.875,12.0,4.0],"rotation":0,"texture":"#0","tintindex":0}}},{"name":"cube","from":[4.46,-2.1543455,7.4],"to":[11.54,5.6456547,9.8],"rotation":{"angle":22.5,"axis":"x","origin":[8.0,-2.1543455,9.8]},"faces":{"down":{"uv":[13.5,3.5,12.0,4.0],"rotation":0,"texture":"#0","tintindex":0},"east":{"uv":[10.25,11.25,10.75,12.875],"rotation":0,"texture":"#0","tintindex":0},"north":{"uv":[0.0,0.0,1.5,1.625],"rotation":0,"texture":"#0","tintindex":0},"south":{"uv":[1.5,0.0,3.0,1.625],"rotation":0,"texture":"#0","tintindex":0},"up":{"uv":[13.375,5.375,11.875,4.875],"rotation":0,"texture":"#0","tintindex":0},"west":{"uv":[11.375,4.0,11.875,5.625],"rotation":0,"texture":"#0","tintindex":0}}},{"name":"cube","from":[5.06,3.8456545,6.8],"to":[10.940001,10.445656,9.2],"rotation":{"angle":22.5,"axis":"x","origin":[8.0,-2.1543455,9.8]},"faces":{"down":{"uv":[14.375,5.875,13.125,6.375],"rotation":0,"texture":"#0","tintindex":0},"east":{"uv":[2.125,12.625,2.625,14.0],"rotation":0,"texture":"#0","tintindex":0},"north":{"uv":[1.25,6.75,2.5,8.125],"rotation":0,"texture":"#0","tintindex":0},"south":{"uv":[6.75,2.125,8.0,3.5],"rotation":0,"texture":"#0","tintindex":0},"up":{"uv":[14.375,5.875,13.125,5.375],"rotation":0,"texture":"#0","tintindex":0},"west":{"uv":[2.625,12.625,3.125,14.0],"rotation":0,"texture":"#0","tintindex":0}}},{"name":"cube","from":[3.7999997,3.245654,5.6],"to":[12.2,8.645655,10.4],"rotation":{"angle":0.0,"axis":"x","origin":[8.0,-1.5543456,8.0]},"faces":{"down":{"uv":[7.25,1.125,5.5,2.125],"rotation":0,"texture":"#0","tintindex":0},"east":{"uv":[9.375,2.375,10.375,3.5],"rotation":0,"texture":"#0","tintindex":0},"north":{"uv":[5.0,0.0,6.75,1.125],"rotation":0,"texture":"#0","tintindex":0},"south":{"uv":[5.0,2.25,6.75,3.375],"rotation":0,"texture":"#0","tintindex":0},"up":{"uv":[4.75,6.125,3.0,5.125],"rotation":0,"texture":"#0","tintindex":0},"west":{"uv":[3.75,9.375,4.75,10.5],"rotation":0,"texture":"#0","tintindex":0}}},{"name":"cube","from":[3.8599997,3.245654,8.0],"to":[12.14,8.645655,10.4],"rotation":{"angle":22.5,"axis":"x","origin":[8.0,3.245654,10.4]},"faces":{"down":{"uv":[12.625,7.0,10.875,7.5],"rotation":0,"texture":"#0","tintindex":0},"east":{"uv":[13.125,7.875,13.625,9.0],"rotation":0,"texture":"#0","tintindex":0},"north":{"uv":[5.0,3.375,6.75,4.5],"rotation":0,"texture":"#0","tintindex":0},"south":{"uv":[5.0,4.5,6.75,5.625],"rotation":0,"texture":"#0","tintindex":0},"up":{"uv":[12.5,6.125,10.75,5.625],"rotation":0,"texture":"#0","tintindex":0},"west":{"uv":[13.125,9.0,13.625,10.125],"rotation":0,"texture":"#0","tintindex":0}}},{"name":"cube","from":[8.66,21.8,10.754072],"to":[10.940001,32.0,13.154073],"rotation":{"angle":22.5,"axis":"x","origin":[10.4,9.845654,13.400001]},"faces":{"down":{"uv":[11.625,14.875,11.125,15.375],"rotation":0,"texture":"#0","tintindex":0},"east":{"uv":[8.0,9.875,8.5,12.0],"rotation":0,"texture":"#0","tintindex":0},"north":{"uv":[8.5,9.75,9.0,11.875],"rotation":0,"texture":"#0","tintindex":0},"south":{"uv":[10.375,7.0,10.875,9.125],"rotation":0,"texture":"#0","tintindex":0},"up":{"uv":[15.375,10.625,14.875,10.125],"rotation":0,"texture":"#0","tintindex":0},"west":{"uv":[10.375,9.125,10.875,11.25],"rotation":0,"texture":"#0","tintindex":0}}},{"name":"cube","from":[3.1999998,8.645655,5.6],"to":[12.8,14.045654,11.0],"rotation":{"angle":0.0,"axis":"x","origin":[8.0,-1.5543456,8.0]},"faces":{"down":{"uv":[5.5,1.125,3.5,2.25],"rotation":0,"texture":"#0","tintindex":0},"east":{"uv":[8.25,0.0,9.375,1.125],"rotation":0,"texture":"#0","tintindex":0},"north":{"uv":[1.5,1.625,3.5,2.75],"rotation":0,"texture":"#0","tintindex":0},"south":{"uv":[1.5,2.75,3.5,3.875],"rotation":0,"texture":"#0","tintindex":0},"up":{"uv":[5.0,1.125,3.0,0.0],"rotation":0,"texture":"#0","tintindex":0},"west":{"uv":[8.25,2.5,9.375,3.625],"rotation":0,"texture":"#0","tintindex":0}}},{"name":"cube","from":[4.3999996,19.445656,11.6],"to":[6.2,26.045654,13.400001],"rotation":{"angle":0.0,"axis":"x","origin":[6.8,13.445656,11.6]},"faces":{"down":{"uv":[4.375,12.125,4.0,12.5],"rotation":0,"texture":"#0","tintindex":0},"east":{"uv":[0.0,13.75,0.375,15.125],"rotation":0,"texture":"#0","tintindex":0},"north":{"uv":[11.25,13.5,11.625,14.875],"rotation":0,"texture":"#0","tintindex":0},"south":{"uv":[13.75,0.0,14.125,1.375],"rotation":0,"texture":"#0","tintindex":0},"up":{"uv":[9.25,6.0,8.875,5.625],"rotation":0,"texture":"#0","tintindex":0},"west":{"uv":[0.375,13.75,0.75,15.125],"rotation":0,"texture":"#0","tintindex":0}}},{"name":"cube","from":[3.7999997,17.645657,9.8],"to":[5.6,23.045654,12.2],"rotation":{"angle":45.0,"axis":"z","origin":[4.3999996,12.245655,11.0]},"faces":{"down":{"uv":[14.5,14.875,14.125,15.375],"rotation":0,"texture":"#0","tintindex":0},"east":{"uv":[6.75,13.5,7.25,14.625],"rotation":0,"texture":"#0","tintindex":0},"north":{"uv":[2.125,14.0,2.5,15.125],"rotation":0,"texture":"#0","tintindex":0},"south":{"uv":[2.5,14.0,2.875,15.125],"rotation":0,"texture":"#0","tintindex":0},"up":{"uv":[4.0,13.5,3.625,13.0],"rotation":0,"texture":"#0","tintindex":0},"west":{"uv":[10.75,13.5,11.25,14.625],"rotation":0,"texture":"#0","tintindex":0}}},{"name":"cube","from":[3.7999997,8.645655,7.4],"to":[12.2,13.445656,10.4],"rotation":{"angle":22.5,"axis":"x","origin":[6.5,6.245654,10.4]},"faces":{"down":{"uv":[11.25,3.5,9.5,4.125],"rotation":0,"texture":"#0","tintindex":0},"east":{"uv":[7.25,1.125,7.875,2.125],"rotation":0,"texture":"#0","tintindex":0},"north":{"uv":[4.75,5.625,6.5,6.625],"rotation":0,"texture":"#0","tintindex":0},"south":{"uv":[3.0,6.125,4.75,7.125],"rotation":0,"texture":"#0","tintindex":0},"up":{"uv":[11.0,7.0,9.25,6.375],"rotation":0,"texture":"#0","tintindex":0},"west":{"uv":[8.25,3.625,8.875,4.625],"rotation":0,"texture":"#0","tintindex":0}}},{"name":"cube","from":[6.2,14.045654,6.8],"to":[9.8,17.045654,10.4],"rotation":{"angle":0.0,"axis":"x","origin":[8.0,-1.5543456,8.0]},"faces":{"down":{"uv":[4.375,13.625,3.625,14.375],"rotation":0,"texture":"#0","tintindex":0},"east":{"uv":[13.75,2.0,14.5,2.625],"rotation":0,"texture":"#0","tintindex":0},"north":{"uv":[13.75,1.375,14.5,2.0],"rotation":0,"texture":"#0","tintindex":0},"south":{"uv":[13.75,2.625,14.5,3.25],"rotation":0,"texture":"#0","tintindex":0},"up":{"uv":[13.875,12.375,13.125,11.625],"rotation":0,"texture":"#0","tintindex":0},"west":{"uv":[13.75,13.0,14.5,13.625],"rotation":0,"texture":"#0","tintindex":0}}}],"display":{"head":{"translation":[0.0,27.029558,0.0],"rotation":[0.0,0.0,0.0],"scale":[3.8095,3.8095,3.8095]}}}