{"textures":{"0":"modelengine:entity/glaceous"},"elements":[{"name":"cube","from":[5.0,1.9999998,6.8],"to":[8.0,9.8,10.4],"rotation":{"angle":0.0,"axis":"x","origin":[8.0,8.0,8.6]},"faces":{"down":{"uv":[14.375,13.625,13.75,14.375],"rotation":0,"texture":"#0","tintindex":0},"east":{"uv":[4.75,9.125,5.5,10.75],"rotation":0,"texture":"#0","tintindex":0},"north":{"uv":[10.125,0.0,10.75,1.625],"rotation":0,"texture":"#0","tintindex":0},"south":{"uv":[0.0,10.5,0.625,12.125],"rotation":0,"texture":"#0","tintindex":0},"up":{"uv":[2.125,14.5,1.5,13.75],"rotation":0,"texture":"#0","tintindex":0},"west":{"uv":[9.0,9.125,9.75,10.75],"rotation":0,"texture":"#0","tintindex":0}}}],"display":{"head":{"translation":[0.0,-6.4,0.0],"rotation":[0.0,0.0,0.0],"scale":[3.8095,3.8095,3.8095]}}}