{"textures":{"0":"modelengine:entity/texture"},"elements":[{"name":"cube","from":[6.8,0.59681726,6.877613],"to":[9.8,8.996817,9.277613],"rotation":{"angle":0.0,"axis":"x","origin":[7.4,0.59681726,7.477613]},"faces":{"down":{"uv":[15.125,6.25,14.5,6.75],"rotation":0,"texture":"#0","tintindex":0},"east":{"uv":[10.875,7.5,11.375,9.25],"rotation":0,"texture":"#0","tintindex":0},"north":{"uv":[6.625,9.75,7.25,11.5],"rotation":0,"texture":"#0","tintindex":0},"south":{"uv":[9.75,8.75,10.375,10.5],"rotation":0,"texture":"#0","tintindex":0},"up":{"uv":[15.125,4.0,14.5,3.5],"rotation":0,"texture":"#0","tintindex":0},"west":{"uv":[10.875,9.25,11.375,11.0],"rotation":0,"texture":"#0","tintindex":0}}}],"display":{"head":{"translation":[0.0,-6.4,0.0],"rotation":[0.0,0.0,0.0],"scale":[3.8095,3.8095,3.8095]}}}