{"textures":{"0":"modelengine:entity/glaceous"},"elements":[{"name":"cube","from":[6.8,1.3999997,6.2],"to":[9.2,8.6,9.2],"rotation":{"angle":0.0,"axis":"x","origin":[8.0,8.0,8.0]},"faces":{"down":{"uv":[13.25,5.25,12.75,5.875],"rotation":0,"texture":"#0","tintindex":0},"east":{"uv":[7.0,9.0,7.625,10.5],"rotation":0,"texture":"#0","tintindex":0},"north":{"uv":[0.5,10.625,1.0,12.125],"rotation":0,"texture":"#0","tintindex":0},"south":{"uv":[8.75,10.625,9.25,12.125],"rotation":0,"texture":"#0","tintindex":0},"up":{"uv":[13.25,5.25,12.75,4.625],"rotation":0,"texture":"#0","tintindex":0},"west":{"uv":[7.625,9.0,8.25,10.5],"rotation":0,"texture":"#0","tintindex":0}}},{"name":"cube","from":[6.8,-1.0000005,6.2],"to":[9.2,1.9999998,6.2],"rotation":{"angle":-45.0,"axis":"x","origin":[8.0,1.3999997,6.2]},"faces":{"down":{"uv":[0.5,0.0,0.0,0.0],"rotation":0,"texture":"#0","tintindex":0},"east":{"uv":[0.0,0.0,0.0,0.625],"rotation":0,"texture":"#0","tintindex":0},"north":{"uv":[5.625,12.75,6.125,13.375],"rotation":0,"texture":"#0","tintindex":0},"south":{"uv":[6.125,12.75,6.625,13.375],"rotation":0,"texture":"#0","tintindex":0},"up":{"uv":[0.5,0.0,0.0,0.0],"rotation":0,"texture":"#0","tintindex":0},"west":{"uv":[0.0,0.0,0.0,0.625],"rotation":0,"texture":"#0","tintindex":0}}},{"name":"cube","from":[6.8,-1.0000005,9.2],"to":[9.2,1.9999998,9.2],"rotation":{"angle":45.0,"axis":"x","origin":[8.0,1.3999997,9.2]},"faces":{"down":{"uv":[0.5,0.0,0.0,0.0],"rotation":0,"texture":"#0","tintindex":0},"east":{"uv":[0.0,0.0,0.0,0.625],"rotation":0,"texture":"#0","tintindex":0},"north":{"uv":[10.375,12.375,10.875,13.0],"rotation":0,"texture":"#0","tintindex":0},"south":{"uv":[12.5,10.0,13.0,10.625],"rotation":0,"texture":"#0","tintindex":0},"up":{"uv":[0.5,0.0,0.0,0.0],"rotation":0,"texture":"#0","tintindex":0},"west":{"uv":[0.0,0.0,0.0,0.625],"rotation":0,"texture":"#0","tintindex":0}}},{"name":"cube","from":[6.8,-0.40000033,6.2],"to":[6.8,1.9999998,9.2],"rotation":{"angle":22.5,"axis":"z","origin":[6.8,1.3999997,7.7]},"faces":{"down":{"uv":[0.0,0.0,0.0,0.625],"rotation":0,"texture":"#0","tintindex":0},"east":{"uv":[12.75,1.25,13.375,1.75],"rotation":0,"texture":"#0","tintindex":0},"north":{"uv":[0.0,0.0,0.0,0.5],"rotation":0,"texture":"#0","tintindex":0},"south":{"uv":[0.0,0.0,0.0,0.5],"rotation":0,"texture":"#0","tintindex":0},"up":{"uv":[0.0,0.625,0.0,0.0],"rotation":0,"texture":"#0","tintindex":0},"west":{"uv":[7.875,12.75,8.5,13.25],"rotation":0,"texture":"#0","tintindex":0}}},{"name":"cube","from":[9.2,-0.40000033,6.2],"to":[9.2,1.9999998,9.2],"rotation":{"angle":-22.5,"axis":"z","origin":[9.2,1.3999997,8.0]},"faces":{"down":{"uv":[0.0,0.0,0.0,0.625],"rotation":0,"texture":"#0","tintindex":0},"east":{"uv":[10.875,12.75,11.5,13.25],"rotation":0,"texture":"#0","tintindex":0},"north":{"uv":[0.0,0.0,0.0,0.5],"rotation":0,"texture":"#0","tintindex":0},"south":{"uv":[0.0,0.0,0.0,0.5],"rotation":0,"texture":"#0","tintindex":0},"up":{"uv":[0.0,0.625,0.0,0.0],"rotation":0,"texture":"#0","tintindex":0},"west":{"uv":[11.5,12.75,12.125,13.25],"rotation":0,"texture":"#0","tintindex":0}}},{"name":"cube","from":[6.41,1.8200002,5.6],"to":[6.41,5.42,9.8],"rotation":{"angle":0.0,"axis":"x","origin":[8.0,0.7999997,7.7]},"faces":{"down":{"uv":[0.0,0.0,0.0,0.875],"rotation":0,"texture":"#0","tintindex":0},"east":{"uv":[7.0,11.125,7.875,11.875],"rotation":0,"texture":"#0","tintindex":0},"north":{"uv":[0.0,0.0,0.0,0.75],"rotation":0,"texture":"#0","tintindex":0},"south":{"uv":[0.0,0.0,0.0,0.75],"rotation":0,"texture":"#0","tintindex":0},"up":{"uv":[0.0,0.875,0.0,0.0],"rotation":0,"texture":"#0","tintindex":0},"west":{"uv":[1.0,11.25,1.875,12.0],"rotation":0,"texture":"#0","tintindex":0}}},{"name":"cube","from":[6.2,1.8200002,5.81],"to":[9.8,5.42,5.81],"rotation":{"angle":0.0,"axis":"x","origin":[8.0,1.9999998,7.7]},"faces":{"down":{"uv":[0.75,0.0,0.0,0.0],"rotation":0,"texture":"#0","tintindex":0},"east":{"uv":[0.0,0.0,0.0,0.75],"rotation":0,"texture":"#0","tintindex":0},"north":{"uv":[11.375,7.5,12.125,8.25],"rotation":0,"texture":"#0","tintindex":0},"south":{"uv":[7.875,11.375,8.625,12.125],"rotation":0,"texture":"#0","tintindex":0},"up":{"uv":[0.75,0.0,0.0,0.0],"rotation":0,"texture":"#0","tintindex":0},"west":{"uv":[0.0,0.0,0.0,0.75],"rotation":0,"texture":"#0","tintindex":0}}}],"display":{"head":{"translation":[0.0,-6.4,0.0],"rotation":[0.0,0.0,0.0],"scale":[3.8095,3.8095,3.8095]}}}