{"textures":{"0":"modelengine:entity/glaceous"},"elements":[{"name":"cube","from":[6.8,1.3999997,6.2],"to":[9.2,8.6,9.2],"rotation":{"angle":0.0,"axis":"x","origin":[8.0,8.0,8.0]},"faces":{"down":{"uv":[12.25,13.125,11.75,13.75],"rotation":0,"texture":"#0","tintindex":0},"east":{"uv":[7.0,9.0,7.625,10.5],"rotation":0,"texture":"#0","tintindex":0},"north":{"uv":[7.75,11.125,8.25,12.625],"rotation":0,"texture":"#0","tintindex":0},"south":{"uv":[1.375,11.25,1.875,12.75],"rotation":0,"texture":"#0","tintindex":0},"up":{"uv":[13.625,11.125,13.125,10.5],"rotation":0,"texture":"#0","tintindex":0},"west":{"uv":[7.625,9.0,8.25,10.5],"rotation":0,"texture":"#0","tintindex":0}}},{"name":"cube","from":[6.8,-1.0000005,6.2],"to":[9.2,1.9999998,6.2],"rotation":{"angle":-45.0,"axis":"x","origin":[8.0,1.3999997,6.2]},"faces":{"down":{"uv":[0.5,0.0,0.0,0.0],"rotation":0,"texture":"#0","tintindex":0},"east":{"uv":[0.0,0.0,0.0,0.625],"rotation":0,"texture":"#0","tintindex":0},"north":{"uv":[13.25,0.0,13.75,0.625],"rotation":0,"texture":"#0","tintindex":0},"south":{"uv":[0.625,13.25,1.125,13.875],"rotation":0,"texture":"#0","tintindex":0},"up":{"uv":[0.5,0.0,0.0,0.0],"rotation":0,"texture":"#0","tintindex":0},"west":{"uv":[0.0,0.0,0.0,0.625],"rotation":0,"texture":"#0","tintindex":0}}},{"name":"cube","from":[6.8,-1.0000005,9.2],"to":[9.2,1.9999998,9.2],"rotation":{"angle":45.0,"axis":"x","origin":[8.0,1.3999997,9.2]},"faces":{"down":{"uv":[0.5,0.0,0.0,0.0],"rotation":0,"texture":"#0","tintindex":0},"east":{"uv":[0.0,0.0,0.0,0.625],"rotation":0,"texture":"#0","tintindex":0},"north":{"uv":[13.25,6.25,13.75,6.875],"rotation":0,"texture":"#0","tintindex":0},"south":{"uv":[13.25,6.875,13.75,7.5],"rotation":0,"texture":"#0","tintindex":0},"up":{"uv":[0.5,0.0,0.0,0.0],"rotation":0,"texture":"#0","tintindex":0},"west":{"uv":[0.0,0.0,0.0,0.625],"rotation":0,"texture":"#0","tintindex":0}}},{"name":"cube","from":[6.8,-0.40000033,6.2],"to":[6.8,1.9999998,9.2],"rotation":{"angle":22.5,"axis":"z","origin":[6.8,1.3999997,7.7]},"faces":{"down":{"uv":[0.0,0.0,0.0,0.625],"rotation":0,"texture":"#0","tintindex":0},"east":{"uv":[12.875,13.25,13.5,13.75],"rotation":0,"texture":"#0","tintindex":0},"north":{"uv":[0.0,0.0,0.0,0.5],"rotation":0,"texture":"#0","tintindex":0},"south":{"uv":[0.0,0.0,0.0,0.5],"rotation":0,"texture":"#0","tintindex":0},"up":{"uv":[0.0,0.625,0.0,0.0],"rotation":0,"texture":"#0","tintindex":0},"west":{"uv":[13.375,0.625,14.0,1.125],"rotation":0,"texture":"#0","tintindex":0}}},{"name":"cube","from":[9.2,-0.40000033,6.2],"to":[9.2,1.9999998,9.2],"rotation":{"angle":-22.5,"axis":"z","origin":[9.2,1.3999997,8.0]},"faces":{"down":{"uv":[0.0,0.0,0.0,0.625],"rotation":0,"texture":"#0","tintindex":0},"east":{"uv":[13.375,1.125,14.0,1.625],"rotation":0,"texture":"#0","tintindex":0},"north":{"uv":[0.0,0.0,0.0,0.5],"rotation":0,"texture":"#0","tintindex":0},"south":{"uv":[0.0,0.0,0.0,0.5],"rotation":0,"texture":"#0","tintindex":0},"up":{"uv":[0.0,0.625,0.0,0.0],"rotation":0,"texture":"#0","tintindex":0},"west":{"uv":[13.375,1.625,14.0,2.125],"rotation":0,"texture":"#0","tintindex":0}}},{"name":"cube","from":[6.41,1.8200002,5.6],"to":[6.41,5.42,9.8],"rotation":{"angle":0.0,"axis":"x","origin":[8.0,0.7999997,7.7]},"faces":{"down":{"uv":[0.0,0.0,0.0,0.875],"rotation":0,"texture":"#0","tintindex":0},"east":{"uv":[10.875,6.125,11.75,6.875],"rotation":0,"texture":"#0","tintindex":0},"north":{"uv":[0.0,0.0,0.0,0.75],"rotation":0,"texture":"#0","tintindex":0},"south":{"uv":[0.0,0.0,0.0,0.75],"rotation":0,"texture":"#0","tintindex":0},"up":{"uv":[0.0,0.875,0.0,0.0],"rotation":0,"texture":"#0","tintindex":0},"west":{"uv":[9.125,11.625,10.0,12.375],"rotation":0,"texture":"#0","tintindex":0}}},{"name":"cube","from":[6.41,1.8200002,5.6],"to":[6.41,5.42,9.8],"rotation":{"angle":0.0,"axis":"x","origin":[8.0,0.7999997,7.7]},"faces":{"down":{"uv":[0.0,0.0,0.0,0.875],"rotation":0,"texture":"#0","tintindex":0},"east":{"uv":[11.75,5.25,12.625,6.0],"rotation":0,"texture":"#0","tintindex":0},"north":{"uv":[0.0,0.0,0.0,0.75],"rotation":0,"texture":"#0","tintindex":0},"south":{"uv":[0.0,0.0,0.0,0.75],"rotation":0,"texture":"#0","tintindex":0},"up":{"uv":[0.0,0.875,0.0,0.0],"rotation":0,"texture":"#0","tintindex":0},"west":{"uv":[11.75,6.0,12.625,6.75],"rotation":0,"texture":"#0","tintindex":0}}},{"name":"cube","from":[6.2,1.8200002,5.81],"to":[9.8,5.42,5.81],"rotation":{"angle":0.0,"axis":"x","origin":[8.0,1.9999998,7.7]},"faces":{"down":{"uv":[0.75,0.0,0.0,0.0],"rotation":0,"texture":"#0","tintindex":0},"east":{"uv":[0.0,0.0,0.0,0.75],"rotation":0,"texture":"#0","tintindex":0},"north":{"uv":[12.0,0.0,12.75,0.75],"rotation":0,"texture":"#0","tintindex":0},"south":{"uv":[12.0,0.75,12.75,1.5],"rotation":0,"texture":"#0","tintindex":0},"up":{"uv":[0.75,0.0,0.0,0.0],"rotation":0,"texture":"#0","tintindex":0},"west":{"uv":[0.0,0.0,0.0,0.75],"rotation":0,"texture":"#0","tintindex":0}}},{"name":"cube","from":[6.2,1.8200002,5.81],"to":[9.8,5.42,5.81],"rotation":{"angle":0.0,"axis":"x","origin":[8.0,1.9999998,7.7]},"faces":{"down":{"uv":[0.75,0.0,0.0,0.0],"rotation":0,"texture":"#0","tintindex":0},"east":{"uv":[0.0,0.0,0.0,0.75],"rotation":0,"texture":"#0","tintindex":0},"north":{"uv":[1.875,12.0,2.625,12.75],"rotation":0,"texture":"#0","tintindex":0},"south":{"uv":[12.0,3.25,12.75,4.0],"rotation":0,"texture":"#0","tintindex":0},"up":{"uv":[0.75,0.0,0.0,0.0],"rotation":0,"texture":"#0","tintindex":0},"west":{"uv":[0.0,0.0,0.0,0.75],"rotation":0,"texture":"#0","tintindex":0}}}],"display":{"head":{"translation":[0.0,-6.4,0.0],"rotation":[0.0,0.0,0.0],"scale":[3.8095,3.8095,3.8095]}}}