{"textures":{"0":"modelengine:entity/texture"},"elements":[{"name":"cube","from":[5.66,19.951832,6.5578346],"to":[7.34,28.35183,8.957835],"rotation":{"angle":22.5,"axis":"x","origin":[8.0,8.0,8.0]},"faces":{"down":{"uv":[1.25,12.125,0.875,12.625],"rotation":0,"texture":"#0","tintindex":0},"east":{"uv":[1.75,10.75,2.25,12.5],"rotation":0,"texture":"#0","tintindex":0},"north":{"uv":[9.875,12.5,10.25,14.25],"rotation":0,"texture":"#0","tintindex":0},"south":{"uv":[7.25,12.625,7.625,14.375],"rotation":0,"texture":"#0","tintindex":0},"up":{"uv":[9.0,12.375,8.625,11.875],"rotation":0,"texture":"#0","tintindex":0},"west":{"uv":[4.375,10.75,4.875,12.5],"rotation":0,"texture":"#0","tintindex":0}}}],"display":{"head":{"translation":[0.0,-6.4,0.0],"rotation":[0.0,0.0,0.0],"scale":[3.8095,3.8095,3.8095]}}}