{"textures":{"0":"modelengine:entity/glaceous"},"elements":[{"name":"cube","from":[5.0,8.0,5.6],"to":[11.0,14.6,11.0],"rotation":{"angle":0.0,"axis":"x","origin":[8.0,-8.200001,8.0]},"faces":{"down":{"uv":[8.0,5.25,6.75,6.375],"rotation":0,"texture":"#0","tintindex":0},"east":{"uv":[1.75,6.375,2.875,7.75],"rotation":0,"texture":"#0","tintindex":0},"north":{"uv":[5.5,4.375,6.75,5.75],"rotation":0,"texture":"#0","tintindex":0},"south":{"uv":[5.5,5.75,6.75,7.125],"rotation":0,"texture":"#0","tintindex":0},"up":{"uv":[5.25,7.625,4.0,6.5],"rotation":0,"texture":"#0","tintindex":0},"west":{"uv":[2.875,6.375,4.0,7.75],"rotation":0,"texture":"#0","tintindex":0}}}],"display":{"head":{"translation":[0.0,-6.4,0.0],"rotation":[0.0,0.0,0.0],"scale":[3.8095,3.8095,3.8095]}}}