{"textures":{"0":"modelengine:entity/glaceous"},"elements":[{"name":"cube","from":[8.0,1.9999998,6.8],"to":[11.0,9.8,10.4],"rotation":{"angle":0.0,"axis":"x","origin":[8.0,8.0,8.6]},"faces":{"down":{"uv":[12.75,0.0,12.125,0.75],"rotation":0,"texture":"#0","tintindex":0},"east":{"uv":[1.875,7.75,2.625,9.375],"rotation":0,"texture":"#0","tintindex":0},"north":{"uv":[5.375,8.625,6.0,10.25],"rotation":0,"texture":"#0","tintindex":0},"south":{"uv":[8.75,5.875,9.375,7.5],"rotation":0,"texture":"#0","tintindex":0},"up":{"uv":[12.625,12.75,12.0,12.0],"rotation":0,"texture":"#0","tintindex":0},"west":{"uv":[2.625,7.75,3.375,9.375],"rotation":0,"texture":"#0","tintindex":0}}}],"display":{"head":{"translation":[0.0,-6.4,0.0],"rotation":[0.0,0.0,0.0],"scale":[3.8095,3.8095,3.8095]}}}