{"textures":{"0":"modelengine:entity/texture"},"elements":[{"name":"cube","from":[6.26,20.600002,3.7999997],"to":[9.74,31.400002,7.4],"rotation":{"angle":22.5,"axis":"x","origin":[8.0,8.0,8.0]},"faces":{"down":{"uv":[13.875,7.125,13.125,7.875],"rotation":0,"texture":"#0","tintindex":0},"east":{"uv":[3.25,7.125,4.0,9.375],"rotation":0,"texture":"#0","tintindex":0},"north":{"uv":[2.5,7.125,3.25,9.375],"rotation":0,"texture":"#0","tintindex":0},"south":{"uv":[4.0,7.125,4.75,9.375],"rotation":0,"texture":"#0","tintindex":0},"up":{"uv":[13.875,7.125,13.125,6.375],"rotation":0,"texture":"#0","tintindex":0},"west":{"uv":[7.25,7.0,8.0,9.25],"rotation":0,"texture":"#0","tintindex":0}}}],"display":{"head":{"translation":[0.0,-6.4,0.0],"rotation":[0.0,0.0,0.0],"scale":[3.8095,3.8095,3.8095]}}}