{"textures":{"0":"modelengine:entity/texture"},"elements":[{"name":"cube","from":[5.0,8.6,7.4],"to":[8.0,14.0,9.8],"rotation":{"angle":0.0,"axis":"x","origin":[8.0,8.0,8.0]},"faces":{"down":{"uv":[15.0,13.625,14.375,14.125],"rotation":0,"texture":"#0","tintindex":0},"east":{"uv":[12.75,13.125,13.25,14.25],"rotation":0,"texture":"#0","tintindex":0},"north":{"uv":[5.375,12.375,6.0,13.5],"rotation":0,"texture":"#0","tintindex":0},"south":{"uv":[6.0,12.375,6.625,13.5],"rotation":0,"texture":"#0","tintindex":0},"up":{"uv":[14.125,14.875,13.5,14.375],"rotation":0,"texture":"#0","tintindex":0},"west":{"uv":[13.25,0.0,13.75,1.125],"rotation":0,"texture":"#0","tintindex":0}}}],"display":{"head":{"translation":[0.0,-6.4,0.0],"rotation":[0.0,0.0,0.0],"scale":[3.8095,3.8095,3.8095]}}}