{"textures":{"0":"modelengine:entity/glaceous"},"elements":[{"name":"cube","from":[6.8,0.19999981,7.4],"to":[9.2,8.6,9.2],"rotation":{"angle":0.0,"axis":"x","origin":[6.2,0.19999981,8.6]},"faces":{"down":{"uv":[14.375,8.0,13.875,8.375],"rotation":0,"texture":"#0","tintindex":0},"east":{"uv":[11.5,1.75,11.875,3.5],"rotation":0,"texture":"#0","tintindex":0},"north":{"uv":[2.125,9.375,2.625,11.125],"rotation":0,"texture":"#0","tintindex":0},"south":{"uv":[2.625,9.375,3.125,11.125],"rotation":0,"texture":"#0","tintindex":0},"up":{"uv":[12.5,8.625,12.0,8.25],"rotation":0,"texture":"#0","tintindex":0},"west":{"uv":[11.625,0.0,12.0,1.75],"rotation":0,"texture":"#0","tintindex":0}}},{"name":"cube","from":[6.2,0.19999981,7.4],"to":[10.4,1.9999998,7.4],"rotation":{"angle":-22.5,"axis":"x","origin":[8.3,0.19999981,7.4]},"faces":{"down":{"uv":[0.875,0.0,0.0,0.0],"rotation":0,"texture":"#0","tintindex":0},"east":{"uv":[0.0,0.0,0.0,0.375],"rotation":0,"texture":"#0","tintindex":0},"north":{"uv":[12.75,7.5,13.625,7.875],"rotation":0,"texture":"#0","tintindex":0},"south":{"uv":[12.75,7.875,13.625,8.25],"rotation":0,"texture":"#0","tintindex":0},"up":{"uv":[0.875,0.0,0.0,0.0],"rotation":0,"texture":"#0","tintindex":0},"west":{"uv":[0.0,0.0,0.0,0.375],"rotation":0,"texture":"#0","tintindex":0}}},{"name":"cube","from":[7.4,0.19999981,6.2],"to":[7.4,1.9999998,10.4],"rotation":{"angle":22.5,"axis":"z","origin":[7.4,0.19999981,8.3]},"faces":{"down":{"uv":[0.0,0.0,0.0,0.875],"rotation":0,"texture":"#0","tintindex":0},"east":{"uv":[12.875,11.375,13.75,11.75],"rotation":0,"texture":"#0","tintindex":0},"north":{"uv":[0.0,0.0,0.0,0.375],"rotation":0,"texture":"#0","tintindex":0},"south":{"uv":[0.0,0.0,0.0,0.375],"rotation":0,"texture":"#0","tintindex":0},"up":{"uv":[0.0,0.875,0.0,0.0],"rotation":0,"texture":"#0","tintindex":0},"west":{"uv":[12.875,11.75,13.75,12.125],"rotation":0,"texture":"#0","tintindex":0}}},{"name":"cube","from":[9.2,0.19999981,6.2],"to":[9.2,1.9999998,10.4],"rotation":{"angle":-22.5,"axis":"z","origin":[9.2,0.19999981,8.3]},"faces":{"down":{"uv":[0.0,0.0,0.0,0.875],"rotation":0,"texture":"#0","tintindex":0},"east":{"uv":[12.875,12.125,13.75,12.5],"rotation":0,"texture":"#0","tintindex":0},"north":{"uv":[0.0,0.0,0.0,0.375],"rotation":0,"texture":"#0","tintindex":0},"south":{"uv":[0.0,0.0,0.0,0.375],"rotation":0,"texture":"#0","tintindex":0},"up":{"uv":[0.0,0.875,0.0,0.0],"rotation":0,"texture":"#0","tintindex":0},"west":{"uv":[12.875,12.5,13.75,12.875],"rotation":0,"texture":"#0","tintindex":0}}},{"name":"cube","from":[6.2,0.19999981,9.2],"to":[10.4,1.9999998,9.2],"rotation":{"angle":22.5,"axis":"x","origin":[8.3,0.19999981,9.2]},"faces":{"down":{"uv":[0.875,0.0,0.0,0.0],"rotation":0,"texture":"#0","tintindex":0},"east":{"uv":[0.0,0.0,0.0,0.375],"rotation":0,"texture":"#0","tintindex":0},"north":{"uv":[12.875,12.875,13.75,13.25],"rotation":0,"texture":"#0","tintindex":0},"south":{"uv":[4.125,13.0,5.0,13.375],"rotation":0,"texture":"#0","tintindex":0},"up":{"uv":[0.875,0.0,0.0,0.0],"rotation":0,"texture":"#0","tintindex":0},"west":{"uv":[0.0,0.0,0.0,0.375],"rotation":0,"texture":"#0","tintindex":0}}},{"name":"cube","from":[6.2,8.0,7.4],"to":[10.4,12.2,7.4],"rotation":{"angle":0.0,"axis":"x","origin":[8.0,8.0,8.0]},"faces":{"down":{"uv":[0.875,0.0,0.0,0.0],"rotation":0,"texture":"#0","tintindex":0},"east":{"uv":[0.0,0.0,0.0,0.875],"rotation":0,"texture":"#0","tintindex":0},"north":{"uv":[10.5,7.5,11.375,8.375],"rotation":0,"texture":"#0","tintindex":0},"south":{"uv":[10.5,8.375,11.375,9.25],"rotation":0,"texture":"#0","tintindex":0},"up":{"uv":[0.875,0.0,0.0,0.0],"rotation":0,"texture":"#0","tintindex":0},"west":{"uv":[0.0,0.0,0.0,0.875],"rotation":0,"texture":"#0","tintindex":0}}},{"name":"cube","from":[9.2,8.0,7.4],"to":[9.2,9.8,9.8],"rotation":{"angle":-45.0,"axis":"z","origin":[9.2,8.0,8.0]},"faces":{"down":{"uv":[0.0,0.0,0.0,0.5],"rotation":0,"texture":"#0","tintindex":0},"east":{"uv":[13.875,8.375,14.375,8.75],"rotation":0,"texture":"#0","tintindex":0},"north":{"uv":[0.0,0.0,0.0,0.375],"rotation":0,"texture":"#0","tintindex":0},"south":{"uv":[0.0,0.0,0.0,0.375],"rotation":0,"texture":"#0","tintindex":0},"up":{"uv":[0.0,0.5,0.0,0.0],"rotation":0,"texture":"#0","tintindex":0},"west":{"uv":[13.875,8.75,14.375,9.125],"rotation":0,"texture":"#0","tintindex":0}}},{"name":"cube","from":[6.2,1.3999997,6.8],"to":[10.4,5.6,6.8],"rotation":{"angle":0.0,"axis":"x","origin":[8.3,1.9999998,8.3]},"faces":{"down":{"uv":[0.875,0.0,0.0,0.0],"rotation":0,"texture":"#0","tintindex":0},"east":{"uv":[0.0,0.0,0.0,0.875],"rotation":0,"texture":"#0","tintindex":0},"north":{"uv":[10.5,9.25,11.375,10.125],"rotation":0,"texture":"#0","tintindex":0},"south":{"uv":[10.5,10.125,11.375,11.0],"rotation":0,"texture":"#0","tintindex":0},"up":{"uv":[0.875,0.0,0.0,0.0],"rotation":0,"texture":"#0","tintindex":0},"west":{"uv":[0.0,0.0,0.0,0.875],"rotation":0,"texture":"#0","tintindex":0}}},{"name":"cube","from":[6.2,1.3999997,6.8],"to":[10.4,5.6,6.8],"rotation":{"angle":0.0,"axis":"y","origin":[8.3,1.9999998,8.3]},"faces":{"down":{"uv":[0.875,0.0,0.0,0.0],"rotation":0,"texture":"#0","tintindex":0},"east":{"uv":[0.0,0.0,0.0,0.875],"rotation":0,"texture":"#0","tintindex":0},"north":{"uv":[10.625,1.75,11.5,2.625],"rotation":0,"texture":"#0","tintindex":0},"south":{"uv":[10.625,2.625,11.5,3.5],"rotation":0,"texture":"#0","tintindex":0},"up":{"uv":[0.875,0.0,0.0,0.0],"rotation":0,"texture":"#0","tintindex":0},"west":{"uv":[0.0,0.0,0.0,0.875],"rotation":0,"texture":"#0","tintindex":0}}},{"name":"cube","from":[6.2,1.3999997,6.8],"to":[10.4,5.6,6.8],"rotation":{"angle":0.0,"axis":"x","origin":[8.3,1.9999998,8.3]},"faces":{"down":{"uv":[0.875,0.0,0.0,0.0],"rotation":0,"texture":"#0","tintindex":0},"east":{"uv":[0.0,0.0,0.0,0.875],"rotation":0,"texture":"#0","tintindex":0},"north":{"uv":[10.75,0.0,11.625,0.875],"rotation":0,"texture":"#0","tintindex":0},"south":{"uv":[10.75,0.875,11.625,1.75],"rotation":0,"texture":"#0","tintindex":0},"up":{"uv":[0.875,0.0,0.0,0.0],"rotation":0,"texture":"#0","tintindex":0},"west":{"uv":[0.0,0.0,0.0,0.875],"rotation":0,"texture":"#0","tintindex":0}}},{"name":"cube","from":[6.2,1.3999997,6.8],"to":[10.4,5.6,6.8],"rotation":{"angle":0.0,"axis":"y","origin":[8.3,1.9999998,8.3]},"faces":{"down":{"uv":[0.875,0.0,0.0,0.0],"rotation":0,"texture":"#0","tintindex":0},"east":{"uv":[0.0,0.0,0.0,0.875],"rotation":0,"texture":"#0","tintindex":0},"north":{"uv":[10.75,3.5,11.625,4.375],"rotation":0,"texture":"#0","tintindex":0},"south":{"uv":[10.75,4.375,11.625,5.25],"rotation":0,"texture":"#0","tintindex":0},"up":{"uv":[0.875,0.0,0.0,0.0],"rotation":0,"texture":"#0","tintindex":0},"west":{"uv":[0.0,0.0,0.0,0.875],"rotation":0,"texture":"#0","tintindex":0}}},{"name":"cube","from":[10.4,9.2,7.4],"to":[10.4,12.2,9.8],"rotation":{"angle":0.0,"axis":"x","origin":[8.0,8.0,8.0]},"faces":{"down":{"uv":[0.0,0.0,0.0,0.5],"rotation":0,"texture":"#0","tintindex":0},"east":{"uv":[13.125,5.0,13.625,5.625],"rotation":0,"texture":"#0","tintindex":0},"north":{"uv":[0.0,0.0,0.0,0.625],"rotation":0,"texture":"#0","tintindex":0},"south":{"uv":[0.0,0.0,0.0,0.625],"rotation":0,"texture":"#0","tintindex":0},"up":{"uv":[0.0,0.5,0.0,0.0],"rotation":0,"texture":"#0","tintindex":0},"west":{"uv":[13.125,5.625,13.625,6.25],"rotation":0,"texture":"#0","tintindex":0}}}],"display":{"head":{"translation":[0.0,-6.4,0.0],"rotation":[0.0,0.0,0.0],"scale":[3.8095,3.8095,3.8095]}}}