{"textures":{"0":"modelengine:entity/glaceous"},"elements":[{"name":"cube","from":[6.2,0.59681726,6.877613],"to":[9.2,8.996817,9.277613],"rotation":{"angle":0.0,"axis":"x","origin":[8.0,0.59681726,7.477613]},"faces":{"down":{"uv":[15.125,1.75,14.5,2.25],"rotation":0,"texture":"#0","tintindex":0},"east":{"uv":[4.875,10.75,5.375,12.5],"rotation":0,"texture":"#0","tintindex":0},"north":{"uv":[9.625,7.0,10.25,8.75],"rotation":0,"texture":"#0","tintindex":0},"south":{"uv":[6.0,9.75,6.625,11.5],"rotation":0,"texture":"#0","tintindex":0},"up":{"uv":[2.0,15.0,1.375,14.5],"rotation":0,"texture":"#0","tintindex":0},"west":{"uv":[9.0,10.75,9.5,12.5],"rotation":0,"texture":"#0","tintindex":0}}}],"display":{"head":{"translation":[0.0,-6.4,0.0],"rotation":[0.0,0.0,0.0],"scale":[3.8095,3.8095,3.8095]}}}