{"textures":{"0":"modelengine:entity/texture"},"elements":[{"name":"cube","from":[6.26,22.399998,4.3999996],"to":[9.139999,32.0,6.8],"rotation":{"angle":22.5,"axis":"x","origin":[8.0,-1.0000038,8.0]},"faces":{"down":{"uv":[15.0,8.625,14.375,9.125],"rotation":0,"texture":"#0","tintindex":0},"east":{"uv":[9.75,10.5,10.25,12.5],"rotation":0,"texture":"#0","tintindex":0},"north":{"uv":[8.875,3.625,9.5,5.625],"rotation":0,"texture":"#0","tintindex":0},"south":{"uv":[9.0,7.125,9.625,9.125],"rotation":0,"texture":"#0","tintindex":0},"up":{"uv":[1.375,14.875,0.75,14.375],"rotation":0,"texture":"#0","tintindex":0},"west":{"uv":[10.75,0.0,11.25,2.0],"rotation":0,"texture":"#0","tintindex":0}}}],"display":{"head":{"translation":[0.0,27.200014,0.0],"rotation":[0.0,0.0,0.0],"scale":[3.8095,3.8095,3.8095]}}}