{"textures":{"0":"modelengine:entity/texture"},"elements":[{"name":"cube","from":[5.66,6.751829,5.957835],"to":[7.94,19.951832,8.957835],"rotation":{"angle":22.5,"axis":"x","origin":[8.0,8.0,8.0]},"faces":{"down":{"uv":[14.875,9.125,14.375,9.75],"rotation":0,"texture":"#0","tintindex":0},"east":{"uv":[6.0,7.0,6.625,9.75],"rotation":0,"texture":"#0","tintindex":0},"north":{"uv":[8.0,7.125,8.5,9.875],"rotation":0,"texture":"#0","tintindex":0},"south":{"uv":[1.25,8.125,1.75,10.875],"rotation":0,"texture":"#0","tintindex":0},"up":{"uv":[9.5,15.0,9.0,14.375],"rotation":0,"texture":"#0","tintindex":0},"west":{"uv":[6.625,7.0,7.25,9.75],"rotation":0,"texture":"#0","tintindex":0}}}],"display":{"head":{"translation":[0.0,-6.4,0.0],"rotation":[0.0,0.0,0.0],"scale":[3.8095,3.8095,3.8095]}}}