{"textures":{"0":"modelengine:entity/glaceous"},"elements":[{"name":"cube","from":[6.2,0.59681726,6.877613],"to":[9.2,8.996817,9.277613],"rotation":{"angle":0.0,"axis":"x","origin":[8.0,0.59681726,7.477613]},"faces":{"down":{"uv":[13.125,7.375,12.5,7.875],"rotation":0,"texture":"#0","tintindex":0},"east":{"uv":[9.375,5.5,9.875,7.25],"rotation":0,"texture":"#0","tintindex":0},"north":{"uv":[3.375,7.75,4.0,9.5],"rotation":0,"texture":"#0","tintindex":0},"south":{"uv":[8.25,7.875,8.875,9.625],"rotation":0,"texture":"#0","tintindex":0},"up":{"uv":[13.125,6.0,12.5,5.5],"rotation":0,"texture":"#0","tintindex":0},"west":{"uv":[3.125,9.5,3.625,11.25],"rotation":0,"texture":"#0","tintindex":0}}}],"display":{"head":{"translation":[0.0,-6.4,0.0],"rotation":[0.0,0.0,0.0],"scale":[3.8095,3.8095,3.8095]}}}