{"textures":{"0":"modelengine:entity/texture"},"elements":[{"name":"cube","from":[8.66,20.090412,6.5004325],"to":[10.940001,26.090412,8.900433],"rotation":{"angle":22.5,"axis":"x","origin":[8.0,8.0,8.0]},"faces":{"down":{"uv":[14.125,14.875,13.625,15.375],"rotation":0,"texture":"#0","tintindex":0},"east":{"uv":[11.625,12.75,12.125,14.0],"rotation":0,"texture":"#0","tintindex":0},"north":{"uv":[3.0,3.875,3.5,5.125],"rotation":0,"texture":"#0","tintindex":0},"south":{"uv":[10.25,12.875,10.75,14.125],"rotation":0,"texture":"#0","tintindex":0},"up":{"uv":[13.625,15.375,13.125,14.875],"rotation":0,"texture":"#0","tintindex":0},"west":{"uv":[3.125,13.0,3.625,14.25],"rotation":0,"texture":"#0","tintindex":0}}}],"display":{"head":{"translation":[0.0,-6.4,0.0],"rotation":[0.0,0.0,0.0],"scale":[3.8095,3.8095,3.8095]}}}