{"textures":{"0":"modelengine:entity/glaceous"},"elements":[{"name":"cube","from":[7.4,0.19999981,7.4],"to":[9.8,8.6,9.2],"rotation":{"angle":0.0,"axis":"x","origin":[6.2,0.19999981,8.6]},"faces":{"down":{"uv":[13.75,12.75,13.25,13.125],"rotation":0,"texture":"#0","tintindex":0},"east":{"uv":[2.125,11.125,2.5,12.875],"rotation":0,"texture":"#0","tintindex":0},"north":{"uv":[9.625,1.875,10.125,3.625],"rotation":0,"texture":"#0","tintindex":0},"south":{"uv":[8.25,9.625,8.75,11.375],"rotation":0,"texture":"#0","tintindex":0},"up":{"uv":[13.75,12.75,13.25,12.375],"rotation":0,"texture":"#0","tintindex":0},"west":{"uv":[2.5,11.125,2.875,12.875],"rotation":0,"texture":"#0","tintindex":0}}},{"name":"cube","from":[6.2,0.19999981,7.4],"to":[10.4,1.9999998,7.4],"rotation":{"angle":-22.5,"axis":"x","origin":[8.3,0.19999981,7.4]},"faces":{"down":{"uv":[0.875,0.0,0.0,0.0],"rotation":0,"texture":"#0","tintindex":0},"east":{"uv":[0.0,0.0,0.0,0.375],"rotation":0,"texture":"#0","tintindex":0},"north":{"uv":[12.375,2.125,13.25,2.5],"rotation":0,"texture":"#0","tintindex":0},"south":{"uv":[12.375,2.5,13.25,2.875],"rotation":0,"texture":"#0","tintindex":0},"up":{"uv":[0.875,0.0,0.0,0.0],"rotation":0,"texture":"#0","tintindex":0},"west":{"uv":[0.0,0.0,0.0,0.375],"rotation":0,"texture":"#0","tintindex":0}}},{"name":"cube","from":[7.4,0.19999981,6.2],"to":[7.4,1.9999998,10.4],"rotation":{"angle":22.5,"axis":"z","origin":[7.4,0.19999981,8.3]},"faces":{"down":{"uv":[0.0,0.0,0.0,0.875],"rotation":0,"texture":"#0","tintindex":0},"east":{"uv":[3.375,12.375,4.25,12.75],"rotation":0,"texture":"#0","tintindex":0},"north":{"uv":[0.0,0.0,0.0,0.375],"rotation":0,"texture":"#0","tintindex":0},"south":{"uv":[0.0,0.0,0.0,0.375],"rotation":0,"texture":"#0","tintindex":0},"up":{"uv":[0.0,0.875,0.0,0.0],"rotation":0,"texture":"#0","tintindex":0},"west":{"uv":[6.0,12.375,6.875,12.75],"rotation":0,"texture":"#0","tintindex":0}}},{"name":"cube","from":[9.2,0.19999981,6.2],"to":[9.2,1.9999998,10.4],"rotation":{"angle":-22.5,"axis":"z","origin":[9.2,0.19999981,8.3]},"faces":{"down":{"uv":[0.0,0.0,0.0,0.875],"rotation":0,"texture":"#0","tintindex":0},"east":{"uv":[12.375,9.0,13.25,9.375],"rotation":0,"texture":"#0","tintindex":0},"north":{"uv":[0.0,0.0,0.0,0.375],"rotation":0,"texture":"#0","tintindex":0},"south":{"uv":[0.0,0.0,0.0,0.375],"rotation":0,"texture":"#0","tintindex":0},"up":{"uv":[0.0,0.875,0.0,0.0],"rotation":0,"texture":"#0","tintindex":0},"west":{"uv":[12.375,9.375,13.25,9.75],"rotation":0,"texture":"#0","tintindex":0}}},{"name":"cube","from":[6.2,0.19999981,9.2],"to":[10.4,1.9999998,9.2],"rotation":{"angle":22.5,"axis":"x","origin":[8.3,0.19999981,9.2]},"faces":{"down":{"uv":[0.875,0.0,0.0,0.0],"rotation":0,"texture":"#0","tintindex":0},"east":{"uv":[0.0,0.0,0.0,0.375],"rotation":0,"texture":"#0","tintindex":0},"north":{"uv":[1.0,12.5,1.875,12.875],"rotation":0,"texture":"#0","tintindex":0},"south":{"uv":[12.5,5.125,13.375,5.5],"rotation":0,"texture":"#0","tintindex":0},"up":{"uv":[0.875,0.0,0.0,0.0],"rotation":0,"texture":"#0","tintindex":0},"west":{"uv":[0.0,0.0,0.0,0.375],"rotation":0,"texture":"#0","tintindex":0}}},{"name":"cube","from":[6.2,8.0,7.4],"to":[10.4,12.2,7.4],"rotation":{"angle":0.0,"axis":"x","origin":[8.0,8.0,8.0]},"faces":{"down":{"uv":[0.875,0.0,0.0,0.0],"rotation":0,"texture":"#0","tintindex":0},"east":{"uv":[0.0,0.0,0.0,0.875],"rotation":0,"texture":"#0","tintindex":0},"north":{"uv":[10.625,1.75,11.5,2.625],"rotation":0,"texture":"#0","tintindex":0},"south":{"uv":[10.625,2.625,11.5,3.5],"rotation":0,"texture":"#0","tintindex":0},"up":{"uv":[0.875,0.0,0.0,0.0],"rotation":0,"texture":"#0","tintindex":0},"west":{"uv":[0.0,0.0,0.0,0.875],"rotation":0,"texture":"#0","tintindex":0}}},{"name":"cube","from":[7.4,8.0,7.4],"to":[7.4,9.8,9.8],"rotation":{"angle":45.0,"axis":"z","origin":[7.4,8.0,8.0]},"faces":{"down":{"uv":[0.0,0.0,0.0,0.5],"rotation":0,"texture":"#0","tintindex":0},"east":{"uv":[13.25,13.125,13.75,13.5],"rotation":0,"texture":"#0","tintindex":0},"north":{"uv":[0.0,0.0,0.0,0.375],"rotation":0,"texture":"#0","tintindex":0},"south":{"uv":[0.0,0.0,0.0,0.375],"rotation":0,"texture":"#0","tintindex":0},"up":{"uv":[0.0,0.5,0.0,0.0],"rotation":0,"texture":"#0","tintindex":0},"west":{"uv":[0.0,13.375,0.5,13.75],"rotation":0,"texture":"#0","tintindex":0}}},{"name":"cube","from":[6.2,1.3999997,6.8],"to":[10.4,5.6,6.8],"rotation":{"angle":0.0,"axis":"x","origin":[8.3,1.9999998,8.3]},"faces":{"down":{"uv":[0.875,0.0,0.0,0.0],"rotation":0,"texture":"#0","tintindex":0},"east":{"uv":[0.0,0.0,0.0,0.875],"rotation":0,"texture":"#0","tintindex":0},"north":{"uv":[10.75,0.0,11.625,0.875],"rotation":0,"texture":"#0","tintindex":0},"south":{"uv":[10.75,0.875,11.625,1.75],"rotation":0,"texture":"#0","tintindex":0},"up":{"uv":[0.875,0.0,0.0,0.0],"rotation":0,"texture":"#0","tintindex":0},"west":{"uv":[0.0,0.0,0.0,0.875],"rotation":0,"texture":"#0","tintindex":0}}},{"name":"cube","from":[6.2,9.2,7.4],"to":[6.2,12.2,9.8],"rotation":{"angle":0.0,"axis":"x","origin":[8.0,8.0,8.0]},"faces":{"down":{"uv":[0.0,0.0,0.0,0.5],"rotation":0,"texture":"#0","tintindex":0},"east":{"uv":[12.5,9.75,13.0,10.375],"rotation":0,"texture":"#0","tintindex":0},"north":{"uv":[0.0,0.0,0.0,0.625],"rotation":0,"texture":"#0","tintindex":0},"south":{"uv":[0.0,0.0,0.0,0.625],"rotation":0,"texture":"#0","tintindex":0},"up":{"uv":[0.0,0.5,0.0,0.0],"rotation":0,"texture":"#0","tintindex":0},"west":{"uv":[12.625,2.875,13.125,3.5],"rotation":0,"texture":"#0","tintindex":0}}}],"display":{"head":{"translation":[0.0,-6.4,0.0],"rotation":[0.0,0.0,0.0],"scale":[3.8095,3.8095,3.8095]}}}