{"textures":{"0":"modelengine:entity/glaceous"},"elements":[{"name":"cube","from":[4.3999996,-4.554343,6.2],"to":[11.6,0.8456564,9.8],"rotation":{"angle":0.0,"axis":"x","origin":[8.0,-3.9543433,8.0]},"faces":{"down":{"uv":[10.75,5.625,9.25,6.375],"rotation":0,"texture":"#0","tintindex":0},"east":{"uv":[11.25,1.75,12.0,2.875],"rotation":0,"texture":"#0","tintindex":0},"north":{"uv":[6.75,0.0,8.25,1.125],"rotation":0,"texture":"#0","tintindex":0},"south":{"uv":[6.75,3.5,8.25,4.625],"rotation":0,"texture":"#0","tintindex":0},"up":{"uv":[10.625,2.375,9.125,1.625],"rotation":0,"texture":"#0","tintindex":0},"west":{"uv":[11.25,2.875,12.0,4.0],"rotation":0,"texture":"#0","tintindex":0}}},{"name":"cube","from":[4.46,-4.554343,7.4],"to":[11.54,3.245657,9.8],"rotation":{"angle":22.5,"axis":"x","origin":[8.0,-4.554343,9.8]},"faces":{"down":{"uv":[13.5,3.5,12.0,4.0],"rotation":0,"texture":"#0","tintindex":0},"east":{"uv":[10.25,11.25,10.75,12.875],"rotation":0,"texture":"#0","tintindex":0},"north":{"uv":[0.0,0.0,1.5,1.625],"rotation":0,"texture":"#0","tintindex":0},"south":{"uv":[1.5,0.0,3.0,1.625],"rotation":0,"texture":"#0","tintindex":0},"up":{"uv":[13.375,5.375,11.875,4.875],"rotation":0,"texture":"#0","tintindex":0},"west":{"uv":[11.375,4.0,11.875,5.625],"rotation":0,"texture":"#0","tintindex":0}}},{"name":"cube","from":[5.06,1.4456568,6.8],"to":[10.940001,8.045658,9.2],"rotation":{"angle":22.5,"axis":"x","origin":[8.0,-4.554343,9.8]},"faces":{"down":{"uv":[14.375,5.875,13.125,6.375],"rotation":0,"texture":"#0","tintindex":0},"east":{"uv":[2.125,12.625,2.625,14.0],"rotation":0,"texture":"#0","tintindex":0},"north":{"uv":[1.25,6.75,2.5,8.125],"rotation":0,"texture":"#0","tintindex":0},"south":{"uv":[6.75,2.125,8.0,3.5],"rotation":0,"texture":"#0","tintindex":0},"up":{"uv":[14.375,5.875,13.125,5.375],"rotation":0,"texture":"#0","tintindex":0},"west":{"uv":[2.625,12.625,3.125,14.0],"rotation":0,"texture":"#0","tintindex":0}}},{"name":"cube","from":[6.26,8.045658,5.6],"to":[9.74,18.845657,9.2],"rotation":{"angle":22.5,"axis":"x","origin":[8.0,-4.554343,9.8]},"faces":{"down":{"uv":[13.875,7.125,13.125,7.875],"rotation":0,"texture":"#0","tintindex":0},"east":{"uv":[3.25,7.125,4.0,9.375],"rotation":0,"texture":"#0","tintindex":0},"north":{"uv":[2.5,7.125,3.25,9.375],"rotation":0,"texture":"#0","tintindex":0},"south":{"uv":[4.0,7.125,4.75,9.375],"rotation":0,"texture":"#0","tintindex":0},"up":{"uv":[13.875,7.125,13.125,6.375],"rotation":0,"texture":"#0","tintindex":0},"west":{"uv":[7.25,7.0,8.0,9.25],"rotation":0,"texture":"#0","tintindex":0}}},{"name":"cube","from":[6.26,18.845657,6.2],"to":[9.139999,28.44566,8.6],"rotation":{"angle":22.5,"axis":"x","origin":[8.0,-4.554343,9.8]},"faces":{"down":{"uv":[15.0,8.625,14.375,9.125],"rotation":0,"texture":"#0","tintindex":0},"east":{"uv":[9.75,10.5,10.25,12.5],"rotation":0,"texture":"#0","tintindex":0},"north":{"uv":[8.875,3.625,9.5,5.625],"rotation":0,"texture":"#0","tintindex":0},"south":{"uv":[9.0,7.125,9.625,9.125],"rotation":0,"texture":"#0","tintindex":0},"up":{"uv":[1.375,14.875,0.75,14.375],"rotation":0,"texture":"#0","tintindex":0},"west":{"uv":[10.75,0.0,11.25,2.0],"rotation":0,"texture":"#0","tintindex":0}}},{"name":"cube","from":[3.7999997,0.8456564,5.6],"to":[12.2,6.245657,10.4],"rotation":{"angle":0.0,"axis":"x","origin":[8.0,-3.9543433,8.0]},"faces":{"down":{"uv":[7.25,1.125,5.5,2.125],"rotation":0,"texture":"#0","tintindex":0},"east":{"uv":[9.375,2.375,10.375,3.5],"rotation":0,"texture":"#0","tintindex":0},"north":{"uv":[5.0,0.0,6.75,1.125],"rotation":0,"texture":"#0","tintindex":0},"south":{"uv":[5.0,2.25,6.75,3.375],"rotation":0,"texture":"#0","tintindex":0},"up":{"uv":[4.75,6.125,3.0,5.125],"rotation":0,"texture":"#0","tintindex":0},"west":{"uv":[3.75,9.375,4.75,10.5],"rotation":0,"texture":"#0","tintindex":0}}},{"name":"cube","from":[3.8599997,0.8456564,8.0],"to":[12.14,6.245657,10.4],"rotation":{"angle":22.5,"axis":"x","origin":[8.0,0.8456564,10.4]},"faces":{"down":{"uv":[12.625,7.0,10.875,7.5],"rotation":0,"texture":"#0","tintindex":0},"east":{"uv":[13.125,7.875,13.625,9.0],"rotation":0,"texture":"#0","tintindex":0},"north":{"uv":[5.0,3.375,6.75,4.5],"rotation":0,"texture":"#0","tintindex":0},"south":{"uv":[5.0,4.5,6.75,5.625],"rotation":0,"texture":"#0","tintindex":0},"up":{"uv":[12.5,6.125,10.75,5.625],"rotation":0,"texture":"#0","tintindex":0},"west":{"uv":[13.125,9.0,13.625,10.125],"rotation":0,"texture":"#0","tintindex":0}}},{"name":"cube","from":[5.06,5.6000023,10.754072],"to":[8.54,20.599998,13.754072],"rotation":{"angle":22.5,"axis":"x","origin":[5.0,7.445656,13.400001]},"faces":{"down":{"uv":[1.5,13.75,0.75,14.375],"rotation":0,"texture":"#0","tintindex":0},"east":{"uv":[0.0,4.75,0.625,7.875],"rotation":0,"texture":"#0","tintindex":0},"north":{"uv":[0.0,1.625,0.75,4.75],"rotation":0,"texture":"#0","tintindex":0},"south":{"uv":[0.75,1.625,1.5,4.75],"rotation":0,"texture":"#0","tintindex":0},"up":{"uv":[14.375,13.0,13.625,12.375],"rotation":0,"texture":"#0","tintindex":0},"west":{"uv":[0.625,4.75,1.25,7.875],"rotation":0,"texture":"#0","tintindex":0}}},{"name":"cube","from":[5.66,20.599998,11.354073],"to":[7.94,32.0,13.754072],"rotation":{"angle":22.5,"axis":"x","origin":[5.0,7.445656,13.400001]},"faces":{"down":{"uv":[15.375,9.625,14.875,10.125],"rotation":0,"texture":"#0","tintindex":0},"east":{"uv":[2.25,9.375,2.75,11.75],"rotation":0,"texture":"#0","tintindex":0},"north":{"uv":[5.5,9.125,6.0,11.5],"rotation":0,"texture":"#0","tintindex":0},"south":{"uv":[2.75,9.375,3.25,11.75],"rotation":0,"texture":"#0","tintindex":0},"up":{"uv":[3.5,1.625,3.0,1.125],"rotation":0,"texture":"#0","tintindex":0},"west":{"uv":[3.25,9.375,3.75,11.75],"rotation":0,"texture":"#0","tintindex":0}}},{"name":"cube","from":[8.06,5.6000023,10.154072],"to":[11.54,19.400002,13.754072],"rotation":{"angle":22.5,"axis":"x","origin":[10.4,7.445656,13.400001]},"faces":{"down":{"uv":[13.875,10.875,13.125,11.625],"rotation":0,"texture":"#0","tintindex":0},"east":{"uv":[1.5,3.875,2.25,6.75],"rotation":0,"texture":"#0","tintindex":0},"north":{"uv":[3.5,2.25,4.25,5.125],"rotation":0,"texture":"#0","tintindex":0},"south":{"uv":[2.25,3.875,3.0,6.75],"rotation":0,"texture":"#0","tintindex":0},"up":{"uv":[13.875,10.875,13.125,10.125],"rotation":0,"texture":"#0","tintindex":0},"west":{"uv":[4.25,2.25,5.0,5.125],"rotation":0,"texture":"#0","tintindex":0}}},{"name":"cube","from":[8.66,19.400002,10.754072],"to":[10.940001,29.600002,13.154073],"rotation":{"angle":22.5,"axis":"x","origin":[10.4,7.445656,13.400001]},"faces":{"down":{"uv":[11.625,14.875,11.125,15.375],"rotation":0,"texture":"#0","tintindex":0},"east":{"uv":[8.0,9.875,8.5,12.0],"rotation":0,"texture":"#0","tintindex":0},"north":{"uv":[8.5,9.75,9.0,11.875],"rotation":0,"texture":"#0","tintindex":0},"south":{"uv":[10.375,7.0,10.875,9.125],"rotation":0,"texture":"#0","tintindex":0},"up":{"uv":[15.375,10.625,14.875,10.125],"rotation":0,"texture":"#0","tintindex":0},"west":{"uv":[10.375,9.125,10.875,11.25],"rotation":0,"texture":"#0","tintindex":0}}},{"name":"cube","from":[9.860001,4.997486,9.557835],"to":[12.14,18.197487,12.557836],"rotation":{"angle":22.5,"axis":"x","origin":[12.2,6.245657,11.6]},"faces":{"down":{"uv":[14.875,9.125,14.375,9.75],"rotation":0,"texture":"#0","tintindex":0},"east":{"uv":[6.0,7.0,6.625,9.75],"rotation":0,"texture":"#0","tintindex":0},"north":{"uv":[8.0,7.125,8.5,9.875],"rotation":0,"texture":"#0","tintindex":0},"south":{"uv":[1.25,8.125,1.75,10.875],"rotation":0,"texture":"#0","tintindex":0},"up":{"uv":[9.5,15.0,9.0,14.375],"rotation":0,"texture":"#0","tintindex":0},"west":{"uv":[6.625,7.0,7.25,9.75],"rotation":0,"texture":"#0","tintindex":0}}},{"name":"cube","from":[9.860001,18.197487,10.157835],"to":[11.54,26.597488,12.557836],"rotation":{"angle":22.5,"axis":"x","origin":[12.2,6.245657,11.6]},"faces":{"down":{"uv":[1.25,12.125,0.875,12.625],"rotation":0,"texture":"#0","tintindex":0},"east":{"uv":[1.75,10.75,2.25,12.5],"rotation":0,"texture":"#0","tintindex":0},"north":{"uv":[9.875,12.5,10.25,14.25],"rotation":0,"texture":"#0","tintindex":0},"south":{"uv":[7.25,12.625,7.625,14.375],"rotation":0,"texture":"#0","tintindex":0},"up":{"uv":[9.0,12.375,8.625,11.875],"rotation":0,"texture":"#0","tintindex":0},"west":{"uv":[4.375,10.75,4.875,12.5],"rotation":0,"texture":"#0","tintindex":0}}},{"name":"cube","from":[3.8599997,5.586071,10.100433],"to":[6.74,18.18607,12.500433],"rotation":{"angle":22.5,"axis":"x","origin":[3.7999997,6.0956573,11.6]},"faces":{"down":{"uv":[15.0,12.25,14.375,12.75],"rotation":0,"texture":"#0","tintindex":0},"east":{"uv":[1.75,8.125,2.25,10.75],"rotation":0,"texture":"#0","tintindex":0},"north":{"uv":[0.0,7.875,0.625,10.5],"rotation":0,"texture":"#0","tintindex":0},"south":{"uv":[0.625,7.875,1.25,10.5],"rotation":0,"texture":"#0","tintindex":0},"up":{"uv":[10.125,14.875,9.5,14.375],"rotation":0,"texture":"#0","tintindex":0},"west":{"uv":[8.5,7.125,9.0,9.75],"rotation":0,"texture":"#0","tintindex":0}}},{"name":"cube","from":[4.46,18.18607,10.100433],"to":[6.74,24.186073,12.500433],"rotation":{"angle":22.5,"axis":"x","origin":[3.7999997,6.0956573,11.6]},"faces":{"down":{"uv":[14.125,14.875,13.625,15.375],"rotation":0,"texture":"#0","tintindex":0},"east":{"uv":[11.625,12.75,12.125,14.0],"rotation":0,"texture":"#0","tintindex":0},"north":{"uv":[3.0,3.875,3.5,5.125],"rotation":0,"texture":"#0","tintindex":0},"south":{"uv":[10.25,12.875,10.75,14.125],"rotation":0,"texture":"#0","tintindex":0},"up":{"uv":[13.625,15.375,13.125,14.875],"rotation":0,"texture":"#0","tintindex":0},"west":{"uv":[3.125,13.0,3.625,14.25],"rotation":0,"texture":"#0","tintindex":0}}},{"name":"cube","from":[3.1999998,6.245657,5.6],"to":[12.8,11.645657,11.0],"rotation":{"angle":0.0,"axis":"x","origin":[8.0,-3.9543433,8.0]},"faces":{"down":{"uv":[5.5,1.125,3.5,2.25],"rotation":0,"texture":"#0","tintindex":0},"east":{"uv":[8.25,0.0,9.375,1.125],"rotation":0,"texture":"#0","tintindex":0},"north":{"uv":[1.5,1.625,3.5,2.75],"rotation":0,"texture":"#0","tintindex":0},"south":{"uv":[1.5,2.75,3.5,3.875],"rotation":0,"texture":"#0","tintindex":0},"up":{"uv":[5.0,1.125,3.0,0.0],"rotation":0,"texture":"#0","tintindex":0},"west":{"uv":[8.25,2.5,9.375,3.625],"rotation":0,"texture":"#0","tintindex":0}}},{"name":"cube","from":[3.7999997,11.645657,11.0],"to":[6.8,17.045658,13.400001],"rotation":{"angle":0.0,"axis":"x","origin":[6.8,11.045658,11.6]},"faces":{"down":{"uv":[15.0,13.625,14.375,14.125],"rotation":0,"texture":"#0","tintindex":0},"east":{"uv":[12.75,13.125,13.25,14.25],"rotation":0,"texture":"#0","tintindex":0},"north":{"uv":[5.375,12.375,6.0,13.5],"rotation":0,"texture":"#0","tintindex":0},"south":{"uv":[6.0,12.375,6.625,13.5],"rotation":0,"texture":"#0","tintindex":0},"up":{"uv":[14.125,14.875,13.5,14.375],"rotation":0,"texture":"#0","tintindex":0},"west":{"uv":[13.25,0.0,13.75,1.125],"rotation":0,"texture":"#0","tintindex":0}}},{"name":"cube","from":[7.4,11.645657,11.0],"to":[10.4,17.045658,13.400001],"rotation":{"angle":-22.5,"axis":"z","origin":[8.6,11.045658,11.6]},"faces":{"down":{"uv":[15.125,0.0,14.5,0.5],"rotation":0,"texture":"#0","tintindex":0},"east":{"uv":[13.25,13.125,13.75,14.25],"rotation":0,"texture":"#0","tintindex":0},"north":{"uv":[6.625,12.375,7.25,13.5],"rotation":0,"texture":"#0","tintindex":0},"south":{"uv":[4.0,12.5,4.625,13.625],"rotation":0,"texture":"#0","tintindex":0},"up":{"uv":[14.75,14.875,14.125,14.375],"rotation":0,"texture":"#0","tintindex":0},"west":{"uv":[5.25,13.5,5.75,14.625],"rotation":0,"texture":"#0","tintindex":0}}},{"name":"cube","from":[7.4,17.045658,11.6],"to":[9.8,22.445656,13.400001],"rotation":{"angle":-22.5,"axis":"z","origin":[8.6,11.045658,11.6]},"faces":{"down":{"uv":[3.0,6.75,2.5,7.125],"rotation":0,"texture":"#0","tintindex":0},"east":{"uv":[13.875,10.125,14.25,11.25],"rotation":0,"texture":"#0","tintindex":0},"north":{"uv":[5.75,13.5,6.25,14.625],"rotation":0,"texture":"#0","tintindex":0},"south":{"uv":[6.25,13.5,6.75,14.625],"rotation":0,"texture":"#0","tintindex":0},"up":{"uv":[6.5,7.0,6.0,6.625],"rotation":0,"texture":"#0","tintindex":0},"west":{"uv":[13.875,11.25,14.25,12.375],"rotation":0,"texture":"#0","tintindex":0}}},{"name":"cube","from":[4.3999996,17.045658,11.6],"to":[6.2,23.645657,13.400001],"rotation":{"angle":0.0,"axis":"x","origin":[6.8,11.045658,11.6]},"faces":{"down":{"uv":[4.375,12.125,4.0,12.5],"rotation":0,"texture":"#0","tintindex":0},"east":{"uv":[0.0,13.75,0.375,15.125],"rotation":0,"texture":"#0","tintindex":0},"north":{"uv":[11.25,13.5,11.625,14.875],"rotation":0,"texture":"#0","tintindex":0},"south":{"uv":[13.75,0.0,14.125,1.375],"rotation":0,"texture":"#0","tintindex":0},"up":{"uv":[9.25,6.0,8.875,5.625],"rotation":0,"texture":"#0","tintindex":0},"west":{"uv":[0.375,13.75,0.75,15.125],"rotation":0,"texture":"#0","tintindex":0}}},{"name":"cube","from":[3.1999998,9.845657,9.2],"to":[6.2,15.245659,12.2],"rotation":{"angle":45.0,"axis":"z","origin":[4.3999996,9.845657,11.0]},"faces":{"down":{"uv":[14.875,10.125,14.25,10.75],"rotation":0,"texture":"#0","tintindex":0},"east":{"uv":[8.625,12.5,9.25,13.625],"rotation":0,"texture":"#0","tintindex":0},"north":{"uv":[4.625,12.5,5.25,13.625],"rotation":0,"texture":"#0","tintindex":0},"south":{"uv":[9.25,12.5,9.875,13.625],"rotation":0,"texture":"#0","tintindex":0},"up":{"uv":[3.5,14.875,2.875,14.25],"rotation":0,"texture":"#0","tintindex":0},"west":{"uv":[12.625,0.0,13.25,1.125],"rotation":0,"texture":"#0","tintindex":0}}},{"name":"cube","from":[3.7999997,15.245659,9.8],"to":[5.6,20.645657,12.2],"rotation":{"angle":45.0,"axis":"z","origin":[4.3999996,9.845657,11.0]},"faces":{"down":{"uv":[14.5,14.875,14.125,15.375],"rotation":0,"texture":"#0","tintindex":0},"east":{"uv":[6.75,13.5,7.25,14.625],"rotation":0,"texture":"#0","tintindex":0},"north":{"uv":[2.125,14.0,2.5,15.125],"rotation":0,"texture":"#0","tintindex":0},"south":{"uv":[2.5,14.0,2.875,15.125],"rotation":0,"texture":"#0","tintindex":0},"up":{"uv":[4.0,13.5,3.625,13.0],"rotation":0,"texture":"#0","tintindex":0},"west":{"uv":[10.75,13.5,11.25,14.625],"rotation":0,"texture":"#0","tintindex":0}}},{"name":"cube","from":[11.0,9.845657,9.8],"to":[13.400001,15.245659,12.8],"rotation":{"angle":-45.0,"axis":"z","origin":[12.8,11.045658,11.6]},"faces":{"down":{"uv":[15.0,1.125,14.5,1.75],"rotation":0,"texture":"#0","tintindex":0},"east":{"uv":[0.875,12.625,1.5,13.75],"rotation":0,"texture":"#0","tintindex":0},"north":{"uv":[12.125,13.5,12.625,14.625],"rotation":0,"texture":"#0","tintindex":0},"south":{"uv":[13.625,3.375,14.125,4.5],"rotation":0,"texture":"#0","tintindex":0},"up":{"uv":[15.0,1.125,14.5,0.5],"rotation":0,"texture":"#0","tintindex":0},"west":{"uv":[1.5,12.625,2.125,13.75],"rotation":0,"texture":"#0","tintindex":0}}},{"name":"cube","from":[11.0,15.245659,10.4],"to":[12.8,20.645657,12.2],"rotation":{"angle":-45.0,"axis":"z","origin":[12.8,11.045658,11.6]},"faces":{"down":{"uv":[15.375,3.0,15.0,3.375],"rotation":0,"texture":"#0","tintindex":0},"east":{"uv":[14.125,0.0,14.5,1.125],"rotation":0,"texture":"#0","tintindex":0},"north":{"uv":[11.625,14.0,12.0,15.125],"rotation":0,"texture":"#0","tintindex":0},"south":{"uv":[14.125,3.25,14.5,4.375],"rotation":0,"texture":"#0","tintindex":0},"up":{"uv":[15.375,3.0,15.0,2.625],"rotation":0,"texture":"#0","tintindex":0},"west":{"uv":[10.25,14.125,10.625,15.25],"rotation":0,"texture":"#0","tintindex":0}}},{"name":"cube","from":[3.7999997,6.245657,7.4],"to":[12.2,11.045658,10.4],"rotation":{"angle":22.5,"axis":"x","origin":[6.5,3.8456564,10.4]},"faces":{"down":{"uv":[11.25,3.5,9.5,4.125],"rotation":0,"texture":"#0","tintindex":0},"east":{"uv":[7.25,1.125,7.875,2.125],"rotation":0,"texture":"#0","tintindex":0},"north":{"uv":[4.75,5.625,6.5,6.625],"rotation":0,"texture":"#0","tintindex":0},"south":{"uv":[3.0,6.125,4.75,7.125],"rotation":0,"texture":"#0","tintindex":0},"up":{"uv":[11.0,7.0,9.25,6.375],"rotation":0,"texture":"#0","tintindex":0},"west":{"uv":[8.25,3.625,8.875,4.625],"rotation":0,"texture":"#0","tintindex":0}}},{"name":"cube","from":[6.2,11.645657,6.8],"to":[9.8,14.645657,10.4],"rotation":{"angle":0.0,"axis":"x","origin":[8.0,-3.9543433,8.0]},"faces":{"down":{"uv":[4.375,13.625,3.625,14.375],"rotation":0,"texture":"#0","tintindex":0},"east":{"uv":[13.75,2.0,14.5,2.625],"rotation":0,"texture":"#0","tintindex":0},"north":{"uv":[13.75,1.375,14.5,2.0],"rotation":0,"texture":"#0","tintindex":0},"south":{"uv":[13.75,2.625,14.5,3.25],"rotation":0,"texture":"#0","tintindex":0},"up":{"uv":[13.875,12.375,13.125,11.625],"rotation":0,"texture":"#0","tintindex":0},"west":{"uv":[13.75,13.0,14.5,13.625],"rotation":0,"texture":"#0","tintindex":0}}}],"display":{"head":{"translation":[0.0,35.989548,0.0],"rotation":[0.0,0.0,0.0],"scale":[3.8095,3.8095,3.8095]}}}