{"textures":{"0":"modelengine:entity/texture"},"elements":[{"name":"cube","from":[8.66,20.599998,5.954072],"to":[10.940001,32.0,8.354073],"rotation":{"angle":22.5,"axis":"x","origin":[8.0,7.445656,8.0]},"faces":{"down":{"uv":[15.375,9.625,14.875,10.125],"rotation":0,"texture":"#0","tintindex":0},"east":{"uv":[2.25,9.375,2.75,11.75],"rotation":0,"texture":"#0","tintindex":0},"north":{"uv":[5.5,9.125,6.0,11.5],"rotation":0,"texture":"#0","tintindex":0},"south":{"uv":[2.75,9.375,3.25,11.75],"rotation":0,"texture":"#0","tintindex":0},"up":{"uv":[3.5,1.625,3.0,1.125],"rotation":0,"texture":"#0","tintindex":0},"west":{"uv":[3.25,9.375,3.75,11.75],"rotation":0,"texture":"#0","tintindex":0}}}],"display":{"head":{"translation":[0.0,-4.330448,0.0],"rotation":[0.0,0.0,0.0],"scale":[3.8095,3.8095,3.8095]}}}