{"textures":{"0":"modelengine:entity/texture"},"elements":[{"name":"cube","from":[6.8,8.0,6.2],"to":[9.8,13.400001,9.2],"rotation":{"angle":45.0,"axis":"z","origin":[8.0,8.0,8.0]},"faces":{"down":{"uv":[14.875,10.125,14.25,10.75],"rotation":0,"texture":"#0","tintindex":0},"east":{"uv":[8.625,12.5,9.25,13.625],"rotation":0,"texture":"#0","tintindex":0},"north":{"uv":[4.625,12.5,5.25,13.625],"rotation":0,"texture":"#0","tintindex":0},"south":{"uv":[9.25,12.5,9.875,13.625],"rotation":0,"texture":"#0","tintindex":0},"up":{"uv":[3.5,14.875,2.875,14.25],"rotation":0,"texture":"#0","tintindex":0},"west":{"uv":[12.625,0.0,13.25,1.125],"rotation":0,"texture":"#0","tintindex":0}}}],"display":{"head":{"translation":[0.0,-6.4,0.0],"rotation":[0.0,0.0,0.0],"scale":[3.8095,3.8095,3.8095]}}}