{"textures":{"0":"modelengine:entity/texture"},"elements":[{"name":"cube","from":[5.0,8.0,5.6],"to":[11.0,14.6,11.0],"rotation":{"angle":0.0,"axis":"x","origin":[8.0,-8.200001,8.0]},"faces":{"down":{"uv":[9.25,6.0,8.0,7.125],"rotation":0,"texture":"#0","tintindex":0},"east":{"uv":[7.75,4.625,8.875,6.0],"rotation":0,"texture":"#0","tintindex":0},"north":{"uv":[6.5,5.625,7.75,7.0],"rotation":0,"texture":"#0","tintindex":0},"south":{"uv":[4.75,6.625,6.0,8.0],"rotation":0,"texture":"#0","tintindex":0},"up":{"uv":[6.0,9.125,4.75,8.0],"rotation":0,"texture":"#0","tintindex":0},"west":{"uv":[8.0,1.125,9.125,2.5],"rotation":0,"texture":"#0","tintindex":0}}}],"display":{"head":{"translation":[0.0,-6.4,0.0],"rotation":[0.0,0.0,0.0],"scale":[3.8095,3.8095,3.8095]}}}