{"textures":{"0":"modelengine:entity/glaceous"},"elements":[{"name":"skull","from":[4.7,6.354582,2.4895718],"to":[11.3,12.204582,10.289572],"rotation":{"angle":22.5,"axis":"x","origin":[8.0,8.904582,6.689572]},"faces":{"down":{"uv":[11.125,5.25,10.4375,6.0625],"rotation":0,"texture":"#0","tintindex":0},"east":{"uv":[8.9375,6.0625,9.75,6.625],"rotation":0,"texture":"#0","tintindex":0},"north":{"uv":[9.75,6.0625,10.4375,6.625],"rotation":0,"texture":"#0","tintindex":0},"south":{"uv":[11.25,6.0625,11.9375,6.625],"rotation":0,"texture":"#0","tintindex":0},"up":{"uv":[10.4375,6.0625,9.75,5.25],"rotation":0,"texture":"#0","tintindex":0},"west":{"uv":[10.4375,6.0625,11.25,6.625],"rotation":0,"texture":"#0","tintindex":0}}},{"name":"muzzle","from":[5.6,9.285879,-0.5265417],"to":[10.4,12.285879,4.2734585],"rotation":{"angle":22.5,"axis":"x","origin":[8.0,11.085878,1.4234585]},"faces":{"down":{"uv":[13.3125,8.375,12.8125,8.875],"rotation":0,"texture":"#0","tintindex":0},"east":{"uv":[11.8125,8.875,12.3125,9.1875],"rotation":0,"texture":"#0","tintindex":0},"north":{"uv":[12.3125,8.875,12.8125,9.1875],"rotation":0,"texture":"#0","tintindex":0},"south":{"uv":[13.3125,8.875,13.8125,9.1875],"rotation":0,"texture":"#0","tintindex":0},"up":{"uv":[12.8125,8.875,12.3125,8.375],"rotation":0,"texture":"#0","tintindex":0},"west":{"uv":[12.8125,8.875,13.3125,9.1875],"rotation":0,"texture":"#0","tintindex":0}}}],"display":{"head":{"translation":[0.0,-6.4,0.0],"rotation":[0.0,0.0,0.0],"scale":[3.8095,3.8095,3.8095]}}}