{"textures":{"0":"modelengine:entity/glaceous"},"elements":[{"name":"skull","from":[4.7,6.354582,2.4895718],"to":[11.3,12.354583,10.289572],"rotation":{"angle":22.5,"axis":"x","origin":[8.0,8.904582,6.689572]},"faces":{"down":{"uv":[9.75,11.0,9.0625,11.8125],"rotation":0,"texture":"#0","tintindex":0},"east":{"uv":[6.25,3.6875,7.0625,4.3125],"rotation":0,"texture":"#0","tintindex":0},"north":{"uv":[11.0,11.8125,11.6875,12.4375],"rotation":0,"texture":"#0","tintindex":0},"south":{"uv":[11.8125,11.25,12.5,11.875],"rotation":0,"texture":"#0","tintindex":0},"up":{"uv":[6.0,11.75,5.3125,10.9375],"rotation":0,"texture":"#0","tintindex":0},"west":{"uv":[11.0625,4.0,11.875,4.625],"rotation":0,"texture":"#0","tintindex":0}}},{"name":"muzzle","from":[5.6,9.285879,-0.5265417],"to":[10.4,12.285879,4.2734585],"rotation":{"angle":22.5,"axis":"x","origin":[8.0,11.085878,1.4234585]},"faces":{"down":{"uv":[13.0,2.9375,12.5,3.4375],"rotation":0,"texture":"#0","tintindex":0},"east":{"uv":[8.6875,2.0625,9.1875,2.375],"rotation":0,"texture":"#0","tintindex":0},"north":{"uv":[3.1875,6.375,3.6875,6.6875],"rotation":0,"texture":"#0","tintindex":0},"south":{"uv":[9.6875,4.875,10.1875,5.1875],"rotation":0,"texture":"#0","tintindex":0},"up":{"uv":[2.125,8.625,1.625,8.125],"rotation":0,"texture":"#0","tintindex":0},"west":{"uv":[12.75,2.375,13.25,2.6875],"rotation":0,"texture":"#0","tintindex":0}}}],"display":{"head":{"translation":[0.0,-6.4,0.0],"rotation":[0.0,0.0,0.0],"scale":[3.8095,3.8095,3.8095]}}}