{"textures":{"0":"modelengine:entity/glaceous"},"elements":[{"name":"lower_jaw","from":[5.75,7.1673393,3.3477175],"to":[10.25,8.727339,13.397718],"rotation":{"angle":22.5,"axis":"x","origin":[8.0,8.427339,5.972718]},"faces":{"down":{"uv":[12.5625,0.0,12.125,1.0],"rotation":0,"texture":"#0","tintindex":0},"east":{"uv":[10.6875,1.0,11.6875,1.125],"rotation":0,"texture":"#0","tintindex":0},"north":{"uv":[11.6875,1.0,12.125,1.125],"rotation":0,"texture":"#0","tintindex":0},"south":{"uv":[13.125,1.0,13.5625,1.125],"rotation":0,"texture":"#0","tintindex":0},"up":{"uv":[12.125,1.0,11.6875,0.0],"rotation":0,"texture":"#0","tintindex":0},"west":{"uv":[12.125,1.0,13.125,1.125],"rotation":0,"texture":"#0","tintindex":0}}}],"display":{"head":{"translation":[0.0,-6.4,0.0],"rotation":[0.0,0.0,0.0],"scale":[3.8095,3.8095,3.8095]}}}