{"textures":{"0":"modelengine:entity/glaceous"},"elements":[{"name":"lower_jaw","from":[5.75,6.705655,3.942584],"to":[10.25,8.805655,14.142585],"rotation":{"angle":22.5,"axis":"x","origin":[8.0,8.505655,6.567584]},"faces":{"down":{"uv":[2.6875,11.0625,2.1875,12.125],"rotation":0,"texture":"#0","tintindex":0},"east":{"uv":[2.875,1.625,3.9375,1.875],"rotation":0,"texture":"#0","tintindex":0},"north":{"uv":[7.875,6.125,8.375,6.375],"rotation":0,"texture":"#0","tintindex":0},"south":{"uv":[11.5625,1.0,12.0625,1.25],"rotation":0,"texture":"#0","tintindex":0},"up":{"uv":[10.25,12.0625,9.75,11.0],"rotation":0,"texture":"#0","tintindex":0},"west":{"uv":[7.125,5.875,8.1875,6.125],"rotation":0,"texture":"#0","tintindex":0}}}],"display":{"head":{"translation":[0.0,-6.4,0.0],"rotation":[0.0,0.0,0.0],"scale":[3.8095,3.8095,3.8095]}}}