{"textures":{"0":"modelengine:entity/glaceous"},"elements":[{"name":"l_foot","from":[5.2099996,6.014914,2.9954653],"to":[10.610001,8.114914,9.895466],"rotation":{"angle":0.0,"axis":"x","origin":[7.91,7.0649137,6.3704653]},"faces":{"down":{"uv":[12.25,11.875,11.6875,12.625],"rotation":0,"texture":"#0","tintindex":0},"east":{"uv":[2.875,1.875,3.625,2.0625],"rotation":0,"texture":"#0","tintindex":0},"north":{"uv":[12.875,0.6875,13.4375,0.875],"rotation":0,"texture":"#0","tintindex":0},"south":{"uv":[12.9375,8.125,13.5,8.3125],"rotation":0,"texture":"#0","tintindex":0},"up":{"uv":[12.4375,9.0,11.875,8.25],"rotation":0,"texture":"#0","tintindex":0},"west":{"uv":[7.125,6.125,7.875,6.3125],"rotation":0,"texture":"#0","tintindex":0}}}],"display":{"head":{"translation":[0.0,-6.4,0.0],"rotation":[0.0,0.0,0.0],"scale":[3.8095,3.8095,3.8095]}}}