{"textures":{"0":"modelengine:entity/glaceous"},"elements":[{"name":"l_foot","from":[5.2099996,5.9300003,1.0999997],"to":[10.610001,8.030001,7.8500004],"rotation":{"angle":0.0,"axis":"x","origin":[7.91,6.98,4.4750004]},"faces":{"down":{"uv":[12.6875,9.375,12.125,10.0625],"rotation":0,"texture":"#0","tintindex":0},"east":{"uv":[10.875,10.0625,11.5625,10.25],"rotation":0,"texture":"#0","tintindex":0},"north":{"uv":[11.5625,10.0625,12.125,10.25],"rotation":0,"texture":"#0","tintindex":0},"south":{"uv":[12.8125,10.0625,13.375,10.25],"rotation":0,"texture":"#0","tintindex":0},"up":{"uv":[12.125,10.0625,11.5625,9.375],"rotation":0,"texture":"#0","tintindex":0},"west":{"uv":[12.125,10.0625,12.8125,10.25],"rotation":0,"texture":"#0","tintindex":0}}}],"display":{"head":{"translation":[0.0,-6.4,0.0],"rotation":[0.0,0.0,0.0],"scale":[3.8095,3.8095,3.8095]}}}