{"textures":{"0":"modelengine:entity/glaceous"},"elements":[{"name":"crystal_central","from":[6.148338,4.343088,6.0909348],"to":[9.748339,20.243092,9.690935],"rotation":{"angle":0.0,"axis":"x","origin":[7.948338,4.9430885,7.890935]},"faces":{"down":{"uv":[13.1875,10.1875,12.8125,10.5625],"rotation":0,"texture":"#0","tintindex":0},"east":{"uv":[0.375,10.75,0.75,12.375],"rotation":0,"texture":"#0","tintindex":0},"north":{"uv":[0.0,10.75,0.375,12.375],"rotation":0,"texture":"#0","tintindex":0},"south":{"uv":[7.3125,10.75,7.6875,12.375],"rotation":0,"texture":"#0","tintindex":0},"up":{"uv":[13.1875,10.1875,12.8125,9.8125],"rotation":0,"texture":"#0","tintindex":0},"west":{"uv":[7.6875,10.75,8.0625,12.375],"rotation":0,"texture":"#0","tintindex":0}}},{"name":"crystal_slant","from":[5.2483377,4.343088,6.690935],"to":[8.548338,15.14309,9.090935],"rotation":{"angle":22.5,"axis":"z","origin":[7.948338,4.9430885,7.890935]},"faces":{"down":{"uv":[13.375,3.125,13.0,3.375],"rotation":0,"texture":"#0","tintindex":0},"east":{"uv":[12.5,1.8125,12.75,2.9375],"rotation":0,"texture":"#0","tintindex":0},"north":{"uv":[11.875,3.4375,12.25,4.5625],"rotation":0,"texture":"#0","tintindex":0},"south":{"uv":[3.5625,11.875,3.9375,13.0],"rotation":0,"texture":"#0","tintindex":0},"up":{"uv":[13.375,3.125,13.0,2.875],"rotation":0,"texture":"#0","tintindex":0},"west":{"uv":[3.1875,12.5,3.4375,13.625],"rotation":0,"texture":"#0","tintindex":0}}},{"name":"crystal_slant","from":[7.348338,4.343088,6.690935],"to":[10.648338,16.34309,9.090935],"rotation":{"angle":-22.5,"axis":"z","origin":[7.948338,4.9430885,7.890935]},"faces":{"down":{"uv":[4.3125,13.0,3.9375,13.25],"rotation":0,"texture":"#0","tintindex":0},"east":{"uv":[6.0,12.3125,6.25,13.5625],"rotation":0,"texture":"#0","tintindex":0},"north":{"uv":[11.1875,0.0,11.5625,1.25],"rotation":0,"texture":"#0","tintindex":0},"south":{"uv":[6.75,11.1875,7.125,12.4375],"rotation":0,"texture":"#0","tintindex":0},"up":{"uv":[3.9375,13.25,3.5625,13.0],"rotation":0,"texture":"#0","tintindex":0},"west":{"uv":[12.3125,9.75,12.5625,11.0],"rotation":0,"texture":"#0","tintindex":0}}},{"name":"crystal_slant","from":[6.7483377,4.343088,7.290935],"to":[9.148338,17.54309,10.590935],"rotation":{"angle":22.5,"axis":"x","origin":[7.948338,4.9430885,7.890935]},"faces":{"down":{"uv":[9.3125,10.375,9.0625,10.75],"rotation":0,"texture":"#0","tintindex":0},"east":{"uv":[2.6875,11.0625,3.0625,12.4375],"rotation":0,"texture":"#0","tintindex":0},"north":{"uv":[1.875,12.125,2.125,13.5],"rotation":0,"texture":"#0","tintindex":0},"south":{"uv":[2.125,12.125,2.375,13.5],"rotation":0,"texture":"#0","tintindex":0},"up":{"uv":[8.4375,10.125,8.1875,9.75],"rotation":0,"texture":"#0","tintindex":0},"west":{"uv":[11.0625,8.5,11.4375,9.875],"rotation":0,"texture":"#0","tintindex":0}}},{"name":"crystal_slant","from":[6.7483377,4.343088,5.1909347],"to":[9.148338,13.9430895,8.490934],"rotation":{"angle":-22.5,"axis":"x","origin":[7.948338,4.9430885,7.890935]},"faces":{"down":{"uv":[12.8125,12.9375,12.5625,13.25],"rotation":0,"texture":"#0","tintindex":0},"east":{"uv":[0.0,12.375,0.3125,13.375],"rotation":0,"texture":"#0","tintindex":0},"north":{"uv":[12.5625,9.9375,12.8125,10.9375],"rotation":0,"texture":"#0","tintindex":0},"south":{"uv":[12.5625,10.9375,12.8125,11.9375],"rotation":0,"texture":"#0","tintindex":0},"up":{"uv":[9.5625,13.25,9.3125,12.9375],"rotation":0,"texture":"#0","tintindex":0},"west":{"uv":[12.375,0.0,12.6875,1.0],"rotation":0,"texture":"#0","tintindex":0}}}],"display":{"head":{"translation":[0.0,-6.4,0.0],"rotation":[0.0,0.0,0.0],"scale":[3.8095,3.8095,3.8095]}}}