{"textures":{"0":"modelengine:entity/glaceous"},"elements":[{"name":"crystal_central","from":[6.148338,4.3430896,6.0909348],"to":[9.748339,20.243092,9.690935],"rotation":{"angle":0.0,"axis":"x","origin":[7.948338,4.9430895,7.890935]},"faces":{"down":{"uv":[10.9375,11.0625,10.5625,11.4375],"rotation":0,"texture":"#0","tintindex":0},"east":{"uv":[9.8125,11.4375,10.1875,13.0625],"rotation":0,"texture":"#0","tintindex":0},"north":{"uv":[10.1875,11.4375,10.5625,13.0625],"rotation":0,"texture":"#0","tintindex":0},"south":{"uv":[10.9375,11.4375,11.3125,13.0625],"rotation":0,"texture":"#0","tintindex":0},"up":{"uv":[10.5625,11.4375,10.1875,11.0625],"rotation":0,"texture":"#0","tintindex":0},"west":{"uv":[10.5625,11.4375,10.9375,13.0625],"rotation":0,"texture":"#0","tintindex":0}}},{"name":"crystal_slant","from":[5.0983377,4.3430896,6.240935],"to":[8.548338,14.6930895,9.5409355],"rotation":{"angle":22.5,"axis":"z","origin":[7.948338,4.9430895,7.890935]},"faces":{"down":{"uv":[8.6875,12.25,8.375,12.5625],"rotation":0,"texture":"#0","tintindex":0},"east":{"uv":[7.75,12.5625,8.0625,13.625],"rotation":0,"texture":"#0","tintindex":0},"north":{"uv":[8.0625,12.5625,8.375,13.625],"rotation":0,"texture":"#0","tintindex":0},"south":{"uv":[8.6875,12.5625,9.0,13.625],"rotation":0,"texture":"#0","tintindex":0},"up":{"uv":[8.375,12.5625,8.0625,12.25],"rotation":0,"texture":"#0","tintindex":0},"west":{"uv":[8.375,12.5625,8.6875,13.625],"rotation":0,"texture":"#0","tintindex":0}}},{"name":"crystal_slant","from":[7.348338,4.3430896,6.240935],"to":[10.798338,17.24309,9.5409355],"rotation":{"angle":-22.5,"axis":"z","origin":[7.948338,4.9430895,7.890935]},"faces":{"down":{"uv":[3.6875,12.25,3.375,12.5625],"rotation":0,"texture":"#0","tintindex":0},"east":{"uv":[2.75,12.5625,3.0625,13.875],"rotation":0,"texture":"#0","tintindex":0},"north":{"uv":[3.0625,12.5625,3.375,13.875],"rotation":0,"texture":"#0","tintindex":0},"south":{"uv":[3.6875,12.5625,4.0,13.875],"rotation":0,"texture":"#0","tintindex":0},"up":{"uv":[3.375,12.5625,3.0625,12.25],"rotation":0,"texture":"#0","tintindex":0},"west":{"uv":[3.375,12.5625,3.6875,13.875],"rotation":0,"texture":"#0","tintindex":0}}},{"name":"crystal_slant","from":[6.298338,4.3430896,7.290935],"to":[9.598338,16.79309,10.740934],"rotation":{"angle":22.5,"axis":"x","origin":[7.948338,4.9430895,7.890935]},"faces":{"down":{"uv":[6.1875,12.25,5.875,12.5625],"rotation":0,"texture":"#0","tintindex":0},"east":{"uv":[5.25,12.5625,5.5625,13.8125],"rotation":0,"texture":"#0","tintindex":0},"north":{"uv":[5.5625,12.5625,5.875,13.8125],"rotation":0,"texture":"#0","tintindex":0},"south":{"uv":[6.1875,12.5625,6.5,13.8125],"rotation":0,"texture":"#0","tintindex":0},"up":{"uv":[5.875,12.5625,5.5625,12.25],"rotation":0,"texture":"#0","tintindex":0},"west":{"uv":[5.875,12.5625,6.1875,13.8125],"rotation":0,"texture":"#0","tintindex":0}}},{"name":"crystal_slant","from":[6.298338,4.3430896,5.0409346],"to":[9.598338,12.74309,8.490934],"rotation":{"angle":-22.5,"axis":"x","origin":[7.948338,4.9430895,7.890935]},"faces":{"down":{"uv":[12.25,12.625,11.9375,12.9375],"rotation":0,"texture":"#0","tintindex":0},"east":{"uv":[11.3125,12.9375,11.625,13.8125],"rotation":0,"texture":"#0","tintindex":0},"north":{"uv":[11.625,12.9375,11.9375,13.8125],"rotation":0,"texture":"#0","tintindex":0},"south":{"uv":[12.25,12.9375,12.5625,13.8125],"rotation":0,"texture":"#0","tintindex":0},"up":{"uv":[11.9375,12.9375,11.625,12.625],"rotation":0,"texture":"#0","tintindex":0},"west":{"uv":[11.9375,12.9375,12.25,13.8125],"rotation":0,"texture":"#0","tintindex":0}}}],"display":{"head":{"translation":[0.0,-6.4,0.0],"rotation":[0.0,0.0,0.0],"scale":[3.8095,3.8095,3.8095]}}}