{"textures":{"0":"modelengine:entity/glaceous"},"elements":[{"name":"l_upper_arm","from":[5.563077,-2.8154192,4.455197],"to":[13.063077,12.784581,9.555197],"rotation":{"angle":0.0,"axis":"x","origin":[8.488077,2.8095813,7.305197]},"faces":{"down":{"uv":[12.125,6.3125,11.3125,6.875],"rotation":0,"texture":"#0","tintindex":0},"east":{"uv":[2.625,8.625,3.1875,10.25],"rotation":0,"texture":"#0","tintindex":0},"north":{"uv":[2.875,0.0,3.6875,1.625],"rotation":0,"texture":"#0","tintindex":0},"south":{"uv":[7.875,4.125,8.6875,5.75],"rotation":0,"texture":"#0","tintindex":0},"up":{"uv":[12.125,6.3125,11.3125,5.75],"rotation":0,"texture":"#0","tintindex":0},"west":{"uv":[6.75,9.5625,7.3125,11.1875],"rotation":0,"texture":"#0","tintindex":0}}}],"display":{"head":{"translation":[0.0,-6.4,0.0],"rotation":[0.0,0.0,0.0],"scale":[3.8095,3.8095,3.8095]}}}