{"textures":{"0":"modelengine:entity/glaceous"},"elements":[{"name":"l_upper_arm","from":[5.763008,0.123523474,6.284903],"to":[10.1130085,11.373524,10.7849045],"rotation":{"angle":0.0,"axis":"x","origin":[7.9380083,5.7485237,8.534904]},"faces":{"down":{"uv":[12.8125,1.125,12.375,1.5625],"rotation":0,"texture":"#0","tintindex":0},"east":{"uv":[11.5,1.5625,11.9375,2.6875],"rotation":0,"texture":"#0","tintindex":0},"north":{"uv":[11.9375,1.5625,12.375,2.6875],"rotation":0,"texture":"#0","tintindex":0},"south":{"uv":[12.8125,1.5625,13.25,2.6875],"rotation":0,"texture":"#0","tintindex":0},"up":{"uv":[12.375,1.5625,11.9375,1.125],"rotation":0,"texture":"#0","tintindex":0},"west":{"uv":[12.375,1.5625,12.8125,2.6875],"rotation":0,"texture":"#0","tintindex":0}}}],"display":{"head":{"translation":[0.0,-6.4,0.0],"rotation":[0.0,0.0,0.0],"scale":[3.8095,3.8095,3.8095]}}}