{"textures":{"0":"modelengine:entity/glaceous"},"elements":[{"name":"l_lower_arm","from":[5.494646,-7.4423676,2.78],"to":[12.694646,13.557634,13.58],"rotation":{"angle":0.0,"axis":"x","origin":[9.619646,2.6826336,8.15]},"faces":{"down":{"uv":[3.9375,9.75,3.1875,10.875],"rotation":0,"texture":"#0","tintindex":0},"east":{"uv":[3.6875,4.5,4.8125,6.6875],"rotation":0,"texture":"#0","tintindex":0},"north":{"uv":[4.4375,6.6875,5.1875,8.875],"rotation":0,"texture":"#0","tintindex":0},"south":{"uv":[5.1875,6.6875,5.9375,8.875],"rotation":0,"texture":"#0","tintindex":0},"up":{"uv":[1.625,10.875,0.875,9.75],"rotation":0,"texture":"#0","tintindex":0},"west":{"uv":[4.8125,4.5,5.9375,6.6875],"rotation":0,"texture":"#0","tintindex":0}}},{"name":"l_lower_arm_2d","from":[5.194646,-7.7423677,2.48],"to":[12.994646,13.857635,13.88],"rotation":{"angle":0.0,"axis":"x","origin":[9.619646,2.6826336,8.15]},"faces":{"down":{"uv":[5.625,8.875,4.8125,10.0625],"rotation":0,"texture":"#0","tintindex":0},"east":{"uv":[2.75,2.0625,3.9375,4.3125],"rotation":0,"texture":"#0","tintindex":0},"north":{"uv":[6.25,0.0,7.0625,2.25],"rotation":0,"texture":"#0","tintindex":0},"south":{"uv":[0.0,6.3125,0.8125,8.5625],"rotation":0,"texture":"#0","tintindex":0},"up":{"uv":[4.8125,10.0625,4.0,8.875],"rotation":0,"texture":"#0","tintindex":0},"west":{"uv":[3.9375,0.0,5.125,2.25],"rotation":0,"texture":"#0","tintindex":0}}}],"display":{"head":{"translation":[0.0,-6.4,0.0],"rotation":[0.0,0.0,0.0],"scale":[3.8095,3.8095,3.8095]}}}