{"textures":{"0":"modelengine:entity/glaceous"},"elements":[{"name":"l_lower_arm","from":[5.944646,-7.4423676,4.0999994],"to":[12.694647,11.607634,12.2],"rotation":{"angle":0.0,"axis":"x","origin":[9.319647,2.082633,8.15]},"faces":{"down":{"uv":[10.6875,0.875,10.0,1.6875],"rotation":0,"texture":"#0","tintindex":0},"east":{"uv":[8.5,1.6875,9.3125,3.625],"rotation":0,"texture":"#0","tintindex":0},"north":{"uv":[9.3125,1.6875,10.0,3.625],"rotation":0,"texture":"#0","tintindex":0},"south":{"uv":[10.8125,1.6875,11.5,3.625],"rotation":0,"texture":"#0","tintindex":0},"up":{"uv":[10.0,1.6875,9.3125,0.875],"rotation":0,"texture":"#0","tintindex":0},"west":{"uv":[10.0,1.6875,10.8125,3.625],"rotation":0,"texture":"#0","tintindex":0}}},{"name":"l_lower_arm_2d","from":[5.7946463,-7.592367,3.9499996],"to":[12.8446455,11.757633,12.35],"rotation":{"angle":0.0,"axis":"x","origin":[9.319647,2.082633,8.15]},"faces":{"down":{"uv":[2.25,6.25,1.5625,7.125],"rotation":0,"texture":"#0","tintindex":0},"east":{"uv":[0.0,7.125,0.875,9.125],"rotation":0,"texture":"#0","tintindex":0},"north":{"uv":[0.875,7.125,1.5625,9.125],"rotation":0,"texture":"#0","tintindex":0},"south":{"uv":[2.4375,7.125,3.125,9.125],"rotation":0,"texture":"#0","tintindex":0},"up":{"uv":[1.5625,7.125,0.875,6.25],"rotation":0,"texture":"#0","tintindex":0},"west":{"uv":[1.5625,7.125,2.4375,9.125],"rotation":0,"texture":"#0","tintindex":0}}}],"display":{"head":{"translation":[0.0,-6.4,0.0],"rotation":[0.0,0.0,0.0],"scale":[3.8095,3.8095,3.8095]}}}