{"textures":{"0":"modelengine:entity/glaceous"},"elements":[{"name":"l_shin","from":[5.8999996,0.19999981,8.0],"to":[10.1,9.2,12.2],"rotation":{"angle":0.0,"axis":"x","origin":[8.0,4.7,10.1]},"faces":{"down":{"uv":[13.25,4.8125,12.8125,5.25],"rotation":0,"texture":"#0","tintindex":0},"east":{"uv":[11.9375,5.25,12.375,6.1875],"rotation":0,"texture":"#0","tintindex":0},"north":{"uv":[12.375,5.25,12.8125,6.1875],"rotation":0,"texture":"#0","tintindex":0},"south":{"uv":[13.25,5.25,13.6875,6.1875],"rotation":0,"texture":"#0","tintindex":0},"up":{"uv":[12.8125,5.25,12.375,4.8125],"rotation":0,"texture":"#0","tintindex":0},"west":{"uv":[12.8125,5.25,13.25,6.1875],"rotation":0,"texture":"#0","tintindex":0}}}],"display":{"head":{"translation":[0.0,-6.4,0.0],"rotation":[0.0,0.0,0.0],"scale":[3.8095,3.8095,3.8095]}}}