{"textures":{"0":"modelengine:entity/glaceous"},"elements":[{"name":"l_shin","from":[5.8999996,0.50678253,5.3343134],"to":[10.1,10.106783,9.534313],"rotation":{"angle":0.0,"axis":"x","origin":[8.0,5.0067825,7.4343133]},"faces":{"down":{"uv":[2.625,9.6875,2.1875,10.125],"rotation":0,"texture":"#0","tintindex":0},"east":{"uv":[11.5,9.25,11.9375,10.25],"rotation":0,"texture":"#0","tintindex":0},"north":{"uv":[11.4375,8.25,11.875,9.25],"rotation":0,"texture":"#0","tintindex":0},"south":{"uv":[11.5,10.25,11.9375,11.25],"rotation":0,"texture":"#0","tintindex":0},"up":{"uv":[4.4375,8.5625,4.0,8.125],"rotation":0,"texture":"#0","tintindex":0},"west":{"uv":[11.5625,0.0,12.0,1.0],"rotation":0,"texture":"#0","tintindex":0}}}],"display":{"head":{"translation":[0.0,-6.4,0.0],"rotation":[0.0,0.0,0.0],"scale":[3.8095,3.8095,3.8095]}}}