{"textures":{"0":"modelengine:entity/glaceous"},"elements":[{"name":"l_thigh","from":[6.343797,0.7714901,4.8603344],"to":[11.743797,10.3714905,12.660335],"rotation":{"angle":0.0,"axis":"x","origin":[9.0437975,5.27149,8.460335]},"faces":{"down":{"uv":[11.9375,1.8125,11.375,2.625],"rotation":0,"texture":"#0","tintindex":0},"east":{"uv":[10.25,3.0625,11.0625,4.0625],"rotation":0,"texture":"#0","tintindex":0},"north":{"uv":[10.8125,1.625,11.375,2.625],"rotation":0,"texture":"#0","tintindex":0},"south":{"uv":[3.5625,10.875,4.125,11.875],"rotation":0,"texture":"#0","tintindex":0},"up":{"uv":[2.0625,12.125,1.5,11.3125],"rotation":0,"texture":"#0","tintindex":0},"west":{"uv":[10.25,4.0625,11.0625,5.0625],"rotation":0,"texture":"#0","tintindex":0}}}],"display":{"head":{"translation":[0.0,-6.4,0.0],"rotation":[0.0,0.0,0.0],"scale":[3.8095,3.8095,3.8095]}}}