{"textures":{"0":"modelengine:entity/glaceous"},"elements":[{"name":"l_thigh","from":[6.343797,0.17149019,5.460335],"to":[11.743797,10.3714905,12.060334],"rotation":{"angle":0.0,"axis":"x","origin":[9.0437975,5.27149,8.460335]},"faces":{"down":{"uv":[12.6875,6.625,12.125,7.3125],"rotation":0,"texture":"#0","tintindex":0},"east":{"uv":[10.875,7.3125,11.5625,8.375],"rotation":0,"texture":"#0","tintindex":0},"north":{"uv":[11.5625,7.3125,12.125,8.375],"rotation":0,"texture":"#0","tintindex":0},"south":{"uv":[12.8125,7.3125,13.375,8.375],"rotation":0,"texture":"#0","tintindex":0},"up":{"uv":[12.125,7.3125,11.5625,6.625],"rotation":0,"texture":"#0","tintindex":0},"west":{"uv":[12.125,7.3125,12.8125,8.375],"rotation":0,"texture":"#0","tintindex":0}}},{"name":"l_thigh_2d","from":[6.193797,0.021490097,5.310334],"to":[11.893798,10.52149,12.210334],"rotation":{"angle":0.0,"axis":"x","origin":[9.0437975,5.27149,8.460335]},"faces":{"down":{"uv":[9.125,10.5,8.5625,11.1875],"rotation":0,"texture":"#0","tintindex":0},"east":{"uv":[7.3125,11.1875,8.0,12.25],"rotation":0,"texture":"#0","tintindex":0},"north":{"uv":[8.0,11.1875,8.5625,12.25],"rotation":0,"texture":"#0","tintindex":0},"south":{"uv":[9.25,11.1875,9.8125,12.25],"rotation":0,"texture":"#0","tintindex":0},"up":{"uv":[8.5625,11.1875,8.0,10.5],"rotation":0,"texture":"#0","tintindex":0},"west":{"uv":[8.5625,11.1875,9.25,12.25],"rotation":0,"texture":"#0","tintindex":0}}}],"display":{"head":{"translation":[0.0,-6.4,0.0],"rotation":[0.0,0.0,0.0],"scale":[3.8095,3.8095,3.8095]}}}