{"textures":{"0":"modelengine:entity/glaceous"},"elements":[{"name":"crystal_central","from":[7.206948,6.388605,7.159113],"to":[8.706947,12.688605,8.659113],"rotation":{"angle":0.0,"axis":"x","origin":[7.956948,6.388605,7.909113]},"faces":{"down":{"uv":[3.875,4.3125,3.6875,4.5],"rotation":0,"texture":"#0","tintindex":0},"east":{"uv":[12.8125,11.3125,13.0,12.0],"rotation":0,"texture":"#0","tintindex":0},"north":{"uv":[4.6875,10.875,4.875,11.5625],"rotation":0,"texture":"#0","tintindex":0},"south":{"uv":[12.8125,12.0,13.0,12.6875],"rotation":0,"texture":"#0","tintindex":0},"up":{"uv":[3.875,1.5625,3.6875,1.375],"rotation":0,"texture":"#0","tintindex":0},"west":{"uv":[12.8125,12.6875,13.0,13.375],"rotation":0,"texture":"#0","tintindex":0}}},{"name":"crystal_slant","from":[6.7569475,6.388605,7.4591126],"to":[8.106948,10.138605,8.359113],"rotation":{"angle":22.5,"axis":"z","origin":[7.956948,6.388605,7.909113]},"faces":{"down":{"uv":[0.875,10.75,0.75,10.875],"rotation":0,"texture":"#0","tintindex":0},"east":{"uv":[8.0625,10.75,8.1875,11.125],"rotation":0,"texture":"#0","tintindex":0},"north":{"uv":[8.5,8.75,8.625,9.125],"rotation":0,"texture":"#0","tintindex":0},"south":{"uv":[1.5,10.875,1.625,11.25],"rotation":0,"texture":"#0","tintindex":0},"up":{"uv":[8.1875,5.875,8.0625,5.75],"rotation":0,"texture":"#0","tintindex":0},"west":{"uv":[11.1875,1.25,11.3125,1.625],"rotation":0,"texture":"#0","tintindex":0}}},{"name":"crystal_slant","from":[7.8069477,6.388605,7.4591126],"to":[9.156948,11.4886055,8.359113],"rotation":{"angle":-22.5,"axis":"z","origin":[7.956948,6.388605,7.909113]},"faces":{"down":{"uv":[11.5625,3.875,11.4375,4.0],"rotation":0,"texture":"#0","tintindex":0},"east":{"uv":[10.875,8.5,11.0,9.0625],"rotation":0,"texture":"#0","tintindex":0},"north":{"uv":[8.5,6.8125,8.625,7.375],"rotation":0,"texture":"#0","tintindex":0},"south":{"uv":[2.0625,11.3125,2.1875,11.875],"rotation":0,"texture":"#0","tintindex":0},"up":{"uv":[11.125,11.25,11.0,11.125],"rotation":0,"texture":"#0","tintindex":0},"west":{"uv":[12.0,7.4375,12.125,8.0],"rotation":0,"texture":"#0","tintindex":0}}},{"name":"crystal_slant","from":[7.506948,6.388605,7.759113],"to":[8.406948,11.638605,9.109113],"rotation":{"angle":22.5,"axis":"x","origin":[7.956948,6.388605,7.909113]},"faces":{"down":{"uv":[4.8125,11.5625,4.6875,11.6875],"rotation":0,"texture":"#0","tintindex":0},"east":{"uv":[13.0,11.9375,13.125,12.5],"rotation":0,"texture":"#0","tintindex":0},"north":{"uv":[12.25,3.8125,12.375,4.375],"rotation":0,"texture":"#0","tintindex":0},"south":{"uv":[13.0,12.5,13.125,13.0625],"rotation":0,"texture":"#0","tintindex":0},"up":{"uv":[11.6875,4.0,11.5625,3.875],"rotation":0,"texture":"#0","tintindex":0},"west":{"uv":[13.0625,0.0,13.1875,0.5625],"rotation":0,"texture":"#0","tintindex":0}}},{"name":"crystal_slant","from":[7.506948,6.388605,6.7091126],"to":[8.406948,8.788605,8.059113],"rotation":{"angle":-22.5,"axis":"x","origin":[7.956948,6.388605,7.909113]},"faces":{"down":{"uv":[11.8125,3.875,11.6875,4.0],"rotation":0,"texture":"#0","tintindex":0},"east":{"uv":[9.0625,10.75,9.1875,11.0],"rotation":0,"texture":"#0","tintindex":0},"north":{"uv":[8.375,6.125,8.5,6.375],"rotation":0,"texture":"#0","tintindex":0},"south":{"uv":[9.1875,10.75,9.3125,11.0],"rotation":0,"texture":"#0","tintindex":0},"up":{"uv":[4.9375,11.6875,4.8125,11.5625],"rotation":0,"texture":"#0","tintindex":0},"west":{"uv":[9.625,11.8125,9.75,12.0625],"rotation":0,"texture":"#0","tintindex":0}}}],"display":{"head":{"translation":[0.0,-6.4,0.0],"rotation":[0.0,0.0,0.0],"scale":[3.8095,3.8095,3.8095]}}}