{"textures":{"0":"modelengine:entity/glaceous"},"elements":[{"name":"crystal_central","from":[7.206948,6.388605,7.159113],"to":[8.706947,12.688605,8.659113],"rotation":{"angle":0.0,"axis":"x","origin":[7.956948,6.388605,7.909113]},"faces":{"down":{"uv":[5.1875,0.0,5.0625,0.125],"rotation":0,"texture":"#0","tintindex":0},"east":{"uv":[4.8125,0.125,4.9375,0.75],"rotation":0,"texture":"#0","tintindex":0},"north":{"uv":[4.9375,0.125,5.0625,0.75],"rotation":0,"texture":"#0","tintindex":0},"south":{"uv":[5.1875,0.125,5.3125,0.75],"rotation":0,"texture":"#0","tintindex":0},"up":{"uv":[5.0625,0.125,4.9375,0.0],"rotation":0,"texture":"#0","tintindex":0},"west":{"uv":[5.0625,0.125,5.1875,0.75],"rotation":0,"texture":"#0","tintindex":0}}},{"name":"crystal_slant","from":[6.7569475,6.388605,7.3091125],"to":[8.106948,10.138605,8.509113],"rotation":{"angle":22.5,"axis":"z","origin":[7.956948,6.388605,7.909113]},"faces":{"down":{"uv":[3.5,8.0625,3.375,8.1875],"rotation":0,"texture":"#0","tintindex":0},"east":{"uv":[3.125,8.1875,3.25,8.5625],"rotation":0,"texture":"#0","tintindex":0},"north":{"uv":[3.25,8.1875,3.375,8.5625],"rotation":0,"texture":"#0","tintindex":0},"south":{"uv":[3.5,8.1875,3.625,8.5625],"rotation":0,"texture":"#0","tintindex":0},"up":{"uv":[3.375,8.1875,3.25,8.0625],"rotation":0,"texture":"#0","tintindex":0},"west":{"uv":[3.375,8.1875,3.5,8.5625],"rotation":0,"texture":"#0","tintindex":0}}},{"name":"crystal_slant","from":[7.8069477,6.388605,7.3091125],"to":[9.156948,11.4886055,8.509113],"rotation":{"angle":-22.5,"axis":"z","origin":[7.956948,6.388605,7.909113]},"faces":{"down":{"uv":[7.375,1.6875,7.25,1.8125],"rotation":0,"texture":"#0","tintindex":0},"east":{"uv":[7.0,1.8125,7.125,2.3125],"rotation":0,"texture":"#0","tintindex":0},"north":{"uv":[7.125,1.8125,7.25,2.3125],"rotation":0,"texture":"#0","tintindex":0},"south":{"uv":[7.375,1.8125,7.5,2.3125],"rotation":0,"texture":"#0","tintindex":0},"up":{"uv":[7.25,1.8125,7.125,1.6875],"rotation":0,"texture":"#0","tintindex":0},"west":{"uv":[7.25,1.8125,7.375,2.3125],"rotation":0,"texture":"#0","tintindex":0}}},{"name":"crystal_slant","from":[7.356948,6.388605,7.759113],"to":[8.556948,11.638605,9.109113],"rotation":{"angle":22.5,"axis":"x","origin":[7.956948,6.388605,7.909113]},"faces":{"down":{"uv":[3.5,6.9375,3.375,7.0625],"rotation":0,"texture":"#0","tintindex":0},"east":{"uv":[3.125,7.0625,3.25,7.5625],"rotation":0,"texture":"#0","tintindex":0},"north":{"uv":[3.25,7.0625,3.375,7.5625],"rotation":0,"texture":"#0","tintindex":0},"south":{"uv":[3.5,7.0625,3.625,7.5625],"rotation":0,"texture":"#0","tintindex":0},"up":{"uv":[3.375,7.0625,3.25,6.9375],"rotation":0,"texture":"#0","tintindex":0},"west":{"uv":[3.375,7.0625,3.5,7.5625],"rotation":0,"texture":"#0","tintindex":0}}},{"name":"crystal_slant","from":[7.356948,6.388605,6.7091126],"to":[8.556948,8.788605,8.059113],"rotation":{"angle":-22.5,"axis":"x","origin":[7.956948,6.388605,7.909113]},"faces":{"down":{"uv":[8.875,3.625,8.75,3.75],"rotation":0,"texture":"#0","tintindex":0},"east":{"uv":[8.5,3.75,8.625,4.0],"rotation":0,"texture":"#0","tintindex":0},"north":{"uv":[8.625,3.75,8.75,4.0],"rotation":0,"texture":"#0","tintindex":0},"south":{"uv":[8.875,3.75,9.0,4.0],"rotation":0,"texture":"#0","tintindex":0},"up":{"uv":[8.75,3.75,8.625,3.625],"rotation":0,"texture":"#0","tintindex":0},"west":{"uv":[8.75,3.75,8.875,4.0],"rotation":0,"texture":"#0","tintindex":0}}}],"display":{"head":{"translation":[0.0,-6.4,0.0],"rotation":[0.0,0.0,0.0],"scale":[3.8095,3.8095,3.8095]}}}