{"textures":{"0":"modelengine:entity/glaceous"},"elements":[{"name":"l_hand","from":[4.85,2.2999997,3.0499997],"to":[8.75,10.1,12.35],"rotation":{"angle":0.0,"axis":"x","origin":[7.7,6.125,7.7]},"faces":{"down":{"uv":[12.375,0.0,12.0,1.0],"rotation":0,"texture":"#0","tintindex":0},"east":{"uv":[9.8125,0.0,10.8125,0.8125],"rotation":0,"texture":"#0","tintindex":0},"north":{"uv":[12.1875,1.0,12.5625,1.8125],"rotation":0,"texture":"#0","tintindex":0},"south":{"uv":[7.125,12.375,7.5,13.1875],"rotation":0,"texture":"#0","tintindex":0},"up":{"uv":[12.3125,10.75,11.9375,9.75],"rotation":0,"texture":"#0","tintindex":0},"west":{"uv":[3.9375,10.0625,4.9375,10.875],"rotation":0,"texture":"#0","tintindex":0}}},{"name":"claw_base","from":[3.487151,1.1083767,9.803342],"to":[6.187151,9.808377,11.603341],"rotation":{"angle":0.0,"axis":"x","origin":[6.187151,1.9333768,10.703342]},"faces":{"down":{"uv":[2.75,4.0625,2.4375,4.25],"rotation":0,"texture":"#0","tintindex":0},"east":{"uv":[10.625,0.8125,10.8125,1.75],"rotation":0,"texture":"#0","tintindex":0},"north":{"uv":[5.625,8.875,5.9375,9.8125],"rotation":0,"texture":"#0","tintindex":0},"south":{"uv":[2.625,12.4375,2.9375,13.375],"rotation":0,"texture":"#0","tintindex":0},"up":{"uv":[3.9375,2.0625,3.625,1.875],"rotation":0,"texture":"#0","tintindex":0},"west":{"uv":[7.125,11.1875,7.3125,12.125],"rotation":0,"texture":"#0","tintindex":0}}},{"name":"claw_tip","from":[3.8471506,-5.7316246,4.253341],"to":[5.9471507,2.6683772,5.1533413],"rotation":{"angle":22.5,"axis":"z","origin":[6.187151,1.9333768,4.7033415]},"faces":{"down":{"uv":[5.5,4.375,5.3125,4.5],"rotation":0,"texture":"#0","tintindex":0},"east":{"uv":[5.5,10.0625,5.625,10.9375],"rotation":0,"texture":"#0","tintindex":0},"north":{"uv":[5.3125,10.0625,5.5,10.9375],"rotation":0,"texture":"#0","tintindex":0},"south":{"uv":[12.0,2.5625,12.1875,3.4375],"rotation":0,"texture":"#0","tintindex":0},"up":{"uv":[5.3125,4.5,5.125,4.375],"rotation":0,"texture":"#0","tintindex":0},"west":{"uv":[3.0625,11.0625,3.1875,11.9375],"rotation":0,"texture":"#0","tintindex":0}}},{"name":"claw_base","from":[3.487151,1.1083767,3.8033412],"to":[6.187151,9.808377,5.603341],"rotation":{"angle":0.0,"axis":"x","origin":[6.187151,1.9333768,4.7033415]},"faces":{"down":{"uv":[8.5,10.125,8.1875,10.3125],"rotation":0,"texture":"#0","tintindex":0},"east":{"uv":[11.625,12.625,11.8125,13.5625],"rotation":0,"texture":"#0","tintindex":0},"north":{"uv":[6.75,12.4375,7.0625,13.375],"rotation":0,"texture":"#0","tintindex":0},"south":{"uv":[12.4375,7.0625,12.75,8.0],"rotation":0,"texture":"#0","tintindex":0},"up":{"uv":[1.125,8.125,0.8125,7.9375],"rotation":0,"texture":"#0","tintindex":0},"west":{"uv":[11.8125,12.625,12.0,13.5625],"rotation":0,"texture":"#0","tintindex":0}}},{"name":"claw_tip","from":[3.8471506,-5.7316246,7.2533417],"to":[5.9471507,2.6683772,8.153341],"rotation":{"angle":22.5,"axis":"z","origin":[6.187151,1.9333768,7.7033415]},"faces":{"down":{"uv":[5.875,4.375,5.6875,4.5],"rotation":0,"texture":"#0","tintindex":0},"east":{"uv":[3.4375,12.5,3.5625,13.375],"rotation":0,"texture":"#0","tintindex":0},"north":{"uv":[5.25,12.75,5.4375,13.625],"rotation":0,"texture":"#0","tintindex":0},"south":{"uv":[5.4375,12.75,5.625,13.625],"rotation":0,"texture":"#0","tintindex":0},"up":{"uv":[5.6875,4.5,5.5,4.375],"rotation":0,"texture":"#0","tintindex":0},"west":{"uv":[10.5,12.5,10.625,13.375],"rotation":0,"texture":"#0","tintindex":0}}},{"name":"claw_base","from":[3.487151,1.1083767,6.803342],"to":[6.187151,9.808377,8.603342],"rotation":{"angle":0.0,"axis":"x","origin":[6.187151,1.9333768,7.7033415]},"faces":{"down":{"uv":[13.375,2.125,13.0625,2.3125],"rotation":0,"texture":"#0","tintindex":0},"east":{"uv":[12.0,12.625,12.1875,13.5625],"rotation":0,"texture":"#0","tintindex":0},"north":{"uv":[7.875,12.4375,8.1875,13.375],"rotation":0,"texture":"#0","tintindex":0},"south":{"uv":[12.4375,8.0,12.75,8.9375],"rotation":0,"texture":"#0","tintindex":0},"up":{"uv":[13.375,2.125,13.0625,1.9375],"rotation":0,"texture":"#0","tintindex":0},"west":{"uv":[12.6875,0.0,12.875,0.9375],"rotation":0,"texture":"#0","tintindex":0}}},{"name":"claw_tip","from":[3.8471506,-5.7316246,10.253342],"to":[5.9471507,2.6683772,11.153341],"rotation":{"angle":22.5,"axis":"z","origin":[6.187151,1.9333768,10.703342]},"faces":{"down":{"uv":[2.3125,8.5,2.125,8.625],"rotation":0,"texture":"#0","tintindex":0},"east":{"uv":[12.1875,12.875,12.3125,13.75],"rotation":0,"texture":"#0","tintindex":0},"north":{"uv":[5.625,12.75,5.8125,13.625],"rotation":0,"texture":"#0","tintindex":0},"south":{"uv":[5.8125,12.75,6.0,13.625],"rotation":0,"texture":"#0","tintindex":0},"up":{"uv":[8.0625,5.875,7.875,5.75],"rotation":0,"texture":"#0","tintindex":0},"west":{"uv":[12.3125,12.875,12.4375,13.75],"rotation":0,"texture":"#0","tintindex":0}}}],"display":{"head":{"translation":[0.0,-6.4,0.0],"rotation":[0.0,0.0,0.0],"scale":[3.8095,3.8095,3.8095]}}}