{"textures":{"0":"modelengine:entity/glaceous"},"elements":[{"name":"l_hand","from":[4.85,2.2999997,3.0499997],"to":[8.75,9.950001,12.349999],"rotation":{"angle":0.0,"axis":"x","origin":[7.7,6.125,7.7]},"faces":{"down":{"uv":[10.875,9.375,10.5,10.3125],"rotation":0,"texture":"#0","tintindex":0},"east":{"uv":[9.1875,10.3125,10.125,11.0625],"rotation":0,"texture":"#0","tintindex":0},"north":{"uv":[10.125,10.3125,10.5,11.0625],"rotation":0,"texture":"#0","tintindex":0},"south":{"uv":[11.4375,10.3125,11.8125,11.0625],"rotation":0,"texture":"#0","tintindex":0},"up":{"uv":[10.5,10.3125,10.125,9.375],"rotation":0,"texture":"#0","tintindex":0},"west":{"uv":[10.5,10.3125,11.4375,11.0625],"rotation":0,"texture":"#0","tintindex":0}}},{"name":"claw_base","from":[5.3435907,-0.24296117,6.95],"to":[8.043591,2.457039,8.45],"rotation":{"angle":0.0,"axis":"x","origin":[8.043591,0.5820389,7.7]},"faces":{"down":{"uv":[8.75,0.375,8.5,0.5],"rotation":0,"texture":"#0","tintindex":0},"east":{"uv":[8.125,0.5,8.25,0.75],"rotation":0,"texture":"#0","tintindex":0},"north":{"uv":[8.25,0.5,8.5,0.75],"rotation":0,"texture":"#0","tintindex":0},"south":{"uv":[8.625,0.5,8.875,0.75],"rotation":0,"texture":"#0","tintindex":0},"up":{"uv":[8.5,0.5,8.25,0.375],"rotation":0,"texture":"#0","tintindex":0},"west":{"uv":[8.5,0.5,8.625,0.75],"rotation":0,"texture":"#0","tintindex":0}}},{"name":"claw_tip","from":[5.4035907,-5.282961,7.4],"to":[7.8035903,1.1670392,8.0],"rotation":{"angle":22.5,"axis":"z","origin":[8.043591,0.5820389,7.7]},"faces":{"down":{"uv":[3.4375,6.25,3.1875,6.3125],"rotation":0,"texture":"#0","tintindex":0},"east":{"uv":[2.875,6.3125,2.9375,6.9375],"rotation":0,"texture":"#0","tintindex":0},"north":{"uv":[2.9375,6.3125,3.1875,6.9375],"rotation":0,"texture":"#0","tintindex":0},"south":{"uv":[3.25,6.3125,3.5,6.9375],"rotation":0,"texture":"#0","tintindex":0},"up":{"uv":[3.1875,6.3125,2.9375,6.25],"rotation":0,"texture":"#0","tintindex":0},"west":{"uv":[3.1875,6.3125,3.25,6.9375],"rotation":0,"texture":"#0","tintindex":0}}},{"name":"claw_base","from":[5.3435907,-0.24296117,9.950001],"to":[8.043591,2.457039,11.45],"rotation":{"angle":0.0,"axis":"x","origin":[8.043591,0.5820389,10.700001]},"faces":{"down":{"uv":[8.75,0.0,8.5,0.125],"rotation":0,"texture":"#0","tintindex":0},"east":{"uv":[8.125,0.125,8.25,0.375],"rotation":0,"texture":"#0","tintindex":0},"north":{"uv":[8.25,0.125,8.5,0.375],"rotation":0,"texture":"#0","tintindex":0},"south":{"uv":[8.625,0.125,8.875,0.375],"rotation":0,"texture":"#0","tintindex":0},"up":{"uv":[8.5,0.125,8.25,0.0],"rotation":0,"texture":"#0","tintindex":0},"west":{"uv":[8.5,0.125,8.625,0.375],"rotation":0,"texture":"#0","tintindex":0}}},{"name":"claw_tip","from":[5.4035907,-5.282961,10.4],"to":[7.8035903,1.1670392,11.0],"rotation":{"angle":22.5,"axis":"z","origin":[8.043591,0.5820389,10.700001]},"faces":{"down":{"uv":[2.8125,6.25,2.5625,6.3125],"rotation":0,"texture":"#0","tintindex":0},"east":{"uv":[2.25,6.3125,2.3125,6.9375],"rotation":0,"texture":"#0","tintindex":0},"north":{"uv":[2.3125,6.3125,2.5625,6.9375],"rotation":0,"texture":"#0","tintindex":0},"south":{"uv":[2.625,6.3125,2.875,6.9375],"rotation":0,"texture":"#0","tintindex":0},"up":{"uv":[2.5625,6.3125,2.3125,6.25],"rotation":0,"texture":"#0","tintindex":0},"west":{"uv":[2.5625,6.3125,2.625,6.9375],"rotation":0,"texture":"#0","tintindex":0}}},{"name":"claw_base","from":[5.3435907,-0.24296117,3.9499996],"to":[8.043591,2.457039,5.45],"rotation":{"angle":0.0,"axis":"x","origin":[8.043591,0.5820389,4.7]},"faces":{"down":{"uv":[8.6875,4.4375,8.4375,4.5625],"rotation":0,"texture":"#0","tintindex":0},"east":{"uv":[8.0625,4.5625,8.1875,4.8125],"rotation":0,"texture":"#0","tintindex":0},"north":{"uv":[8.1875,4.5625,8.4375,4.8125],"rotation":0,"texture":"#0","tintindex":0},"south":{"uv":[8.5625,4.5625,8.8125,4.8125],"rotation":0,"texture":"#0","tintindex":0},"up":{"uv":[8.4375,4.5625,8.1875,4.4375],"rotation":0,"texture":"#0","tintindex":0},"west":{"uv":[8.4375,4.5625,8.5625,4.8125],"rotation":0,"texture":"#0","tintindex":0}}},{"name":"claw_tip","from":[5.4035907,-5.282961,4.3999996],"to":[7.8035903,1.1670392,4.9999995],"rotation":{"angle":22.5,"axis":"z","origin":[8.043591,0.5820389,4.7]},"faces":{"down":{"uv":[6.4375,1.6875,6.1875,1.75],"rotation":0,"texture":"#0","tintindex":0},"east":{"uv":[5.875,1.75,5.9375,2.375],"rotation":0,"texture":"#0","tintindex":0},"north":{"uv":[5.9375,1.75,6.1875,2.375],"rotation":0,"texture":"#0","tintindex":0},"south":{"uv":[6.25,1.75,6.5,2.375],"rotation":0,"texture":"#0","tintindex":0},"up":{"uv":[6.1875,1.75,5.9375,1.6875],"rotation":0,"texture":"#0","tintindex":0},"west":{"uv":[6.1875,1.75,6.25,2.375],"rotation":0,"texture":"#0","tintindex":0}}}],"display":{"head":{"translation":[0.0,-6.4,0.0],"rotation":[0.0,0.0,0.0],"scale":[3.8095,3.8095,3.8095]}}}