{"textures":{"0":"modelengine:entity/glaceous"},"elements":[{"name":"r_foot","from":[5.39,5.9300003,1.0999997],"to":[10.79,8.030001,7.85],"rotation":{"angle":0.0,"axis":"x","origin":[8.09,6.98,4.475]},"faces":{"down":{"uv":[10.6875,0.0,10.125,0.6875],"rotation":0,"texture":"#0","tintindex":0},"east":{"uv":[8.875,0.6875,9.5625,0.875],"rotation":0,"texture":"#0","tintindex":0},"north":{"uv":[9.5625,0.6875,10.125,0.875],"rotation":0,"texture":"#0","tintindex":0},"south":{"uv":[10.8125,0.6875,11.375,0.875],"rotation":0,"texture":"#0","tintindex":0},"up":{"uv":[10.125,0.6875,9.5625,0.0],"rotation":0,"texture":"#0","tintindex":0},"west":{"uv":[10.125,0.6875,10.8125,0.875],"rotation":0,"texture":"#0","tintindex":0}}}],"display":{"head":{"translation":[0.0,-6.4,0.0],"rotation":[0.0,0.0,0.0],"scale":[3.8095,3.8095,3.8095]}}}