{"textures":{"0":"modelengine:entity/glaceous"},"elements":[{"name":"l_foot","from":[18.560017,6.014914,2.9954653],"to":[23.960018,8.114914,9.895466],"rotation":{"angle":0.0,"axis":"x","origin":[21.260017,7.0649137,6.3704653]},"faces":{"down":{"uv":[12.5,9.0,11.9375,9.75],"rotation":0,"texture":"#0","tintindex":0},"east":{"uv":[9.8125,0.8125,10.5625,1.0],"rotation":0,"texture":"#0","tintindex":0},"north":{"uv":[12.9375,8.3125,13.5,8.5],"rotation":0,"texture":"#0","tintindex":0},"south":{"uv":[12.9375,8.5,13.5,8.6875],"rotation":0,"texture":"#0","tintindex":0},"up":{"uv":[12.5,2.5625,11.9375,1.8125],"rotation":0,"texture":"#0","tintindex":0},"west":{"uv":[12.75,2.6875,13.5,2.875],"rotation":0,"texture":"#0","tintindex":0}}}],"display":{"head":{"translation":[0.0,-6.4,0.0],"rotation":[0.0,0.0,0.0],"scale":[3.8095,3.8095,3.8095]}}}