{"textures":{"0":"modelengine:entity/glaceous"},"elements":[{"name":"crystal_central","from":[6.2516623,4.3430896,6.0909348],"to":[9.851662,20.243092,9.690935],"rotation":{"angle":0.0,"axis":"x","origin":[8.051662,4.9430895,7.890935]},"faces":{"down":{"uv":[1.125,11.0625,0.75,11.4375],"rotation":0,"texture":"#0","tintindex":0},"east":{"uv":[0.0,11.4375,0.375,13.0625],"rotation":0,"texture":"#0","tintindex":0},"north":{"uv":[0.375,11.4375,0.75,13.0625],"rotation":0,"texture":"#0","tintindex":0},"south":{"uv":[1.125,11.4375,1.5,13.0625],"rotation":0,"texture":"#0","tintindex":0},"up":{"uv":[0.75,11.4375,0.375,11.0625],"rotation":0,"texture":"#0","tintindex":0},"west":{"uv":[0.75,11.4375,1.125,13.0625],"rotation":0,"texture":"#0","tintindex":0}}},{"name":"crystal_slant","from":[7.451662,4.3430896,6.240935],"to":[10.901663,14.6930895,9.5409355],"rotation":{"angle":-22.5,"axis":"z","origin":[8.051662,4.9430895,7.890935]},"faces":{"down":{"uv":[7.4375,12.25,7.125,12.5625],"rotation":0,"texture":"#0","tintindex":0},"east":{"uv":[6.5,12.5625,6.8125,13.625],"rotation":0,"texture":"#0","tintindex":0},"north":{"uv":[6.8125,12.5625,7.125,13.625],"rotation":0,"texture":"#0","tintindex":0},"south":{"uv":[7.4375,12.5625,7.75,13.625],"rotation":0,"texture":"#0","tintindex":0},"up":{"uv":[7.125,12.5625,6.8125,12.25],"rotation":0,"texture":"#0","tintindex":0},"west":{"uv":[7.125,12.5625,7.4375,13.625],"rotation":0,"texture":"#0","tintindex":0}}},{"name":"crystal_slant","from":[5.201662,4.3430896,6.240935],"to":[8.651662,16.64309,9.5409355],"rotation":{"angle":22.5,"axis":"z","origin":[8.051662,4.9430895,7.890935]},"faces":{"down":{"uv":[4.9375,12.25,4.625,12.5625],"rotation":0,"texture":"#0","tintindex":0},"east":{"uv":[4.0,12.5625,4.3125,13.8125],"rotation":0,"texture":"#0","tintindex":0},"north":{"uv":[4.3125,12.5625,4.625,13.8125],"rotation":0,"texture":"#0","tintindex":0},"south":{"uv":[4.9375,12.5625,5.25,13.8125],"rotation":0,"texture":"#0","tintindex":0},"up":{"uv":[4.625,12.5625,4.3125,12.25],"rotation":0,"texture":"#0","tintindex":0},"west":{"uv":[4.625,12.5625,4.9375,13.8125],"rotation":0,"texture":"#0","tintindex":0}}},{"name":"crystal_slant","from":[6.401662,4.3430896,7.290935],"to":[9.701662,17.39309,10.740934],"rotation":{"angle":22.5,"axis":"x","origin":[8.051662,4.9430895,7.890935]},"faces":{"down":{"uv":[2.4375,12.25,2.125,12.5625],"rotation":0,"texture":"#0","tintindex":0},"east":{"uv":[1.5,12.5625,1.8125,13.875],"rotation":0,"texture":"#0","tintindex":0},"north":{"uv":[1.8125,12.5625,2.125,13.875],"rotation":0,"texture":"#0","tintindex":0},"south":{"uv":[2.4375,12.5625,2.75,13.875],"rotation":0,"texture":"#0","tintindex":0},"up":{"uv":[2.125,12.5625,1.8125,12.25],"rotation":0,"texture":"#0","tintindex":0},"west":{"uv":[2.125,12.5625,2.4375,13.875],"rotation":0,"texture":"#0","tintindex":0}}},{"name":"crystal_slant","from":[6.401662,4.3430896,5.0409346],"to":[9.701662,12.74309,8.490934],"rotation":{"angle":-22.5,"axis":"x","origin":[8.051662,4.9430895,7.890935]},"faces":{"down":{"uv":[13.5625,10.25,13.25,10.5625],"rotation":0,"texture":"#0","tintindex":0},"east":{"uv":[12.625,10.5625,12.9375,11.4375],"rotation":0,"texture":"#0","tintindex":0},"north":{"uv":[12.9375,10.5625,13.25,11.4375],"rotation":0,"texture":"#0","tintindex":0},"south":{"uv":[13.5625,10.5625,13.875,11.4375],"rotation":0,"texture":"#0","tintindex":0},"up":{"uv":[13.25,10.5625,12.9375,10.25],"rotation":0,"texture":"#0","tintindex":0},"west":{"uv":[13.25,10.5625,13.5625,11.4375],"rotation":0,"texture":"#0","tintindex":0}}}],"display":{"head":{"translation":[0.0,-6.4,0.0],"rotation":[0.0,0.0,0.0],"scale":[3.8095,3.8095,3.8095]}}}