{"textures":{"0":"modelengine:entity/glaceous"},"elements":[{"name":"r_upper_arm","from":[5.8905516,0.12218547,6.281562],"to":[10.240552,11.372185,10.781563],"rotation":{"angle":0.0,"axis":"x","origin":[8.065552,5.7471857,8.531562]},"faces":{"down":{"uv":[12.625,11.0625,12.1875,11.5],"rotation":0,"texture":"#0","tintindex":0},"east":{"uv":[11.3125,11.5,11.75,12.625],"rotation":0,"texture":"#0","tintindex":0},"north":{"uv":[11.75,11.5,12.1875,12.625],"rotation":0,"texture":"#0","tintindex":0},"south":{"uv":[12.625,11.5,13.0625,12.625],"rotation":0,"texture":"#0","tintindex":0},"up":{"uv":[12.1875,11.5,11.75,11.0625],"rotation":0,"texture":"#0","tintindex":0},"west":{"uv":[12.1875,11.5,12.625,12.625],"rotation":0,"texture":"#0","tintindex":0}}}],"display":{"head":{"translation":[0.0,-6.4,0.0],"rotation":[0.0,0.0,0.0],"scale":[3.8095,3.8095,3.8095]}}}