{"textures":{"0":"modelengine:entity/glaceous"},"elements":[{"name":"r_upper_arm","from":[2.936923,-2.8154192,4.455197],"to":[10.436924,12.784581,9.555197],"rotation":{"angle":0.0,"axis":"x","origin":[7.5119233,2.8095813,7.305197]},"faces":{"down":{"uv":[12.1875,1.25,11.375,1.8125],"rotation":0,"texture":"#0","tintindex":0},"east":{"uv":[1.625,9.6875,2.1875,11.3125],"rotation":0,"texture":"#0","tintindex":0},"north":{"uv":[0.8125,8.125,1.625,9.75],"rotation":0,"texture":"#0","tintindex":0},"south":{"uv":[3.1875,8.125,4.0,9.75],"rotation":0,"texture":"#0","tintindex":0},"up":{"uv":[12.125,7.4375,11.3125,6.875],"rotation":0,"texture":"#0","tintindex":0},"west":{"uv":[9.6875,3.25,10.25,4.875],"rotation":0,"texture":"#0","tintindex":0}}}],"display":{"head":{"translation":[0.0,-6.4,0.0],"rotation":[0.0,0.0,0.0],"scale":[3.8095,3.8095,3.8095]}}}