{"textures":{"0":"modelengine:entity/glaceous"},"elements":[{"name":"crystal_central","from":[6.2516623,4.343088,6.0909348],"to":[9.851662,20.243092,9.690935],"rotation":{"angle":0.0,"axis":"x","origin":[8.051662,4.9430885,7.890935]},"faces":{"down":{"uv":[13.1875,10.9375,12.8125,11.3125],"rotation":0,"texture":"#0","tintindex":0},"east":{"uv":[0.75,10.875,1.125,12.5],"rotation":0,"texture":"#0","tintindex":0},"north":{"uv":[10.8125,0.0,11.1875,1.625],"rotation":0,"texture":"#0","tintindex":0},"south":{"uv":[1.125,10.875,1.5,12.5],"rotation":0,"texture":"#0","tintindex":0},"up":{"uv":[13.1875,10.9375,12.8125,10.5625],"rotation":0,"texture":"#0","tintindex":0},"west":{"uv":[3.1875,10.875,3.5625,12.5],"rotation":0,"texture":"#0","tintindex":0}}},{"name":"crystal_slant","from":[7.451662,4.343088,6.690935],"to":[10.751662,15.14309,9.090935],"rotation":{"angle":-22.5,"axis":"z","origin":[8.051662,4.9430885,7.890935]},"faces":{"down":{"uv":[13.375,8.9375,13.0,9.1875],"rotation":0,"texture":"#0","tintindex":0},"east":{"uv":[10.25,12.5,10.5,13.625],"rotation":0,"texture":"#0","tintindex":0},"north":{"uv":[3.9375,11.875,4.3125,13.0],"rotation":0,"texture":"#0","tintindex":0},"south":{"uv":[4.3125,11.875,4.6875,13.0],"rotation":0,"texture":"#0","tintindex":0},"up":{"uv":[4.6875,13.25,4.3125,13.0],"rotation":0,"texture":"#0","tintindex":0},"west":{"uv":[6.25,12.5625,6.5,13.6875],"rotation":0,"texture":"#0","tintindex":0}}},{"name":"crystal_slant","from":[5.3516617,4.343088,6.690935],"to":[8.651662,16.34309,9.090935],"rotation":{"angle":22.5,"axis":"z","origin":[8.051662,4.9430885,7.890935]},"faces":{"down":{"uv":[13.375,9.4375,13.0,9.6875],"rotation":0,"texture":"#0","tintindex":0},"east":{"uv":[0.3125,12.375,0.5625,13.625],"rotation":0,"texture":"#0","tintindex":0},"north":{"uv":[8.0625,11.1875,8.4375,12.4375],"rotation":0,"texture":"#0","tintindex":0},"south":{"uv":[8.4375,11.1875,8.8125,12.4375],"rotation":0,"texture":"#0","tintindex":0},"up":{"uv":[13.375,9.4375,13.0,9.1875],"rotation":0,"texture":"#0","tintindex":0},"west":{"uv":[12.375,3.8125,12.625,5.0625],"rotation":0,"texture":"#0","tintindex":0}}},{"name":"crystal_slant","from":[6.8516617,4.343088,7.290935],"to":[9.251662,17.54309,10.590935],"rotation":{"angle":22.5,"axis":"x","origin":[8.051662,4.9430885,7.890935]},"faces":{"down":{"uv":[11.3125,4.625,11.0625,5.0],"rotation":0,"texture":"#0","tintindex":0},"east":{"uv":[11.125,9.875,11.5,11.25],"rotation":0,"texture":"#0","tintindex":0},"north":{"uv":[2.375,12.125,2.625,13.5],"rotation":0,"texture":"#0","tintindex":0},"south":{"uv":[12.125,4.5625,12.375,5.9375],"rotation":0,"texture":"#0","tintindex":0},"up":{"uv":[11.0625,3.0,10.8125,2.625],"rotation":0,"texture":"#0","tintindex":0},"west":{"uv":[10.25,11.125,10.625,12.5],"rotation":0,"texture":"#0","tintindex":0}}},{"name":"crystal_slant","from":[6.8516617,4.343088,5.1909347],"to":[9.251662,13.9430895,8.490934],"rotation":{"angle":-22.5,"axis":"x","origin":[8.051662,4.9430885,7.890935]},"faces":{"down":{"uv":[13.25,11.625,13.0,11.9375],"rotation":0,"texture":"#0","tintindex":0},"east":{"uv":[12.375,5.0625,12.6875,6.0625],"rotation":0,"texture":"#0","tintindex":0},"north":{"uv":[12.5625,11.9375,12.8125,12.9375],"rotation":0,"texture":"#0","tintindex":0},"south":{"uv":[12.625,3.4375,12.875,4.4375],"rotation":0,"texture":"#0","tintindex":0},"up":{"uv":[13.25,11.625,13.0,11.3125],"rotation":0,"texture":"#0","tintindex":0},"west":{"uv":[12.375,6.0625,12.6875,7.0625],"rotation":0,"texture":"#0","tintindex":0}}}],"display":{"head":{"translation":[0.0,-6.4,0.0],"rotation":[0.0,0.0,0.0],"scale":[3.8095,3.8095,3.8095]}}}