{"textures":{"0":"modelengine:entity/glaceous"},"elements":[{"name":"r_lower_arm","from":[3.3053539,-7.4423676,2.78],"to":[10.505354,13.557634,13.58],"rotation":{"angle":0.0,"axis":"x","origin":[6.380354,2.6826336,8.15]},"faces":{"down":{"uv":[10.8125,1.9375,10.0625,3.0625],"rotation":0,"texture":"#0","tintindex":0},"east":{"uv":[5.125,0.0,6.25,2.1875],"rotation":0,"texture":"#0","tintindex":0},"north":{"uv":[7.125,3.6875,7.875,5.875],"rotation":0,"texture":"#0","tintindex":0},"south":{"uv":[6.75,7.375,7.5,9.5625],"rotation":0,"texture":"#0","tintindex":0},"up":{"uv":[6.375,10.9375,5.625,9.8125],"rotation":0,"texture":"#0","tintindex":0},"west":{"uv":[5.125,2.1875,6.25,4.375],"rotation":0,"texture":"#0","tintindex":0}}},{"name":"r_lower_arm_2d","from":[3.0053535,-7.7423677,2.48],"to":[10.805353,13.857635,13.88],"rotation":{"angle":0.0,"axis":"x","origin":[6.380354,2.6826336,8.15]},"faces":{"down":{"uv":[10.0625,2.0625,9.25,3.25],"rotation":0,"texture":"#0","tintindex":0},"east":{"uv":[3.9375,2.25,5.125,4.5],"rotation":0,"texture":"#0","tintindex":0},"north":{"uv":[2.375,6.375,3.1875,8.625],"rotation":0,"texture":"#0","tintindex":0},"south":{"uv":[5.9375,6.375,6.75,8.625],"rotation":0,"texture":"#0","tintindex":0},"up":{"uv":[9.3125,10.375,8.5,9.1875],"rotation":0,"texture":"#0","tintindex":0},"west":{"uv":[0.0,4.0625,1.1875,6.3125],"rotation":0,"texture":"#0","tintindex":0}}}],"display":{"head":{"translation":[0.0,-6.4,0.0],"rotation":[0.0,0.0,0.0],"scale":[3.8095,3.8095,3.8095]}}}