{"textures":{"0":"modelengine:entity/glaceous"},"elements":[{"name":"r_lower_arm","from":[3.305354,-7.4423676,4.1],"to":[10.055355,11.607634,12.2],"rotation":{"angle":0.0,"axis":"x","origin":[6.380354,2.682633,8.15]},"faces":{"down":{"uv":[8.9375,5.875,8.25,6.6875],"rotation":0,"texture":"#0","tintindex":0},"east":{"uv":[6.75,6.6875,7.5625,8.625],"rotation":0,"texture":"#0","tintindex":0},"north":{"uv":[7.5625,6.6875,8.25,8.625],"rotation":0,"texture":"#0","tintindex":0},"south":{"uv":[9.0625,6.6875,9.75,8.625],"rotation":0,"texture":"#0","tintindex":0},"up":{"uv":[8.25,6.6875,7.5625,5.875],"rotation":0,"texture":"#0","tintindex":0},"west":{"uv":[8.25,6.6875,9.0625,8.625],"rotation":0,"texture":"#0","tintindex":0}}},{"name":"r_lower_arm_2d","from":[3.155354,-7.592367,3.9499998],"to":[10.205355,11.757633,12.35],"rotation":{"angle":0.0,"axis":"x","origin":[6.380354,2.682633,8.15]},"faces":{"down":{"uv":[5.875,5.875,5.1875,6.75],"rotation":0,"texture":"#0","tintindex":0},"east":{"uv":[3.625,6.75,4.5,8.75],"rotation":0,"texture":"#0","tintindex":0},"north":{"uv":[4.5,6.75,5.1875,8.75],"rotation":0,"texture":"#0","tintindex":0},"south":{"uv":[6.0625,6.75,6.75,8.75],"rotation":0,"texture":"#0","tintindex":0},"up":{"uv":[5.1875,6.75,4.5,5.875],"rotation":0,"texture":"#0","tintindex":0},"west":{"uv":[5.1875,6.75,6.0625,8.75],"rotation":0,"texture":"#0","tintindex":0}}}],"display":{"head":{"translation":[0.0,-6.4,0.0],"rotation":[0.0,0.0,0.0],"scale":[3.8095,3.8095,3.8095]}}}