{"textures":{"0":"modelengine:entity/glaceous"},"elements":[{"name":"r_shin","from":[5.8999996,0.50678253,5.3343134],"to":[10.1,10.106783,9.534313],"rotation":{"angle":0.0,"axis":"x","origin":[8.0,5.0067825,7.4343133]},"faces":{"down":{"uv":[13.0,1.0,12.5625,1.4375],"rotation":0,"texture":"#0","tintindex":0},"east":{"uv":[5.125,11.75,5.5625,12.75],"rotation":0,"texture":"#0","tintindex":0},"north":{"uv":[4.6875,11.6875,5.125,12.6875],"rotation":0,"texture":"#0","tintindex":0},"south":{"uv":[5.5625,11.75,6.0,12.75],"rotation":0,"texture":"#0","tintindex":0},"up":{"uv":[11.875,3.875,11.4375,3.4375],"rotation":0,"texture":"#0","tintindex":0},"west":{"uv":[8.8125,11.8125,9.25,12.8125],"rotation":0,"texture":"#0","tintindex":0}}}],"display":{"head":{"translation":[0.0,-6.4,0.0],"rotation":[0.0,0.0,0.0],"scale":[3.8095,3.8095,3.8095]}}}