{"textures":{"0":"modelengine:entity/glaceous"},"elements":[{"name":"r_shin","from":[5.9,0.19999981,8.0],"to":[10.1,9.2,12.2],"rotation":{"angle":0.0,"axis":"x","origin":[8.0,4.7,10.1]},"faces":{"down":{"uv":[12.8125,2.6875,12.375,3.125],"rotation":0,"texture":"#0","tintindex":0},"east":{"uv":[11.5,3.125,11.9375,4.0625],"rotation":0,"texture":"#0","tintindex":0},"north":{"uv":[11.9375,3.125,12.375,4.0625],"rotation":0,"texture":"#0","tintindex":0},"south":{"uv":[12.8125,3.125,13.25,4.0625],"rotation":0,"texture":"#0","tintindex":0},"up":{"uv":[12.375,3.125,11.9375,2.6875],"rotation":0,"texture":"#0","tintindex":0},"west":{"uv":[12.375,3.125,12.8125,4.0625],"rotation":0,"texture":"#0","tintindex":0}}}],"display":{"head":{"translation":[0.0,-6.4,0.0],"rotation":[0.0,0.0,0.0],"scale":[3.8095,3.8095,3.8095]}}}