{"textures":{"0":"modelengine:entity/glaceous"},"elements":[{"name":"r_thigh","from":[4.256202,0.7714901,4.8603344],"to":[9.656202,10.3714905,12.660335],"rotation":{"angle":0.0,"axis":"x","origin":[6.9562025,5.27149,8.460335]},"faces":{"down":{"uv":[12.0,7.4375,11.4375,8.25],"rotation":0,"texture":"#0","tintindex":0},"east":{"uv":[10.25,9.125,11.0625,10.125],"rotation":0,"texture":"#0","tintindex":0},"north":{"uv":[4.125,10.875,4.6875,11.875],"rotation":0,"texture":"#0","tintindex":0},"south":{"uv":[10.875,7.5,11.4375,8.5],"rotation":0,"texture":"#0","tintindex":0},"up":{"uv":[12.0,3.4375,11.4375,2.625],"rotation":0,"texture":"#0","tintindex":0},"west":{"uv":[10.3125,10.125,11.125,11.125],"rotation":0,"texture":"#0","tintindex":0}}}],"display":{"head":{"translation":[0.0,-6.4,0.0],"rotation":[0.0,0.0,0.0],"scale":[3.8095,3.8095,3.8095]}}}