{"textures":{"0":"modelengine:entity/glaceous"},"elements":[{"name":"r_thigh","from":[4.3072205,0.14760399,5.4396796],"to":[9.70722,10.347605,12.03968],"rotation":{"angle":0.0,"axis":"x","origin":[7.0072203,5.2476044,8.43968]},"faces":{"down":{"uv":[6.625,10.5,6.0625,11.1875],"rotation":0,"texture":"#0","tintindex":0},"east":{"uv":[4.8125,11.1875,5.5,12.25],"rotation":0,"texture":"#0","tintindex":0},"north":{"uv":[5.5,11.1875,6.0625,12.25],"rotation":0,"texture":"#0","tintindex":0},"south":{"uv":[6.75,11.1875,7.3125,12.25],"rotation":0,"texture":"#0","tintindex":0},"up":{"uv":[6.0625,11.1875,5.5,10.5],"rotation":0,"texture":"#0","tintindex":0},"west":{"uv":[6.0625,11.1875,6.75,12.25],"rotation":0,"texture":"#0","tintindex":0}}},{"name":"r_thigh_2d","from":[4.157221,-0.0023958683,5.2896795],"to":[9.857221,10.497604,12.18968],"rotation":{"angle":0.0,"axis":"x","origin":[7.0072203,5.2476044,8.43968]},"faces":{"down":{"uv":[4.125,10.5,3.5625,11.1875],"rotation":0,"texture":"#0","tintindex":0},"east":{"uv":[2.3125,11.1875,3.0,12.25],"rotation":0,"texture":"#0","tintindex":0},"north":{"uv":[3.0,11.1875,3.5625,12.25],"rotation":0,"texture":"#0","tintindex":0},"south":{"uv":[4.25,11.1875,4.8125,12.25],"rotation":0,"texture":"#0","tintindex":0},"up":{"uv":[3.5625,11.1875,3.0,10.5],"rotation":0,"texture":"#0","tintindex":0},"west":{"uv":[3.5625,11.1875,4.25,12.25],"rotation":0,"texture":"#0","tintindex":0}}}],"display":{"head":{"translation":[0.0,-6.4,0.0],"rotation":[0.0,0.0,0.0],"scale":[3.8095,3.8095,3.8095]}}}