{"textures":{"0":"modelengine:entity/glaceous"},"elements":[{"name":"crystal_central","from":[7.293052,6.388605,7.159113],"to":[8.793053,12.688605,8.659113],"rotation":{"angle":0.0,"axis":"x","origin":[8.043053,6.388605,7.909113]},"faces":{"down":{"uv":[3.75,3.1875,3.625,3.3125],"rotation":0,"texture":"#0","tintindex":0},"east":{"uv":[3.375,3.3125,3.5,3.9375],"rotation":0,"texture":"#0","tintindex":0},"north":{"uv":[3.5,3.3125,3.625,3.9375],"rotation":0,"texture":"#0","tintindex":0},"south":{"uv":[3.75,3.3125,3.875,3.9375],"rotation":0,"texture":"#0","tintindex":0},"up":{"uv":[3.625,3.3125,3.5,3.1875],"rotation":0,"texture":"#0","tintindex":0},"west":{"uv":[3.625,3.3125,3.75,3.9375],"rotation":0,"texture":"#0","tintindex":0}}},{"name":"crystal_slant","from":[7.893052,6.388605,7.3091125],"to":[9.243052,10.138605,8.509113],"rotation":{"angle":-22.5,"axis":"z","origin":[8.043053,6.388605,7.909113]},"faces":{"down":{"uv":[3.5,7.5625,3.375,7.6875],"rotation":0,"texture":"#0","tintindex":0},"east":{"uv":[3.125,7.6875,3.25,8.0625],"rotation":0,"texture":"#0","tintindex":0},"north":{"uv":[3.25,7.6875,3.375,8.0625],"rotation":0,"texture":"#0","tintindex":0},"south":{"uv":[3.5,7.6875,3.625,8.0625],"rotation":0,"texture":"#0","tintindex":0},"up":{"uv":[3.375,7.6875,3.25,7.5625],"rotation":0,"texture":"#0","tintindex":0},"west":{"uv":[3.375,7.6875,3.5,8.0625],"rotation":0,"texture":"#0","tintindex":0}}},{"name":"crystal_slant","from":[6.843052,6.388605,7.3091125],"to":[8.193052,11.4886055,8.509113],"rotation":{"angle":22.5,"axis":"z","origin":[8.043053,6.388605,7.909113]},"faces":{"down":{"uv":[7.0,5.875,6.875,6.0],"rotation":0,"texture":"#0","tintindex":0},"east":{"uv":[6.625,6.0,6.75,6.5],"rotation":0,"texture":"#0","tintindex":0},"north":{"uv":[6.75,6.0,6.875,6.5],"rotation":0,"texture":"#0","tintindex":0},"south":{"uv":[7.0,6.0,7.125,6.5],"rotation":0,"texture":"#0","tintindex":0},"up":{"uv":[6.875,6.0,6.75,5.875],"rotation":0,"texture":"#0","tintindex":0},"west":{"uv":[6.875,6.0,7.0,6.5],"rotation":0,"texture":"#0","tintindex":0}}},{"name":"crystal_slant","from":[7.4430523,6.388605,7.759113],"to":[8.643052,11.638605,9.109113],"rotation":{"angle":22.5,"axis":"x","origin":[8.043053,6.388605,7.909113]},"faces":{"down":{"uv":[6.875,1.6875,6.75,1.8125],"rotation":0,"texture":"#0","tintindex":0},"east":{"uv":[6.5,1.8125,6.625,2.3125],"rotation":0,"texture":"#0","tintindex":0},"north":{"uv":[6.625,1.8125,6.75,2.3125],"rotation":0,"texture":"#0","tintindex":0},"south":{"uv":[6.875,1.8125,7.0,2.3125],"rotation":0,"texture":"#0","tintindex":0},"up":{"uv":[6.75,1.8125,6.625,1.6875],"rotation":0,"texture":"#0","tintindex":0},"west":{"uv":[6.75,1.8125,6.875,2.3125],"rotation":0,"texture":"#0","tintindex":0}}},{"name":"crystal_slant","from":[7.4430523,6.388605,6.7091126],"to":[8.643052,8.788605,8.059113],"rotation":{"angle":-22.5,"axis":"x","origin":[8.043053,6.388605,7.909113]},"faces":{"down":{"uv":[3.75,3.9375,3.625,4.0625],"rotation":0,"texture":"#0","tintindex":0},"east":{"uv":[3.375,4.0625,3.5,4.3125],"rotation":0,"texture":"#0","tintindex":0},"north":{"uv":[3.5,4.0625,3.625,4.3125],"rotation":0,"texture":"#0","tintindex":0},"south":{"uv":[3.75,4.0625,3.875,4.3125],"rotation":0,"texture":"#0","tintindex":0},"up":{"uv":[3.625,4.0625,3.5,3.9375],"rotation":0,"texture":"#0","tintindex":0},"west":{"uv":[3.625,4.0625,3.75,4.3125],"rotation":0,"texture":"#0","tintindex":0}}}],"display":{"head":{"translation":[0.0,-6.4,0.0],"rotation":[0.0,0.0,0.0],"scale":[3.8095,3.8095,3.8095]}}}