{"textures":{"0":"modelengine:entity/glaceous"},"elements":[{"name":"crystal_central","from":[7.293052,6.388605,7.159113],"to":[8.793053,12.688605,8.659113],"rotation":{"angle":0.0,"axis":"x","origin":[8.043053,6.388605,7.909113]},"faces":{"down":{"uv":[10.25,3.0625,10.0625,3.25],"rotation":0,"texture":"#0","tintindex":0},"east":{"uv":[12.875,3.4375,13.0625,4.125],"rotation":0,"texture":"#0","tintindex":0},"north":{"uv":[12.875,0.0,13.0625,0.6875],"rotation":0,"texture":"#0","tintindex":0},"south":{"uv":[12.875,4.125,13.0625,4.8125],"rotation":0,"texture":"#0","tintindex":0},"up":{"uv":[7.5,9.75,7.3125,9.5625],"rotation":0,"texture":"#0","tintindex":0},"west":{"uv":[12.875,4.8125,13.0625,5.5],"rotation":0,"texture":"#0","tintindex":0}}},{"name":"crystal_slant","from":[7.893052,6.388605,7.4591126],"to":[9.243052,10.138605,8.359113],"rotation":{"angle":-22.5,"axis":"z","origin":[8.043053,6.388605,7.909113]},"faces":{"down":{"uv":[12.1875,11.125,12.0625,11.25],"rotation":0,"texture":"#0","tintindex":0},"east":{"uv":[12.5,3.4375,12.625,3.8125],"rotation":0,"texture":"#0","tintindex":0},"north":{"uv":[3.0625,11.9375,3.1875,12.3125],"rotation":0,"texture":"#0","tintindex":0},"south":{"uv":[12.5625,1.4375,12.6875,1.8125],"rotation":0,"texture":"#0","tintindex":0},"up":{"uv":[12.0625,11.25,11.9375,11.125],"rotation":0,"texture":"#0","tintindex":0},"west":{"uv":[9.875,13.0625,10.0,13.4375],"rotation":0,"texture":"#0","tintindex":0}}},{"name":"crystal_slant","from":[6.843052,6.388605,7.4591126],"to":[8.193052,11.4886055,8.359113],"rotation":{"angle":22.5,"axis":"z","origin":[8.043053,6.388605,7.909113]},"faces":{"down":{"uv":[12.375,4.375,12.25,4.5],"rotation":0,"texture":"#0","tintindex":0},"east":{"uv":[13.0625,3.375,13.1875,3.9375],"rotation":0,"texture":"#0","tintindex":0},"north":{"uv":[13.0625,1.375,13.1875,1.9375],"rotation":0,"texture":"#0","tintindex":0},"south":{"uv":[13.0625,3.9375,13.1875,4.5],"rotation":0,"texture":"#0","tintindex":0},"up":{"uv":[12.3125,11.25,12.1875,11.125],"rotation":0,"texture":"#0","tintindex":0},"west":{"uv":[13.0625,4.5,13.1875,5.0625],"rotation":0,"texture":"#0","tintindex":0}}},{"name":"crystal_slant","from":[7.593052,6.388605,7.759113],"to":[8.493052,11.638605,9.109113],"rotation":{"angle":22.5,"axis":"x","origin":[8.043053,6.388605,7.909113]},"faces":{"down":{"uv":[6.375,12.3125,6.25,12.4375],"rotation":0,"texture":"#0","tintindex":0},"east":{"uv":[13.0625,5.625,13.1875,6.1875],"rotation":0,"texture":"#0","tintindex":0},"north":{"uv":[13.0625,5.0625,13.1875,5.625],"rotation":0,"texture":"#0","tintindex":0},"south":{"uv":[13.0625,6.1875,13.1875,6.75],"rotation":0,"texture":"#0","tintindex":0},"up":{"uv":[3.1875,12.4375,3.0625,12.3125],"rotation":0,"texture":"#0","tintindex":0},"west":{"uv":[13.0625,6.75,13.1875,7.3125],"rotation":0,"texture":"#0","tintindex":0}}},{"name":"crystal_slant","from":[7.593052,6.388605,6.7091126],"to":[8.493052,8.788605,8.059113],"rotation":{"angle":-22.5,"axis":"x","origin":[8.043053,6.388605,7.909113]},"faces":{"down":{"uv":[12.4375,11.125,12.3125,11.25],"rotation":0,"texture":"#0","tintindex":0},"east":{"uv":[12.0,8.0,12.125,8.25],"rotation":0,"texture":"#0","tintindex":0},"north":{"uv":[2.0625,11.875,2.1875,12.125],"rotation":0,"texture":"#0","tintindex":0},"south":{"uv":[12.0625,1.0,12.1875,1.25],"rotation":0,"texture":"#0","tintindex":0},"up":{"uv":[12.4375,11.125,12.3125,11.0],"rotation":0,"texture":"#0","tintindex":0},"west":{"uv":[7.125,12.125,7.25,12.375],"rotation":0,"texture":"#0","tintindex":0}}}],"display":{"head":{"translation":[0.0,-6.4,0.0],"rotation":[0.0,0.0,0.0],"scale":[3.8095,3.8095,3.8095]}}}