{"textures":{"0":"modelengine:entity/glaceous"},"elements":[{"name":"r_hand","from":[7.25,2.2999997,3.0499997],"to":[11.150001,9.950001,12.35],"rotation":{"angle":0.0,"axis":"x","origin":[8.3,6.125,7.7]},"faces":{"down":{"uv":[10.875,7.6875,10.5,8.625],"rotation":0,"texture":"#0","tintindex":0},"east":{"uv":[9.1875,8.625,10.125,9.375],"rotation":0,"texture":"#0","tintindex":0},"north":{"uv":[10.125,8.625,10.5,9.375],"rotation":0,"texture":"#0","tintindex":0},"south":{"uv":[11.4375,8.625,11.8125,9.375],"rotation":0,"texture":"#0","tintindex":0},"up":{"uv":[10.5,8.625,10.125,7.6875],"rotation":0,"texture":"#0","tintindex":0},"west":{"uv":[10.5,8.625,11.4375,9.375],"rotation":0,"texture":"#0","tintindex":0}}},{"name":"claw_base","from":[7.9564095,-0.24296117,3.9499998],"to":[10.65641,2.457039,5.45],"rotation":{"angle":0.0,"axis":"x","origin":[7.9564095,0.5820389,4.7]},"faces":{"down":{"uv":[8.6875,4.0625,8.4375,4.1875],"rotation":0,"texture":"#0","tintindex":0},"east":{"uv":[8.0625,4.1875,8.1875,4.4375],"rotation":0,"texture":"#0","tintindex":0},"north":{"uv":[8.1875,4.1875,8.4375,4.4375],"rotation":0,"texture":"#0","tintindex":0},"south":{"uv":[8.5625,4.1875,8.8125,4.4375],"rotation":0,"texture":"#0","tintindex":0},"up":{"uv":[8.4375,4.1875,8.1875,4.0625],"rotation":0,"texture":"#0","tintindex":0},"west":{"uv":[8.4375,4.1875,8.5625,4.4375],"rotation":0,"texture":"#0","tintindex":0}}},{"name":"claw_tip","from":[8.196409,-5.282961,10.4],"to":[10.59641,1.1670392,11.0],"rotation":{"angle":0.0,"axis":"x","origin":[7.9564095,0.5820389,10.700001]},"faces":{"down":{"uv":[5.8125,1.6875,5.5625,1.75],"rotation":0,"texture":"#0","tintindex":0},"east":{"uv":[5.25,1.75,5.3125,2.375],"rotation":0,"texture":"#0","tintindex":0},"north":{"uv":[5.3125,1.75,5.5625,2.375],"rotation":0,"texture":"#0","tintindex":0},"south":{"uv":[5.625,1.75,5.875,2.375],"rotation":0,"texture":"#0","tintindex":0},"up":{"uv":[5.5625,1.75,5.3125,1.6875],"rotation":0,"texture":"#0","tintindex":0},"west":{"uv":[5.5625,1.75,5.625,2.375],"rotation":0,"texture":"#0","tintindex":0}}},{"name":"claw_base","from":[7.9564095,-0.24296117,9.950001],"to":[10.65641,2.457039,11.45],"rotation":{"angle":0.0,"axis":"x","origin":[7.9564095,0.5820389,10.700001]},"faces":{"down":{"uv":[8.375,2.8125,8.125,2.9375],"rotation":0,"texture":"#0","tintindex":0},"east":{"uv":[7.75,2.9375,7.875,3.1875],"rotation":0,"texture":"#0","tintindex":0},"north":{"uv":[7.875,2.9375,8.125,3.1875],"rotation":0,"texture":"#0","tintindex":0},"south":{"uv":[8.25,2.9375,8.5,3.1875],"rotation":0,"texture":"#0","tintindex":0},"up":{"uv":[8.125,2.9375,7.875,2.8125],"rotation":0,"texture":"#0","tintindex":0},"west":{"uv":[8.125,2.9375,8.25,3.1875],"rotation":0,"texture":"#0","tintindex":0}}},{"name":"claw_tip","from":[8.196409,-5.282961,7.4],"to":[10.59641,1.1670392,8.0],"rotation":{"angle":0.0,"axis":"x","origin":[7.9564095,0.5820389,7.7]},"faces":{"down":{"uv":[5.1875,1.6875,4.9375,1.75],"rotation":0,"texture":"#0","tintindex":0},"east":{"uv":[4.625,1.75,4.6875,2.375],"rotation":0,"texture":"#0","tintindex":0},"north":{"uv":[4.6875,1.75,4.9375,2.375],"rotation":0,"texture":"#0","tintindex":0},"south":{"uv":[5.0,1.75,5.25,2.375],"rotation":0,"texture":"#0","tintindex":0},"up":{"uv":[4.9375,1.75,4.6875,1.6875],"rotation":0,"texture":"#0","tintindex":0},"west":{"uv":[4.9375,1.75,5.0,2.375],"rotation":0,"texture":"#0","tintindex":0}}},{"name":"claw_base","from":[7.9564095,-0.24296117,6.95],"to":[10.65641,2.457039,8.45],"rotation":{"angle":0.0,"axis":"x","origin":[7.9564095,0.5820389,7.7]},"faces":{"down":{"uv":[4.125,6.25,3.875,6.375],"rotation":0,"texture":"#0","tintindex":0},"east":{"uv":[3.5,6.375,3.625,6.625],"rotation":0,"texture":"#0","tintindex":0},"north":{"uv":[3.625,6.375,3.875,6.625],"rotation":0,"texture":"#0","tintindex":0},"south":{"uv":[4.0,6.375,4.25,6.625],"rotation":0,"texture":"#0","tintindex":0},"up":{"uv":[3.875,6.375,3.625,6.25],"rotation":0,"texture":"#0","tintindex":0},"west":{"uv":[3.875,6.375,4.0,6.625],"rotation":0,"texture":"#0","tintindex":0}}},{"name":"claw_tip","from":[8.196409,-5.282961,4.3999996],"to":[10.59641,1.1670392,5.0],"rotation":{"angle":0.0,"axis":"x","origin":[7.9564095,0.5820389,4.7]},"faces":{"down":{"uv":[4.75,0.0,4.5,0.0625],"rotation":0,"texture":"#0","tintindex":0},"east":{"uv":[4.1875,0.0625,4.25,0.6875],"rotation":0,"texture":"#0","tintindex":0},"north":{"uv":[4.25,0.0625,4.5,0.6875],"rotation":0,"texture":"#0","tintindex":0},"south":{"uv":[4.5625,0.0625,4.8125,0.6875],"rotation":0,"texture":"#0","tintindex":0},"up":{"uv":[4.5,0.0625,4.25,0.0],"rotation":0,"texture":"#0","tintindex":0},"west":{"uv":[4.5,0.0625,4.5625,0.6875],"rotation":0,"texture":"#0","tintindex":0}}}],"display":{"head":{"translation":[0.0,-6.4,0.0],"rotation":[0.0,0.0,0.0],"scale":[3.8095,3.8095,3.8095]}}}