{"textures":{"0":"modelengine:entity/glaceous"},"elements":[{"name":"r_hand","from":[7.2500005,2.2999997,3.0499997],"to":[11.15,10.1,12.35],"rotation":{"angle":0.0,"axis":"x","origin":[8.3,6.125,7.7]},"faces":{"down":{"uv":[1.875,12.125,1.5,13.125],"rotation":0,"texture":"#0","tintindex":0},"east":{"uv":[9.3125,10.1875,10.3125,11.0],"rotation":0,"texture":"#0","tintindex":0},"north":{"uv":[7.5,12.375,7.875,13.1875],"rotation":0,"texture":"#0","tintindex":0},"south":{"uv":[10.625,12.375,11.0,13.1875],"rotation":0,"texture":"#0","tintindex":0},"up":{"uv":[10.0,13.0625,9.625,12.0625],"rotation":0,"texture":"#0","tintindex":0},"west":{"uv":[2.1875,10.25,3.1875,11.0625],"rotation":0,"texture":"#0","tintindex":0}}},{"name":"claw_base","from":[9.812849,1.1083767,9.803342],"to":[12.512849,9.808377,11.603341],"rotation":{"angle":0.0,"axis":"x","origin":[9.812849,1.9333768,10.703342]},"faces":{"down":{"uv":[13.375,7.5,13.0625,7.6875],"rotation":0,"texture":"#0","tintindex":0},"east":{"uv":[12.6875,4.4375,12.875,5.375],"rotation":0,"texture":"#0","tintindex":0},"north":{"uv":[8.1875,12.4375,8.5,13.375],"rotation":0,"texture":"#0","tintindex":0},"south":{"uv":[8.5,12.4375,8.8125,13.375],"rotation":0,"texture":"#0","tintindex":0},"up":{"uv":[13.375,7.5,13.0625,7.3125],"rotation":0,"texture":"#0","tintindex":0},"west":{"uv":[4.6875,12.6875,4.875,13.625],"rotation":0,"texture":"#0","tintindex":0}}},{"name":"claw_tip","from":[10.052849,-5.7316246,4.253341],"to":[12.152849,2.6683772,5.1533413],"rotation":{"angle":-22.5,"axis":"z","origin":[9.812849,1.9333768,4.7033415]},"faces":{"down":{"uv":[10.0625,1.9375,9.875,2.0625],"rotation":0,"texture":"#0","tintindex":0},"east":{"uv":[12.4375,12.875,12.5625,13.75],"rotation":0,"texture":"#0","tintindex":0},"north":{"uv":[12.75,6.3125,12.9375,7.1875],"rotation":0,"texture":"#0","tintindex":0},"south":{"uv":[12.75,7.1875,12.9375,8.0625],"rotation":0,"texture":"#0","tintindex":0},"up":{"uv":[9.875,2.0625,9.6875,1.9375],"rotation":0,"texture":"#0","tintindex":0},"west":{"uv":[12.9375,1.4375,13.0625,2.3125],"rotation":0,"texture":"#0","tintindex":0}}},{"name":"claw_base","from":[9.812849,1.1083767,3.8033412],"to":[12.512849,9.808377,5.603341],"rotation":{"angle":0.0,"axis":"x","origin":[9.812849,1.9333768,4.7033415]},"faces":{"down":{"uv":[13.375,7.875,13.0625,8.0625],"rotation":0,"texture":"#0","tintindex":0},"east":{"uv":[4.875,12.6875,5.0625,13.625],"rotation":0,"texture":"#0","tintindex":0},"north":{"uv":[11.0,12.4375,11.3125,13.375],"rotation":0,"texture":"#0","tintindex":0},"south":{"uv":[11.3125,12.4375,11.625,13.375],"rotation":0,"texture":"#0","tintindex":0},"up":{"uv":[13.375,7.875,13.0625,7.6875],"rotation":0,"texture":"#0","tintindex":0},"west":{"uv":[12.6875,5.375,12.875,6.3125],"rotation":0,"texture":"#0","tintindex":0}}},{"name":"claw_tip","from":[10.052849,-5.7316246,7.2533417],"to":[12.152849,2.6683772,8.153341],"rotation":{"angle":-22.5,"axis":"z","origin":[9.812849,1.9333768,7.7033415]},"faces":{"down":{"uv":[2.5625,10.125,2.375,10.25],"rotation":0,"texture":"#0","tintindex":0},"east":{"uv":[12.9375,5.5,13.0625,6.375],"rotation":0,"texture":"#0","tintindex":0},"north":{"uv":[12.75,8.0625,12.9375,8.9375],"rotation":0,"texture":"#0","tintindex":0},"south":{"uv":[8.8125,12.8125,9.0,13.6875],"rotation":0,"texture":"#0","tintindex":0},"up":{"uv":[2.375,10.25,2.1875,10.125],"rotation":0,"texture":"#0","tintindex":0},"west":{"uv":[12.9375,6.375,13.0625,7.25],"rotation":0,"texture":"#0","tintindex":0}}},{"name":"claw_base","from":[9.812849,1.1083767,6.803342],"to":[12.512849,9.808377,8.603342],"rotation":{"angle":0.0,"axis":"x","origin":[9.812849,1.9333768,7.7033415]},"faces":{"down":{"uv":[13.3125,13.0625,13.0,13.25],"rotation":0,"texture":"#0","tintindex":0},"east":{"uv":[12.75,1.4375,12.9375,2.375],"rotation":0,"texture":"#0","tintindex":0},"north":{"uv":[0.5625,12.5,0.875,13.4375],"rotation":0,"texture":"#0","tintindex":0},"south":{"uv":[0.875,12.5,1.1875,13.4375],"rotation":0,"texture":"#0","tintindex":0},"up":{"uv":[9.875,13.25,9.5625,13.0625],"rotation":0,"texture":"#0","tintindex":0},"west":{"uv":[5.0625,12.75,5.25,13.6875],"rotation":0,"texture":"#0","tintindex":0}}},{"name":"claw_tip","from":[10.052849,-5.7316246,10.253342],"to":[12.152849,2.6683772,11.153341],"rotation":{"angle":-22.5,"axis":"z","origin":[9.812849,1.9333768,10.703342]},"faces":{"down":{"uv":[10.8125,1.75,10.625,1.875],"rotation":0,"texture":"#0","tintindex":0},"east":{"uv":[12.9375,7.25,13.0625,8.125],"rotation":0,"texture":"#0","tintindex":0},"north":{"uv":[12.8125,8.9375,13.0,9.8125],"rotation":0,"texture":"#0","tintindex":0},"south":{"uv":[9.0,12.8125,9.1875,13.6875],"rotation":0,"texture":"#0","tintindex":0},"up":{"uv":[10.375,5.1875,10.1875,5.0625],"rotation":0,"texture":"#0","tintindex":0},"west":{"uv":[9.1875,12.9375,9.3125,13.8125],"rotation":0,"texture":"#0","tintindex":0}}}],"display":{"head":{"translation":[0.0,-6.4,0.0],"rotation":[0.0,0.0,0.0],"scale":[3.8095,3.8095,3.8095]}}}