{"textures":{"0":"modelengine:entity/cop_car"},"elements":[{"name":"b3","from":[7.4,8.0,8.0],"to":[8.0,14.6,8.6],"rotation":{"angle":0.0,"axis":"x","origin":[19.64,-13.000001,14.24]},"faces":{"down":{"uv":[2.1052632,10.631579,2.0526316,10.684211],"rotation":0,"texture":"#0","tintindex":0},"east":{"uv":[1.9473684,10.684211,2.0,11.263158],"rotation":0,"texture":"#0","tintindex":0},"north":{"uv":[2.0,10.684211,2.0526316,11.263158],"rotation":0,"texture":"#0","tintindex":0},"south":{"uv":[2.1052632,10.684211,2.1578948,11.263158],"rotation":0,"texture":"#0","tintindex":0},"up":{"uv":[2.0526316,10.684211,2.0,10.631579],"rotation":0,"texture":"#0","tintindex":0},"west":{"uv":[2.0526316,10.684211,2.1052632,11.263158],"rotation":0,"texture":"#0","tintindex":0}}},{"name":"b3","from":[7.5199995,8.0,8.6],"to":[7.5199995,14.6,9.2],"rotation":{"angle":0.0,"axis":"x","origin":[19.64,-13.000001,14.24]},"faces":{"down":{"uv":[1.0526316,1.2105263,1.0526316,1.2631578],"rotation":0,"texture":"#0","tintindex":0},"east":{"uv":[1.1052631,1.2631578,1.0526316,1.8421053],"rotation":0,"texture":"#0","tintindex":0},"north":{"uv":[1.0526316,1.2631578,1.0526316,1.8421053],"rotation":0,"texture":"#0","tintindex":0},"south":{"uv":[1.1052631,1.2631578,1.1052631,1.8421053],"rotation":0,"texture":"#0","tintindex":0},"up":{"uv":[1.0526316,1.2631578,1.0526316,1.2105263],"rotation":0,"texture":"#0","tintindex":0},"west":{"uv":[1.0526316,1.2631578,1.0,1.8421053],"rotation":0,"texture":"#0","tintindex":0}}}],"display":{"head":{"translation":[0.0,-6.4,0.0],"rotation":[0.0,0.0,0.0],"scale":[3.8095,3.8095,3.8095]}}}