{"textures":{"0":"modelengine:entity/cop_car"},"elements":[{"name":"b4","from":[7.4,8.0,8.0],"to":[8.0,8.6,14.6],"rotation":{"angle":0.0,"axis":"x","origin":[19.64,-19.600002,14.24]},"faces":{"down":{"uv":[10.473684,13.421053,10.421053,14.0],"rotation":0,"texture":"#0","tintindex":0},"east":{"uv":[9.789474,14.0,10.368422,14.052631],"rotation":0,"texture":"#0","tintindex":0},"north":{"uv":[10.368422,14.0,10.421053,14.052631],"rotation":0,"texture":"#0","tintindex":0},"south":{"uv":[11.0,14.0,11.052631,14.052631],"rotation":0,"texture":"#0","tintindex":0},"up":{"uv":[10.421053,14.0,10.368422,13.421053],"rotation":0,"texture":"#0","tintindex":0},"west":{"uv":[10.421053,14.0,11.0,14.052631],"rotation":0,"texture":"#0","tintindex":0}}},{"name":"b4","from":[7.55,-2.8000002,8.6],"to":[7.55,8.0,14.6],"rotation":{"angle":0.0,"axis":"x","origin":[19.64,-19.600002,14.24]},"faces":{"down":{"uv":[5.7894735,10.105263,5.7894735,10.631579],"rotation":0,"texture":"#0","tintindex":0},"east":{"uv":[6.3157897,10.631579,5.7894735,11.578947],"rotation":0,"texture":"#0","tintindex":0},"north":{"uv":[5.7894735,10.631579,5.7894735,11.578947],"rotation":0,"texture":"#0","tintindex":0},"south":{"uv":[6.3157897,10.631579,6.3157897,11.578947],"rotation":0,"texture":"#0","tintindex":0},"up":{"uv":[5.7894735,10.631579,5.7894735,10.105263],"rotation":0,"texture":"#0","tintindex":0},"west":{"uv":[5.7894735,10.631579,5.263158,11.578947],"rotation":0,"texture":"#0","tintindex":0}}}],"display":{"head":{"translation":[0.0,-6.4,0.0],"rotation":[0.0,0.0,0.0],"scale":[3.8095,3.8095,3.8095]}}}