{"textures":{"0":"modelengine:entity/mimic"},"elements":[{"name":"cube","from":[6.2,6.727208,7.3272076],"to":[9.8,10.327208,8.527207],"rotation":{"angle":-45.0,"axis":"x","origin":[6.2,6.727208,6.727207]},"faces":{"down":{"uv":[13.5,11.5,12.0,12.0],"rotation":0,"texture":"#0","tintindex":0},"east":{"uv":[7.0,13.25,7.5,14.75],"rotation":0,"texture":"#0","tintindex":0},"north":{"uv":[12.0,6.0,13.5,7.5],"rotation":0,"texture":"#0","tintindex":0},"south":{"uv":[12.0,7.5,13.5,9.0],"rotation":0,"texture":"#0","tintindex":0},"up":{"uv":[13.5,12.0,12.0,11.5],"rotation":0,"texture":"#0","tintindex":0},"west":{"uv":[7.5,13.25,8.0,14.75],"rotation":0,"texture":"#0","tintindex":0}}}],"display":{"head":{"translation":[0.0,-6.4,0.0],"rotation":[0.0,0.0,0.0],"scale":[3.8095,3.8095,3.8095]}}}