{"textures":{"0":"modelengine:entity/mimic"},"elements":[{"name":"cube","from":[6.2,6.795584,4.404415],"to":[9.8,7.9955845,8.0044155],"rotation":{"angle":0.0,"axis":"x","origin":[6.2,4.395584,6.2044153]},"faces":{"down":{"uv":[13.5,10.5,12.0,12.0],"rotation":0,"texture":"#0","tintindex":0},"east":{"uv":[13.5,3.5,15.0,4.0],"rotation":0,"texture":"#0","tintindex":0},"north":{"uv":[13.5,3.5,15.0,4.0],"rotation":0,"texture":"#0","tintindex":0},"south":{"uv":[13.5,3.5,15.0,4.0],"rotation":0,"texture":"#0","tintindex":0},"up":{"uv":[13.5,10.5,12.0,9.0],"rotation":0,"texture":"#0","tintindex":0},"west":{"uv":[13.5,4.5,15.0,5.0],"rotation":0,"texture":"#0","tintindex":0}}}],"display":{"head":{"translation":[0.0,-6.4,0.0],"rotation":[0.0,0.0,0.0],"scale":[3.8095,3.8095,3.8095]}}}