{"textures":{"0":"modelengine:entity/mimic"},"elements":[{"name":"cube","from":[6.2,6.5772076,7.4772077],"to":[9.8,7.7772074,11.077208],"rotation":{"angle":-45.0,"axis":"x","origin":[6.2,4.177208,9.277208]},"faces":{"down":{"uv":[3.0,13.25,1.5,14.75],"rotation":0,"texture":"#0","tintindex":0},"east":{"uv":[13.5,5.5,15.0,6.0],"rotation":0,"texture":"#0","tintindex":0},"north":{"uv":[13.5,5.0,15.0,5.5],"rotation":0,"texture":"#0","tintindex":0},"south":{"uv":[13.5,5.5,15.0,6.0],"rotation":0,"texture":"#0","tintindex":0},"up":{"uv":[1.5,14.75,0.0,13.25],"rotation":0,"texture":"#0","tintindex":0},"west":{"uv":[13.5,6.5,15.0,7.0],"rotation":0,"texture":"#0","tintindex":0}}}],"display":{"head":{"translation":[0.0,-6.4,0.0],"rotation":[0.0,0.0,0.0],"scale":[3.8095,3.8095,3.8095]}}}