{"textures":{"0":"modelengine:entity/mimic"},"elements":[{"name":"cube","from":[3.1999998,3.5999997,3.1999998],"to":[12.8,11.4,12.8],"rotation":{"angle":0.0,"axis":"x","origin":[8.0,7.5,8.0]},"faces":{"down":{"uv":[3.75,4.25,0.25,7.75],"rotation":0,"texture":"#0","tintindex":0},"east":{"uv":[8.25,4.0,11.75,6.5],"rotation":0,"texture":"#0","tintindex":0},"north":{"uv":[8.25,4.0,11.75,6.5],"rotation":0,"texture":"#0","tintindex":0},"south":{"uv":[8.25,4.0,11.75,6.5],"rotation":0,"texture":"#0","tintindex":0},"up":{"uv":[7.75,7.75,4.25,4.25],"rotation":0,"texture":"#0","tintindex":0},"west":{"uv":[8.25,4.0,11.75,6.5],"rotation":0,"texture":"#0","tintindex":0}}},{"name":"teeth","from":[3.4999998,11.4,3.4999998],"to":[12.5,14.4,12.5],"rotation":{"angle":0.0,"axis":"x","origin":[8.0,14.7,8.0]},"faces":{"down":{"uv":[8.0,8.0,4.0,12.0],"rotation":0,"texture":"#0","tintindex":0},"east":{"uv":[0.0,12.0,4.0,13.25],"rotation":0,"texture":"#0","tintindex":0},"north":{"uv":[8.0,6.5,12.0,7.75],"rotation":0,"texture":"#0","tintindex":0},"south":{"uv":[4.25,8.0,8.0,9.25],"rotation":0,"texture":"#0","tintindex":0},"up":{"uv":[4.25,8.0,8.0,11.75],"rotation":0,"texture":"#0","tintindex":0},"west":{"uv":[12.0,12.0,16.0,13.25],"rotation":0,"texture":"#0","tintindex":0}}}],"display":{"head":{"translation":[0.0,-6.4,0.0],"rotation":[0.0,0.0,0.0],"scale":[3.8095,3.8095,3.8095]}}}