{"textures":{"0":"modelengine:entity/mimic"},"elements":[{"name":"cube","from":[6.2,8.0,7.4],"to":[9.8,11.6,8.6],"rotation":{"angle":0.0,"axis":"x","origin":[6.2,8.0,6.8]},"faces":{"down":{"uv":[3.0,13.25,1.5,13.75],"rotation":0,"texture":"#0","tintindex":0},"east":{"uv":[3.0,13.25,3.5,14.75],"rotation":0,"texture":"#0","tintindex":0},"north":{"uv":[12.0,3.0,13.5,4.5],"rotation":0,"texture":"#0","tintindex":0},"south":{"uv":[12.0,4.5,13.5,6.0],"rotation":0,"texture":"#0","tintindex":0},"up":{"uv":[3.0,13.75,1.5,13.25],"rotation":0,"texture":"#0","tintindex":0},"west":{"uv":[3.5,13.25,4.0,14.75],"rotation":0,"texture":"#0","tintindex":0}}}],"display":{"head":{"translation":[0.0,-6.4,0.0],"rotation":[0.0,0.0,0.0],"scale":[3.8095,3.8095,3.8095]}}}