{"textures":{"0":"modelengine:entity/phoenix-void"},"elements":[{"name":"cube","from":[6.8,6.8,6.8],"to":[9.2,9.8,9.2],"rotation":{"angle":0.0,"axis":"x","origin":[8.0,8.3,8.0]},"faces":{"down":{"uv":[13.25,6.0,12.25,7.0],"rotation":0,"texture":"#0","tintindex":0},"east":{"uv":[12.25,1.25,13.25,2.5],"rotation":0,"texture":"#0","tintindex":0},"north":{"uv":[12.25,0.0,13.25,1.25],"rotation":0,"texture":"#0","tintindex":0},"south":{"uv":[12.25,4.75,13.25,6.0],"rotation":0,"texture":"#0","tintindex":0},"up":{"uv":[9.75,4.25,8.75,3.25],"rotation":0,"texture":"#0","tintindex":0},"west":{"uv":[12.25,10.5,13.25,11.75],"rotation":0,"texture":"#0","tintindex":0}}},{"name":"cube","from":[7.4,9.8,7.4],"to":[8.6,11.6,8.6],"rotation":{"angle":0.0,"axis":"x","origin":[8.0,10.700001,8.0]},"faces":{"down":{"uv":[14.0,8.0,13.5,8.5],"rotation":0,"texture":"#0","tintindex":0},"east":{"uv":[13.5,1.0,14.0,1.75],"rotation":0,"texture":"#0","tintindex":0},"north":{"uv":[13.5,0.25,14.0,1.0],"rotation":0,"texture":"#0","tintindex":0},"south":{"uv":[13.5,1.75,14.0,2.5],"rotation":0,"texture":"#0","tintindex":0},"up":{"uv":[14.0,8.0,13.5,7.5],"rotation":0,"texture":"#0","tintindex":0},"west":{"uv":[13.5,4.75,14.0,5.5],"rotation":0,"texture":"#0","tintindex":0}}},{"name":"cube","from":[8.6,4.3999996,8.0],"to":[11.6,9.2,8.0],"rotation":{"angle":0.0,"axis":"x","origin":[8.0,8.0,8.0]},"faces":{"down":{"uv":[1.25,0.0,0.0,0.0],"rotation":0,"texture":"#0","tintindex":0},"east":{"uv":[0.0,0.0,0.0,2.0],"rotation":0,"texture":"#0","tintindex":0},"north":{"uv":[11.0,10.75,12.25,12.75],"rotation":0,"texture":"#0","tintindex":0},"south":{"uv":[11.25,2.75,12.5,4.75],"rotation":0,"texture":"#0","tintindex":0},"up":{"uv":[1.25,0.0,0.0,0.0],"rotation":0,"texture":"#0","tintindex":0},"west":{"uv":[0.0,0.0,0.0,2.0],"rotation":0,"texture":"#0","tintindex":0}}}],"display":{"head":{"translation":[0.0,-6.4,0.0],"rotation":[0.0,0.0,0.0],"scale":[3.8095,3.8095,3.8095]}}}