{"textures":{"0":"modelengine:entity/phoenix-void"},"elements":[{"name":"cube","from":[7.4,8.0,7.4],"to":[8.0,9.8,8.6],"rotation":{"angle":0.0,"axis":"x","origin":[7.7,8.9,8.0]},"faces":{"down":{"uv":[14.0,9.25,13.75,9.75],"rotation":0,"texture":"#0","tintindex":0},"east":{"uv":[5.0,13.5,5.5,14.25],"rotation":0,"texture":"#0","tintindex":0},"north":{"uv":[9.75,7.0,10.0,7.75],"rotation":0,"texture":"#0","tintindex":0},"south":{"uv":[9.75,7.75,10.0,8.5],"rotation":0,"texture":"#0","tintindex":0},"up":{"uv":[9.5,14.25,9.25,13.75],"rotation":0,"texture":"#0","tintindex":0},"west":{"uv":[5.5,13.5,6.0,14.25],"rotation":0,"texture":"#0","tintindex":0}}}],"display":{"head":{"translation":[0.0,-6.4,0.0],"rotation":[0.0,0.0,0.0],"scale":[3.8095,3.8095,3.8095]}}}