{"textures":{"0":"modelengine:entity/phoenix-void"},"elements":[{"name":"cube","from":[7.4,7.4,1.9999998],"to":[8.0,8.0,8.0],"rotation":{"angle":0.0,"axis":"x","origin":[7.7,7.7,5.0]},"faces":{"down":{"uv":[12.0,12.75,11.75,15.25],"rotation":0,"texture":"#0","tintindex":0},"east":{"uv":[12.5,3.75,15.0,4.0],"rotation":0,"texture":"#0","tintindex":0},"north":{"uv":[10.25,13.75,10.5,14.0],"rotation":0,"texture":"#0","tintindex":0},"south":{"uv":[13.75,10.5,14.0,10.75],"rotation":0,"texture":"#0","tintindex":0},"up":{"uv":[11.75,15.25,11.5,12.75],"rotation":0,"texture":"#0","tintindex":0},"west":{"uv":[12.5,4.0,15.0,4.25],"rotation":0,"texture":"#0","tintindex":0}}},{"name":"cube","from":[8.0,-0.40000033,-0.40000033],"to":[8.0,7.4,8.0],"rotation":{"angle":0.0,"axis":"x","origin":[8.0,5.0,3.7999997]},"faces":{"down":{"uv":[0.0,0.0,0.0,3.5],"rotation":0,"texture":"#0","tintindex":0},"east":{"uv":[0.0,0.0,3.5,3.25],"rotation":0,"texture":"#0","tintindex":0},"north":{"uv":[0.0,0.0,0.0,3.25],"rotation":0,"texture":"#0","tintindex":0},"south":{"uv":[0.0,0.0,0.0,3.25],"rotation":0,"texture":"#0","tintindex":0},"up":{"uv":[0.0,3.5,0.0,0.0],"rotation":0,"texture":"#0","tintindex":0},"west":{"uv":[0.0,3.25,3.5,6.5],"rotation":0,"texture":"#0","tintindex":0}}}],"display":{"head":{"translation":[0.0,-6.4,0.0],"rotation":[0.0,0.0,0.0],"scale":[3.8095,3.8095,3.8095]}}}