{"textures":{"0":"modelengine:entity/texture"},"elements":[{"name":"cube","from":[7.4,8.0,7.4],"to":[9.8,8.6,8.6],"rotation":{"angle":0.0,"axis":"x","origin":[7.4,8.0,7.4]},"faces":{"down":{"uv":[12.5,10.5,10.5,11.5],"rotation":0,"texture":"#0","tintindex":0},"east":{"uv":[4.5,12.5,5.5,13.0],"rotation":0,"texture":"#0","tintindex":0},"north":{"uv":[12.0,4.0,14.0,4.5],"rotation":0,"texture":"#0","tintindex":0},"south":{"uv":[12.0,4.5,14.0,5.0],"rotation":0,"texture":"#0","tintindex":0},"up":{"uv":[12.5,10.5,10.5,9.5],"rotation":0,"texture":"#0","tintindex":0},"west":{"uv":[12.5,7.0,13.5,7.5],"rotation":0,"texture":"#0","tintindex":0}}}],"display":{"head":{"translation":[0.0,-6.4,0.0],"rotation":[0.0,0.0,0.0],"scale":[3.8095,3.8095,3.8095]}}}