{"textures":{"0":"modelengine:entity/texture"},"elements":[{"name":"cube","from":[6.8,9.8,3.7999997],"to":[9.2,12.2,9.8],"rotation":{"angle":0.0,"axis":"x","origin":[8.0,8.0,8.0]},"faces":{"down":{"uv":[4.0,4.0,2.0,9.0],"rotation":0,"texture":"#0","tintindex":0},"east":{"uv":[0.0,0.0,5.0,2.0],"rotation":0,"texture":"#0","tintindex":0},"north":{"uv":[7.0,5.0,9.0,7.0],"rotation":0,"texture":"#0","tintindex":0},"south":{"uv":[7.0,7.0,9.0,9.0],"rotation":0,"texture":"#0","tintindex":0},"up":{"uv":[2.0,9.0,0.0,4.0],"rotation":0,"texture":"#0","tintindex":0},"west":{"uv":[0.0,2.0,5.0,4.0],"rotation":0,"texture":"#0","tintindex":0}}},{"name":"cube","from":[8.0,12.2,3.7999997],"to":[8.0,13.400001,9.8],"rotation":{"angle":0.0,"axis":"x","origin":[8.0,8.0,8.0]},"faces":{"down":{"uv":[0.0,0.0,0.0,5.0],"rotation":0,"texture":"#0","tintindex":0},"east":{"uv":[4.0,4.0,9.0,5.0],"rotation":0,"texture":"#0","tintindex":0},"north":{"uv":[0.0,0.0,0.0,1.0],"rotation":0,"texture":"#0","tintindex":0},"south":{"uv":[0.0,0.0,0.0,1.0],"rotation":0,"texture":"#0","tintindex":0},"up":{"uv":[0.0,5.0,0.0,0.0],"rotation":0,"texture":"#0","tintindex":0},"west":{"uv":[5.0,0.0,10.0,1.0],"rotation":0,"texture":"#0","tintindex":0}}}],"display":{"head":{"translation":[0.0,-6.4,0.0],"rotation":[0.0,0.0,0.0],"scale":[3.8095,3.8095,3.8095]}}}