{"textures":{"0":"modelengine:entity/texture"},"elements":[{"name":"cube","from":[7.4,6.8,8.0],"to":[8.6,8.6,11.6],"rotation":{"angle":0.0,"axis":"x","origin":[8.0,5.0,6.2]},"faces":{"down":{"uv":[10.5,8.5,9.5,11.5],"rotation":0,"texture":"#0","tintindex":0},"east":{"uv":[5.0,1.0,8.0,2.5],"rotation":0,"texture":"#0","tintindex":0},"north":{"uv":[11.5,7.0,12.5,8.5],"rotation":0,"texture":"#0","tintindex":0},"south":{"uv":[7.5,11.5,8.5,13.0],"rotation":0,"texture":"#0","tintindex":0},"up":{"uv":[9.5,12.0,8.5,9.0],"rotation":0,"texture":"#0","tintindex":0},"west":{"uv":[5.0,2.5,8.0,4.0],"rotation":0,"texture":"#0","tintindex":0}}},{"name":"cube","from":[8.0,8.6,8.0],"to":[8.0,9.8,11.6],"rotation":{"angle":0.0,"axis":"x","origin":[8.0,5.0,6.2]},"faces":{"down":{"uv":[0.0,0.0,0.0,3.0],"rotation":0,"texture":"#0","tintindex":0},"east":{"uv":[10.0,0.0,13.0,1.0],"rotation":0,"texture":"#0","tintindex":0},"north":{"uv":[0.0,0.0,0.0,1.0],"rotation":0,"texture":"#0","tintindex":0},"south":{"uv":[0.0,0.0,0.0,1.0],"rotation":0,"texture":"#0","tintindex":0},"up":{"uv":[0.0,3.0,0.0,0.0],"rotation":0,"texture":"#0","tintindex":0},"west":{"uv":[10.0,1.0,13.0,2.0],"rotation":0,"texture":"#0","tintindex":0}}}],"display":{"head":{"translation":[0.0,-6.4,0.0],"rotation":[0.0,0.0,0.0],"scale":[3.8095,3.8095,3.8095]}}}