{"textures":{"0":"modelengine:entity/texture"},"elements":[{"name":"cube","from":[7.4,8.0,7.4],"to":[9.8,8.6,8.6],"rotation":{"angle":0.0,"axis":"x","origin":[8.0,8.0,8.0]},"faces":{"down":{"uv":[6.0,10.0,4.0,11.0],"rotation":0,"texture":"#0","tintindex":0},"east":{"uv":[2.5,12.5,3.5,13.0],"rotation":0,"texture":"#0","tintindex":0},"north":{"uv":[0.0,12.0,2.0,12.5],"rotation":0,"texture":"#0","tintindex":0},"south":{"uv":[2.0,12.0,4.0,12.5],"rotation":0,"texture":"#0","tintindex":0},"up":{"uv":[12.0,3.0,10.0,2.0],"rotation":0,"texture":"#0","tintindex":0},"west":{"uv":[12.5,3.0,13.5,3.5],"rotation":0,"texture":"#0","tintindex":0}}}],"display":{"head":{"translation":[0.0,-6.4,0.0],"rotation":[0.0,0.0,0.0],"scale":[3.8095,3.8095,3.8095]}}}