{"textures":{"0":"modelengine:entity/texture"},"elements":[{"name":"cube","from":[6.2,8.0,7.4],"to":[8.6,8.6,8.6],"rotation":{"angle":0.0,"axis":"x","origin":[8.0,8.0,8.0]},"faces":{"down":{"uv":[12.5,8.5,10.5,9.5],"rotation":0,"texture":"#0","tintindex":0},"east":{"uv":[3.5,12.5,4.5,13.0],"rotation":0,"texture":"#0","tintindex":0},"north":{"uv":[12.0,2.0,14.0,2.5],"rotation":0,"texture":"#0","tintindex":0},"south":{"uv":[12.0,2.5,14.0,3.0],"rotation":0,"texture":"#0","tintindex":0},"up":{"uv":[8.0,11.5,6.0,10.5],"rotation":0,"texture":"#0","tintindex":0},"west":{"uv":[12.5,3.5,13.5,4.0],"rotation":0,"texture":"#0","tintindex":0}}}],"display":{"head":{"translation":[0.0,-6.4,0.0],"rotation":[0.0,0.0,0.0],"scale":[3.8095,3.8095,3.8095]}}}