{"textures":{"0":"modelengine:entity/texture"},"elements":[{"name":"cube","from":[6.8,7.4,5.6],"to":[9.2,9.8,8.0],"rotation":{"angle":0.0,"axis":"x","origin":[8.0,5.0,12.2]},"faces":{"down":{"uv":[11.0,5.0,9.0,7.0],"rotation":0,"texture":"#0","tintindex":0},"east":{"uv":[4.0,8.0,6.0,10.0],"rotation":0,"texture":"#0","tintindex":0},"north":{"uv":[8.0,1.0,10.0,3.0],"rotation":0,"texture":"#0","tintindex":0},"south":{"uv":[0.0,9.0,2.0,11.0],"rotation":0,"texture":"#0","tintindex":0},"up":{"uv":[11.0,5.0,9.0,3.0],"rotation":0,"texture":"#0","tintindex":0},"west":{"uv":[2.0,9.0,4.0,11.0],"rotation":0,"texture":"#0","tintindex":0}}},{"name":"cube","from":[8.0,9.2,5.6],"to":[8.0,11.0,8.6],"rotation":{"angle":0.0,"axis":"x","origin":[8.0,8.0,8.0]},"faces":{"down":{"uv":[0.0,0.0,0.0,2.5],"rotation":0,"texture":"#0","tintindex":0},"east":{"uv":[6.0,9.0,8.5,10.5],"rotation":0,"texture":"#0","tintindex":0},"north":{"uv":[0.0,0.0,0.0,1.5],"rotation":0,"texture":"#0","tintindex":0},"south":{"uv":[0.0,0.0,0.0,1.5],"rotation":0,"texture":"#0","tintindex":0},"up":{"uv":[0.0,2.5,0.0,0.0],"rotation":0,"texture":"#0","tintindex":0},"west":{"uv":[9.0,7.0,11.5,8.5],"rotation":0,"texture":"#0","tintindex":0}}},{"name":"cube","from":[7.4,8.0,3.7999997],"to":[8.6,9.2,5.6],"rotation":{"angle":0.0,"axis":"x","origin":[8.0,8.0,8.0]},"faces":{"down":{"uv":[12.0,5.5,11.0,7.0],"rotation":0,"texture":"#0","tintindex":0},"east":{"uv":[11.0,3.0,12.5,4.0],"rotation":0,"texture":"#0","tintindex":0},"north":{"uv":[8.0,3.0,9.0,4.0],"rotation":0,"texture":"#0","tintindex":0},"south":{"uv":[6.0,8.0,7.0,9.0],"rotation":0,"texture":"#0","tintindex":0},"up":{"uv":[12.0,5.5,11.0,4.0],"rotation":0,"texture":"#0","tintindex":0},"west":{"uv":[4.0,11.0,5.5,12.0],"rotation":0,"texture":"#0","tintindex":0}}}],"display":{"head":{"translation":[0.0,-6.4,0.0],"rotation":[0.0,0.0,0.0],"scale":[3.8095,3.8095,3.8095]}}}