{"textures":{"0":"modelengine:entity/texture"},"elements":[{"name":"cube","from":[7.4,7.4,6.2],"to":[8.6,8.0,8.0],"rotation":{"angle":0.0,"axis":"x","origin":[8.0,8.0,10.4]},"faces":{"down":{"uv":[7.5,11.5,6.5,13.0],"rotation":0,"texture":"#0","tintindex":0},"east":{"uv":[4.0,12.0,5.5,12.5],"rotation":0,"texture":"#0","tintindex":0},"north":{"uv":[8.5,12.0,9.5,12.5],"rotation":0,"texture":"#0","tintindex":0},"south":{"uv":[1.5,12.5,2.5,13.0],"rotation":0,"texture":"#0","tintindex":0},"up":{"uv":[6.5,13.0,5.5,11.5],"rotation":0,"texture":"#0","tintindex":0},"west":{"uv":[12.0,6.0,13.5,6.5],"rotation":0,"texture":"#0","tintindex":0}}}],"display":{"head":{"translation":[0.0,-6.4,0.0],"rotation":[0.0,0.0,0.0],"scale":[3.8095,3.8095,3.8095]}}}