{"textures":{"0":"modelengine:entity/texture"},"elements":[{"name":"cube","from":[8.0,6.8,8.0],"to":[8.0,8.6,11.6],"rotation":{"angle":0.0,"axis":"x","origin":[8.0,5.0,2.6]},"faces":{"down":{"uv":[0.0,0.0,0.0,3.0],"rotation":0,"texture":"#0","tintindex":0},"east":{"uv":[4.0,5.0,7.0,6.5],"rotation":0,"texture":"#0","tintindex":0},"north":{"uv":[0.0,0.0,0.0,1.5],"rotation":0,"texture":"#0","tintindex":0},"south":{"uv":[0.0,0.0,0.0,1.5],"rotation":0,"texture":"#0","tintindex":0},"up":{"uv":[0.0,3.0,0.0,0.0],"rotation":0,"texture":"#0","tintindex":0},"west":{"uv":[4.0,6.5,7.0,8.0],"rotation":0,"texture":"#0","tintindex":0}}},{"name":"cube","from":[8.0,6.8,11.6],"to":[8.0,8.0,13.400001],"rotation":{"angle":0.0,"axis":"x","origin":[8.0,5.0,2.6]},"faces":{"down":{"uv":[0.0,0.0,0.0,1.5],"rotation":0,"texture":"#0","tintindex":0},"east":{"uv":[9.5,11.5,11.0,12.5],"rotation":0,"texture":"#0","tintindex":0},"north":{"uv":[0.0,0.0,0.0,1.0],"rotation":0,"texture":"#0","tintindex":0},"south":{"uv":[0.0,0.0,0.0,1.0],"rotation":0,"texture":"#0","tintindex":0},"up":{"uv":[0.0,1.5,0.0,0.0],"rotation":0,"texture":"#0","tintindex":0},"west":{"uv":[11.0,11.5,12.5,12.5],"rotation":0,"texture":"#0","tintindex":0}}},{"name":"cube","from":[8.0,8.6,8.0],"to":[8.0,9.2,9.8],"rotation":{"angle":0.0,"axis":"x","origin":[8.0,5.0,2.6]},"faces":{"down":{"uv":[0.0,0.0,0.0,1.5],"rotation":0,"texture":"#0","tintindex":0},"east":{"uv":[12.0,6.5,13.5,7.0],"rotation":0,"texture":"#0","tintindex":0},"north":{"uv":[0.0,0.0,0.0,0.5],"rotation":0,"texture":"#0","tintindex":0},"south":{"uv":[0.0,0.0,0.0,0.5],"rotation":0,"texture":"#0","tintindex":0},"up":{"uv":[0.0,1.5,0.0,0.0],"rotation":0,"texture":"#0","tintindex":0},"west":{"uv":[0.0,12.5,1.5,13.0],"rotation":0,"texture":"#0","tintindex":0}}}],"display":{"head":{"translation":[0.0,-6.4,0.0],"rotation":[0.0,0.0,0.0],"scale":[3.8095,3.8095,3.8095]}}}