{"textures":{"0":"modelengine:entity/suv"},"elements":[{"name":"body2","from":[-5.212001,7.988,7.988],"to":[21.212002,12.812,9.212],"rotation":{"angle":0.0,"axis":"x","origin":[8.0,5.0,29.0]},"faces":{"down":{"uv":[12.111112,1.1111112,9.666667,1.2222222],"rotation":0,"texture":"#0","tintindex":0},"east":{"uv":[7.111111,1.2222222,7.2222223,1.6666666],"rotation":0,"texture":"#0","tintindex":0},"north":{"uv":[7.2222223,1.2222222,9.666667,1.6666666],"rotation":0,"texture":"#0","tintindex":0},"south":{"uv":[9.777778,1.2222222,12.222222,1.6666666],"rotation":0,"texture":"#0","tintindex":0},"up":{"uv":[9.666667,1.2222222,7.2222223,1.1111112],"rotation":0,"texture":"#0","tintindex":0},"west":{"uv":[9.666667,1.2222222,9.777778,1.6666666],"rotation":0,"texture":"#0","tintindex":0}}}],"display":{"head":{"translation":[0.0,-6.4,0.0],"rotation":[0.0,0.0,0.0],"scale":[3.8095,3.8095,3.8095]}}}