{"textures":{"0":"modelengine:entity/suv"},"elements":[{"name":"body0","from":[1.7857139,8.857142,-6.5714293],"to":[14.214286,14.0,1.9999998],"rotation":{"angle":0.0,"axis":"x","origin":[8.0,6.285714,8.0]},"faces":{"down":{"uv":[4.3333335,2.3888888,2.7222223,3.5],"rotation":0,"texture":"#0","tintindex":0},"east":{"uv":[0.0,3.5,1.1111112,4.1666665],"rotation":0,"texture":"#0","tintindex":0},"north":{"uv":[1.1111112,3.5,2.7222223,4.1666665],"rotation":0,"texture":"#0","tintindex":0},"south":{"uv":[3.8333333,3.5,5.4444447,4.1666665],"rotation":0,"texture":"#0","tintindex":0},"up":{"uv":[2.7222223,3.5,1.1111112,2.3888888],"rotation":0,"texture":"#0","tintindex":0},"west":{"uv":[2.7222223,3.5,3.8333333,4.1666665],"rotation":0,"texture":"#0","tintindex":0}}},{"name":"body0","from":[1.7857139,8.857142,19.142857],"to":[14.214286,10.142857,27.714285],"rotation":{"angle":0.0,"axis":"x","origin":[8.0,6.285714,8.0]},"faces":{"down":{"uv":[4.3333335,5.111111,2.7222223,6.2222223],"rotation":0,"texture":"#0","tintindex":0},"east":{"uv":[0.0,6.2222223,1.1111112,6.388889],"rotation":0,"texture":"#0","tintindex":0},"north":{"uv":[1.1111112,6.2222223,2.7222223,6.388889],"rotation":0,"texture":"#0","tintindex":0},"south":{"uv":[3.8333333,6.2222223,5.4444447,6.388889],"rotation":0,"texture":"#0","tintindex":0},"up":{"uv":[2.7222223,6.2222223,1.1111112,5.111111],"rotation":0,"texture":"#0","tintindex":0},"west":{"uv":[2.7222223,6.2222223,3.8333333,6.388889],"rotation":0,"texture":"#0","tintindex":0}}},{"name":"body0","from":[-1.4242859,8.861428,2.0042856],"to":[17.424286,10.138571,19.13857],"rotation":{"angle":0.0,"axis":"x","origin":[8.0,6.285714,8.0]},"faces":{"down":{"uv":[7.111111,0.0,4.6666665,2.2222223],"rotation":0,"texture":"#0","tintindex":0},"east":{"uv":[0.0,2.2222223,2.2222223,2.3888888],"rotation":0,"texture":"#0","tintindex":0},"north":{"uv":[2.2222223,2.2222223,4.6666665,2.3888888],"rotation":0,"texture":"#0","tintindex":0},"south":{"uv":[6.888889,2.2222223,9.333333,2.3888888],"rotation":0,"texture":"#0","tintindex":0},"up":{"uv":[4.6666665,2.2222223,2.2222223,0.0],"rotation":0,"texture":"#0","tintindex":0},"west":{"uv":[4.6666665,2.2222223,6.888889,2.3888888],"rotation":0,"texture":"#0","tintindex":0}}},{"name":"body0","from":[0.7185712,8.861428,28.575714],"to":[1.995714,10.138571,31.995714],"rotation":{"angle":0.0,"axis":"x","origin":[8.0,6.285714,8.0]},"faces":{"down":{"uv":[1.1111112,15.388889,0.9444445,15.833333],"rotation":0,"texture":"#0","tintindex":0},"east":{"uv":[0.33333334,15.833333,0.7777778,16.0],"rotation":0,"texture":"#0","tintindex":0},"north":{"uv":[0.7777778,15.833333,0.9444445,16.0],"rotation":0,"texture":"#0","tintindex":0},"south":{"uv":[1.388889,15.833333,1.5555556,16.0],"rotation":0,"texture":"#0","tintindex":0},"up":{"uv":[0.9444445,15.833333,0.7777778,15.388889],"rotation":0,"texture":"#0","tintindex":0},"west":{"uv":[0.9444445,15.833333,1.388889,16.0],"rotation":0,"texture":"#0","tintindex":0}}},{"name":"body0","from":[14.004286,8.861428,28.575714],"to":[15.281428,10.138571,31.995714],"rotation":{"angle":0.0,"axis":"x","origin":[8.0,6.285714,8.0]},"faces":{"down":{"uv":[0.9444445,15.388889,1.1111112,15.833333],"rotation":0,"texture":"#0","tintindex":0},"east":{"uv":[1.388889,15.833333,0.9444445,16.0],"rotation":0,"texture":"#0","tintindex":0},"north":{"uv":[0.9444445,15.833333,0.7777778,16.0],"rotation":0,"texture":"#0","tintindex":0},"south":{"uv":[1.5555556,15.833333,1.388889,16.0],"rotation":0,"texture":"#0","tintindex":0},"up":{"uv":[0.7777778,15.833333,0.9444445,15.388889],"rotation":0,"texture":"#0","tintindex":0},"west":{"uv":[0.7777778,15.833333,0.33333334,16.0],"rotation":0,"texture":"#0","tintindex":0}}},{"name":"body0","from":[1.7899997,13.575714,-9.995715],"to":[14.21,14.852857,-5.290001],"rotation":{"angle":0.0,"axis":"x","origin":[8.0,6.285714,8.0]},"faces":{"down":{"uv":[12.111112,8.722222,10.5,9.333333],"rotation":0,"texture":"#0","tintindex":0},"east":{"uv":[8.277778,9.333333,8.888889,9.5],"rotation":0,"texture":"#0","tintindex":0},"north":{"uv":[8.888889,9.333333,10.5,9.5],"rotation":0,"texture":"#0","tintindex":0},"south":{"uv":[11.111112,9.333333,12.722222,9.5],"rotation":0,"texture":"#0","tintindex":0},"up":{"uv":[10.5,9.333333,8.888889,8.722222],"rotation":0,"texture":"#0","tintindex":0},"west":{"uv":[10.5,9.333333,11.111112,9.5],"rotation":0,"texture":"#0","tintindex":0}}},{"name":"body0","from":[-1.2142859,10.142857,1.9999998],"to":[17.214287,16.571428,3.7142854],"rotation":{"angle":0.0,"axis":"x","origin":[8.0,6.285714,8.0]},"faces":{"down":{"uv":[10.444445,5.7777777,8.055555,6.0],"rotation":0,"texture":"#0","tintindex":0},"east":{"uv":[5.4444447,6.0,5.6666665,6.8333335],"rotation":0,"texture":"#0","tintindex":0},"north":{"uv":[5.6666665,6.0,8.055555,6.8333335],"rotation":0,"texture":"#0","tintindex":0},"south":{"uv":[8.277778,6.0,10.666667,6.8333335],"rotation":0,"texture":"#0","tintindex":0},"up":{"uv":[8.055555,6.0,5.6666665,5.7777777],"rotation":0,"texture":"#0","tintindex":0},"west":{"uv":[8.055555,6.0,8.277778,6.8333335],"rotation":0,"texture":"#0","tintindex":0}}},{"name":"body0","from":[-1.2142859,8.428572,-8.285715],"to":[-0.7857146,15.714286,-7.0],"rotation":{"angle":0.0,"axis":"x","origin":[8.0,6.285714,8.0]},"faces":{"down":{"uv":[6.1666665,10.722222,6.111111,10.888889],"rotation":0,"texture":"#0","tintindex":0},"east":{"uv":[5.888889,10.888889,6.055556,11.833333],"rotation":0,"texture":"#0","tintindex":0},"north":{"uv":[6.055556,10.888889,6.111111,11.833333],"rotation":0,"texture":"#0","tintindex":0},"south":{"uv":[6.2777777,10.888889,6.3333335,11.833333],"rotation":0,"texture":"#0","tintindex":0},"up":{"uv":[6.111111,10.888889,6.055556,10.722222],"rotation":0,"texture":"#0","tintindex":0},"west":{"uv":[6.111111,10.888889,6.2777777,11.833333],"rotation":0,"texture":"#0","tintindex":0}}},{"name":"body0","from":[16.785713,8.428572,-8.285715],"to":[17.214287,15.714286,-7.0],"rotation":{"angle":0.0,"axis":"x","origin":[8.0,6.285714,8.0]},"faces":{"down":{"uv":[6.111111,10.722222,6.1666665,10.888889],"rotation":0,"texture":"#0","tintindex":0},"east":{"uv":[6.2777777,10.888889,6.111111,11.833333],"rotation":0,"texture":"#0","tintindex":0},"north":{"uv":[6.111111,10.888889,6.055556,11.833333],"rotation":0,"texture":"#0","tintindex":0},"south":{"uv":[6.3333335,10.888889,6.2777777,11.833333],"rotation":0,"texture":"#0","tintindex":0},"up":{"uv":[6.055556,10.888889,6.111111,10.722222],"rotation":0,"texture":"#0","tintindex":0},"west":{"uv":[6.055556,10.888889,5.888889,11.833333],"rotation":0,"texture":"#0","tintindex":0}}},{"name":"body0","from":[-1.2142859,12.285714,1.1428568],"to":[17.214287,15.714286,1.9999998],"rotation":{"angle":0.0,"axis":"x","origin":[8.0,6.285714,8.0]},"faces":{"down":{"uv":[12.0,1.6666666,9.611112,1.7777778],"rotation":0,"texture":"#0","tintindex":0},"east":{"uv":[7.111111,1.7777778,7.2222223,2.2222223],"rotation":0,"texture":"#0","tintindex":0},"north":{"uv":[7.2222223,1.7777778,9.611112,2.2222223],"rotation":0,"texture":"#0","tintindex":0},"south":{"uv":[9.722222,1.7777778,12.111112,2.2222223],"rotation":0,"texture":"#0","tintindex":0},"up":{"uv":[9.611112,1.7777778,7.2222223,1.6666666],"rotation":0,"texture":"#0","tintindex":0},"west":{"uv":[9.611112,1.7777778,9.722222,2.2222223],"rotation":0,"texture":"#0","tintindex":0}}},{"name":"body0","from":[-1.2142859,13.142857,0.28571415],"to":[17.214287,15.714286,1.1428568],"rotation":{"angle":0.0,"axis":"x","origin":[8.0,6.285714,8.0]},"faces":{"down":{"uv":[13.444445,7.388889,11.055555,7.5],"rotation":0,"texture":"#0","tintindex":0},"east":{"uv":[8.555555,7.5,8.666667,7.8333335],"rotation":0,"texture":"#0","tintindex":0},"north":{"uv":[8.666667,7.5,11.055555,7.8333335],"rotation":0,"texture":"#0","tintindex":0},"south":{"uv":[11.166667,7.5,13.555555,7.8333335],"rotation":0,"texture":"#0","tintindex":0},"up":{"uv":[11.055555,7.5,8.666667,7.388889],"rotation":0,"texture":"#0","tintindex":0},"west":{"uv":[11.055555,7.5,11.166667,7.8333335],"rotation":0,"texture":"#0","tintindex":0}}},{"name":"body0","from":[-1.2142859,14.0,-5.285715],"to":[17.214287,15.714286,0.28571415],"rotation":{"angle":0.0,"axis":"x","origin":[8.0,6.285714,8.0]},"faces":{"down":{"uv":[5.5,4.1666665,3.1111112,4.888889],"rotation":0,"texture":"#0","tintindex":0},"east":{"uv":[0.0,4.888889,0.7222222,5.111111],"rotation":0,"texture":"#0","tintindex":0},"north":{"uv":[0.7222222,4.888889,3.1111112,5.111111],"rotation":0,"texture":"#0","tintindex":0},"south":{"uv":[3.8333333,4.888889,6.2222223,5.111111],"rotation":0,"texture":"#0","tintindex":0},"up":{"uv":[3.1111112,4.888889,0.7222222,4.1666665],"rotation":0,"texture":"#0","tintindex":0},"west":{"uv":[3.1111112,4.888889,3.8333333,5.111111],"rotation":0,"texture":"#0","tintindex":0}}},{"name":"body0","from":[-1.2142859,11.857142,-7.0],"to":[17.214287,15.714286,-6.1428576],"rotation":{"angle":0.0,"axis":"x","origin":[8.0,6.285714,8.0]},"faces":{"down":{"uv":[4.888889,7.1666665,2.5,7.2777777],"rotation":0,"texture":"#0","tintindex":0},"east":{"uv":[0.0,7.2777777,0.11111111,7.7777777],"rotation":0,"texture":"#0","tintindex":0},"north":{"uv":[0.11111111,7.2777777,2.5,7.7777777],"rotation":0,"texture":"#0","tintindex":0},"south":{"uv":[2.6111112,7.2777777,5.0,7.7777777],"rotation":0,"texture":"#0","tintindex":0},"up":{"uv":[2.5,7.2777777,0.11111111,7.1666665],"rotation":0,"texture":"#0","tintindex":0},"west":{"uv":[2.5,7.2777777,2.6111112,7.7777777],"rotation":0,"texture":"#0","tintindex":0}}},{"name":"body0","from":[-1.2142859,13.142857,-6.1428576],"to":[17.214287,15.714286,-5.285715],"rotation":{"angle":0.0,"axis":"x","origin":[8.0,6.285714,8.0]},"faces":{"down":{"uv":[9.777778,8.166667,7.388889,8.277778],"rotation":0,"texture":"#0","tintindex":0},"east":{"uv":[4.888889,8.277778,5.0,8.611112],"rotation":0,"texture":"#0","tintindex":0},"north":{"uv":[5.0,8.277778,7.388889,8.611112],"rotation":0,"texture":"#0","tintindex":0},"south":{"uv":[7.5,8.277778,9.888889,8.611112],"rotation":0,"texture":"#0","tintindex":0},"up":{"uv":[7.388889,8.277778,5.0,8.166667],"rotation":0,"texture":"#0","tintindex":0},"west":{"uv":[7.388889,8.277778,7.5,8.611112],"rotation":0,"texture":"#0","tintindex":0}}},{"name":"body0","from":[6.7142854,10.142857,3.7142854],"to":[9.285714,12.285714,12.714286],"rotation":{"angle":0.0,"axis":"x","origin":[8.0,6.285714,8.0]},"faces":{"down":{"uv":[10.944445,10.055555,10.611112,11.222222],"rotation":0,"texture":"#0","tintindex":0},"east":{"uv":[9.111112,11.222222,10.277778,11.5],"rotation":0,"texture":"#0","tintindex":0},"north":{"uv":[10.277778,11.222222,10.611112,11.5],"rotation":0,"texture":"#0","tintindex":0},"south":{"uv":[11.777778,11.222222,12.111112,11.5],"rotation":0,"texture":"#0","tintindex":0},"up":{"uv":[10.611112,11.222222,10.277778,10.055555],"rotation":0,"texture":"#0","tintindex":0},"west":{"uv":[10.611112,11.222222,11.777778,11.5],"rotation":0,"texture":"#0","tintindex":0}}},{"name":"body0","from":[0.7142854,13.357142,3.7142854],"to":[15.285714,15.071428,6.285714],"rotation":{"angle":0.0,"axis":"x","origin":[8.0,6.285714,8.0]},"faces":{"down":{"uv":[13.777778,5.055556,11.888889,5.388889],"rotation":0,"texture":"#0","tintindex":0},"east":{"uv":[9.666667,5.388889,10.0,5.611111],"rotation":0,"texture":"#0","tintindex":0},"north":{"uv":[10.0,5.388889,11.888889,5.611111],"rotation":0,"texture":"#0","tintindex":0},"south":{"uv":[12.222222,5.388889,14.111112,5.611111],"rotation":0,"texture":"#0","tintindex":0},"up":{"uv":[11.888889,5.388889,10.0,5.055556],"rotation":0,"texture":"#0","tintindex":0},"west":{"uv":[11.888889,5.388889,12.222222,5.611111],"rotation":0,"texture":"#0","tintindex":0}}},{"name":"body0","from":[0.722857,13.794286,3.2942858],"to":[15.277143,15.062857,6.2771425],"rotation":{"angle":22.5,"axis":"x","origin":[8.0,15.071428,6.285714]},"faces":{"down":{"uv":[12.277778,9.5,10.388889,9.888889],"rotation":0,"texture":"#0","tintindex":0},"east":{"uv":[8.111112,9.888889,8.5,10.055555],"rotation":0,"texture":"#0","tintindex":0},"north":{"uv":[8.5,9.888889,10.388889,10.055555],"rotation":0,"texture":"#0","tintindex":0},"south":{"uv":[10.777778,9.888889,12.666667,10.055555],"rotation":0,"texture":"#0","tintindex":0},"up":{"uv":[10.388889,9.888889,8.5,9.5],"rotation":0,"texture":"#0","tintindex":0},"west":{"uv":[10.388889,9.888889,10.777778,10.055555],"rotation":0,"texture":"#0","tintindex":0}}},{"name":"body0","from":[0.722857,13.365714,3.2942858],"to":[15.277143,14.634285,6.2771425],"rotation":{"angle":-22.5,"axis":"x","origin":[8.0,13.357142,6.285714]},"faces":{"down":{"uv":[8.111112,9.333333,6.2222223,9.722222],"rotation":0,"texture":"#0","tintindex":0},"east":{"uv":[3.9444444,9.722222,4.3333335,9.888889],"rotation":0,"texture":"#0","tintindex":0},"north":{"uv":[4.3333335,9.722222,6.2222223,9.888889],"rotation":0,"texture":"#0","tintindex":0},"south":{"uv":[6.611111,9.722222,8.5,9.888889],"rotation":0,"texture":"#0","tintindex":0},"up":{"uv":[6.2222223,9.722222,4.3333335,9.333333],"rotation":0,"texture":"#0","tintindex":0},"west":{"uv":[6.2222223,9.722222,6.611111,9.888889],"rotation":0,"texture":"#0","tintindex":0}}},{"name":"body0","from":[6.5,9.928572,3.7142854],"to":[9.5,15.071428,6.285714],"rotation":{"angle":-22.5,"axis":"x","origin":[8.214285,15.071428,6.285714]},"faces":{"down":{"uv":[11.333333,12.722222,10.944445,13.055555],"rotation":0,"texture":"#0","tintindex":0},"east":{"uv":[10.222222,13.055555,10.555555,13.722222],"rotation":0,"texture":"#0","tintindex":0},"north":{"uv":[10.555555,13.055555,10.944445,13.722222],"rotation":0,"texture":"#0","tintindex":0},"south":{"uv":[11.277778,13.055555,11.666667,13.722222],"rotation":0,"texture":"#0","tintindex":0},"up":{"uv":[10.944445,13.055555,10.555555,12.722222],"rotation":0,"texture":"#0","tintindex":0},"west":{"uv":[10.944445,13.055555,11.277778,13.722222],"rotation":0,"texture":"#0","tintindex":0}}},{"name":"body0","from":[-1.2142859,14.0,20.77212],"to":[0.0714283,16.571428,25.486404],"rotation":{"angle":0.0,"axis":"x","origin":[8.0,6.285714,8.0]},"faces":{"down":{"uv":[13.277778,10.166667,13.111112,10.777778],"rotation":0,"texture":"#0","tintindex":0},"east":{"uv":[12.333333,10.777778,12.944445,11.111112],"rotation":0,"texture":"#0","tintindex":0},"north":{"uv":[12.944445,10.777778,13.111112,11.111112],"rotation":0,"texture":"#0","tintindex":0},"south":{"uv":[13.722222,10.777778,13.888889,11.111112],"rotation":0,"texture":"#0","tintindex":0},"up":{"uv":[13.111112,10.777778,12.944445,10.166667],"rotation":0,"texture":"#0","tintindex":0},"west":{"uv":[13.111112,10.777778,13.722222,11.111112],"rotation":0,"texture":"#0","tintindex":0}}},{"name":"body0","from":[-1.2142859,12.285714,26.343546],"to":[0.0714283,16.571428,27.20069],"rotation":{"angle":0.0,"axis":"x","origin":[8.0,6.285714,8.0]},"faces":{"down":{"uv":[0.44444445,4.1666665,0.2777778,4.2777777],"rotation":0,"texture":"#0","tintindex":0},"east":{"uv":[0.0,4.2777777,0.11111111,4.8333335],"rotation":0,"texture":"#0","tintindex":0},"north":{"uv":[0.11111111,4.2777777,0.2777778,4.8333335],"rotation":0,"texture":"#0","tintindex":0},"south":{"uv":[0.3888889,4.2777777,0.5555556,4.8333335],"rotation":0,"texture":"#0","tintindex":0},"up":{"uv":[0.2777778,4.2777777,0.11111111,4.1666665],"rotation":0,"texture":"#0","tintindex":0},"west":{"uv":[0.2777778,4.2777777,0.3888889,4.8333335],"rotation":0,"texture":"#0","tintindex":0}}},{"name":"body0","from":[-1.2142859,13.571428,25.486404],"to":[0.0714283,16.571428,26.343546],"rotation":{"angle":0.0,"axis":"x","origin":[8.0,6.285714,8.0]},"faces":{"down":{"uv":[4.7777777,2.3888888,4.611111,2.5],"rotation":0,"texture":"#0","tintindex":0},"east":{"uv":[4.3333335,2.5,4.4444447,2.8888888],"rotation":0,"texture":"#0","tintindex":0},"north":{"uv":[4.4444447,2.5,4.611111,2.8888888],"rotation":0,"texture":"#0","tintindex":0},"south":{"uv":[4.7222223,2.5,4.888889,2.8888888],"rotation":0,"texture":"#0","tintindex":0},"up":{"uv":[4.611111,2.5,4.4444447,2.3888888],"rotation":0,"texture":"#0","tintindex":0},"west":{"uv":[4.611111,2.5,4.7222223,2.8888888],"rotation":0,"texture":"#0","tintindex":0}}},{"name":"body0","from":[15.928572,14.0,20.77212],"to":[17.214287,16.571428,25.486404],"rotation":{"angle":0.0,"axis":"x","origin":[8.0,6.285714,8.0]},"faces":{"down":{"uv":[13.111112,10.166667,13.277778,10.777778],"rotation":0,"texture":"#0","tintindex":0},"east":{"uv":[13.722222,10.777778,13.111112,11.111112],"rotation":0,"texture":"#0","tintindex":0},"north":{"uv":[13.111112,10.777778,12.944445,11.111112],"rotation":0,"texture":"#0","tintindex":0},"south":{"uv":[13.888889,10.777778,13.722222,11.111112],"rotation":0,"texture":"#0","tintindex":0},"up":{"uv":[12.944445,10.777778,13.111112,10.166667],"rotation":0,"texture":"#0","tintindex":0},"west":{"uv":[12.944445,10.777778,12.333333,11.111112],"rotation":0,"texture":"#0","tintindex":0}}},{"name":"body0","from":[15.928572,12.285714,26.343546],"to":[17.214287,16.571428,27.20069],"rotation":{"angle":0.0,"axis":"x","origin":[8.0,6.285714,8.0]},"faces":{"down":{"uv":[0.2777778,4.1666665,0.44444445,4.2777777],"rotation":0,"texture":"#0","tintindex":0},"east":{"uv":[0.3888889,4.2777777,0.2777778,4.8333335],"rotation":0,"texture":"#0","tintindex":0},"north":{"uv":[0.2777778,4.2777777,0.11111111,4.8333335],"rotation":0,"texture":"#0","tintindex":0},"south":{"uv":[0.5555556,4.2777777,0.3888889,4.8333335],"rotation":0,"texture":"#0","tintindex":0},"up":{"uv":[0.11111111,4.2777777,0.2777778,4.1666665],"rotation":0,"texture":"#0","tintindex":0},"west":{"uv":[0.11111111,4.2777777,0.0,4.8333335],"rotation":0,"texture":"#0","tintindex":0}}},{"name":"body0","from":[15.928572,13.571428,25.486404],"to":[17.214287,16.571428,26.343546],"rotation":{"angle":0.0,"axis":"x","origin":[8.0,6.285714,8.0]},"faces":{"down":{"uv":[4.611111,2.3888888,4.7777777,2.5],"rotation":0,"texture":"#0","tintindex":0},"east":{"uv":[4.7222223,2.5,4.611111,2.8888888],"rotation":0,"texture":"#0","tintindex":0},"north":{"uv":[4.611111,2.5,4.4444447,2.8888888],"rotation":0,"texture":"#0","tintindex":0},"south":{"uv":[4.888889,2.5,4.7222223,2.8888888],"rotation":0,"texture":"#0","tintindex":0},"up":{"uv":[4.4444447,2.5,4.611111,2.3888888],"rotation":0,"texture":"#0","tintindex":0},"west":{"uv":[4.4444447,2.5,4.3333335,2.8888888],"rotation":0,"texture":"#0","tintindex":0}}},{"name":"body0","from":[-1.2142859,9.285714,27.20069],"to":[0.0714283,16.571428,31.486404],"rotation":{"angle":0.0,"axis":"x","origin":[8.0,6.285714,8.0]},"faces":{"down":{"uv":[13.111112,0.0,12.944445,0.5555556],"rotation":0,"texture":"#0","tintindex":0},"east":{"uv":[12.222222,0.5555556,12.777778,1.5],"rotation":0,"texture":"#0","tintindex":0},"north":{"uv":[12.777778,0.5555556,12.944445,1.5],"rotation":0,"texture":"#0","tintindex":0},"south":{"uv":[13.5,0.5555556,13.666667,1.5],"rotation":0,"texture":"#0","tintindex":0},"up":{"uv":[12.944445,0.5555556,12.777778,0.0],"rotation":0,"texture":"#0","tintindex":0},"west":{"uv":[12.944445,0.5555556,13.5,1.5],"rotation":0,"texture":"#0","tintindex":0}}},{"name":"body0","from":[15.928572,9.285714,27.20069],"to":[17.214287,16.571428,31.486404],"rotation":{"angle":0.0,"axis":"x","origin":[8.0,6.285714,8.0]},"faces":{"down":{"uv":[12.944445,0.0,13.111112,0.5555556],"rotation":0,"texture":"#0","tintindex":0},"east":{"uv":[13.5,0.5555556,12.944445,1.5],"rotation":0,"texture":"#0","tintindex":0},"north":{"uv":[12.944445,0.5555556,12.777778,1.5],"rotation":0,"texture":"#0","tintindex":0},"south":{"uv":[13.666667,0.5555556,13.5,1.5],"rotation":0,"texture":"#0","tintindex":0},"up":{"uv":[12.777778,0.5555556,12.944445,0.0],"rotation":0,"texture":"#0","tintindex":0},"west":{"uv":[12.777778,0.5555556,12.222222,1.5],"rotation":0,"texture":"#0","tintindex":0}}},{"name":"body0","from":[0.0714283,11.0,30.20069],"to":[15.928572,16.571428,31.057833],"rotation":{"angle":0.0,"axis":"x","origin":[8.0,6.285714,8.0]},"faces":{"down":{"uv":[4.2222223,8.777778,2.1666667,8.888889],"rotation":0,"texture":"#0","tintindex":0},"east":{"uv":[0.0,8.888889,0.11111111,9.611112],"rotation":0,"texture":"#0","tintindex":0},"north":{"uv":[0.11111111,8.888889,2.1666667,9.611112],"rotation":0,"texture":"#0","tintindex":0},"south":{"uv":[2.277778,8.888889,4.3333335,9.611112],"rotation":0,"texture":"#0","tintindex":0},"up":{"uv":[2.1666667,8.888889,0.11111111,8.777778],"rotation":0,"texture":"#0","tintindex":0},"west":{"uv":[2.1666667,8.888889,2.277778,9.611112],"rotation":0,"texture":"#0","tintindex":0}}},{"name":"body0","from":[0.0714283,9.285714,28.486404],"to":[15.928572,11.0,31.486404],"rotation":{"angle":0.0,"axis":"x","origin":[8.0,6.285714,8.0]},"faces":{"down":{"uv":[4.5,8.166667,2.4444444,8.555555],"rotation":0,"texture":"#0","tintindex":0},"east":{"uv":[0.0,8.555555,0.3888889,8.777778],"rotation":0,"texture":"#0","tintindex":0},"north":{"uv":[0.3888889,8.555555,2.4444444,8.777778],"rotation":0,"texture":"#0","tintindex":0},"south":{"uv":[2.8333333,8.555555,4.888889,8.777778],"rotation":0,"texture":"#0","tintindex":0},"up":{"uv":[2.4444444,8.555555,0.3888889,8.166667],"rotation":0,"texture":"#0","tintindex":0},"west":{"uv":[2.4444444,8.555555,2.8333333,8.777778],"rotation":0,"texture":"#0","tintindex":0}}}],"display":{"head":{"translation":[0.0,-6.4,0.0],"rotation":[0.0,0.0,0.0],"scale":[3.7333333,3.7333333,3.7333333]}}}