{"textures":{"0":"modelengine:entity/gokart_yellow","1":"modelengine:entity/gokart_blue","2":"modelengine:entity/gokart_green","3":"modelengine:entity/gokart_pink","4":"modelengine:entity/gokart_purple","5":"modelengine:entity/gokart_red","6":"modelengine:entity/littleroom_logo","7":"modelengine:entity/gokart_logo1","8":"modelengine:entity/gokart_logo2"},"elements":[{"name":"cube","from":[-11.200001,8.6,8.0],"to":[-6.4000006,11.0,11.0],"rotation":{"angle":45.0,"axis":"x","origin":[-9.400001,9.5,9.5]},"faces":{"down":{"uv":[13.625,7.125,12.625,7.75],"rotation":0,"texture":"#1","tintindex":0},"east":{"uv":[14.625,13.625,15.25,14.125],"rotation":0,"texture":"#1","tintindex":0},"north":{"uv":[3.5,13.375,4.5,13.875],"rotation":0,"texture":"#1","tintindex":0},"south":{"uv":[13.375,4.5,14.375,5.0],"rotation":0,"texture":"#1","tintindex":0},"up":{"uv":[13.625,7.125,12.625,6.5],"rotation":0,"texture":"#1","tintindex":0},"west":{"uv":[2.375,14.75,3.0,15.25],"rotation":0,"texture":"#1","tintindex":0}}},{"name":"cube","from":[-11.200001,6.5,9.221321],"to":[-6.4000006,9.5,11.621321],"rotation":{"angle":0.0,"axis":"x","origin":[-10.6,9.5,9.221321]},"faces":{"down":{"uv":[14.125,13.25,13.125,13.75],"rotation":0,"texture":"#1","tintindex":0},"east":{"uv":[11.375,14.625,11.875,15.25],"rotation":0,"texture":"#1","tintindex":0},"north":{"uv":[12.625,2.75,13.625,3.375],"rotation":0,"texture":"#1","tintindex":0},"south":{"uv":[5.0,12.625,6.0,13.25],"rotation":0,"texture":"#1","tintindex":0},"up":{"uv":[13.125,13.75,12.125,13.25],"rotation":0,"texture":"#1","tintindex":0},"west":{"uv":[14.625,11.5,15.125,12.125],"rotation":0,"texture":"#1","tintindex":0}}},{"name":"cube","from":[-11.200001,9.221321,6.5],"to":[-6.4000006,11.621321,9.5],"rotation":{"angle":0.0,"axis":"x","origin":[-10.6,9.221321,6.5]},"faces":{"down":{"uv":[9.0,13.0,8.0,13.625],"rotation":0,"texture":"#1","tintindex":0},"east":{"uv":[14.875,10.5,15.5,11.0],"rotation":0,"texture":"#1","tintindex":0},"north":{"uv":[7.5,13.625,8.5,14.125],"rotation":0,"texture":"#1","tintindex":0},"south":{"uv":[13.625,7.5,14.625,8.0],"rotation":0,"texture":"#1","tintindex":0},"up":{"uv":[8.0,13.625,7.0,13.0],"rotation":0,"texture":"#1","tintindex":0},"west":{"uv":[13.875,14.875,14.5,15.375],"rotation":0,"texture":"#1","tintindex":0}}},{"name":"cube","from":[-11.200001,8.0,5.0],"to":[-6.4000006,11.0,7.4],"rotation":{"angle":45.0,"axis":"x","origin":[-9.400001,9.5,6.5]},"faces":{"down":{"uv":[10.0,13.25,9.0,13.75],"rotation":0,"texture":"#1","tintindex":0},"east":{"uv":[14.625,6.625,15.125,7.25],"rotation":0,"texture":"#1","tintindex":0},"north":{"uv":[1.75,12.625,2.75,13.25],"rotation":0,"texture":"#1","tintindex":0},"south":{"uv":[2.75,12.625,3.75,13.25],"rotation":0,"texture":"#1","tintindex":0},"up":{"uv":[14.25,4.5,13.25,4.0],"rotation":0,"texture":"#1","tintindex":0},"west":{"uv":[14.625,7.25,15.125,7.875],"rotation":0,"texture":"#1","tintindex":0}}},{"name":"cube","from":[-11.200001,6.5,4.3786793],"to":[-6.4000006,9.5,6.77868],"rotation":{"angle":0.0,"axis":"x","origin":[-10.6,6.5,6.77868]},"faces":{"down":{"uv":[14.625,7.0,13.625,7.5],"rotation":0,"texture":"#1","tintindex":0},"east":{"uv":[10.125,14.75,10.625,15.375],"rotation":0,"texture":"#1","tintindex":0},"north":{"uv":[12.75,11.375,13.75,12.0],"rotation":0,"texture":"#1","tintindex":0},"south":{"uv":[12.875,3.375,13.875,4.0],"rotation":0,"texture":"#1","tintindex":0},"up":{"uv":[14.625,7.0,13.625,6.5],"rotation":0,"texture":"#1","tintindex":0},"west":{"uv":[12.25,14.875,12.75,15.5],"rotation":0,"texture":"#1","tintindex":0}}},{"name":"cube","from":[-11.200001,5.0,5.0],"to":[-6.4000006,7.4,8.0],"rotation":{"angle":45.0,"axis":"x","origin":[-9.400001,6.5,6.5]},"faces":{"down":{"uv":[11.75,12.75,10.75,13.375],"rotation":0,"texture":"#1","tintindex":0},"east":{"uv":[6.5,14.75,7.125,15.25],"rotation":0,"texture":"#1","tintindex":0},"north":{"uv":[5.5,13.625,6.5,14.125],"rotation":0,"texture":"#1","tintindex":0},"south":{"uv":[6.5,13.625,7.5,14.125],"rotation":0,"texture":"#1","tintindex":0},"up":{"uv":[13.75,9.625,12.75,9.0],"rotation":0,"texture":"#1","tintindex":0},"west":{"uv":[7.125,14.75,7.75,15.25],"rotation":0,"texture":"#1","tintindex":0}}},{"name":"cube","from":[-11.200001,4.3786793,6.5],"to":[-6.4000006,6.77868,9.5],"rotation":{"angle":0.0,"axis":"x","origin":[-10.6,6.77868,9.5]},"faces":{"down":{"uv":[13.75,8.375,12.75,9.0],"rotation":0,"texture":"#1","tintindex":0},"east":{"uv":[5.25,14.75,5.875,15.25],"rotation":0,"texture":"#1","tintindex":0},"north":{"uv":[13.625,2.375,14.625,2.875],"rotation":0,"texture":"#1","tintindex":0},"south":{"uv":[13.625,2.875,14.625,3.375],"rotation":0,"texture":"#1","tintindex":0},"up":{"uv":[4.75,13.375,3.75,12.75],"rotation":0,"texture":"#1","tintindex":0},"west":{"uv":[5.875,14.75,6.5,15.25],"rotation":0,"texture":"#1","tintindex":0}}},{"name":"cube","from":[-11.200001,5.0,8.6],"to":[-6.4000006,8.0,11.0],"rotation":{"angle":45.0,"axis":"x","origin":[-9.400001,6.5,9.5]},"faces":{"down":{"uv":[1.0,13.5,0.0,14.0],"rotation":0,"texture":"#1","tintindex":0},"east":{"uv":[3.0,14.75,3.5,15.375],"rotation":0,"texture":"#1","tintindex":0},"north":{"uv":[12.625,7.75,13.625,8.375],"rotation":0,"texture":"#1","tintindex":0},"south":{"uv":[9.25,12.625,10.25,13.25],"rotation":0,"texture":"#1","tintindex":0},"up":{"uv":[11.75,13.875,10.75,13.375],"rotation":0,"texture":"#1","tintindex":0},"west":{"uv":[4.75,14.75,5.25,15.375],"rotation":0,"texture":"#1","tintindex":0}}},{"name":"cube","from":[5.6,9.221321,6.5],"to":[10.4,11.621321,9.5],"rotation":{"angle":0.0,"axis":"x","origin":[9.8,9.221321,6.5]},"faces":{"down":{"uv":[8.0,13.0,9.0,13.625],"rotation":0,"texture":"#1","tintindex":0},"east":{"uv":[14.5,14.875,13.875,15.375],"rotation":0,"texture":"#1","tintindex":0},"north":{"uv":[8.5,13.625,7.5,14.125],"rotation":0,"texture":"#1","tintindex":0},"south":{"uv":[14.625,7.5,13.625,8.0],"rotation":0,"texture":"#1","tintindex":0},"up":{"uv":[7.0,13.625,8.0,13.0],"rotation":0,"texture":"#1","tintindex":0},"west":{"uv":[15.5,10.5,14.875,11.0],"rotation":0,"texture":"#1","tintindex":0}}},{"name":"cube","from":[5.6,8.0,5.0],"to":[10.4,11.0,7.4],"rotation":{"angle":45.0,"axis":"x","origin":[8.6,9.5,6.5]},"faces":{"down":{"uv":[9.0,13.25,10.0,13.75],"rotation":0,"texture":"#1","tintindex":0},"east":{"uv":[15.125,7.25,14.625,7.875],"rotation":0,"texture":"#1","tintindex":0},"north":{"uv":[2.75,12.625,1.75,13.25],"rotation":0,"texture":"#1","tintindex":0},"south":{"uv":[3.75,12.625,2.75,13.25],"rotation":0,"texture":"#1","tintindex":0},"up":{"uv":[13.25,4.5,14.25,4.0],"rotation":0,"texture":"#1","tintindex":0},"west":{"uv":[15.125,6.625,14.625,7.25],"rotation":0,"texture":"#1","tintindex":0}}},{"name":"cube","from":[5.6,6.5,4.3786793],"to":[10.4,9.5,6.77868],"rotation":{"angle":0.0,"axis":"x","origin":[9.8,6.5,6.77868]},"faces":{"down":{"uv":[13.625,7.0,14.625,7.5],"rotation":0,"texture":"#1","tintindex":0},"east":{"uv":[12.75,14.875,12.25,15.5],"rotation":0,"texture":"#1","tintindex":0},"north":{"uv":[13.75,11.375,12.75,12.0],"rotation":0,"texture":"#1","tintindex":0},"south":{"uv":[13.875,3.375,12.875,4.0],"rotation":0,"texture":"#1","tintindex":0},"up":{"uv":[13.625,7.0,14.625,6.5],"rotation":0,"texture":"#1","tintindex":0},"west":{"uv":[10.625,14.75,10.125,15.375],"rotation":0,"texture":"#1","tintindex":0}}},{"name":"cube","from":[5.6,5.0,5.0],"to":[10.4,7.4,8.0],"rotation":{"angle":45.0,"axis":"x","origin":[8.6,6.5,6.5]},"faces":{"down":{"uv":[10.75,12.75,11.75,13.375],"rotation":0,"texture":"#1","tintindex":0},"east":{"uv":[7.75,14.75,7.125,15.25],"rotation":0,"texture":"#1","tintindex":0},"north":{"uv":[6.5,13.625,5.5,14.125],"rotation":0,"texture":"#1","tintindex":0},"south":{"uv":[7.5,13.625,6.5,14.125],"rotation":0,"texture":"#1","tintindex":0},"up":{"uv":[12.75,9.625,13.75,9.0],"rotation":0,"texture":"#1","tintindex":0},"west":{"uv":[7.125,14.75,6.5,15.25],"rotation":0,"texture":"#1","tintindex":0}}},{"name":"cube","from":[5.6,4.3786793,6.5],"to":[10.4,6.77868,9.5],"rotation":{"angle":0.0,"axis":"x","origin":[9.8,6.77868,9.5]},"faces":{"down":{"uv":[12.75,8.375,13.75,9.0],"rotation":0,"texture":"#1","tintindex":0},"east":{"uv":[6.5,14.75,5.875,15.25],"rotation":0,"texture":"#1","tintindex":0},"north":{"uv":[14.625,2.375,13.625,2.875],"rotation":0,"texture":"#1","tintindex":0},"south":{"uv":[14.625,2.875,13.625,3.375],"rotation":0,"texture":"#1","tintindex":0},"up":{"uv":[3.75,13.375,4.75,12.75],"rotation":0,"texture":"#1","tintindex":0},"west":{"uv":[5.875,14.75,5.25,15.25],"rotation":0,"texture":"#1","tintindex":0}}},{"name":"cube","from":[5.6,5.0,8.6],"to":[10.4,8.0,11.0],"rotation":{"angle":45.0,"axis":"x","origin":[8.6,6.5,9.5]},"faces":{"down":{"uv":[0.0,13.5,1.0,14.0],"rotation":0,"texture":"#1","tintindex":0},"east":{"uv":[5.25,14.75,4.75,15.375],"rotation":0,"texture":"#1","tintindex":0},"north":{"uv":[13.625,7.75,12.625,8.375],"rotation":0,"texture":"#1","tintindex":0},"south":{"uv":[10.25,12.625,9.25,13.25],"rotation":0,"texture":"#1","tintindex":0},"up":{"uv":[10.75,13.875,11.75,13.375],"rotation":0,"texture":"#1","tintindex":0},"west":{"uv":[3.5,14.75,3.0,15.375],"rotation":0,"texture":"#1","tintindex":0}}},{"name":"cube","from":[5.6,6.5,9.221321],"to":[10.4,9.5,11.621321],"rotation":{"angle":0.0,"axis":"x","origin":[9.8,9.5,9.221321]},"faces":{"down":{"uv":[13.125,13.25,14.125,13.75],"rotation":0,"texture":"#1","tintindex":0},"east":{"uv":[15.125,11.5,14.625,12.125],"rotation":0,"texture":"#1","tintindex":0},"north":{"uv":[13.625,2.75,12.625,3.375],"rotation":0,"texture":"#1","tintindex":0},"south":{"uv":[6.0,12.625,5.0,13.25],"rotation":0,"texture":"#1","tintindex":0},"up":{"uv":[12.125,13.75,13.125,13.25],"rotation":0,"texture":"#1","tintindex":0},"west":{"uv":[11.875,14.625,11.375,15.25],"rotation":0,"texture":"#1","tintindex":0}}},{"name":"cube","from":[5.6,8.6,8.0],"to":[10.4,11.0,11.0],"rotation":{"angle":45.0,"axis":"x","origin":[8.6,9.5,9.5]},"faces":{"down":{"uv":[12.625,7.125,13.625,7.75],"rotation":0,"texture":"#1","tintindex":0},"east":{"uv":[3.0,14.75,2.375,15.25],"rotation":0,"texture":"#1","tintindex":0},"north":{"uv":[4.5,13.375,3.5,13.875],"rotation":0,"texture":"#1","tintindex":0},"south":{"uv":[14.375,4.5,13.375,5.0],"rotation":0,"texture":"#1","tintindex":0},"up":{"uv":[12.625,7.125,13.625,6.5],"rotation":0,"texture":"#1","tintindex":0},"west":{"uv":[15.25,13.625,14.625,14.125],"rotation":0,"texture":"#1","tintindex":0}}}],"display":{"head":{"translation":[0.0,-6.4,0.0],"rotation":[0.0,0.0,0.0],"scale":[3.8095,3.8095,3.8095]}}}