{"textures":{"0":"modelengine:entity/gokart_yellow","1":"modelengine:entity/gokart_blue","2":"modelengine:entity/gokart_green","3":"modelengine:entity/gokart_pink","4":"modelengine:entity/gokart_purple","5":"modelengine:entity/gokart_red","6":"modelengine:entity/littleroom_logo","7":"modelengine:entity/gokart_logo1","8":"modelengine:entity/gokart_logo2"},"elements":[{"name":"cube","from":[-8.500001,9.221321,6.5],"to":[-5.500001,11.621321,9.5],"rotation":{"angle":0.0,"axis":"x","origin":[-7.9000006,9.221321,6.5]},"faces":{"down":{"uv":[4.75,13.875,4.125,14.5],"rotation":0,"texture":"#1","tintindex":0},"east":{"uv":[4.125,14.5,4.75,15.0],"rotation":0,"texture":"#1","tintindex":0},"north":{"uv":[3.5,14.5,4.125,15.0],"rotation":0,"texture":"#1","tintindex":0},"south":{"uv":[8.375,14.5,9.0,15.0],"rotation":0,"texture":"#1","tintindex":0},"up":{"uv":[4.125,14.5,3.5,13.875],"rotation":0,"texture":"#1","tintindex":0},"west":{"uv":[14.5,8.5,15.125,9.0],"rotation":0,"texture":"#1","tintindex":0}}},{"name":"cube","from":[-8.500001,5.0,8.6],"to":[-5.500001,8.0,11.0],"rotation":{"angle":45.0,"axis":"x","origin":[-6.700001,6.5,9.5]},"faces":{"down":{"uv":[15.25,2.125,14.625,2.625],"rotation":0,"texture":"#1","tintindex":0},"east":{"uv":[1.25,14.625,1.75,15.25],"rotation":0,"texture":"#1","tintindex":0},"north":{"uv":[1.25,14.0,1.875,14.625],"rotation":0,"texture":"#1","tintindex":0},"south":{"uv":[14.0,1.375,14.625,2.0],"rotation":0,"texture":"#1","tintindex":0},"up":{"uv":[2.375,15.125,1.75,14.625],"rotation":0,"texture":"#1","tintindex":0},"west":{"uv":[14.625,1.5,15.125,2.125],"rotation":0,"texture":"#1","tintindex":0}}},{"name":"cube","from":[-8.500001,6.5,9.221321],"to":[-5.500001,9.5,11.621321],"rotation":{"angle":0.0,"axis":"x","origin":[-7.9000006,9.5,9.221321]},"faces":{"down":{"uv":[15.25,6.125,14.625,6.625],"rotation":0,"texture":"#1","tintindex":0},"east":{"uv":[14.625,2.625,15.125,3.25],"rotation":0,"texture":"#1","tintindex":0},"north":{"uv":[1.875,14.0,2.5,14.625],"rotation":0,"texture":"#1","tintindex":0},"south":{"uv":[14.0,5.0,14.625,5.625],"rotation":0,"texture":"#1","tintindex":0},"up":{"uv":[15.25,6.125,14.625,5.625],"rotation":0,"texture":"#1","tintindex":0},"west":{"uv":[14.625,5.0,15.125,5.625],"rotation":0,"texture":"#1","tintindex":0}}},{"name":"cube","from":[-8.500001,8.6,8.0],"to":[-5.500001,11.0,11.0],"rotation":{"angle":45.0,"axis":"x","origin":[-6.700001,9.5,9.5]},"faces":{"down":{"uv":[14.5,10.0,13.875,10.625],"rotation":0,"texture":"#1","tintindex":0},"east":{"uv":[9.5,14.5,10.125,15.0],"rotation":0,"texture":"#1","tintindex":0},"north":{"uv":[14.5,9.0,15.125,9.5],"rotation":0,"texture":"#1","tintindex":0},"south":{"uv":[14.5,9.5,15.125,10.0],"rotation":0,"texture":"#1","tintindex":0},"up":{"uv":[14.5,10.0,13.875,9.375],"rotation":0,"texture":"#1","tintindex":0},"west":{"uv":[14.5,10.0,15.125,10.5],"rotation":0,"texture":"#1","tintindex":0}}},{"name":"cube","from":[-8.500001,4.3786793,6.5],"to":[-5.500001,6.77868,9.5],"rotation":{"angle":0.0,"axis":"x","origin":[-7.9000006,6.77868,9.5]},"faces":{"down":{"uv":[1.25,14.0,0.625,14.625],"rotation":0,"texture":"#1","tintindex":0},"east":{"uv":[14.625,0.0,15.25,0.5],"rotation":0,"texture":"#1","tintindex":0},"north":{"uv":[0.0,14.625,0.625,15.125],"rotation":0,"texture":"#1","tintindex":0},"south":{"uv":[0.625,14.625,1.25,15.125],"rotation":0,"texture":"#1","tintindex":0},"up":{"uv":[14.625,0.625,14.0,0.0],"rotation":0,"texture":"#1","tintindex":0},"west":{"uv":[14.625,1.0,15.25,1.5],"rotation":0,"texture":"#1","tintindex":0}}},{"name":"cube","from":[-8.500001,5.0,5.0],"to":[-5.500001,7.4,8.0],"rotation":{"angle":45.0,"axis":"x","origin":[-6.700001,6.5,6.5]},"faces":{"down":{"uv":[0.625,14.0,0.0,14.625],"rotation":0,"texture":"#1","tintindex":0},"east":{"uv":[14.5,11.0,15.125,11.5],"rotation":0,"texture":"#1","tintindex":0},"north":{"uv":[10.75,14.5,11.375,15.0],"rotation":0,"texture":"#1","tintindex":0},"south":{"uv":[14.5,12.375,15.125,12.875],"rotation":0,"texture":"#1","tintindex":0},"up":{"uv":[11.375,14.5,10.75,13.875],"rotation":0,"texture":"#1","tintindex":0},"west":{"uv":[14.5,14.375,15.125,14.875],"rotation":0,"texture":"#1","tintindex":0}}},{"name":"cube","from":[-8.500001,6.5,4.3786793],"to":[-5.500001,9.5,6.77868],"rotation":{"angle":0.0,"axis":"x","origin":[-7.9000006,6.5,6.77868]},"faces":{"down":{"uv":[12.875,14.375,12.25,14.875],"rotation":0,"texture":"#1","tintindex":0},"east":{"uv":[4.25,10.75,4.75,11.375],"rotation":0,"texture":"#1","tintindex":0},"north":{"uv":[12.125,13.75,12.75,14.375],"rotation":0,"texture":"#1","tintindex":0},"south":{"uv":[12.75,13.75,13.375,14.375],"rotation":0,"texture":"#1","tintindex":0},"up":{"uv":[15.0,8.5,14.375,8.0],"rotation":0,"texture":"#1","tintindex":0},"west":{"uv":[9.25,12.0,9.75,12.625],"rotation":0,"texture":"#1","tintindex":0}}},{"name":"cube","from":[-8.500001,8.0,5.0],"to":[-5.500001,11.0,7.4],"rotation":{"angle":45.0,"axis":"x","origin":[-6.700001,9.5,6.5]},"faces":{"down":{"uv":[15.125,3.375,14.5,3.875],"rotation":0,"texture":"#1","tintindex":0},"east":{"uv":[12.875,14.375,13.375,15.0],"rotation":0,"texture":"#1","tintindex":0},"north":{"uv":[13.375,13.75,14.0,14.375],"rotation":0,"texture":"#1","tintindex":0},"south":{"uv":[13.875,3.375,14.5,4.0],"rotation":0,"texture":"#1","tintindex":0},"up":{"uv":[14.5,14.875,13.875,14.375],"rotation":0,"texture":"#1","tintindex":0},"west":{"uv":[13.375,14.375,13.875,15.0],"rotation":0,"texture":"#1","tintindex":0}}},{"name":"cube","from":[6.5,9.221321,6.5],"to":[9.5,11.621321,9.5],"rotation":{"angle":0.0,"axis":"x","origin":[8.9,9.221321,6.5]},"faces":{"down":{"uv":[4.125,13.875,4.75,14.5],"rotation":0,"texture":"#1","tintindex":0},"east":{"uv":[15.125,8.5,14.5,9.0],"rotation":0,"texture":"#1","tintindex":0},"north":{"uv":[4.125,14.5,3.5,15.0],"rotation":0,"texture":"#1","tintindex":0},"south":{"uv":[9.0,14.5,8.375,15.0],"rotation":0,"texture":"#1","tintindex":0},"up":{"uv":[3.5,14.5,4.125,13.875],"rotation":0,"texture":"#1","tintindex":0},"west":{"uv":[4.75,14.5,4.125,15.0],"rotation":0,"texture":"#1","tintindex":0}}},{"name":"cube","from":[6.5,8.6,8.0],"to":[9.5,11.0,11.0],"rotation":{"angle":45.0,"axis":"x","origin":[7.7,9.5,9.5]},"faces":{"down":{"uv":[13.875,10.0,14.5,10.625],"rotation":0,"texture":"#1","tintindex":0},"east":{"uv":[15.125,10.0,14.5,10.5],"rotation":0,"texture":"#1","tintindex":0},"north":{"uv":[15.125,9.0,14.5,9.5],"rotation":0,"texture":"#1","tintindex":0},"south":{"uv":[15.125,9.5,14.5,10.0],"rotation":0,"texture":"#1","tintindex":0},"up":{"uv":[13.875,10.0,14.5,9.375],"rotation":0,"texture":"#1","tintindex":0},"west":{"uv":[10.125,14.5,9.5,15.0],"rotation":0,"texture":"#1","tintindex":0}}},{"name":"cube","from":[6.5,6.5,9.221321],"to":[9.5,9.5,11.621321],"rotation":{"angle":0.0,"axis":"x","origin":[8.9,9.5,9.221321]},"faces":{"down":{"uv":[14.625,6.125,15.25,6.625],"rotation":0,"texture":"#1","tintindex":0},"east":{"uv":[15.125,5.0,14.625,5.625],"rotation":0,"texture":"#1","tintindex":0},"north":{"uv":[2.5,14.0,1.875,14.625],"rotation":0,"texture":"#1","tintindex":0},"south":{"uv":[14.625,5.0,14.0,5.625],"rotation":0,"texture":"#1","tintindex":0},"up":{"uv":[14.625,6.125,15.25,5.625],"rotation":0,"texture":"#1","tintindex":0},"west":{"uv":[15.125,2.625,14.625,3.25],"rotation":0,"texture":"#1","tintindex":0}}},{"name":"cube","from":[6.5,5.0,8.6],"to":[9.5,8.0,11.0],"rotation":{"angle":45.0,"axis":"x","origin":[7.7,6.5,9.5]},"faces":{"down":{"uv":[14.625,2.125,15.25,2.625],"rotation":0,"texture":"#1","tintindex":0},"east":{"uv":[15.125,1.5,14.625,2.125],"rotation":0,"texture":"#1","tintindex":0},"north":{"uv":[1.875,14.0,1.25,14.625],"rotation":0,"texture":"#1","tintindex":0},"south":{"uv":[14.625,1.375,14.0,2.0],"rotation":0,"texture":"#1","tintindex":0},"up":{"uv":[1.75,15.125,2.375,14.625],"rotation":0,"texture":"#1","tintindex":0},"west":{"uv":[1.75,14.625,1.25,15.25],"rotation":0,"texture":"#1","tintindex":0}}},{"name":"cube","from":[6.5,4.3786793,6.5],"to":[9.5,6.77868,9.5],"rotation":{"angle":0.0,"axis":"x","origin":[8.9,6.77868,9.5]},"faces":{"down":{"uv":[0.625,14.0,1.25,14.625],"rotation":0,"texture":"#1","tintindex":0},"east":{"uv":[15.25,1.0,14.625,1.5],"rotation":0,"texture":"#1","tintindex":0},"north":{"uv":[0.625,14.625,0.0,15.125],"rotation":0,"texture":"#1","tintindex":0},"south":{"uv":[1.25,14.625,0.625,15.125],"rotation":0,"texture":"#1","tintindex":0},"up":{"uv":[14.0,0.625,14.625,0.0],"rotation":0,"texture":"#1","tintindex":0},"west":{"uv":[15.25,0.0,14.625,0.5],"rotation":0,"texture":"#1","tintindex":0}}},{"name":"cube","from":[6.5,5.0,5.0],"to":[9.5,7.4,8.0],"rotation":{"angle":45.0,"axis":"x","origin":[7.7,6.5,6.5]},"faces":{"down":{"uv":[0.0,14.0,0.625,14.625],"rotation":0,"texture":"#1","tintindex":0},"east":{"uv":[15.125,14.375,14.5,14.875],"rotation":0,"texture":"#1","tintindex":0},"north":{"uv":[11.375,14.5,10.75,15.0],"rotation":0,"texture":"#1","tintindex":0},"south":{"uv":[15.125,12.375,14.5,12.875],"rotation":0,"texture":"#1","tintindex":0},"up":{"uv":[10.75,14.5,11.375,13.875],"rotation":0,"texture":"#1","tintindex":0},"west":{"uv":[15.125,11.0,14.5,11.5],"rotation":0,"texture":"#1","tintindex":0}}},{"name":"cube","from":[6.5,8.0,5.0],"to":[9.5,11.0,7.4],"rotation":{"angle":45.0,"axis":"x","origin":[7.7,9.5,6.5]},"faces":{"down":{"uv":[14.5,3.375,15.125,3.875],"rotation":0,"texture":"#1","tintindex":0},"east":{"uv":[13.875,14.375,13.375,15.0],"rotation":0,"texture":"#1","tintindex":0},"north":{"uv":[14.0,13.75,13.375,14.375],"rotation":0,"texture":"#1","tintindex":0},"south":{"uv":[14.5,3.375,13.875,4.0],"rotation":0,"texture":"#1","tintindex":0},"up":{"uv":[13.875,14.875,14.5,14.375],"rotation":0,"texture":"#1","tintindex":0},"west":{"uv":[13.375,14.375,12.875,15.0],"rotation":0,"texture":"#1","tintindex":0}}},{"name":"cube","from":[6.5,6.5,4.3786793],"to":[9.5,9.5,6.77868],"rotation":{"angle":0.0,"axis":"x","origin":[8.9,6.5,6.77868]},"faces":{"down":{"uv":[12.25,14.375,12.875,14.875],"rotation":0,"texture":"#1","tintindex":0},"east":{"uv":[9.75,12.0,9.25,12.625],"rotation":0,"texture":"#1","tintindex":0},"north":{"uv":[12.75,13.75,12.125,14.375],"rotation":0,"texture":"#1","tintindex":0},"south":{"uv":[13.375,13.75,12.75,14.375],"rotation":0,"texture":"#1","tintindex":0},"up":{"uv":[14.375,8.5,15.0,8.0],"rotation":0,"texture":"#1","tintindex":0},"west":{"uv":[4.75,10.75,4.25,11.375],"rotation":0,"texture":"#1","tintindex":0}}}],"display":{"head":{"translation":[0.0,-6.4,0.0],"rotation":[0.0,0.0,0.0],"scale":[3.8095,3.8095,3.8095]}}}