{"textures":{"0":"modelengine:entity/gokart_yellow","1":"modelengine:entity/gokart_blue","2":"modelengine:entity/gokart_green","3":"modelengine:entity/gokart_pink","4":"modelengine:entity/gokart_purple","5":"modelengine:entity/gokart_red","6":"modelengine:entity/littleroom_logo","7":"modelengine:entity/gokart_logo1","8":"modelengine:entity/gokart_logo2"},"elements":[{"name":"logo","from":[3.8585362,9.1397,-0.5195303],"to":[12.258536,9.1397,3.6804695],"rotation":{"angle":-22.5,"axis":"x","origin":[7.7585363,6.3796997,0.4404688]},"faces":{"down":{"uv":[2.5,0.0,0.0,1.125],"rotation":0,"texture":"#8","tintindex":0},"east":{"uv":[1.125,11.125,2.25,12.25],"rotation":0,"texture":"#8","tintindex":0},"north":{"uv":[3.75,5.625,6.25,6.75],"rotation":0,"texture":"#8","tintindex":0},"south":{"uv":[5.75,0.0,8.25,1.125],"rotation":0,"texture":"#8","tintindex":0},"up":{"uv":[16.0,6.625,0.0,0.0],"rotation":0,"texture":"#8","tintindex":0},"west":{"uv":[2.25,11.125,3.375,12.25],"rotation":0,"texture":"#8","tintindex":0}}},{"name":"logo","from":[3.8585362,3.8955402,-1.6959715],"to":[12.258536,8.095541,-1.6959715],"rotation":{"angle":45.0,"axis":"x","origin":[7.7585363,8.095541,-1.0359712]},"faces":{"down":{"uv":[12.625,3.0,10.125,3.625],"rotation":0,"texture":"#8","tintindex":0},"east":{"uv":[1.75,7.5,2.375,8.625],"rotation":0,"texture":"#8","tintindex":0},"north":{"uv":[0.0,6.75,16.0,16.0],"rotation":0,"texture":"#8","tintindex":0},"south":{"uv":[0.0,0.0,2.5,1.125],"rotation":0,"texture":"#8","tintindex":0},"up":{"uv":[12.625,1.625,10.125,1.0],"rotation":0,"texture":"#8","tintindex":0},"west":{"uv":[12.125,11.375,12.75,12.5],"rotation":0,"texture":"#8","tintindex":0}}},{"name":"cube","from":[-0.3414638,3.3054948,1.6999965],"to":[16.458538,6.3054953,4.699997],"rotation":{"angle":0.0,"axis":"x","origin":[-0.3414638,1.5054948,8.599997]},"faces":{"down":{"uv":[12.75,9.25,9.25,9.875],"rotation":0,"texture":"#1","tintindex":0},"east":{"uv":[14.0,11.75,14.625,12.375],"rotation":0,"texture":"#1","tintindex":0},"north":{"uv":[8.75,5.375,12.25,6.0],"rotation":0,"texture":"#1","tintindex":0},"south":{"uv":[8.75,6.0,12.25,6.625],"rotation":0,"texture":"#1","tintindex":0},"up":{"uv":[12.75,9.25,9.25,8.625],"rotation":0,"texture":"#1","tintindex":0},"west":{"uv":[14.0,13.75,14.625,14.375],"rotation":0,"texture":"#1","tintindex":0}}},{"name":"cube","from":[-0.94146395,3.905495,7.3999968],"to":[2.6585364,6.9054947,15.799995],"rotation":{"angle":0.0,"axis":"x","origin":[-0.94146395,1.5054948,8.599997]},"faces":{"down":{"uv":[4.25,10.75,3.5,12.5],"rotation":0,"texture":"#1","tintindex":0},"east":{"uv":[0.0,10.125,1.75,10.75],"rotation":0,"texture":"#1","tintindex":0},"north":{"uv":[13.75,8.75,14.5,9.375],"rotation":0,"texture":"#1","tintindex":0},"south":{"uv":[13.75,11.125,14.5,11.75],"rotation":0,"texture":"#1","tintindex":0},"up":{"uv":[8.0,10.5,7.25,8.75],"rotation":0,"texture":"#1","tintindex":0},"west":{"uv":[11.25,1.625,13.0,2.25],"rotation":0,"texture":"#1","tintindex":0}}},{"name":"cube","from":[13.458537,3.905495,7.3999968],"to":[17.058537,6.9054947,15.799995],"rotation":{"angle":0.0,"axis":"x","origin":[17.058537,1.5054948,8.599997]},"faces":{"down":{"uv":[3.5,10.75,4.25,12.5],"rotation":0,"texture":"#1","tintindex":0},"east":{"uv":[13.0,1.625,11.25,2.25],"rotation":0,"texture":"#1","tintindex":0},"north":{"uv":[14.5,8.75,13.75,9.375],"rotation":0,"texture":"#1","tintindex":0},"south":{"uv":[14.5,11.125,13.75,11.75],"rotation":0,"texture":"#1","tintindex":0},"up":{"uv":[7.25,10.5,8.0,8.75],"rotation":0,"texture":"#1","tintindex":0},"west":{"uv":[1.75,10.125,0.0,10.75],"rotation":0,"texture":"#1","tintindex":0}}},{"name":"cube","from":[-2.7414637,3.905495,15.799995],"to":[2.6585364,8.705495,20.0],"rotation":{"angle":0.0,"axis":"x","origin":[-0.94146395,1.5054948,8.599997]},"faces":{"down":{"uv":[7.25,11.375,6.125,12.25],"rotation":0,"texture":"#1","tintindex":0},"east":{"uv":[11.75,7.375,12.625,8.375],"rotation":0,"texture":"#1","tintindex":0},"north":{"uv":[11.0,9.875,12.125,10.875],"rotation":0,"texture":"#1","tintindex":0},"south":{"uv":[7.25,11.25,8.375,12.25],"rotation":0,"texture":"#1","tintindex":0},"up":{"uv":[6.125,12.25,5.0,11.375],"rotation":0,"texture":"#1","tintindex":0},"west":{"uv":[8.375,12.0,9.25,13.0],"rotation":0,"texture":"#1","tintindex":0}}},{"name":"cube","from":[13.458537,3.905495,15.799995],"to":[18.858536,8.705495,20.0],"rotation":{"angle":0.0,"axis":"x","origin":[17.058537,1.5054948,8.599997]},"faces":{"down":{"uv":[6.125,11.375,7.25,12.25],"rotation":0,"texture":"#1","tintindex":0},"east":{"uv":[9.25,12.0,8.375,13.0],"rotation":0,"texture":"#1","tintindex":0},"north":{"uv":[12.125,9.875,11.0,10.875],"rotation":0,"texture":"#1","tintindex":0},"south":{"uv":[8.375,11.25,7.25,12.25],"rotation":0,"texture":"#1","tintindex":0},"up":{"uv":[5.0,12.25,6.125,11.375],"rotation":0,"texture":"#1","tintindex":0},"west":{"uv":[12.625,7.375,11.75,8.375],"rotation":0,"texture":"#1","tintindex":0}}},{"name":"cube","from":[-0.90458345,3.905495,11.3653755],"to":[0.8954165,6.9054947,16.165375],"rotation":{"angle":-22.5,"axis":"y","origin":[-0.90458345,1.5054948,11.3653755]},"faces":{"down":{"uv":[12.25,14.375,11.875,15.375],"rotation":0,"texture":"#1","tintindex":0},"east":{"uv":[13.0,1.375,14.0,2.0],"rotation":0,"texture":"#1","tintindex":0},"north":{"uv":[0.0,15.125,0.375,15.75],"rotation":0,"texture":"#1","tintindex":0},"south":{"uv":[0.375,15.125,0.75,15.75],"rotation":0,"texture":"#1","tintindex":0},"up":{"uv":[8.375,15.125,8.0,14.125],"rotation":0,"texture":"#1","tintindex":0},"west":{"uv":[6.0,13.0,7.0,13.625],"rotation":0,"texture":"#1","tintindex":0}}},{"name":"cube","from":[15.221657,3.905495,11.3653755],"to":[17.021656,6.9054947,16.165375],"rotation":{"angle":22.5,"axis":"y","origin":[17.021656,1.5054948,11.3653755]},"faces":{"down":{"uv":[11.875,14.375,12.25,15.375],"rotation":0,"texture":"#1","tintindex":0},"east":{"uv":[7.0,13.0,6.0,13.625],"rotation":0,"texture":"#1","tintindex":0},"north":{"uv":[0.375,15.125,0.0,15.75],"rotation":0,"texture":"#1","tintindex":0},"south":{"uv":[0.75,15.125,0.375,15.75],"rotation":0,"texture":"#1","tintindex":0},"up":{"uv":[8.0,15.125,8.375,14.125],"rotation":0,"texture":"#1","tintindex":0},"west":{"uv":[14.0,1.375,13.0,2.0],"rotation":0,"texture":"#1","tintindex":0}}},{"name":"cube","from":[2.6585364,3.905495,1.3999968],"to":[3.8585362,8.705495,18.199997],"rotation":{"angle":0.0,"axis":"x","origin":[1.4585363,1.5054948,8.599997]},"faces":{"down":{"uv":[12.125,10.875,11.875,14.375],"rotation":0,"texture":"#1","tintindex":0},"east":{"uv":[3.5,1.75,7.0,2.75],"rotation":0,"texture":"#1","tintindex":0},"north":{"uv":[9.875,15.0,10.125,16.0],"rotation":0,"texture":"#1","tintindex":0},"south":{"uv":[11.125,15.0,11.375,16.0],"rotation":0,"texture":"#1","tintindex":0},"up":{"uv":[10.75,14.75,10.5,11.25],"rotation":0,"texture":"#1","tintindex":0},"west":{"uv":[2.25,3.5,5.75,4.5],"rotation":0,"texture":"#1","tintindex":0}}},{"name":"cube","from":[12.258536,3.905495,1.3999968],"to":[13.458537,8.705495,18.199997],"rotation":{"angle":0.0,"axis":"x","origin":[14.658537,1.5054948,8.599997]},"faces":{"down":{"uv":[11.875,10.875,12.125,14.375],"rotation":0,"texture":"#1","tintindex":0},"east":{"uv":[5.75,3.5,2.25,4.5],"rotation":0,"texture":"#1","tintindex":0},"north":{"uv":[10.125,15.0,9.875,16.0],"rotation":0,"texture":"#1","tintindex":0},"south":{"uv":[11.375,15.0,11.125,16.0],"rotation":0,"texture":"#1","tintindex":0},"up":{"uv":[10.5,14.75,10.75,11.25],"rotation":0,"texture":"#1","tintindex":0},"west":{"uv":[7.0,1.75,3.5,2.75],"rotation":0,"texture":"#1","tintindex":0}}},{"name":"cube","from":[2.0585363,2.7054949,-1.6000037],"to":[14.058537,8.105495,1.3999968],"rotation":{"angle":45.0,"axis":"x","origin":[7.1585364,8.105495,-1.0000038]},"faces":{"down":{"uv":[12.625,3.0,10.125,3.625],"rotation":0,"texture":"#1","tintindex":0},"east":{"uv":[1.75,7.5,2.375,8.625],"rotation":0,"texture":"#1","tintindex":0},"north":{"uv":[2.25,4.5,4.75,5.625],"rotation":0,"texture":"#1","tintindex":0},"south":{"uv":[4.75,4.5,7.25,5.625],"rotation":0,"texture":"#1","tintindex":0},"up":{"uv":[12.625,1.625,10.125,1.0],"rotation":0,"texture":"#1","tintindex":0},"west":{"uv":[12.125,11.375,12.75,12.5],"rotation":0,"texture":"#1","tintindex":0}}},{"name":"cube","from":[-2.7414637,2.7054949,-1.6000037],"to":[2.0585363,6.095495,0.19999647],"rotation":{"angle":45.0,"axis":"x","origin":[-0.64146376,8.105495,-1.0000038]},"faces":{"down":{"uv":[14.875,10.625,13.875,11.0],"rotation":0,"texture":"#1","tintindex":0},"east":{"uv":[14.5,14.875,14.875,15.625],"rotation":0,"texture":"#1","tintindex":0},"north":{"uv":[11.5,4.625,12.5,5.375],"rotation":0,"texture":"#1","tintindex":0},"south":{"uv":[10.75,12.0,11.75,12.75],"rotation":0,"texture":"#1","tintindex":0},"up":{"uv":[3.5,6.75,2.5,6.375],"rotation":0,"texture":"#1","tintindex":0},"west":{"uv":[14.875,14.875,15.25,15.625],"rotation":0,"texture":"#1","tintindex":0}}},{"name":"cube","from":[14.058537,2.7054949,-1.6000037],"to":[18.858536,6.095495,0.19999647],"rotation":{"angle":45.0,"axis":"x","origin":[16.758537,8.105495,-1.0000038]},"faces":{"down":{"uv":[13.875,10.625,14.875,11.0],"rotation":0,"texture":"#1","tintindex":0},"east":{"uv":[15.25,14.875,14.875,15.625],"rotation":0,"texture":"#1","tintindex":0},"north":{"uv":[12.5,4.625,11.5,5.375],"rotation":0,"texture":"#1","tintindex":0},"south":{"uv":[11.75,12.0,10.75,12.75],"rotation":0,"texture":"#1","tintindex":0},"up":{"uv":[2.5,6.75,3.5,6.375],"rotation":0,"texture":"#1","tintindex":0},"west":{"uv":[14.875,14.875,14.5,15.625],"rotation":0,"texture":"#1","tintindex":0}}},{"name":"cube","from":[-0.94146395,2.2385902,-3.969852],"to":[17.058537,5.8385906,-0.969852],"rotation":{"angle":0.0,"axis":"x","origin":[-0.64146376,7.6385903,-0.969852]},"faces":{"down":{"uv":[11.75,8.0,8.0,8.625],"rotation":0,"texture":"#1","tintindex":0},"east":{"uv":[13.75,8.0,14.375,8.75],"rotation":0,"texture":"#1","tintindex":0},"north":{"uv":[3.5,2.75,7.25,3.5],"rotation":0,"texture":"#1","tintindex":0},"south":{"uv":[0.0,5.625,3.75,6.375],"rotation":0,"texture":"#1","tintindex":0},"up":{"uv":[11.75,8.0,8.0,7.375],"rotation":0,"texture":"#1","tintindex":0},"west":{"uv":[8.5,13.75,9.125,14.5],"rotation":0,"texture":"#1","tintindex":0}}},{"name":"cube","from":[3.8585362,3.905495,1.3999968],"to":[12.258536,5.705495,18.199997],"rotation":{"angle":0.0,"axis":"x","origin":[1.4585363,1.5054948,8.599997]},"faces":{"down":{"uv":[3.5,0.0,1.75,3.5],"rotation":0,"texture":"#1","tintindex":0},"east":{"uv":[0.0,10.75,3.5,11.125],"rotation":0,"texture":"#1","tintindex":0},"north":{"uv":[0.0,5.25,1.75,5.625],"rotation":0,"texture":"#1","tintindex":0},"south":{"uv":[7.25,10.5,9.0,10.875],"rotation":0,"texture":"#1","tintindex":0},"up":{"uv":[1.75,3.5,0.0,0.0],"rotation":0,"texture":"#1","tintindex":0},"west":{"uv":[7.25,10.875,10.75,11.25],"rotation":0,"texture":"#1","tintindex":0}}},{"name":"cube","from":[-2.7414637,4.505495,29.0],"to":[18.258537,7.505495,32.0],"rotation":{"angle":0.0,"axis":"x","origin":[-0.041463852,8.405495,29.599998]},"faces":{"down":{"uv":[11.25,6.75,6.875,7.375],"rotation":0,"texture":"#1","tintindex":0},"east":{"uv":[6.75,14.125,7.375,14.75],"rotation":0,"texture":"#1","tintindex":0},"north":{"uv":[5.75,1.125,10.125,1.75],"rotation":0,"texture":"#1","tintindex":0},"south":{"uv":[5.75,3.5,10.125,4.125],"rotation":0,"texture":"#1","tintindex":0},"up":{"uv":[6.875,7.375,2.5,6.75],"rotation":0,"texture":"#1","tintindex":0},"west":{"uv":[7.375,14.125,8.0,14.75],"rotation":0,"texture":"#1","tintindex":0}}},{"name":"cube","from":[2.0585363,3.6796992,-0.4595313],"to":[14.058537,9.0796995,4.9404697],"rotation":{"angle":-22.5,"axis":"x","origin":[7.1585364,6.3796997,0.4404688]},"faces":{"down":{"uv":[2.5,6.375,0.0,7.5],"rotation":0,"texture":"#1","tintindex":0},"east":{"uv":[1.125,11.125,2.25,12.25],"rotation":0,"texture":"#1","tintindex":0},"north":{"uv":[3.75,5.625,6.25,6.75],"rotation":0,"texture":"#1","tintindex":0},"south":{"uv":[5.75,0.0,8.25,1.125],"rotation":0,"texture":"#1","tintindex":0},"up":{"uv":[8.75,6.75,6.25,5.625],"rotation":0,"texture":"#1","tintindex":0},"west":{"uv":[2.25,11.125,3.375,12.25],"rotation":0,"texture":"#1","tintindex":0}}},{"name":"cube","from":[3.8585362,5.705495,11.599997],"to":[12.258536,7.505495,18.199997],"rotation":{"angle":0.0,"axis":"x","origin":[1.4585363,3.3054948,8.599997]},"faces":{"down":{"uv":[1.75,7.5,0.0,8.875],"rotation":0,"texture":"#1","tintindex":0},"east":{"uv":[13.125,6.125,14.5,6.5],"rotation":0,"texture":"#1","tintindex":0},"north":{"uv":[0.0,12.25,1.75,12.625],"rotation":0,"texture":"#1","tintindex":0},"south":{"uv":[1.75,12.25,3.5,12.625],"rotation":0,"texture":"#1","tintindex":0},"up":{"uv":[8.0,8.75,6.25,7.375],"rotation":0,"texture":"#1","tintindex":0},"west":{"uv":[13.25,2.0,14.625,2.375],"rotation":0,"texture":"#1","tintindex":0}}},{"name":"cube","from":[3.8585362,7.505495,16.399998],"to":[12.258536,13.505495,18.199997],"rotation":{"angle":0.0,"axis":"x","origin":[1.4585363,5.105495,8.599997]},"faces":{"down":{"uv":[14.0,5.375,12.25,5.75],"rotation":0,"texture":"#1","tintindex":0},"east":{"uv":[10.0,13.25,10.375,14.5],"rotation":0,"texture":"#1","tintindex":0},"north":{"uv":[5.25,8.75,7.0,10.0],"rotation":0,"texture":"#1","tintindex":0},"south":{"uv":[0.0,8.875,1.75,10.125],"rotation":0,"texture":"#1","tintindex":0},"up":{"uv":[6.75,12.625,5.0,12.25],"rotation":0,"texture":"#1","tintindex":0},"west":{"uv":[9.125,13.75,9.5,15.0],"rotation":0,"texture":"#1","tintindex":0}}},{"name":"cube","from":[5.6585364,13.505495,16.399998],"to":[10.458536,17.105495,18.199997],"rotation":{"angle":0.0,"axis":"x","origin":[1.4585363,11.105495,8.599997]},"faces":{"down":{"uv":[15.125,13.25,14.125,13.625],"rotation":0,"texture":"#1","tintindex":0},"east":{"uv":[3.5,15.0,3.875,15.75],"rotation":0,"texture":"#1","tintindex":0},"north":{"uv":[12.125,9.875,13.125,10.625],"rotation":0,"texture":"#1","tintindex":0},"south":{"uv":[12.125,10.625,13.125,11.375],"rotation":0,"texture":"#1","tintindex":0},"up":{"uv":[15.0,1.0,14.0,0.625],"rotation":0,"texture":"#1","tintindex":0},"west":{"uv":[3.875,15.0,4.25,15.75],"rotation":0,"texture":"#1","tintindex":0}}},{"name":"cube","from":[2.6585364,8.705495,18.199997],"to":[4.458536,15.905496,20.0],"rotation":{"angle":0.0,"axis":"x","origin":[1.4585363,6.3054953,23.0]},"faces":{"down":{"uv":[14.875,12.875,14.5,13.25],"rotation":0,"texture":"#1","tintindex":0},"east":{"uv":[3.125,13.25,3.5,14.75],"rotation":0,"texture":"#1","tintindex":0},"north":{"uv":[2.75,13.25,3.125,14.75],"rotation":0,"texture":"#1","tintindex":0},"south":{"uv":[4.75,13.25,5.125,14.75],"rotation":0,"texture":"#1","tintindex":0},"up":{"uv":[13.75,5.375,13.375,5.0],"rotation":0,"texture":"#1","tintindex":0},"west":{"uv":[5.125,13.25,5.5,14.75],"rotation":0,"texture":"#1","tintindex":0}}},{"name":"cube","from":[11.658537,8.705495,18.199997],"to":[13.458537,15.905496,20.0],"rotation":{"angle":0.0,"axis":"x","origin":[14.658537,6.3054953,23.0]},"faces":{"down":{"uv":[14.5,12.875,14.875,13.25],"rotation":0,"texture":"#1","tintindex":0},"east":{"uv":[5.5,13.25,5.125,14.75],"rotation":0,"texture":"#1","tintindex":0},"north":{"uv":[3.125,13.25,2.75,14.75],"rotation":0,"texture":"#1","tintindex":0},"south":{"uv":[5.125,13.25,4.75,14.75],"rotation":0,"texture":"#1","tintindex":0},"up":{"uv":[13.375,5.375,13.75,5.0],"rotation":0,"texture":"#1","tintindex":0},"west":{"uv":[3.5,13.25,3.125,14.75],"rotation":0,"texture":"#1","tintindex":0}}},{"name":"cube","from":[4.458536,14.105495,18.199997],"to":[11.658537,15.905496,20.0],"rotation":{"angle":0.0,"axis":"x","origin":[3.2585363,6.3054953,23.0]},"faces":{"down":{"uv":[14.625,5.75,13.125,6.125],"rotation":0,"texture":"#1","tintindex":0},"east":{"uv":[13.25,2.375,13.625,2.75],"rotation":0,"texture":"#1","tintindex":0},"north":{"uv":[5.75,4.125,7.25,4.5],"rotation":0,"texture":"#1","tintindex":0},"south":{"uv":[13.0,12.5,14.5,12.875],"rotation":0,"texture":"#1","tintindex":0},"up":{"uv":[14.5,13.25,13.0,12.875],"rotation":0,"texture":"#1","tintindex":0},"west":{"uv":[5.5,13.25,5.875,13.625],"rotation":0,"texture":"#1","tintindex":0}}},{"name":"cube","from":[2.6585364,8.705495,12.199997],"to":[3.8585362,11.105495,18.199997],"rotation":{"angle":0.0,"axis":"x","origin":[1.4585363,6.3054953,8.599997]},"faces":{"down":{"uv":[8.0,14.75,7.75,16.0],"rotation":0,"texture":"#1","tintindex":0},"east":{"uv":[12.75,12.0,14.0,12.5],"rotation":0,"texture":"#1","tintindex":0},"north":{"uv":[10.25,12.625,10.5,13.125],"rotation":0,"texture":"#1","tintindex":0},"south":{"uv":[4.75,12.75,5.0,13.25],"rotation":0,"texture":"#1","tintindex":0},"up":{"uv":[7.25,10.0,7.0,8.75],"rotation":0,"texture":"#1","tintindex":0},"west":{"uv":[0.0,13.0,1.25,13.5],"rotation":0,"texture":"#1","tintindex":0}}},{"name":"cube","from":[12.258536,8.705495,12.199997],"to":[13.458537,11.105495,18.199997],"rotation":{"angle":0.0,"axis":"x","origin":[14.658537,6.3054953,8.599997]},"faces":{"down":{"uv":[7.75,14.75,8.0,16.0],"rotation":0,"texture":"#1","tintindex":0},"east":{"uv":[1.25,13.0,0.0,13.5],"rotation":0,"texture":"#1","tintindex":0},"north":{"uv":[10.5,12.625,10.25,13.125],"rotation":0,"texture":"#1","tintindex":0},"south":{"uv":[5.0,12.75,4.75,13.25],"rotation":0,"texture":"#1","tintindex":0},"up":{"uv":[7.0,10.0,7.25,8.75],"rotation":0,"texture":"#1","tintindex":0},"west":{"uv":[14.0,12.0,12.75,12.5],"rotation":0,"texture":"#1","tintindex":0}}},{"name":"cube","from":[5.958536,8.46463,4.34673],"to":[10.158537,12.0646305,7.9467306],"rotation":{"angle":-22.5,"axis":"x","origin":[6.5585365,9.36463,7.6467295]},"faces":{"down":{"uv":[13.0,12.5,12.125,13.25],"rotation":0,"texture":"#1","tintindex":0},"east":{"uv":[7.625,12.25,8.375,13.0],"rotation":0,"texture":"#1","tintindex":0},"north":{"uv":[12.25,5.75,13.125,6.5],"rotation":0,"texture":"#1","tintindex":0},"south":{"uv":[6.75,12.25,7.625,13.0],"rotation":0,"texture":"#1","tintindex":0},"up":{"uv":[13.375,5.375,12.5,4.625],"rotation":0,"texture":"#1","tintindex":0},"west":{"uv":[13.125,9.625,13.875,10.375],"rotation":0,"texture":"#1","tintindex":0}}},{"name":"cube","from":[-2.1414638,3.3054948,22.699997],"to":[18.258537,6.3054953,25.699997],"rotation":{"angle":0.0,"axis":"x","origin":[-2.1414638,1.5054948,29.599998]},"faces":{"down":{"uv":[11.5,4.75,7.25,5.375],"rotation":0,"texture":"#1","tintindex":0},"east":{"uv":[5.5,14.125,6.125,14.75],"rotation":0,"texture":"#1","tintindex":0},"north":{"uv":[7.0,1.75,11.25,2.375],"rotation":0,"texture":"#1","tintindex":0},"south":{"uv":[7.25,2.375,11.5,3.0],"rotation":0,"texture":"#1","tintindex":0},"up":{"uv":[11.5,4.75,7.25,4.125],"rotation":0,"texture":"#1","tintindex":0},"west":{"uv":[6.125,14.125,6.75,14.75],"rotation":0,"texture":"#1","tintindex":0}}},{"name":"cube","from":[5.0585365,6.9054947,20.0],"to":[11.058537,13.505495,29.0],"rotation":{"angle":0.0,"axis":"x","origin":[1.4585363,6.3054953,23.0]},"faces":{"down":{"uv":[3.0,8.75,1.75,10.625],"rotation":0,"texture":"#1","tintindex":0},"east":{"uv":[2.5,7.375,4.375,8.75],"rotation":0,"texture":"#1","tintindex":0},"north":{"uv":[4.75,10.0,6.0,11.375],"rotation":0,"texture":"#1","tintindex":0},"south":{"uv":[6.0,10.0,7.25,11.375],"rotation":0,"texture":"#1","tintindex":0},"up":{"uv":[9.25,10.5,8.0,8.625],"rotation":0,"texture":"#1","tintindex":0},"west":{"uv":[4.375,7.375,6.25,8.75],"rotation":0,"texture":"#1","tintindex":0}}},{"name":"cube","from":[6.2585363,9.305495,29.0],"to":[9.858537,12.905496,31.400002],"rotation":{"angle":0.0,"axis":"x","origin":[2.0585363,6.3054953,32.0]},"faces":{"down":{"uv":[15.125,4.5,14.375,5.0],"rotation":0,"texture":"#1","tintindex":0},"east":{"uv":[9.5,13.75,10.0,14.5],"rotation":0,"texture":"#1","tintindex":0},"north":{"uv":[13.125,10.375,13.875,11.125],"rotation":0,"texture":"#1","tintindex":0},"south":{"uv":[13.25,0.0,14.0,0.75],"rotation":0,"texture":"#1","tintindex":0},"up":{"uv":[15.0,4.5,14.25,4.0],"rotation":0,"texture":"#1","tintindex":0},"west":{"uv":[11.375,13.875,11.875,14.625],"rotation":0,"texture":"#1","tintindex":0}}},{"name":"cube","from":[0.25853634,12.905496,21.8],"to":[3.8585362,16.505495,28.399998],"rotation":{"angle":-45.0,"axis":"x","origin":[2.0585363,14.405496,26.3]},"faces":{"down":{"uv":[5.0,11.375,4.25,12.75],"rotation":0,"texture":"#1","tintindex":0},"east":{"uv":[11.25,6.625,12.625,7.375],"rotation":0,"texture":"#1","tintindex":0},"north":{"uv":[1.25,13.25,2.0,14.0],"rotation":0,"texture":"#1","tintindex":0},"south":{"uv":[2.0,13.25,2.75,14.0],"rotation":0,"texture":"#1","tintindex":0},"up":{"uv":[10.5,12.625,9.75,11.25],"rotation":0,"texture":"#1","tintindex":0},"west":{"uv":[8.375,11.25,9.75,12.0],"rotation":0,"texture":"#1","tintindex":0}}},{"name":"cube","from":[12.258536,12.905496,21.8],"to":[15.858537,16.505495,28.399998],"rotation":{"angle":-45.0,"axis":"x","origin":[14.058537,14.405496,26.3]},"faces":{"down":{"uv":[4.25,11.375,5.0,12.75],"rotation":0,"texture":"#1","tintindex":0},"east":{"uv":[9.75,11.25,8.375,12.0],"rotation":0,"texture":"#1","tintindex":0},"north":{"uv":[2.0,13.25,1.25,14.0],"rotation":0,"texture":"#1","tintindex":0},"south":{"uv":[2.75,13.25,2.0,14.0],"rotation":0,"texture":"#1","tintindex":0},"up":{"uv":[9.75,12.625,10.5,11.25],"rotation":0,"texture":"#1","tintindex":0},"west":{"uv":[12.625,6.625,11.25,7.375],"rotation":0,"texture":"#1","tintindex":0}}},{"name":"cube","from":[1.4585363,13.505495,19.399998],"to":[3.2585363,15.905496,21.8],"rotation":{"angle":-45.0,"axis":"x","origin":[2.0585363,14.405496,26.3]},"faces":{"down":{"uv":[15.5,2.625,15.125,3.125],"rotation":0,"texture":"#1","tintindex":0},"east":{"uv":[12.75,15.0,13.25,15.5],"rotation":0,"texture":"#1","tintindex":0},"north":{"uv":[0.75,15.125,1.125,15.625],"rotation":0,"texture":"#1","tintindex":0},"south":{"uv":[15.125,1.5,15.5,2.0],"rotation":0,"texture":"#1","tintindex":0},"up":{"uv":[2.125,15.625,1.75,15.125],"rotation":0,"texture":"#1","tintindex":0},"west":{"uv":[13.25,15.0,13.75,15.5],"rotation":0,"texture":"#1","tintindex":0}}},{"name":"cube","from":[12.858537,13.505495,19.399998],"to":[14.658537,15.905496,21.8],"rotation":{"angle":-45.0,"axis":"x","origin":[14.058537,14.405496,26.3]},"faces":{"down":{"uv":[15.125,2.625,15.5,3.125],"rotation":0,"texture":"#1","tintindex":0},"east":{"uv":[13.75,15.0,13.25,15.5],"rotation":0,"texture":"#1","tintindex":0},"north":{"uv":[1.125,15.125,0.75,15.625],"rotation":0,"texture":"#1","tintindex":0},"south":{"uv":[15.5,1.5,15.125,2.0],"rotation":0,"texture":"#1","tintindex":0},"up":{"uv":[1.75,15.625,2.125,15.125],"rotation":0,"texture":"#1","tintindex":0},"west":{"uv":[13.25,15.0,12.75,15.5],"rotation":0,"texture":"#1","tintindex":0}}},{"name":"cube","from":[1.4585363,13.505495,16.999996],"to":[14.658537,15.905496,19.399998],"rotation":{"angle":-45.0,"axis":"x","origin":[2.0585363,14.405496,26.3]},"faces":{"down":{"uv":[13.25,0.5,10.5,1.0],"rotation":0,"texture":"#1","tintindex":0},"east":{"uv":[15.0,0.5,15.5,1.0],"rotation":0,"texture":"#1","tintindex":0},"north":{"uv":[7.25,3.0,10.0,3.5],"rotation":0,"texture":"#1","tintindex":0},"south":{"uv":[10.125,3.625,12.875,4.125],"rotation":0,"texture":"#1","tintindex":0},"up":{"uv":[13.25,0.5,10.5,0.0],"rotation":0,"texture":"#1","tintindex":0},"west":{"uv":[15.0,3.875,15.5,4.375],"rotation":0,"texture":"#1","tintindex":0}}},{"name":"cube","from":[2.6585364,3.905495,18.199997],"to":[13.458537,8.705495,26.599998],"rotation":{"angle":0.0,"axis":"x","origin":[1.4585363,1.5054948,23.0]},"faces":{"down":{"uv":[5.75,0.0,3.5,1.75],"rotation":0,"texture":"#1","tintindex":0},"east":{"uv":[3.0,9.75,4.75,10.75],"rotation":0,"texture":"#1","tintindex":0},"north":{"uv":[8.25,0.0,10.5,1.0],"rotation":0,"texture":"#1","tintindex":0},"south":{"uv":[3.0,8.75,5.25,9.75],"rotation":0,"texture":"#1","tintindex":0},"up":{"uv":[2.25,5.25,0.0,3.5],"rotation":0,"texture":"#1","tintindex":0},"west":{"uv":[9.25,9.875,11.0,10.875],"rotation":0,"texture":"#1","tintindex":0}}},{"name":"cube","from":[3.8585362,5.105495,26.599998],"to":[12.258536,6.9054947,29.0],"rotation":{"angle":0.0,"axis":"x","origin":[1.4585363,1.5054948,23.0]},"faces":{"down":{"uv":[13.25,4.125,11.5,4.625],"rotation":0,"texture":"#1","tintindex":0},"east":{"uv":[1.75,5.25,2.25,5.625],"rotation":0,"texture":"#1","tintindex":0},"north":{"uv":[0.0,12.625,1.75,13.0],"rotation":0,"texture":"#1","tintindex":0},"south":{"uv":[12.625,1.0,14.375,1.375],"rotation":0,"texture":"#1","tintindex":0},"up":{"uv":[13.25,2.75,11.5,2.25],"rotation":0,"texture":"#1","tintindex":0},"west":{"uv":[6.0,12.625,6.5,13.0],"rotation":0,"texture":"#1","tintindex":0}}},{"name":"cube","from":[6.708536,9.0646305,7.9467306],"to":[9.108537,11.46463,10.34673],"rotation":{"angle":-22.5,"axis":"x","origin":[7.0085363,9.36463,7.6467295]},"faces":{"down":{"uv":[11.125,15.0,10.625,15.5],"rotation":0,"texture":"#1","tintindex":0},"east":{"uv":[15.0,7.875,15.5,8.375],"rotation":0,"texture":"#1","tintindex":0},"north":{"uv":[4.25,15.0,4.75,15.5],"rotation":0,"texture":"#1","tintindex":0},"south":{"uv":[8.375,15.0,8.875,15.5],"rotation":0,"texture":"#1","tintindex":0},"up":{"uv":[9.875,15.5,9.375,15.0],"rotation":0,"texture":"#1","tintindex":0},"west":{"uv":[8.875,15.0,9.375,15.5],"rotation":0,"texture":"#1","tintindex":0}}},{"name":"cube","from":[5.208536,9.664631,10.34673],"to":[10.608537,13.26463,10.946732],"rotation":{"angle":-22.5,"axis":"x","origin":[7.0085363,9.36463,7.6467295]},"faces":{"down":{"uv":[8.375,5.5,7.25,5.625],"rotation":0,"texture":"#1","tintindex":0},"east":{"uv":[2.375,7.5,2.5,8.625],"rotation":0,"texture":"#1","tintindex":0},"north":{"uv":[0.0,11.125,1.125,11.875],"rotation":0,"texture":"#1","tintindex":0},"south":{"uv":[0.0,11.125,1.125,11.875],"rotation":0,"texture":"#1","tintindex":0},"up":{"uv":[8.375,5.5,7.25,5.375],"rotation":0,"texture":"#1","tintindex":0},"west":{"uv":[3.375,11.125,3.5,12.25],"rotation":0,"texture":"#1","tintindex":0}}}],"display":{"head":{"translation":[0.0,-6.4,19.07265],"rotation":[0.0,0.0,0.0],"scale":[3.8095,3.8095,3.8095]}}}