{"textures":{"0":"modelengine:entity/hades"},"elements":[{"name":"cube","from":[1.9999998,5.6,3.7999997],"to":[14.0,9.2,11.0],"rotation":{"angle":0.0,"axis":"x","origin":[8.0,11.0,7.4]},"faces":{"down":{"uv":[3.25,2.625,2.0,3.375],"rotation":0,"texture":"#0","tintindex":0},"east":{"uv":[0.0,3.375,0.75,3.75],"rotation":0,"texture":"#0","tintindex":0},"north":{"uv":[0.75,3.375,2.0,3.75],"rotation":0,"texture":"#0","tintindex":0},"south":{"uv":[2.75,3.375,4.0,3.75],"rotation":0,"texture":"#0","tintindex":0},"up":{"uv":[2.0,3.375,0.75,2.625],"rotation":0,"texture":"#0","tintindex":0},"west":{"uv":[2.0,3.375,2.75,3.75],"rotation":0,"texture":"#0","tintindex":0}}},{"name":"cube","from":[0.7999997,9.2,3.7999997],"to":[15.2,15.2,11.0],"rotation":{"angle":0.0,"axis":"x","origin":[8.0,13.400001,7.4]},"faces":{"down":{"uv":[3.75,0.0,2.25,0.75],"rotation":0,"texture":"#0","tintindex":0},"east":{"uv":[0.0,0.75,0.75,1.375],"rotation":0,"texture":"#0","tintindex":0},"north":{"uv":[0.75,0.75,2.25,1.375],"rotation":0,"texture":"#0","tintindex":0},"south":{"uv":[3.0,0.75,4.5,1.375],"rotation":0,"texture":"#0","tintindex":0},"up":{"uv":[2.25,0.75,0.75,0.0],"rotation":0,"texture":"#0","tintindex":0},"west":{"uv":[2.25,0.75,3.0,1.375],"rotation":0,"texture":"#0","tintindex":0}}},{"name":"cube","from":[3.1999998,14.0,2.6],"to":[12.8,17.0,11.6],"rotation":{"angle":0.0,"axis":"x","origin":[8.0,13.400001,7.4]},"faces":{"down":{"uv":[2.9375,1.375,1.9375,2.3125],"rotation":0,"texture":"#0","tintindex":0},"east":{"uv":[0.0,2.3125,0.9375,2.625],"rotation":0,"texture":"#0","tintindex":0},"north":{"uv":[0.9375,2.3125,1.9375,2.625],"rotation":0,"texture":"#0","tintindex":0},"south":{"uv":[2.875,2.3125,3.875,2.625],"rotation":0,"texture":"#0","tintindex":0},"up":{"uv":[1.9375,2.3125,0.9375,1.375],"rotation":0,"texture":"#0","tintindex":0},"west":{"uv":[1.9375,2.3125,2.875,2.625],"rotation":0,"texture":"#0","tintindex":0}}}],"display":{"head":{"translation":[0.0,-6.4,0.0],"rotation":[0.0,0.0,0.0],"scale":[3.8095,3.8095,3.8095]}}}