{"textures":{"0":"modelengine:entity/hades"},"elements":[{"name":"cube","from":[4.3999996,7.4,3.1999998],"to":[11.6,15.2,11.0],"rotation":{"angle":0.0,"axis":"x","origin":[8.0,7.4,8.0]},"faces":{"down":{"uv":[5.5,2.9375,4.75,3.75],"rotation":0,"texture":"#0","tintindex":0},"east":{"uv":[3.1875,3.75,4.0,4.5625],"rotation":0,"texture":"#0","tintindex":0},"north":{"uv":[4.0,3.75,4.75,4.5625],"rotation":0,"texture":"#0","tintindex":0},"south":{"uv":[5.5625,3.75,6.3125,4.5625],"rotation":0,"texture":"#0","tintindex":0},"up":{"uv":[4.75,3.75,4.0,2.9375],"rotation":0,"texture":"#0","tintindex":0},"west":{"uv":[4.75,3.75,5.5625,4.5625],"rotation":0,"texture":"#0","tintindex":0}}},{"name":"cube","from":[2.6,10.4,4.7],"to":[4.3999996,14.6,8.3],"rotation":{"angle":0.0,"axis":"x","origin":[4.3999996,10.4,4.7]},"faces":{"down":{"uv":[3.6875,1.375,3.5,1.75],"rotation":0,"texture":"#0","tintindex":0},"east":{"uv":[2.9375,1.75,3.3125,2.1875],"rotation":0,"texture":"#0","tintindex":0},"north":{"uv":[3.3125,1.75,3.5,2.1875],"rotation":0,"texture":"#0","tintindex":0},"south":{"uv":[3.875,1.75,4.0625,2.1875],"rotation":0,"texture":"#0","tintindex":0},"up":{"uv":[3.5,1.75,3.3125,1.375],"rotation":0,"texture":"#0","tintindex":0},"west":{"uv":[3.5,1.75,3.875,2.1875],"rotation":0,"texture":"#0","tintindex":0}}},{"name":"cube","from":[-3.1000004,12.8,5.8999996],"to":[4.1,20.600002,5.8999996],"rotation":{"angle":0.0,"axis":"x","origin":[4.1,12.8,5.8999996]},"faces":{"down":{"uv":[10.8125,1.4375,10.0625,1.4375],"rotation":0,"texture":"#0","tintindex":0},"east":{"uv":[9.3125,1.4375,9.3125,2.25],"rotation":0,"texture":"#0","tintindex":0},"north":{"uv":[9.3125,1.4375,10.0625,2.25],"rotation":0,"texture":"#0","tintindex":0},"south":{"uv":[10.0625,1.4375,10.8125,2.25],"rotation":0,"texture":"#0","tintindex":0},"up":{"uv":[10.0625,1.4375,9.3125,1.4375],"rotation":0,"texture":"#0","tintindex":0},"west":{"uv":[10.0625,1.4375,10.0625,2.25],"rotation":0,"texture":"#0","tintindex":0}}},{"name":"cube","from":[-4.3000007,12.8,7.1],"to":[4.1,22.400002,7.1],"rotation":{"angle":0.0,"axis":"x","origin":[4.1,12.8,7.1]},"faces":{"down":{"uv":[11.5,0.0,10.625,0.0],"rotation":0,"texture":"#0","tintindex":0},"east":{"uv":[9.75,0.0,9.75,1.0],"rotation":0,"texture":"#0","tintindex":0},"north":{"uv":[9.75,0.0,10.625,1.0],"rotation":0,"texture":"#0","tintindex":0},"south":{"uv":[10.625,0.0,11.5,1.0],"rotation":0,"texture":"#0","tintindex":0},"up":{"uv":[10.625,0.0,9.75,0.0],"rotation":0,"texture":"#0","tintindex":0},"west":{"uv":[10.625,0.0,10.625,1.0],"rotation":0,"texture":"#0","tintindex":0}}},{"name":"cube","from":[11.900001,12.8,7.1],"to":[20.3,22.400002,7.1],"rotation":{"angle":0.0,"axis":"x","origin":[11.900001,12.8,7.1]},"faces":{"down":{"uv":[10.625,0.0,11.5,0.0],"rotation":0,"texture":"#0","tintindex":0},"east":{"uv":[10.625,0.0,10.625,1.0],"rotation":0,"texture":"#0","tintindex":0},"north":{"uv":[10.625,0.0,9.75,1.0],"rotation":0,"texture":"#0","tintindex":0},"south":{"uv":[11.5,0.0,10.625,1.0],"rotation":0,"texture":"#0","tintindex":0},"up":{"uv":[9.75,0.0,10.625,0.0],"rotation":0,"texture":"#0","tintindex":0},"west":{"uv":[9.75,0.0,9.75,1.0],"rotation":0,"texture":"#0","tintindex":0}}},{"name":"cube","from":[11.900001,12.8,5.8999996],"to":[19.1,20.600002,5.8999996],"rotation":{"angle":0.0,"axis":"x","origin":[11.900001,12.8,5.8999996]},"faces":{"down":{"uv":[10.0625,1.4375,10.8125,1.4375],"rotation":0,"texture":"#0","tintindex":0},"east":{"uv":[10.0625,1.4375,10.0625,2.25],"rotation":0,"texture":"#0","tintindex":0},"north":{"uv":[10.0625,1.4375,9.3125,2.25],"rotation":0,"texture":"#0","tintindex":0},"south":{"uv":[10.8125,1.4375,10.0625,2.25],"rotation":0,"texture":"#0","tintindex":0},"up":{"uv":[9.3125,1.4375,10.0625,1.4375],"rotation":0,"texture":"#0","tintindex":0},"west":{"uv":[9.3125,1.4375,9.3125,2.25],"rotation":0,"texture":"#0","tintindex":0}}},{"name":"cube","from":[0.19999981,11.0,5.3],"to":[2.6,14.0,7.7],"rotation":{"angle":-22.5,"axis":"z","origin":[2.6,11.0,5.8999996]},"faces":{"down":{"uv":[3.4375,7.75,3.1875,8.0],"rotation":0,"texture":"#0","tintindex":0},"east":{"uv":[2.6875,8.0,2.9375,8.3125],"rotation":0,"texture":"#0","tintindex":0},"north":{"uv":[2.9375,8.0,3.1875,8.3125],"rotation":0,"texture":"#0","tintindex":0},"south":{"uv":[3.4375,8.0,3.6875,8.3125],"rotation":0,"texture":"#0","tintindex":0},"up":{"uv":[3.1875,8.0,2.9375,7.75],"rotation":0,"texture":"#0","tintindex":0},"west":{"uv":[3.1875,8.0,3.4375,8.3125],"rotation":0,"texture":"#0","tintindex":0}}},{"name":"cube","from":[-2.3500004,12.2,5.6],"to":[0.6499996,14.6,7.4],"rotation":{"angle":-45.0,"axis":"z","origin":[0.6499996,12.2,5.6]},"faces":{"down":{"uv":[8.625,6.1875,8.3125,6.375],"rotation":0,"texture":"#0","tintindex":0},"east":{"uv":[7.8125,6.375,8.0,6.625],"rotation":0,"texture":"#0","tintindex":0},"north":{"uv":[8.0,6.375,8.3125,6.625],"rotation":0,"texture":"#0","tintindex":0},"south":{"uv":[8.5,6.375,8.8125,6.625],"rotation":0,"texture":"#0","tintindex":0},"up":{"uv":[8.3125,6.375,8.0,6.1875],"rotation":0,"texture":"#0","tintindex":0},"west":{"uv":[8.3125,6.375,8.5,6.625],"rotation":0,"texture":"#0","tintindex":0}}},{"name":"cube","from":[4.1,11.959999,4.85],"to":[5.3,16.759998,13.85],"rotation":{"angle":-22.5,"axis":"x","origin":[5.3,11.959999,4.85]},"faces":{"down":{"uv":[7.875,0.8125,7.75,1.75],"rotation":0,"texture":"#0","tintindex":0},"east":{"uv":[6.6875,1.75,7.625,2.25],"rotation":0,"texture":"#0","tintindex":0},"north":{"uv":[7.625,1.75,7.75,2.25],"rotation":0,"texture":"#0","tintindex":0},"south":{"uv":[8.6875,1.75,8.8125,2.25],"rotation":0,"texture":"#0","tintindex":0},"up":{"uv":[7.75,1.75,7.625,0.8125],"rotation":0,"texture":"#0","tintindex":0},"west":{"uv":[7.75,1.75,8.6875,2.25],"rotation":0,"texture":"#0","tintindex":0}}},{"name":"cube","from":[3.7999997,7.4,1.3999997],"to":[8.0,16.400002,2.6],"rotation":{"angle":22.5,"axis":"y","origin":[8.0,7.4,1.3999997]},"faces":{"down":{"uv":[7.75,8.5625,7.3125,8.6875],"rotation":0,"texture":"#0","tintindex":0},"east":{"uv":[6.75,8.6875,6.875,9.625],"rotation":0,"texture":"#0","tintindex":0},"north":{"uv":[6.875,8.6875,7.3125,9.625],"rotation":0,"texture":"#0","tintindex":0},"south":{"uv":[7.4375,8.6875,7.875,9.625],"rotation":0,"texture":"#0","tintindex":0},"up":{"uv":[7.3125,8.6875,6.875,8.5625],"rotation":0,"texture":"#0","tintindex":0},"west":{"uv":[7.3125,8.6875,7.4375,9.625],"rotation":0,"texture":"#0","tintindex":0}}},{"name":"cube","from":[4.3999996,10.25,1.0999997],"to":[7.4,12.05,1.0999997],"rotation":{"angle":22.5,"axis":"y","origin":[8.0,7.25,1.0999997]},"faces":{"down":{"uv":[5.9375,8.1875,5.625,8.1875],"rotation":0,"texture":"#0","tintindex":0},"east":{"uv":[5.3125,8.1875,5.3125,8.375],"rotation":0,"texture":"#0","tintindex":0},"north":{"uv":[5.3125,8.1875,5.625,8.375],"rotation":0,"texture":"#0","tintindex":0},"south":{"uv":[5.625,8.1875,5.9375,8.375],"rotation":0,"texture":"#0","tintindex":0},"up":{"uv":[5.625,8.1875,5.3125,8.1875],"rotation":0,"texture":"#0","tintindex":0},"west":{"uv":[5.625,8.1875,5.625,8.375],"rotation":0,"texture":"#0","tintindex":0}}},{"name":"cube","from":[8.6,10.25,1.0999997],"to":[11.6,12.05,1.0999997],"rotation":{"angle":-22.5,"axis":"y","origin":[8.0,7.25,1.0999997]},"faces":{"down":{"uv":[5.625,8.1875,5.9375,8.1875],"rotation":0,"texture":"#0","tintindex":0},"east":{"uv":[5.625,8.1875,5.625,8.375],"rotation":0,"texture":"#0","tintindex":0},"north":{"uv":[5.625,8.1875,5.3125,8.375],"rotation":0,"texture":"#0","tintindex":0},"south":{"uv":[5.9375,8.1875,5.625,8.375],"rotation":0,"texture":"#0","tintindex":0},"up":{"uv":[5.3125,8.1875,5.625,8.1875],"rotation":0,"texture":"#0","tintindex":0},"west":{"uv":[5.3125,8.1875,5.3125,8.375],"rotation":0,"texture":"#0","tintindex":0}}},{"name":"cube","from":[4.3999996,10.55,0.49999976],"to":[7.4,14.150001,0.49999976],"rotation":{"angle":22.5,"axis":"y","origin":[8.0,7.55,0.49999976]},"faces":{"down":{"uv":[6.8125,8.1875,6.5,8.1875],"rotation":0,"texture":"#0","tintindex":0},"east":{"uv":[6.1875,8.1875,6.1875,8.5625],"rotation":0,"texture":"#0","tintindex":0},"north":{"uv":[6.1875,8.1875,6.5,8.5625],"rotation":0,"texture":"#0","tintindex":0},"south":{"uv":[6.5,8.1875,6.8125,8.5625],"rotation":0,"texture":"#0","tintindex":0},"up":{"uv":[6.5,8.1875,6.1875,8.1875],"rotation":0,"texture":"#0","tintindex":0},"west":{"uv":[6.5,8.1875,6.5,8.5625],"rotation":0,"texture":"#0","tintindex":0}}},{"name":"cube","from":[8.6,10.55,0.49999976],"to":[11.6,14.150001,0.49999976],"rotation":{"angle":-22.5,"axis":"y","origin":[8.0,7.55,0.49999976]},"faces":{"down":{"uv":[6.5,8.1875,6.8125,8.1875],"rotation":0,"texture":"#0","tintindex":0},"east":{"uv":[6.5,8.1875,6.5,8.5625],"rotation":0,"texture":"#0","tintindex":0},"north":{"uv":[6.5,8.1875,6.1875,8.5625],"rotation":0,"texture":"#0","tintindex":0},"south":{"uv":[6.8125,8.1875,6.5,8.5625],"rotation":0,"texture":"#0","tintindex":0},"up":{"uv":[6.1875,8.1875,6.5,8.1875],"rotation":0,"texture":"#0","tintindex":0},"west":{"uv":[6.1875,8.1875,6.1875,8.5625],"rotation":0,"texture":"#0","tintindex":0}}},{"name":"cube","from":[3.6799998,12.14,1.3399996],"to":[8.0,17.060001,2.66],"rotation":{"angle":22.5,"axis":"y","origin":[7.94,8.0,1.3999997]},"faces":{"down":{"uv":[3.0625,3.75,2.625,3.875],"rotation":0,"texture":"#0","tintindex":0},"east":{"uv":[2.0625,3.875,2.1875,4.375],"rotation":0,"texture":"#0","tintindex":0},"north":{"uv":[2.1875,3.875,2.625,4.375],"rotation":0,"texture":"#0","tintindex":0},"south":{"uv":[2.75,3.875,3.1875,4.375],"rotation":0,"texture":"#0","tintindex":0},"up":{"uv":[2.625,3.875,2.1875,3.75],"rotation":0,"texture":"#0","tintindex":0},"west":{"uv":[2.625,3.875,2.75,4.375],"rotation":0,"texture":"#0","tintindex":0}}},{"name":"cube","from":[5.48,12.29,0.73999953],"to":[8.0,17.210001,2.06],"rotation":{"angle":22.5,"axis":"y","origin":[7.94,8.15,0.7999997]},"faces":{"down":{"uv":[0.625,0.0,0.375,0.125],"rotation":0,"texture":"#0","tintindex":0},"east":{"uv":[0.0,0.125,0.125,0.625],"rotation":0,"texture":"#0","tintindex":0},"north":{"uv":[0.125,0.125,0.375,0.625],"rotation":0,"texture":"#0","tintindex":0},"south":{"uv":[0.5,0.125,0.75,0.625],"rotation":0,"texture":"#0","tintindex":0},"up":{"uv":[0.375,0.125,0.125,0.0],"rotation":0,"texture":"#0","tintindex":0},"west":{"uv":[0.375,0.125,0.5,0.625],"rotation":0,"texture":"#0","tintindex":0}}},{"name":"cube","from":[3.6799998,6.74,1.3399996],"to":[8.0,10.460001,2.66],"rotation":{"angle":22.5,"axis":"y","origin":[7.94,6.8,1.3999997]},"faces":{"down":{"uv":[7.5,4.5,7.0625,4.625],"rotation":0,"texture":"#0","tintindex":0},"east":{"uv":[6.5,4.625,6.625,5.0],"rotation":0,"texture":"#0","tintindex":0},"north":{"uv":[6.625,4.625,7.0625,5.0],"rotation":0,"texture":"#0","tintindex":0},"south":{"uv":[7.1875,4.625,7.625,5.0],"rotation":0,"texture":"#0","tintindex":0},"up":{"uv":[7.0625,4.625,6.625,4.5],"rotation":0,"texture":"#0","tintindex":0},"west":{"uv":[7.0625,4.625,7.1875,5.0],"rotation":0,"texture":"#0","tintindex":0}}},{"name":"cube","from":[8.0,6.74,1.3399996],"to":[12.32,10.460001,2.66],"rotation":{"angle":-22.5,"axis":"y","origin":[8.06,6.8,1.3999997]},"faces":{"down":{"uv":[7.0625,4.5,7.5,4.625],"rotation":0,"texture":"#0","tintindex":0},"east":{"uv":[7.1875,4.625,7.0625,5.0],"rotation":0,"texture":"#0","tintindex":0},"north":{"uv":[7.0625,4.625,6.625,5.0],"rotation":0,"texture":"#0","tintindex":0},"south":{"uv":[7.625,4.625,7.1875,5.0],"rotation":0,"texture":"#0","tintindex":0},"up":{"uv":[6.625,4.625,7.0625,4.5],"rotation":0,"texture":"#0","tintindex":0},"west":{"uv":[6.625,4.625,6.5,5.0],"rotation":0,"texture":"#0","tintindex":0}}},{"name":"cube","from":[8.0,7.4,1.3999997],"to":[12.2,16.400002,2.6],"rotation":{"angle":-22.5,"axis":"y","origin":[8.0,7.4,1.3999997]},"faces":{"down":{"uv":[7.3125,8.5625,7.75,8.6875],"rotation":0,"texture":"#0","tintindex":0},"east":{"uv":[7.4375,8.6875,7.3125,9.625],"rotation":0,"texture":"#0","tintindex":0},"north":{"uv":[7.3125,8.6875,6.875,9.625],"rotation":0,"texture":"#0","tintindex":0},"south":{"uv":[7.875,8.6875,7.4375,9.625],"rotation":0,"texture":"#0","tintindex":0},"up":{"uv":[6.875,8.6875,7.3125,8.5625],"rotation":0,"texture":"#0","tintindex":0},"west":{"uv":[6.875,8.6875,6.75,9.625],"rotation":0,"texture":"#0","tintindex":0}}},{"name":"cube","from":[8.0,12.29,0.73999953],"to":[10.52,17.210001,2.06],"rotation":{"angle":-22.5,"axis":"y","origin":[8.06,8.15,0.7999997]},"faces":{"down":{"uv":[0.375,0.0,0.625,0.125],"rotation":0,"texture":"#0","tintindex":0},"east":{"uv":[0.5,0.125,0.375,0.625],"rotation":0,"texture":"#0","tintindex":0},"north":{"uv":[0.375,0.125,0.125,0.625],"rotation":0,"texture":"#0","tintindex":0},"south":{"uv":[0.75,0.125,0.5,0.625],"rotation":0,"texture":"#0","tintindex":0},"up":{"uv":[0.125,0.125,0.375,0.0],"rotation":0,"texture":"#0","tintindex":0},"west":{"uv":[0.125,0.125,0.0,0.625],"rotation":0,"texture":"#0","tintindex":0}}},{"name":"cube","from":[8.0,12.14,1.3399996],"to":[12.32,17.060001,2.66],"rotation":{"angle":-22.5,"axis":"y","origin":[8.06,8.0,1.3999997]},"faces":{"down":{"uv":[2.625,3.75,3.0625,3.875],"rotation":0,"texture":"#0","tintindex":0},"east":{"uv":[2.75,3.875,2.625,4.375],"rotation":0,"texture":"#0","tintindex":0},"north":{"uv":[2.625,3.875,2.1875,4.375],"rotation":0,"texture":"#0","tintindex":0},"south":{"uv":[3.1875,3.875,2.75,4.375],"rotation":0,"texture":"#0","tintindex":0},"up":{"uv":[2.1875,3.875,2.625,3.75],"rotation":0,"texture":"#0","tintindex":0},"west":{"uv":[2.1875,3.875,2.0625,4.375],"rotation":0,"texture":"#0","tintindex":0}}},{"name":"cube","from":[10.700001,11.959999,4.85],"to":[11.900001,16.759998,13.85],"rotation":{"angle":-22.5,"axis":"x","origin":[10.700001,11.959999,4.85]},"faces":{"down":{"uv":[7.75,0.8125,7.875,1.75],"rotation":0,"texture":"#0","tintindex":0},"east":{"uv":[8.6875,1.75,7.75,2.25],"rotation":0,"texture":"#0","tintindex":0},"north":{"uv":[7.75,1.75,7.625,2.25],"rotation":0,"texture":"#0","tintindex":0},"south":{"uv":[8.8125,1.75,8.6875,2.25],"rotation":0,"texture":"#0","tintindex":0},"up":{"uv":[7.625,1.75,7.75,0.8125],"rotation":0,"texture":"#0","tintindex":0},"west":{"uv":[7.625,1.75,6.6875,2.25],"rotation":0,"texture":"#0","tintindex":0}}},{"name":"cube","from":[5.3,11.36,4.5499997],"to":[10.700001,17.36,14.75],"rotation":{"angle":-22.5,"axis":"x","origin":[9.5,12.559999,4.5499997]},"faces":{"down":{"uv":[11.6875,2.375,12.25,3.4375],"rotation":0,"texture":"#0","tintindex":0},"east":{"uv":[12.75,3.4375,11.6875,4.0625],"rotation":0,"texture":"#0","tintindex":0},"north":{"uv":[11.6875,3.4375,11.125,4.0625],"rotation":0,"texture":"#0","tintindex":0},"south":{"uv":[13.3125,3.4375,12.75,4.0625],"rotation":0,"texture":"#0","tintindex":0},"up":{"uv":[11.125,3.4375,11.6875,2.375],"rotation":0,"texture":"#0","tintindex":0},"west":{"uv":[11.125,3.4375,10.0625,4.0625],"rotation":0,"texture":"#0","tintindex":0}}},{"name":"cube","from":[11.6,10.4,4.7],"to":[13.400001,14.6,8.3],"rotation":{"angle":0.0,"axis":"x","origin":[11.6,10.4,4.7]},"faces":{"down":{"uv":[3.5,1.375,3.6875,1.75],"rotation":0,"texture":"#0","tintindex":0},"east":{"uv":[3.875,1.75,3.5,2.1875],"rotation":0,"texture":"#0","tintindex":0},"north":{"uv":[3.5,1.75,3.3125,2.1875],"rotation":0,"texture":"#0","tintindex":0},"south":{"uv":[4.0625,1.75,3.875,2.1875],"rotation":0,"texture":"#0","tintindex":0},"up":{"uv":[3.3125,1.75,3.5,1.375],"rotation":0,"texture":"#0","tintindex":0},"west":{"uv":[3.3125,1.75,2.9375,2.1875],"rotation":0,"texture":"#0","tintindex":0}}},{"name":"cube","from":[13.400001,11.0,5.3],"to":[15.8,14.0,7.7],"rotation":{"angle":22.5,"axis":"z","origin":[13.400001,11.0,5.8999996]},"faces":{"down":{"uv":[3.1875,7.75,3.4375,8.0],"rotation":0,"texture":"#0","tintindex":0},"east":{"uv":[3.4375,8.0,3.1875,8.3125],"rotation":0,"texture":"#0","tintindex":0},"north":{"uv":[3.1875,8.0,2.9375,8.3125],"rotation":0,"texture":"#0","tintindex":0},"south":{"uv":[3.6875,8.0,3.4375,8.3125],"rotation":0,"texture":"#0","tintindex":0},"up":{"uv":[2.9375,8.0,3.1875,7.75],"rotation":0,"texture":"#0","tintindex":0},"west":{"uv":[2.9375,8.0,2.6875,8.3125],"rotation":0,"texture":"#0","tintindex":0}}},{"name":"cube","from":[15.35,12.2,5.6],"to":[18.35,14.6,7.4],"rotation":{"angle":45.0,"axis":"z","origin":[15.35,12.2,5.6]},"faces":{"down":{"uv":[8.3125,6.1875,8.625,6.375],"rotation":0,"texture":"#0","tintindex":0},"east":{"uv":[8.5,6.375,8.3125,6.625],"rotation":0,"texture":"#0","tintindex":0},"north":{"uv":[8.3125,6.375,8.0,6.625],"rotation":0,"texture":"#0","tintindex":0},"south":{"uv":[8.8125,6.375,8.5,6.625],"rotation":0,"texture":"#0","tintindex":0},"up":{"uv":[8.0,6.375,8.3125,6.1875],"rotation":0,"texture":"#0","tintindex":0},"west":{"uv":[8.0,6.375,7.8125,6.625],"rotation":0,"texture":"#0","tintindex":0}}}],"display":{"head":{"translation":[0.0,-6.4,0.0],"rotation":[0.0,0.0,0.0],"scale":[3.8095,3.8095,3.8095]}}}