{"textures":{"0":"modelengine:entity/hades"},"elements":[{"name":"cube","from":[1.8799993,6.6800013,4.2799997],"to":[14.120001,10.5199995,10.52],"rotation":{"angle":0.0,"axis":"x","origin":[8.0,8.0,8.0]},"faces":{"down":{"uv":[7.0,0.75,5.75,1.375],"rotation":0,"texture":"#0","tintindex":0},"east":{"uv":[3.875,1.375,4.5,1.75],"rotation":0,"texture":"#0","tintindex":0},"north":{"uv":[4.5,1.375,5.75,1.75],"rotation":0,"texture":"#0","tintindex":0},"south":{"uv":[6.375,1.375,7.625,1.75],"rotation":0,"texture":"#0","tintindex":0},"up":{"uv":[5.75,1.375,4.5,0.75],"rotation":0,"texture":"#0","tintindex":0},"west":{"uv":[5.75,1.375,6.375,1.75],"rotation":0,"texture":"#0","tintindex":0}}},{"name":"cube","from":[5.48,6.080001,2.8999999],"to":[10.52,11.119999,4.22],"rotation":{"angle":-45.0,"axis":"z","origin":[8.0,8.6,3.4999998]},"faces":{"down":{"uv":[5.25,9.3125,4.75,9.4375],"rotation":0,"texture":"#0","tintindex":0},"east":{"uv":[4.125,9.4375,4.25,9.9375],"rotation":0,"texture":"#0","tintindex":0},"north":{"uv":[4.25,9.4375,4.75,9.9375],"rotation":0,"texture":"#0","tintindex":0},"south":{"uv":[4.875,9.4375,5.375,9.9375],"rotation":0,"texture":"#0","tintindex":0},"up":{"uv":[4.75,9.4375,4.25,9.3125],"rotation":0,"texture":"#0","tintindex":0},"west":{"uv":[4.75,9.4375,4.875,9.9375],"rotation":0,"texture":"#0","tintindex":0}}},{"name":"cube","from":[6.08,6.6800013,2.1499996],"to":[9.92,10.5199995,2.8700004],"rotation":{"angle":-45.0,"axis":"z","origin":[8.0,8.6,2.1499996]},"faces":{"down":{"uv":[4.0625,9.3125,3.6875,9.375],"rotation":0,"texture":"#0","tintindex":0},"east":{"uv":[3.25,9.375,3.3125,9.75],"rotation":0,"texture":"#0","tintindex":0},"north":{"uv":[3.3125,9.375,3.6875,9.75],"rotation":0,"texture":"#0","tintindex":0},"south":{"uv":[3.75,9.375,4.125,9.75],"rotation":0,"texture":"#0","tintindex":0},"up":{"uv":[3.6875,9.375,3.3125,9.3125],"rotation":0,"texture":"#0","tintindex":0},"west":{"uv":[3.6875,9.375,3.75,9.75],"rotation":0,"texture":"#0","tintindex":0}}},{"name":"cube","from":[2.8999999,10.4,4.3999996],"to":[13.1,14.0,10.4],"rotation":{"angle":0.0,"axis":"x","origin":[7.7,11.6,8.0]},"faces":{"down":{"uv":[6.625,1.75,5.5625,2.375],"rotation":0,"texture":"#0","tintindex":0},"east":{"uv":[3.875,2.375,4.5,2.75],"rotation":0,"texture":"#0","tintindex":0},"north":{"uv":[4.5,2.375,5.5625,2.75],"rotation":0,"texture":"#0","tintindex":0},"south":{"uv":[6.1875,2.375,7.25,2.75],"rotation":0,"texture":"#0","tintindex":0},"up":{"uv":[5.5625,2.375,4.5,1.75],"rotation":0,"texture":"#0","tintindex":0},"west":{"uv":[5.5625,2.375,6.1875,2.75],"rotation":0,"texture":"#0","tintindex":0}}},{"name":"cube","from":[3.1999998,14.0,4.3999996],"to":[12.8,16.400002,10.4],"rotation":{"angle":0.0,"axis":"x","origin":[7.4,14.0,8.0]},"faces":{"down":{"uv":[2.625,5.4375,1.625,6.0625],"rotation":0,"texture":"#0","tintindex":0},"east":{"uv":[0.0,6.0625,0.625,6.3125],"rotation":0,"texture":"#0","tintindex":0},"north":{"uv":[0.625,6.0625,1.625,6.3125],"rotation":0,"texture":"#0","tintindex":0},"south":{"uv":[2.25,6.0625,3.25,6.3125],"rotation":0,"texture":"#0","tintindex":0},"up":{"uv":[1.625,6.0625,0.625,5.4375],"rotation":0,"texture":"#0","tintindex":0},"west":{"uv":[1.625,6.0625,2.25,6.3125],"rotation":0,"texture":"#0","tintindex":0}}}],"display":{"head":{"translation":[0.0,-6.4,0.0],"rotation":[0.0,0.0,0.0],"scale":[3.8095,3.8095,3.8095]}}}