{"textures":{"0":"modelengine:entity/hades"},"elements":[{"name":"cube","from":[6.2,4.3999996,8.0],"to":[9.8,8.0,11.0],"rotation":{"angle":0.0,"axis":"x","origin":[8.6,4.3999996,9.2]},"faces":{"down":{"uv":[2.125,6.3125,1.75,6.625],"rotation":0,"texture":"#0","tintindex":0},"east":{"uv":[1.0625,6.625,1.375,7.0],"rotation":0,"texture":"#0","tintindex":0},"north":{"uv":[1.375,6.625,1.75,7.0],"rotation":0,"texture":"#0","tintindex":0},"south":{"uv":[2.0625,6.625,2.4375,7.0],"rotation":0,"texture":"#0","tintindex":0},"up":{"uv":[1.75,6.625,1.375,6.3125],"rotation":0,"texture":"#0","tintindex":0},"west":{"uv":[1.75,6.625,2.0625,7.0],"rotation":0,"texture":"#0","tintindex":0}}},{"name":"cube","from":[5.6,4.3999996,5.6],"to":[9.8,8.0,8.0],"rotation":{"angle":0.0,"axis":"x","origin":[8.0,8.0,8.0]},"faces":{"down":{"uv":[9.875,4.3125,9.4375,4.5625],"rotation":0,"texture":"#0","tintindex":0},"east":{"uv":[8.75,4.5625,9.0,4.9375],"rotation":0,"texture":"#0","tintindex":0},"north":{"uv":[9.0,4.5625,9.4375,4.9375],"rotation":0,"texture":"#0","tintindex":0},"south":{"uv":[9.6875,4.5625,10.125,4.9375],"rotation":0,"texture":"#0","tintindex":0},"up":{"uv":[9.4375,4.5625,9.0,4.3125],"rotation":0,"texture":"#0","tintindex":0},"west":{"uv":[9.4375,4.5625,9.6875,4.9375],"rotation":0,"texture":"#0","tintindex":0}}},{"name":"cube","from":[5.6,4.3999996,1.9999998],"to":[10.4,6.8,5.6],"rotation":{"angle":0.0,"axis":"x","origin":[8.0,4.3999996,3.1999998]},"faces":{"down":{"uv":[5.125,0.0,4.625,0.375],"rotation":0,"texture":"#0","tintindex":0},"east":{"uv":[3.75,0.375,4.125,0.625],"rotation":0,"texture":"#0","tintindex":0},"north":{"uv":[4.125,0.375,4.625,0.625],"rotation":0,"texture":"#0","tintindex":0},"south":{"uv":[5.0,0.375,5.5,0.625],"rotation":0,"texture":"#0","tintindex":0},"up":{"uv":[4.625,0.375,4.125,0.0],"rotation":0,"texture":"#0","tintindex":0},"west":{"uv":[4.625,0.375,5.0,0.625],"rotation":0,"texture":"#0","tintindex":0}}},{"name":"cube","from":[5.8459997,4.406,0.44599962],"to":[9.434,6.7939997,4.034],"rotation":{"angle":-45.0,"axis":"y","origin":[8.24,4.3999996,2.8399997]},"faces":{"down":{"uv":[9.0,8.5625,8.625,8.9375],"rotation":0,"texture":"#0","tintindex":0},"east":{"uv":[7.875,8.9375,8.25,9.1875],"rotation":0,"texture":"#0","tintindex":0},"north":{"uv":[8.25,8.9375,8.625,9.1875],"rotation":0,"texture":"#0","tintindex":0},"south":{"uv":[9.0,8.9375,9.375,9.1875],"rotation":0,"texture":"#0","tintindex":0},"up":{"uv":[8.625,8.9375,8.25,8.5625],"rotation":0,"texture":"#0","tintindex":0},"west":{"uv":[8.625,8.9375,9.0,9.1875],"rotation":0,"texture":"#0","tintindex":0}}},{"name":"cube","from":[5.6120005,6.8120003,2.012],"to":[10.3880005,7.988,5.5879993],"rotation":{"angle":-22.5,"axis":"x","origin":[8.0,8.0,5.6]},"faces":{"down":{"uv":[7.875,0.0,7.4375,0.3125],"rotation":0,"texture":"#0","tintindex":0},"east":{"uv":[6.6875,0.3125,7.0,0.375],"rotation":0,"texture":"#0","tintindex":0},"north":{"uv":[7.0,0.3125,7.4375,0.375],"rotation":0,"texture":"#0","tintindex":0},"south":{"uv":[7.75,0.3125,8.1875,0.375],"rotation":0,"texture":"#0","tintindex":0},"up":{"uv":[7.4375,0.3125,7.0,0.0],"rotation":0,"texture":"#0","tintindex":0},"west":{"uv":[7.4375,0.3125,7.75,0.375],"rotation":0,"texture":"#0","tintindex":0}}}],"display":{"head":{"translation":[0.0,-6.4,0.0],"rotation":[0.0,0.0,0.0],"scale":[3.8095,3.8095,3.8095]}}}