{"textures":{"0":"modelengine:entity/hades"},"elements":[{"name":"cube","from":[5.6,-3.4000006,5.6],"to":[9.8,8.0,10.4],"rotation":{"angle":0.0,"axis":"x","origin":[8.0,8.0,8.0]},"faces":{"down":{"uv":[8.75,4.5,8.3125,5.0],"rotation":0,"texture":"#0","tintindex":0},"east":{"uv":[7.375,5.0,7.875,6.1875],"rotation":0,"texture":"#0","tintindex":0},"north":{"uv":[7.875,5.0,8.3125,6.1875],"rotation":0,"texture":"#0","tintindex":0},"south":{"uv":[8.8125,5.0,9.25,6.1875],"rotation":0,"texture":"#0","tintindex":0},"up":{"uv":[8.3125,5.0,7.875,4.5],"rotation":0,"texture":"#0","tintindex":0},"west":{"uv":[8.3125,5.0,8.8125,6.1875],"rotation":0,"texture":"#0","tintindex":0}}},{"name":"cube","from":[5.0,0.7999997,6.2],"to":[10.4,6.8,11.0],"rotation":{"angle":0.0,"axis":"x","origin":[8.0,-1.6000004,8.6]},"faces":{"down":{"uv":[4.875,8.1875,4.3125,8.6875],"rotation":0,"texture":"#0","tintindex":0},"east":{"uv":[3.25,8.6875,3.75,9.3125],"rotation":0,"texture":"#0","tintindex":0},"north":{"uv":[3.75,8.6875,4.3125,9.3125],"rotation":0,"texture":"#0","tintindex":0},"south":{"uv":[4.8125,8.6875,5.375,9.3125],"rotation":0,"texture":"#0","tintindex":0},"up":{"uv":[4.3125,8.6875,3.75,8.1875],"rotation":0,"texture":"#0","tintindex":0},"west":{"uv":[4.3125,8.6875,4.8125,9.3125],"rotation":0,"texture":"#0","tintindex":0}}},{"name":"cube","from":[5.0,0.7999997,7.4],"to":[5.0,8.6,12.8],"rotation":{"angle":-22.5,"axis":"y","origin":[5.0,0.7999997,7.4]},"faces":{"down":{"uv":[4.0625,5.0,4.0625,5.5625],"rotation":0,"texture":"#0","tintindex":0},"east":{"uv":[3.5,5.5625,4.0625,6.375],"rotation":0,"texture":"#0","tintindex":0},"north":{"uv":[4.0625,5.5625,4.0625,6.375],"rotation":0,"texture":"#0","tintindex":0},"south":{"uv":[4.625,5.5625,4.625,6.375],"rotation":0,"texture":"#0","tintindex":0},"up":{"uv":[4.0625,5.5625,4.0625,5.0],"rotation":0,"texture":"#0","tintindex":0},"west":{"uv":[4.0625,5.5625,4.625,6.375],"rotation":0,"texture":"#0","tintindex":0}}},{"name":"cube","from":[5.75,4.67,9.8],"to":[9.35,8.27,11.6],"rotation":{"angle":45.0,"axis":"z","origin":[7.25,6.7700005,11.0]},"faces":{"down":{"uv":[6.4375,2.75,6.0625,2.9375],"rotation":0,"texture":"#0","tintindex":0},"east":{"uv":[5.5,2.9375,5.6875,3.3125],"rotation":0,"texture":"#0","tintindex":0},"north":{"uv":[5.6875,2.9375,6.0625,3.3125],"rotation":0,"texture":"#0","tintindex":0},"south":{"uv":[6.25,2.9375,6.625,3.3125],"rotation":0,"texture":"#0","tintindex":0},"up":{"uv":[6.0625,2.9375,5.6875,2.75],"rotation":0,"texture":"#0","tintindex":0},"west":{"uv":[6.0625,2.9375,6.25,3.3125],"rotation":0,"texture":"#0","tintindex":0}}}],"display":{"head":{"translation":[0.0,-6.4,0.0],"rotation":[0.0,0.0,0.0],"scale":[3.8095,3.8095,3.8095]}}}