{"textures":{"0":"modelengine:entity/hades"},"elements":[{"name":"cube","from":[6.7699995,-5.200001,4.1],"to":[7.97,8.0,11.900001],"rotation":{"angle":0.0,"axis":"x","origin":[8.0,8.0,8.9]},"faces":{"down":{"uv":[1.0625,6.3125,0.9375,7.125],"rotation":0,"texture":"#0","tintindex":0},"east":{"uv":[0.0,7.125,0.8125,8.5],"rotation":0,"texture":"#0","tintindex":0},"north":{"uv":[0.8125,7.125,0.9375,8.5],"rotation":0,"texture":"#0","tintindex":0},"south":{"uv":[1.75,7.125,1.875,8.5],"rotation":0,"texture":"#0","tintindex":0},"up":{"uv":[0.9375,7.125,0.8125,6.3125],"rotation":0,"texture":"#0","tintindex":0},"west":{"uv":[0.9375,7.125,1.75,8.5],"rotation":0,"texture":"#0","tintindex":0}}},{"name":"cube","from":[5.5699997,-5.200001,5.3],"to":[6.7699995,6.8,10.700001],"rotation":{"angle":0.0,"axis":"x","origin":[6.8,8.0,8.9]},"faces":{"down":{"uv":[6.1875,8.1875,6.0625,8.75],"rotation":0,"texture":"#0","tintindex":0},"east":{"uv":[5.375,8.75,5.9375,10.0],"rotation":0,"texture":"#0","tintindex":0},"north":{"uv":[5.9375,8.75,6.0625,10.0],"rotation":0,"texture":"#0","tintindex":0},"south":{"uv":[6.625,8.75,6.75,10.0],"rotation":0,"texture":"#0","tintindex":0},"up":{"uv":[6.0625,8.75,5.9375,8.1875],"rotation":0,"texture":"#0","tintindex":0},"west":{"uv":[6.0625,8.75,6.625,10.0],"rotation":0,"texture":"#0","tintindex":0}}}],"display":{"head":{"translation":[0.0,-6.4,0.0],"rotation":[0.0,0.0,0.0],"scale":[3.8095,3.8095,3.8095]}}}