{"textures":{"0":"modelengine:entity/hades"},"elements":[{"name":"cube","from":[6.83,-5.200001,4.1],"to":[8.030001,8.0,11.900001],"rotation":{"angle":0.0,"axis":"x","origin":[6.8,8.0,8.9]},"faces":{"down":{"uv":[3.375,5.5625,3.5,6.375],"rotation":0,"texture":"#0","tintindex":0},"east":{"uv":[4.1875,6.375,3.375,7.75],"rotation":0,"texture":"#0","tintindex":0},"north":{"uv":[3.375,6.375,3.25,7.75],"rotation":0,"texture":"#0","tintindex":0},"south":{"uv":[4.3125,6.375,4.1875,7.75],"rotation":0,"texture":"#0","tintindex":0},"up":{"uv":[3.25,6.375,3.375,5.5625],"rotation":0,"texture":"#0","tintindex":0},"west":{"uv":[3.25,6.375,2.4375,7.75],"rotation":0,"texture":"#0","tintindex":0}}},{"name":"cube","from":[8.030001,-6.4000006,5.3],"to":[9.23,8.0,10.700001],"rotation":{"angle":0.0,"axis":"x","origin":[8.0,8.0,8.9]},"faces":{"down":{"uv":[2.5625,7.75,2.6875,8.3125],"rotation":0,"texture":"#0","tintindex":0},"east":{"uv":[3.125,8.3125,2.5625,9.8125],"rotation":0,"texture":"#0","tintindex":0},"north":{"uv":[2.5625,8.3125,2.4375,9.8125],"rotation":0,"texture":"#0","tintindex":0},"south":{"uv":[3.25,8.3125,3.125,9.8125],"rotation":0,"texture":"#0","tintindex":0},"up":{"uv":[2.4375,8.3125,2.5625,7.75],"rotation":0,"texture":"#0","tintindex":0},"west":{"uv":[2.4375,8.3125,1.875,9.8125],"rotation":0,"texture":"#0","tintindex":0}}}],"display":{"head":{"translation":[0.0,-6.4,0.0],"rotation":[0.0,0.0,0.0],"scale":[3.8095,3.8095,3.8095]}}}