{"textures":{"0":"modelengine:entity/hades"},"elements":[{"name":"cube","from":[9.8,-4.0000005,6.2],"to":[14.0,4.3999996,11.0],"rotation":{"angle":0.0,"axis":"x","origin":[11.0,-19.600002,8.6]},"faces":{"down":{"uv":[8.8125,0.0,9.25,0.5],"rotation":0,"texture":"#0","tintindex":0},"east":{"uv":[9.3125,0.5,8.8125,1.375],"rotation":0,"texture":"#0","tintindex":0},"north":{"uv":[8.8125,0.5,8.375,1.375],"rotation":0,"texture":"#0","tintindex":0},"south":{"uv":[9.75,0.5,9.3125,1.375],"rotation":0,"texture":"#0","tintindex":0},"up":{"uv":[8.375,0.5,8.8125,0.0],"rotation":0,"texture":"#0","tintindex":0},"west":{"uv":[8.375,0.5,7.875,1.375],"rotation":0,"texture":"#0","tintindex":0}}},{"name":"cube","from":[7.94,-5.260001,4.94],"to":[13.46,6.26,10.460001],"rotation":{"angle":0.0,"axis":"x","origin":[8.0,8.6,8.0]},"faces":{"down":{"uv":[7.4375,2.75,8.0,3.3125],"rotation":0,"texture":"#0","tintindex":0},"east":{"uv":[8.0,3.3125,7.4375,4.5],"rotation":0,"texture":"#0","tintindex":0},"north":{"uv":[7.4375,3.3125,6.875,4.5],"rotation":0,"texture":"#0","tintindex":0},"south":{"uv":[8.5625,3.3125,8.0,4.5],"rotation":0,"texture":"#0","tintindex":0},"up":{"uv":[6.875,3.3125,7.4375,2.75],"rotation":0,"texture":"#0","tintindex":0},"west":{"uv":[6.875,3.3125,6.3125,4.5],"rotation":0,"texture":"#0","tintindex":0}}},{"name":"cube","from":[7.4,6.8,4.3999996],"to":[9.8,10.4,11.6],"rotation":{"angle":45.0,"axis":"z","origin":[7.4,10.4,8.0]},"faces":{"down":{"uv":[9.0625,1.5,9.3125,2.25],"rotation":0,"texture":"#0","tintindex":0},"east":{"uv":[9.8125,2.25,9.0625,2.625],"rotation":0,"texture":"#0","tintindex":0},"north":{"uv":[9.0625,2.25,8.8125,2.625],"rotation":0,"texture":"#0","tintindex":0},"south":{"uv":[10.0625,2.25,9.8125,2.625],"rotation":0,"texture":"#0","tintindex":0},"up":{"uv":[8.8125,2.25,9.0625,1.5],"rotation":0,"texture":"#0","tintindex":0},"west":{"uv":[8.8125,2.25,8.0625,2.625],"rotation":0,"texture":"#0","tintindex":0}}},{"name":"cube","from":[8.0,-1.0000005,3.7999997],"to":[10.4,8.6,12.2],"rotation":{"angle":22.5,"axis":"z","origin":[8.0,12.2,8.0]},"faces":{"down":{"uv":[6.25,4.6875,6.5,5.5625],"rotation":0,"texture":"#0","tintindex":0},"east":{"uv":[7.125,5.5625,6.25,6.5625],"rotation":0,"texture":"#0","tintindex":0},"north":{"uv":[6.25,5.5625,6.0,6.5625],"rotation":0,"texture":"#0","tintindex":0},"south":{"uv":[7.375,5.5625,7.125,6.5625],"rotation":0,"texture":"#0","tintindex":0},"up":{"uv":[6.0,5.5625,6.25,4.6875],"rotation":0,"texture":"#0","tintindex":0},"west":{"uv":[6.0,5.5625,5.125,6.5625],"rotation":0,"texture":"#0","tintindex":0}}},{"name":"cube","from":[9.05,8.540001,5.0],"to":[11.45,12.140001,11.0],"rotation":{"angle":45.0,"axis":"z","origin":[9.05,12.140001,8.0]},"faces":{"down":{"uv":[0.875,8.5,1.125,9.125],"rotation":0,"texture":"#0","tintindex":0},"east":{"uv":[1.5,9.125,0.875,9.5],"rotation":0,"texture":"#0","tintindex":0},"north":{"uv":[0.875,9.125,0.625,9.5],"rotation":0,"texture":"#0","tintindex":0},"south":{"uv":[1.75,9.125,1.5,9.5],"rotation":0,"texture":"#0","tintindex":0},"up":{"uv":[0.625,9.125,0.875,8.5],"rotation":0,"texture":"#0","tintindex":0},"west":{"uv":[0.625,9.125,0.0,9.5],"rotation":0,"texture":"#0","tintindex":0}}},{"name":"cube","from":[9.65,1.9400007,4.3999996],"to":[12.05,10.340001,11.6],"rotation":{"angle":22.5,"axis":"z","origin":[9.65,13.9400015,8.0]},"faces":{"down":{"uv":[5.3125,6.5625,5.5625,7.3125],"rotation":0,"texture":"#0","tintindex":0},"east":{"uv":[6.0625,7.3125,5.3125,8.1875],"rotation":0,"texture":"#0","tintindex":0},"north":{"uv":[5.3125,7.3125,5.0625,8.1875],"rotation":0,"texture":"#0","tintindex":0},"south":{"uv":[6.3125,7.3125,6.0625,8.1875],"rotation":0,"texture":"#0","tintindex":0},"up":{"uv":[5.0625,7.3125,5.3125,6.5625],"rotation":0,"texture":"#0","tintindex":0},"west":{"uv":[5.0625,7.3125,4.3125,8.1875],"rotation":0,"texture":"#0","tintindex":0}}},{"name":"cube","from":[8.0,6.2,5.6],"to":[12.8,9.8,9.8],"rotation":{"angle":0.0,"axis":"x","origin":[11.6,-4.6000004,9.2]},"faces":{"down":{"uv":[9.5,2.625,10.0,3.0625],"rotation":0,"texture":"#0","tintindex":0},"east":{"uv":[9.9375,3.0625,9.5,3.4375],"rotation":0,"texture":"#0","tintindex":0},"north":{"uv":[9.5,3.0625,9.0,3.4375],"rotation":0,"texture":"#0","tintindex":0},"south":{"uv":[10.4375,3.0625,9.9375,3.4375],"rotation":0,"texture":"#0","tintindex":0},"up":{"uv":[9.0,3.0625,9.5,2.625],"rotation":0,"texture":"#0","tintindex":0},"west":{"uv":[9.0,3.0625,8.5625,3.4375],"rotation":0,"texture":"#0","tintindex":0}}},{"name":"cube","from":[14.383801,8.519488,6.5],"to":[14.383801,12.119489,9.5],"rotation":{"angle":0.0,"axis":"x","origin":[13.933802,9.869489,8.0]},"faces":{"down":{"uv":[6.5,7.875,6.5,8.1875],"rotation":0,"texture":"#0","tintindex":0},"east":{"uv":[6.8125,8.1875,6.5,8.5625],"rotation":0,"texture":"#0","tintindex":0},"north":{"uv":[6.5,8.1875,6.5,8.5625],"rotation":0,"texture":"#0","tintindex":0},"south":{"uv":[6.8125,8.1875,6.8125,8.5625],"rotation":0,"texture":"#0","tintindex":0},"up":{"uv":[6.5,8.1875,6.5,7.875],"rotation":0,"texture":"#0","tintindex":0},"west":{"uv":[6.5,8.1875,6.1875,8.5625],"rotation":0,"texture":"#0","tintindex":0}}}],"display":{"head":{"translation":[0.0,-6.4,0.0],"rotation":[0.0,0.0,0.0],"scale":[3.8095,3.8095,3.8095]}}}