{"textures":{"0":"modelengine:entity/hades"},"elements":[{"name":"cube","from":[5.6,3.7999997,5.0],"to":[9.8,8.0,9.8],"rotation":{"angle":0.0,"axis":"x","origin":[8.0,8.0,8.0]},"faces":{"down":{"uv":[9.25,6.1875,9.6875,6.6875],"rotation":0,"texture":"#0","tintindex":0},"east":{"uv":[9.75,6.6875,9.25,7.125],"rotation":0,"texture":"#0","tintindex":0},"north":{"uv":[9.25,6.6875,8.8125,7.125],"rotation":0,"texture":"#0","tintindex":0},"south":{"uv":[10.1875,6.6875,9.75,7.125],"rotation":0,"texture":"#0","tintindex":0},"up":{"uv":[8.8125,6.6875,9.25,6.1875],"rotation":0,"texture":"#0","tintindex":0},"west":{"uv":[8.8125,6.6875,8.3125,7.125],"rotation":0,"texture":"#0","tintindex":0}}}],"display":{"head":{"translation":[0.0,-6.4,0.0],"rotation":[0.0,0.0,0.0],"scale":[3.8095,3.8095,3.8095]}}}