{"textures":{"0":"modelengine:entity/hades"},"elements":[{"name":"cube","from":[3.7999997,8.0,3.1999998],"to":[13.400001,11.6,9.2],"rotation":{"angle":0.0,"axis":"x","origin":[8.6,12.2,6.2]},"faces":{"down":{"uv":[5.375,4.5625,4.375,5.1875],"rotation":0,"texture":"#0","tintindex":0},"east":{"uv":[2.75,5.1875,3.375,5.5625],"rotation":0,"texture":"#0","tintindex":0},"north":{"uv":[3.375,5.1875,4.375,5.5625],"rotation":0,"texture":"#0","tintindex":0},"south":{"uv":[5.0,5.1875,6.0,5.5625],"rotation":0,"texture":"#0","tintindex":0},"up":{"uv":[4.375,5.1875,3.375,4.5625],"rotation":0,"texture":"#0","tintindex":0},"west":{"uv":[4.375,5.1875,5.0,5.5625],"rotation":0,"texture":"#0","tintindex":0}}}],"display":{"head":{"translation":[0.0,-6.4,0.0],"rotation":[0.0,0.0,0.0],"scale":[3.8095,3.8095,3.8095]}}}