{"textures":{"0":"modelengine:entity/rocky","1":"modelengine:entity/hat"},"elements":[{"name":"cube","from":[3.9499998,6.6499996,1.2499998],"to":[12.05,13.400001,8.0],"rotation":{"angle":0.0,"axis":"x","origin":[8.0,-17.650002,10.700001]},"faces":{"down":{"uv":[10.125,8.25,9.375,8.875],"rotation":0,"texture":"#0","tintindex":0},"east":{"uv":[7.625,10.125,8.25,10.75],"rotation":0,"texture":"#0","tintindex":0},"north":{"uv":[0.75,9.25,1.5,9.875],"rotation":0,"texture":"#0","tintindex":0},"south":{"uv":[9.375,7.0,10.125,7.625],"rotation":0,"texture":"#0","tintindex":0},"up":{"uv":[10.125,8.25,9.375,7.625],"rotation":0,"texture":"#0","tintindex":0},"west":{"uv":[9.75,10.125,10.375,10.75],"rotation":0,"texture":"#0","tintindex":0}}},{"name":"cube","from":[2.6026995,5.302699,2.6026995],"to":[3.9473,12.047301,7.9973],"rotation":{"angle":0.0,"axis":"x","origin":[8.0,-17.650002,10.700001]},"faces":{"down":{"uv":[6.75,11.0,6.625,11.5],"rotation":0,"texture":"#0","tintindex":0},"east":{"uv":[7.625,10.75,8.125,11.375],"rotation":0,"texture":"#0","tintindex":0},"north":{"uv":[4.25,7.5,4.375,8.125],"rotation":0,"texture":"#0","tintindex":0},"south":{"uv":[2.375,12.25,2.5,12.875],"rotation":0,"texture":"#0","tintindex":0},"up":{"uv":[4.25,9.0,4.125,8.5],"rotation":0,"texture":"#0","tintindex":0},"west":{"uv":[10.875,2.875,11.375,3.5],"rotation":0,"texture":"#0","tintindex":0}}},{"name":"cube","from":[12.05,12.05,3.9499998],"to":[13.400001,13.400001,8.0],"rotation":{"angle":0.0,"axis":"x","origin":[8.0,-17.650002,10.700001]},"faces":{"down":{"uv":[0.75,11.25,0.625,11.625],"rotation":0,"texture":"#0","tintindex":0},"east":{"uv":[6.25,6.125,6.625,6.25],"rotation":0,"texture":"#0","tintindex":0},"north":{"uv":[10.125,3.0,10.25,3.125],"rotation":0,"texture":"#0","tintindex":0},"south":{"uv":[4.0,10.125,4.125,10.25],"rotation":0,"texture":"#0","tintindex":0},"up":{"uv":[5.375,7.625,5.25,7.25],"rotation":0,"texture":"#0","tintindex":0},"west":{"uv":[9.375,8.875,9.75,9.0],"rotation":0,"texture":"#0","tintindex":0}}},{"name":"cube","from":[12.05,6.6499996,1.2499998],"to":[13.400001,10.700001,2.6],"rotation":{"angle":0.0,"axis":"x","origin":[8.0,-17.650002,10.700001]},"faces":{"down":{"uv":[10.5,8.625,10.375,8.75],"rotation":0,"texture":"#0","tintindex":0},"east":{"uv":[0.0,12.5,0.125,12.875],"rotation":0,"texture":"#0","tintindex":0},"north":{"uv":[12.375,12.375,12.5,12.75],"rotation":0,"texture":"#0","tintindex":0},"south":{"uv":[12.5,0.0,12.625,0.375],"rotation":0,"texture":"#0","tintindex":0},"up":{"uv":[4.125,10.375,4.0,10.25],"rotation":0,"texture":"#0","tintindex":0},"west":{"uv":[0.125,12.5,0.25,12.875],"rotation":0,"texture":"#0","tintindex":0}}},{"name":"cube","from":[12.077001,5.3270006,2.6269999],"to":[13.373,12.022999,7.973],"rotation":{"angle":0.0,"axis":"x","origin":[8.0,-17.650002,10.700001]},"faces":{"down":{"uv":[12.125,12.25,12.0,12.75],"rotation":0,"texture":"#0","tintindex":0},"east":{"uv":[10.875,3.5,11.375,4.125],"rotation":0,"texture":"#0","tintindex":0},"north":{"uv":[2.5,12.25,2.625,12.875],"rotation":0,"texture":"#0","tintindex":0},"south":{"uv":[2.875,12.25,3.0,12.875],"rotation":0,"texture":"#0","tintindex":0},"up":{"uv":[12.375,6.125,12.25,5.625],"rotation":0,"texture":"#0","tintindex":0},"west":{"uv":[6.75,10.875,7.25,11.5],"rotation":0,"texture":"#0","tintindex":0}}},{"name":"cube","from":[2.6,6.6499996,1.2499998],"to":[3.9499998,10.700001,2.6],"rotation":{"angle":0.0,"axis":"x","origin":[8.0,-17.650002,10.700001]},"faces":{"down":{"uv":[10.625,4.125,10.5,4.25],"rotation":0,"texture":"#0","tintindex":0},"east":{"uv":[0.375,12.5,0.5,12.875],"rotation":0,"texture":"#0","tintindex":0},"north":{"uv":[0.25,12.5,0.375,12.875],"rotation":0,"texture":"#0","tintindex":0},"south":{"uv":[0.5,12.5,0.625,12.875],"rotation":0,"texture":"#0","tintindex":0},"up":{"uv":[10.5,8.875,10.375,8.75],"rotation":0,"texture":"#0","tintindex":0},"west":{"uv":[0.625,12.5,0.75,12.875],"rotation":0,"texture":"#0","tintindex":0}}},{"name":"cube","from":[2.6,12.05,3.9499998],"to":[3.9499998,13.400001,8.0],"rotation":{"angle":0.0,"axis":"x","origin":[8.0,-17.650002,10.700001]},"faces":{"down":{"uv":[1.0,12.5,0.875,12.875],"rotation":0,"texture":"#0","tintindex":0},"east":{"uv":[9.75,6.875,10.125,7.0],"rotation":0,"texture":"#0","tintindex":0},"north":{"uv":[10.5,4.25,10.625,4.375],"rotation":0,"texture":"#0","tintindex":0},"south":{"uv":[3.5,10.75,3.625,10.875],"rotation":0,"texture":"#0","tintindex":0},"up":{"uv":[0.875,12.875,0.75,12.5],"rotation":0,"texture":"#0","tintindex":0},"west":{"uv":[2.125,9.875,2.5,10.0],"rotation":0,"texture":"#0","tintindex":0}}},{"name":"cube","from":[3.9499998,13.400001,2.6],"to":[12.05,14.75,8.0],"rotation":{"angle":0.0,"axis":"x","origin":[8.0,-17.650002,10.700001]},"faces":{"down":{"uv":[11.375,4.125,10.625,4.625],"rotation":0,"texture":"#0","tintindex":0},"east":{"uv":[10.875,0.5,11.375,0.625],"rotation":0,"texture":"#0","tintindex":0},"north":{"uv":[11.25,12.125,12.0,12.25],"rotation":0,"texture":"#0","tintindex":0},"south":{"uv":[12.0,12.125,12.75,12.25],"rotation":0,"texture":"#0","tintindex":0},"up":{"uv":[11.375,1.75,10.625,1.25],"rotation":0,"texture":"#0","tintindex":0},"west":{"uv":[12.25,5.25,12.75,5.375],"rotation":0,"texture":"#0","tintindex":0}}},{"name":"cube","from":[5.3,13.400001,1.2499998],"to":[10.700001,14.75,2.6],"rotation":{"angle":0.0,"axis":"x","origin":[8.0,-17.650002,10.700001]},"faces":{"down":{"uv":[12.625,12.25,12.125,12.375],"rotation":0,"texture":"#0","tintindex":0},"east":{"uv":[5.375,10.75,5.5,10.875],"rotation":0,"texture":"#0","tintindex":0},"north":{"uv":[12.25,9.5,12.75,9.625],"rotation":0,"texture":"#0","tintindex":0},"south":{"uv":[12.25,9.625,12.75,9.75],"rotation":0,"texture":"#0","tintindex":0},"up":{"uv":[12.75,9.875,12.25,9.75],"rotation":0,"texture":"#0","tintindex":0},"west":{"uv":[8.125,10.75,8.25,10.875],"rotation":0,"texture":"#0","tintindex":0}}},{"name":"cube","from":[9.35,10.700001,-0.10000038],"to":[14.75,12.05,6.6499996],"rotation":{"angle":0.0,"axis":"x","origin":[8.0,-17.650002,10.700001]},"faces":{"down":{"uv":[5.375,10.75,4.875,11.375],"rotation":0,"texture":"#0","tintindex":0},"east":{"uv":[3.375,5.25,4.0,5.375],"rotation":0,"texture":"#0","tintindex":0},"north":{"uv":[5.75,2.75,6.25,2.875],"rotation":0,"texture":"#0","tintindex":0},"south":{"uv":[7.0,2.625,7.5,2.75],"rotation":0,"texture":"#0","tintindex":0},"up":{"uv":[3.0,10.75,2.5,10.125],"rotation":0,"texture":"#0","tintindex":0},"west":{"uv":[2.75,6.375,3.375,6.5],"rotation":0,"texture":"#0","tintindex":0}}},{"name":"cube","from":[1.2499998,10.700001,-0.10000038],"to":[6.6499996,12.05,6.6499996],"rotation":{"angle":0.0,"axis":"x","origin":[8.0,-17.650002,10.700001]},"faces":{"down":{"uv":[4.25,11.0,3.75,11.625],"rotation":0,"texture":"#0","tintindex":0},"east":{"uv":[12.25,2.375,12.875,2.5],"rotation":0,"texture":"#0","tintindex":0},"north":{"uv":[12.375,0.5,12.875,0.625],"rotation":0,"texture":"#0","tintindex":0},"south":{"uv":[12.375,0.625,12.875,0.75],"rotation":0,"texture":"#0","tintindex":0},"up":{"uv":[3.75,11.625,3.25,11.0],"rotation":0,"texture":"#0","tintindex":0},"west":{"uv":[12.25,2.5,12.875,2.625],"rotation":0,"texture":"#0","tintindex":0}}},{"name":"cube","from":[3.4999998,14.0,0.67999935],"to":[12.5,15.8,9.68],"rotation":{"angle":0.0,"axis":"x","origin":[8.0,8.0,8.0]},"faces":{"down":{"uv":[5.25,0.25,5.75,0.75],"rotation":0,"texture":"#1","tintindex":0},"east":{"uv":[1.25,0.25,1.75,0.75],"rotation":0,"texture":"#1","tintindex":0},"north":{"uv":[0.25,0.25,0.75,0.75],"rotation":0,"texture":"#1","tintindex":0},"south":{"uv":[2.25,0.25,2.75,0.75],"rotation":0,"texture":"#1","tintindex":0},"up":{"uv":[4.25,0.25,4.75,0.75],"rotation":0,"texture":"#1","tintindex":0},"west":{"uv":[3.25,0.25,3.75,0.75],"rotation":0,"texture":"#1","tintindex":0}}},{"name":"cube","from":[4.3999996,15.2,1.3999997],"to":[11.6,18.2,8.6],"rotation":{"angle":0.0,"axis":"x","origin":[8.0,8.0,8.0]},"faces":{"down":{"uv":[11.25,0.25,11.75,0.75],"rotation":0,"texture":"#1","tintindex":0},"east":{"uv":[7.25,0.25,7.75,0.75],"rotation":0,"texture":"#1","tintindex":0},"north":{"uv":[6.25,0.25,6.75,0.75],"rotation":0,"texture":"#1","tintindex":0},"south":{"uv":[8.25,0.25,8.75,0.75],"rotation":0,"texture":"#1","tintindex":0},"up":{"uv":[10.25,0.25,10.75,0.75],"rotation":0,"texture":"#1","tintindex":0},"west":{"uv":[9.25,0.25,9.75,0.75],"rotation":0,"texture":"#1","tintindex":0}}},{"name":"cube","from":[4.3999996,17.6,1.9999998],"to":[10.4,20.600002,8.0],"rotation":{"angle":0.0,"axis":"z","origin":[8.0,8.0,8.0]},"faces":{"down":{"uv":[1.25,1.25,1.75,1.75],"rotation":0,"texture":"#1","tintindex":0},"east":{"uv":[13.25,0.25,13.75,0.75],"rotation":0,"texture":"#1","tintindex":0},"north":{"uv":[12.25,0.25,12.75,0.75],"rotation":0,"texture":"#1","tintindex":0},"south":{"uv":[14.25,0.25,14.75,0.75],"rotation":0,"texture":"#1","tintindex":0},"up":{"uv":[0.25,1.25,0.75,1.75],"rotation":0,"texture":"#1","tintindex":0},"west":{"uv":[15.25,0.25,15.75,0.75],"rotation":0,"texture":"#1","tintindex":0}}},{"name":"cube","from":[3.7999997,19.400002,2.6],"to":[8.6,22.400002,7.4],"rotation":{"angle":0.0,"axis":"z","origin":[8.0,8.0,8.0]},"faces":{"down":{"uv":[7.25,1.25,7.75,1.75],"rotation":0,"texture":"#1","tintindex":0},"east":{"uv":[3.25,1.25,3.75,1.75],"rotation":0,"texture":"#1","tintindex":0},"north":{"uv":[2.25,1.25,2.75,1.75],"rotation":0,"texture":"#1","tintindex":0},"south":{"uv":[4.25,1.25,4.75,1.75],"rotation":0,"texture":"#1","tintindex":0},"up":{"uv":[6.25,1.25,6.75,1.75],"rotation":0,"texture":"#1","tintindex":0},"west":{"uv":[5.25,1.25,5.75,1.75],"rotation":0,"texture":"#1","tintindex":0}}},{"name":"cube","from":[1.9999998,21.2,3.1999998],"to":[5.6,24.2,6.8],"rotation":{"angle":0.0,"axis":"z","origin":[8.0,8.0,8.0]},"faces":{"down":{"uv":[13.25,1.25,13.75,1.75],"rotation":0,"texture":"#1","tintindex":0},"east":{"uv":[9.25,1.25,9.75,1.75],"rotation":0,"texture":"#1","tintindex":0},"north":{"uv":[8.25,1.25,8.75,1.75],"rotation":0,"texture":"#1","tintindex":0},"south":{"uv":[10.25,1.25,10.75,1.75],"rotation":0,"texture":"#1","tintindex":0},"up":{"uv":[12.25,1.25,12.75,1.75],"rotation":0,"texture":"#1","tintindex":0},"west":{"uv":[11.25,1.25,11.75,1.75],"rotation":0,"texture":"#1","tintindex":0}}},{"name":"cube","from":[-2.2000003,20.600002,3.7999997],"to":[0.19999981,23.600002,6.2],"rotation":{"angle":-45.0,"axis":"z","origin":[8.0,8.0,8.0]},"faces":{"down":{"uv":[3.25,2.25,3.75,2.75],"rotation":0,"texture":"#1","tintindex":0},"east":{"uv":[15.25,1.25,15.75,1.75],"rotation":0,"texture":"#1","tintindex":0},"north":{"uv":[14.25,1.25,14.75,1.75],"rotation":0,"texture":"#1","tintindex":0},"south":{"uv":[0.25,2.25,0.75,2.75],"rotation":0,"texture":"#1","tintindex":0},"up":{"uv":[2.25,2.25,2.75,2.75],"rotation":0,"texture":"#1","tintindex":0},"west":{"uv":[1.25,2.25,1.75,2.75],"rotation":0,"texture":"#1","tintindex":0}}},{"name":"cube","from":[-7.6000004,17.0,4.3999996],"to":[-5.8,20.0,5.6],"rotation":{"angle":0.0,"axis":"z","origin":[8.0,8.0,8.0]},"faces":{"down":{"uv":[9.25,2.25,9.75,2.75],"rotation":0,"texture":"#1","tintindex":0},"east":{"uv":[5.25,2.25,5.75,2.75],"rotation":0,"texture":"#1","tintindex":0},"north":{"uv":[4.25,2.25,4.75,2.75],"rotation":0,"texture":"#1","tintindex":0},"south":{"uv":[6.25,2.25,6.75,2.75],"rotation":0,"texture":"#1","tintindex":0},"up":{"uv":[8.25,2.25,8.75,2.75],"rotation":0,"texture":"#1","tintindex":0},"west":{"uv":[7.25,2.25,7.75,2.75],"rotation":0,"texture":"#1","tintindex":0}}},{"name":"cube","from":[-4.6000004,21.2,4.3999996],"to":[-1.6000004,23.0,5.6],"rotation":{"angle":0.0,"axis":"z","origin":[8.0,8.0,8.0]},"faces":{"down":{"uv":[15.25,2.25,15.75,2.75],"rotation":0,"texture":"#1","tintindex":0},"east":{"uv":[11.25,2.25,11.75,2.75],"rotation":0,"texture":"#1","tintindex":0},"north":{"uv":[10.25,2.25,10.75,2.75],"rotation":0,"texture":"#1","tintindex":0},"south":{"uv":[12.25,2.25,12.75,2.75],"rotation":0,"texture":"#1","tintindex":0},"up":{"uv":[14.25,2.25,14.75,2.75],"rotation":0,"texture":"#1","tintindex":0},"west":{"uv":[13.25,2.25,13.75,2.75],"rotation":0,"texture":"#1","tintindex":0}}},{"name":"cube","from":[17.6,18.2,3.7999997],"to":[20.600002,21.2,6.8],"rotation":{"angle":0.0,"axis":"z","origin":[8.0,8.0,8.0]},"faces":{"down":{"uv":[5.25,3.25,5.75,3.75],"rotation":0,"texture":"#1","tintindex":0},"east":{"uv":[1.25,3.25,1.75,3.75],"rotation":0,"texture":"#1","tintindex":0},"north":{"uv":[0.25,3.25,0.75,3.75],"rotation":0,"texture":"#1","tintindex":0},"south":{"uv":[2.25,3.25,2.75,3.75],"rotation":0,"texture":"#1","tintindex":0},"up":{"uv":[4.25,3.25,4.75,3.75],"rotation":0,"texture":"#1","tintindex":0},"west":{"uv":[3.25,3.25,3.75,3.75],"rotation":0,"texture":"#1","tintindex":0}}}],"display":{"head":{"translation":[0.0,-6.4,0.0],"rotation":[0.0,0.0,0.0],"scale":[3.8095,3.8095,3.8095]}}}