{"textures":{"0":"modelengine:entity/rocky","1":"modelengine:entity/hat"},"elements":[{"name":"cube","from":[-4.1500006,5.3,6.6499996],"to":[20.150002,17.45,18.8],"rotation":{"angle":0.0,"axis":"x","origin":[8.0,-17.650002,8.0]},"faces":{"down":{"uv":[4.5,0.0,2.25,1.125],"rotation":0,"texture":"#0","tintindex":0},"east":{"uv":[5.125,2.875,6.25,4.0],"rotation":0,"texture":"#0","tintindex":0},"north":{"uv":[0.0,0.0,2.25,1.125],"rotation":0,"texture":"#0","tintindex":0},"south":{"uv":[0.0,1.125,2.25,2.25],"rotation":0,"texture":"#0","tintindex":0},"up":{"uv":[2.25,3.375,0.0,2.25],"rotation":0,"texture":"#0","tintindex":0},"west":{"uv":[5.125,4.0,6.25,5.125],"rotation":0,"texture":"#0","tintindex":0}}},{"name":"cube","from":[14.075,17.846302,9.328943],"to":[21.365002,22.706303,15.133943],"rotation":{"angle":45.0,"axis":"x","origin":[8.0,14.75,8.0]},"faces":{"down":{"uv":[11.3125,0.625,10.625,1.1875],"rotation":0,"texture":"#0","tintindex":0},"east":{"uv":[11.625,4.5,12.1875,4.9375],"rotation":0,"texture":"#0","tintindex":0},"north":{"uv":[9.125,11.25,9.8125,11.6875],"rotation":0,"texture":"#0","tintindex":0},"south":{"uv":[9.875,11.25,10.5625,11.6875],"rotation":0,"texture":"#0","tintindex":0},"up":{"uv":[0.6875,11.1875,0.0,10.625],"rotation":0,"texture":"#0","tintindex":0},"west":{"uv":[11.625,5.625,12.1875,6.0625],"rotation":0,"texture":"#0","tintindex":0}}},{"name":"cube","from":[-1.9089999,15.938,8.0],"to":[3.1129994,19.286003,13.859],"rotation":{"angle":22.5,"axis":"y","origin":[5.489,3.2749999,11.348001]},"faces":{"down":{"uv":[8.4375,11.625,8.0,12.1875],"rotation":0,"texture":"#0","tintindex":0},"east":{"uv":[9.625,12.0,10.1875,12.3125],"rotation":0,"texture":"#0","tintindex":0},"north":{"uv":[3.25,12.125,3.6875,12.4375],"rotation":0,"texture":"#0","tintindex":0},"south":{"uv":[3.75,12.125,4.1875,12.4375],"rotation":0,"texture":"#0","tintindex":0},"up":{"uv":[12.0625,8.1875,11.625,7.625],"rotation":0,"texture":"#0","tintindex":0},"west":{"uv":[12.0,9.875,12.5625,10.1875],"rotation":0,"texture":"#0","tintindex":0}}},{"name":"cube","from":[3.5654337,9.527353,10.700001],"to":[11.665434,16.277355,17.45],"rotation":{"angle":45.0,"axis":"z","origin":[8.0,20.150002,8.0]},"faces":{"down":{"uv":[7.0,9.75,6.25,10.375],"rotation":0,"texture":"#0","tintindex":0},"east":{"uv":[10.25,0.0,10.875,0.625],"rotation":0,"texture":"#0","tintindex":0},"north":{"uv":[4.125,9.75,4.875,10.375],"rotation":0,"texture":"#0","tintindex":0},"south":{"uv":[5.5,9.75,6.25,10.375],"rotation":0,"texture":"#0","tintindex":0},"up":{"uv":[10.5,6.5,9.75,5.875],"rotation":0,"texture":"#0","tintindex":0},"west":{"uv":[10.25,2.875,10.875,3.5],"rotation":0,"texture":"#0","tintindex":0}}},{"name":"cube","from":[-2.8000002,6.6499996,5.3],"to":[18.8,16.1,6.6499996],"rotation":{"angle":0.0,"axis":"x","origin":[8.0,-17.650002,8.0]},"faces":{"down":{"uv":[13.375,4.375,11.375,4.5],"rotation":0,"texture":"#0","tintindex":0},"east":{"uv":[2.75,11.875,2.875,12.75],"rotation":0,"texture":"#0","tintindex":0},"north":{"uv":[0.0,3.375,2.0,4.25],"rotation":0,"texture":"#0","tintindex":0},"south":{"uv":[2.0,3.625,4.0,4.5],"rotation":0,"texture":"#0","tintindex":0},"up":{"uv":[13.375,1.75,11.375,1.625],"rotation":0,"texture":"#0","tintindex":0},"west":{"uv":[4.625,12.0,4.75,12.875],"rotation":0,"texture":"#0","tintindex":0}}},{"name":"cube","from":[25.55,3.9499998,3.9499998],"to":[28.25,6.6499996,6.6499996],"rotation":{"angle":22.5,"axis":"z","origin":[8.0,-17.650002,8.0]},"faces":{"down":{"uv":[3.5,10.75,3.25,11.0],"rotation":0,"texture":"#0","tintindex":0},"east":{"uv":[8.625,1.625,8.875,1.875],"rotation":0,"texture":"#0","tintindex":0},"north":{"uv":[2.0,3.375,2.25,3.625],"rotation":0,"texture":"#0","tintindex":0},"south":{"uv":[9.125,3.125,9.375,3.375],"rotation":0,"texture":"#0","tintindex":0},"up":{"uv":[10.5,4.375,10.25,4.125],"rotation":0,"texture":"#0","tintindex":0},"west":{"uv":[10.125,8.625,10.375,8.875],"rotation":0,"texture":"#0","tintindex":0}}},{"name":"cube","from":[22.850002,9.35,3.9499998],"to":[25.55,12.05,6.6499996],"rotation":{"angle":45.0,"axis":"z","origin":[8.0,-17.650002,8.0]},"faces":{"down":{"uv":[12.625,4.75,12.375,5.0],"rotation":0,"texture":"#0","tintindex":0},"east":{"uv":[10.375,11.75,10.625,12.0],"rotation":0,"texture":"#0","tintindex":0},"north":{"uv":[9.125,11.0,9.375,11.25],"rotation":0,"texture":"#0","tintindex":0},"south":{"uv":[12.375,0.75,12.625,1.0],"rotation":0,"texture":"#0","tintindex":0},"up":{"uv":[12.625,4.75,12.375,4.5],"rotation":0,"texture":"#0","tintindex":0},"west":{"uv":[12.375,1.0,12.625,1.25],"rotation":0,"texture":"#0","tintindex":0}}},{"name":"cube","from":[21.5027,8.002699,3.9526997],"to":[24.1973,10.697301,6.6473],"rotation":{"angle":45.0,"axis":"z","origin":[8.0,-17.650002,8.0]},"faces":{"down":{"uv":[12.625,8.5,12.375,8.75],"rotation":0,"texture":"#0","tintindex":0},"east":{"uv":[12.375,5.875,12.625,6.125],"rotation":0,"texture":"#0","tintindex":0},"north":{"uv":[12.375,5.625,12.625,5.875],"rotation":0,"texture":"#0","tintindex":0},"south":{"uv":[12.375,6.875,12.625,7.125],"rotation":0,"texture":"#0","tintindex":0},"up":{"uv":[12.625,8.5,12.375,8.25],"rotation":0,"texture":"#0","tintindex":0},"west":{"uv":[12.375,7.125,12.625,7.375],"rotation":0,"texture":"#0","tintindex":0}}},{"name":"cube","from":[-1.4500003,16.1,5.3],"to":[17.45,17.45,6.6499996],"rotation":{"angle":0.0,"axis":"x","origin":[8.0,-17.650002,8.0]},"faces":{"down":{"uv":[13.375,2.25,11.625,2.375],"rotation":0,"texture":"#0","tintindex":0},"east":{"uv":[3.5,10.875,3.625,11.0],"rotation":0,"texture":"#0","tintindex":0},"north":{"uv":[11.5,2.75,13.25,2.875],"rotation":0,"texture":"#0","tintindex":0},"south":{"uv":[11.5,11.125,13.25,11.25],"rotation":0,"texture":"#0","tintindex":0},"up":{"uv":[13.25,11.375,11.5,11.25],"rotation":0,"texture":"#0","tintindex":0},"west":{"uv":[5.375,10.875,5.5,11.0],"rotation":0,"texture":"#0","tintindex":0}}},{"name":"cube","from":[-1.4500003,5.3,5.3],"to":[17.45,6.6499996,6.6499996],"rotation":{"angle":0.0,"axis":"x","origin":[8.0,-17.650002,8.0]},"faces":{"down":{"uv":[13.5,3.0,11.75,3.125],"rotation":0,"texture":"#0","tintindex":0},"east":{"uv":[8.125,10.875,8.25,11.0],"rotation":0,"texture":"#0","tintindex":0},"north":{"uv":[11.625,6.125,13.375,6.25],"rotation":0,"texture":"#0","tintindex":0},"south":{"uv":[1.125,11.75,2.875,11.875],"rotation":0,"texture":"#0","tintindex":0},"up":{"uv":[13.5,3.0,11.75,2.875],"rotation":0,"texture":"#0","tintindex":0},"west":{"uv":[9.375,11.0,9.5,11.125],"rotation":0,"texture":"#0","tintindex":0}}},{"name":"cube","from":[-4.1500006,8.0,5.3],"to":[-2.8000002,14.75,6.6499996],"rotation":{"angle":0.0,"axis":"x","origin":[8.0,-17.650002,8.0]},"faces":{"down":{"uv":[5.375,11.375,5.25,11.5],"rotation":0,"texture":"#0","tintindex":0},"east":{"uv":[3.125,12.25,3.25,12.875],"rotation":0,"texture":"#0","tintindex":0},"north":{"uv":[3.0,12.25,3.125,12.875],"rotation":0,"texture":"#0","tintindex":0},"south":{"uv":[12.25,4.5,12.375,5.125],"rotation":0,"texture":"#0","tintindex":0},"up":{"uv":[9.5,11.25,9.375,11.125],"rotation":0,"texture":"#0","tintindex":0},"west":{"uv":[7.25,12.25,7.375,12.875],"rotation":0,"texture":"#0","tintindex":0}}},{"name":"cube","from":[18.8,8.0,5.3],"to":[20.150002,14.75,6.6499996],"rotation":{"angle":0.0,"axis":"x","origin":[8.0,-17.650002,8.0]},"faces":{"down":{"uv":[8.125,11.5,8.0,11.625],"rotation":0,"texture":"#0","tintindex":0},"east":{"uv":[7.5,12.25,7.625,12.875],"rotation":0,"texture":"#0","tintindex":0},"north":{"uv":[7.375,12.25,7.5,12.875],"rotation":0,"texture":"#0","tintindex":0},"south":{"uv":[8.0,12.25,8.125,12.875],"rotation":0,"texture":"#0","tintindex":0},"up":{"uv":[8.125,11.5,8.0,11.375],"rotation":0,"texture":"#0","tintindex":0},"west":{"uv":[8.125,12.25,8.25,12.875],"rotation":0,"texture":"#0","tintindex":0}}},{"name":"cube","from":[-1.4500003,6.6499996,18.8],"to":[17.45,16.1,20.150002],"rotation":{"angle":0.0,"axis":"x","origin":[8.0,-17.650002,8.0]},"faces":{"down":{"uv":[13.5,3.25,11.75,3.375],"rotation":0,"texture":"#0","tintindex":0},"east":{"uv":[7.125,12.0,7.25,12.875],"rotation":0,"texture":"#0","tintindex":0},"north":{"uv":[4.0,1.125,5.75,2.0],"rotation":0,"texture":"#0","tintindex":0},"south":{"uv":[4.0,2.0,5.75,2.875],"rotation":0,"texture":"#0","tintindex":0},"up":{"uv":[13.5,3.25,11.75,3.125],"rotation":0,"texture":"#0","tintindex":0},"west":{"uv":[10.875,12.0,11.0,12.875],"rotation":0,"texture":"#0","tintindex":0}}},{"name":"cube","from":[2.6,5.75,-5.950001],"to":[13.400001,13.85,-1.9000006],"rotation":{"angle":45.0,"axis":"x","origin":[8.0,-17.650002,8.0]},"faces":{"down":{"uv":[11.625,4.625,10.625,5.0],"rotation":0,"texture":"#0","tintindex":0},"east":{"uv":[7.625,0.75,8.0,1.5],"rotation":0,"texture":"#0","tintindex":0},"north":{"uv":[0.0,7.5,1.0,8.25],"rotation":0,"texture":"#0","tintindex":0},"south":{"uv":[7.5,0.0,8.5,0.75],"rotation":0,"texture":"#0","tintindex":0},"up":{"uv":[11.5,2.875,10.5,2.5],"rotation":0,"texture":"#0","tintindex":0},"west":{"uv":[3.125,7.75,3.5,8.5],"rotation":0,"texture":"#0","tintindex":0}}},{"name":"cube","from":[17.45,8.0,18.8],"to":[18.8,14.75,20.150002],"rotation":{"angle":0.0,"axis":"x","origin":[8.0,-17.650002,8.0]},"faces":{"down":{"uv":[1.375,11.625,1.25,11.75],"rotation":0,"texture":"#0","tintindex":0},"east":{"uv":[8.375,12.25,8.5,12.875],"rotation":0,"texture":"#0","tintindex":0},"north":{"uv":[8.25,12.25,8.375,12.875],"rotation":0,"texture":"#0","tintindex":0},"south":{"uv":[8.5,12.25,8.625,12.875],"rotation":0,"texture":"#0","tintindex":0},"up":{"uv":[1.25,11.75,1.125,11.625],"rotation":0,"texture":"#0","tintindex":0},"west":{"uv":[8.625,12.25,8.75,12.875],"rotation":0,"texture":"#0","tintindex":0}}},{"name":"cube","from":[-2.8000002,8.0,18.8],"to":[-1.4500003,14.75,20.150002],"rotation":{"angle":0.0,"axis":"x","origin":[8.0,-17.650002,8.0]},"faces":{"down":{"uv":[9.125,11.625,9.0,11.75],"rotation":0,"texture":"#0","tintindex":0},"east":{"uv":[10.25,12.25,10.375,12.875],"rotation":0,"texture":"#0","tintindex":0},"north":{"uv":[8.75,12.25,8.875,12.875],"rotation":0,"texture":"#0","tintindex":0},"south":{"uv":[10.375,12.25,10.5,12.875],"rotation":0,"texture":"#0","tintindex":0},"up":{"uv":[9.0,11.75,8.875,11.625],"rotation":0,"texture":"#0","tintindex":0},"west":{"uv":[10.5,12.25,10.625,12.875],"rotation":0,"texture":"#0","tintindex":0}}},{"name":"cube","from":[-0.10000038,16.1,18.8],"to":[16.1,17.45,20.150002],"rotation":{"angle":0.0,"axis":"x","origin":[8.0,-17.650002,8.0]},"faces":{"down":{"uv":[13.25,11.375,11.75,11.5],"rotation":0,"texture":"#0","tintindex":0},"east":{"uv":[4.0,12.5,4.125,12.625],"rotation":0,"texture":"#0","tintindex":0},"north":{"uv":[11.75,6.75,13.25,6.875],"rotation":0,"texture":"#0","tintindex":0},"south":{"uv":[8.875,11.75,10.375,11.875],"rotation":0,"texture":"#0","tintindex":0},"up":{"uv":[12.5,11.875,11.0,11.75],"rotation":0,"texture":"#0","tintindex":0},"west":{"uv":[4.125,12.5,4.25,12.625],"rotation":0,"texture":"#0","tintindex":0}}},{"name":"cube","from":[-0.10000038,5.3,18.8],"to":[16.1,6.6499996,20.150002],"rotation":{"angle":0.0,"axis":"x","origin":[8.0,-17.650002,8.0]},"faces":{"down":{"uv":[13.375,5.375,11.875,5.5],"rotation":0,"texture":"#0","tintindex":0},"east":{"uv":[12.5,4.125,12.625,4.25],"rotation":0,"texture":"#0","tintindex":0},"north":{"uv":[11.75,11.5,13.25,11.625],"rotation":0,"texture":"#0","tintindex":0},"south":{"uv":[11.75,11.625,13.25,11.75],"rotation":0,"texture":"#0","tintindex":0},"up":{"uv":[2.625,12.0,1.125,11.875],"rotation":0,"texture":"#0","tintindex":0},"west":{"uv":[4.25,12.5,4.375,12.625],"rotation":0,"texture":"#0","tintindex":0}}},{"name":"cube","from":[-0.10000038,5.3,2.6],"to":[16.1,6.6499996,5.3],"rotation":{"angle":0.0,"axis":"x","origin":[8.0,-17.650002,8.0]},"faces":{"down":{"uv":[12.0,9.875,10.5,10.125],"rotation":0,"texture":"#0","tintindex":0},"east":{"uv":[2.0,6.25,2.25,6.375],"rotation":0,"texture":"#0","tintindex":0},"north":{"uv":[11.875,5.5,13.375,5.625],"rotation":0,"texture":"#0","tintindex":0},"south":{"uv":[8.875,11.875,10.375,12.0],"rotation":0,"texture":"#0","tintindex":0},"up":{"uv":[12.0,6.5,10.5,6.25],"rotation":0,"texture":"#0","tintindex":0},"west":{"uv":[6.75,1.75,7.0,1.875],"rotation":0,"texture":"#0","tintindex":0}}},{"name":"cube","from":[-1.4500003,-2.8000002,2.6],"to":[17.45,5.3,16.1],"rotation":{"angle":0.0,"axis":"x","origin":[8.0,-17.650002,8.0]},"faces":{"down":{"uv":[4.0,2.375,2.25,3.625],"rotation":0,"texture":"#0","tintindex":0},"east":{"uv":[6.25,0.0,7.5,0.75],"rotation":0,"texture":"#0","tintindex":0},"north":{"uv":[4.5,0.0,6.25,0.75],"rotation":0,"texture":"#0","tintindex":0},"south":{"uv":[2.25,4.5,4.0,5.25],"rotation":0,"texture":"#0","tintindex":0},"up":{"uv":[4.0,2.375,2.25,1.125],"rotation":0,"texture":"#0","tintindex":0},"west":{"uv":[6.25,4.625,7.5,5.375],"rotation":0,"texture":"#0","tintindex":0}}},{"name":"cube","from":[-2.8000002,-1.4500003,3.9499998],"to":[-1.4500003,5.3,14.75],"rotation":{"angle":0.0,"axis":"x","origin":[8.0,-17.650002,8.0]},"faces":{"down":{"uv":[7.875,6.0,7.75,7.0],"rotation":0,"texture":"#0","tintindex":0},"east":{"uv":[8.375,7.125,9.375,7.75],"rotation":0,"texture":"#0","tintindex":0},"north":{"uv":[10.625,12.25,10.75,12.875],"rotation":0,"texture":"#0","tintindex":0},"south":{"uv":[10.75,12.25,10.875,12.875],"rotation":0,"texture":"#0","tintindex":0},"up":{"uv":[7.75,7.0,7.625,6.0],"rotation":0,"texture":"#0","tintindex":0},"west":{"uv":[8.375,7.75,9.375,8.375],"rotation":0,"texture":"#0","tintindex":0}}},{"name":"cube","from":[17.45,-1.4500003,3.9499998],"to":[18.8,5.3,14.75],"rotation":{"angle":0.0,"axis":"x","origin":[8.0,-17.650002,8.0]},"faces":{"down":{"uv":[5.25,8.125,5.125,9.125],"rotation":0,"texture":"#0","tintindex":0},"east":{"uv":[8.375,8.375,9.375,9.0],"rotation":0,"texture":"#0","tintindex":0},"north":{"uv":[11.25,12.25,11.375,12.875],"rotation":0,"texture":"#0","tintindex":0},"south":{"uv":[11.375,12.25,11.5,12.875],"rotation":0,"texture":"#0","tintindex":0},"up":{"uv":[5.125,9.125,5.0,8.125],"rotation":0,"texture":"#0","tintindex":0},"west":{"uv":[8.5,0.0,9.5,0.625],"rotation":0,"texture":"#0","tintindex":0}}},{"name":"cube","from":[2.6,-4.1500006,16.1],"to":[13.400001,-0.10000038,17.45],"rotation":{"angle":0.0,"axis":"x","origin":[8.0,-17.650002,8.0]},"faces":{"down":{"uv":[13.125,0.375,12.125,0.5],"rotation":0,"texture":"#0","tintindex":0},"east":{"uv":[1.0,12.5,1.125,12.875],"rotation":0,"texture":"#0","tintindex":0},"north":{"uv":[10.625,5.0,11.625,5.375],"rotation":0,"texture":"#0","tintindex":0},"south":{"uv":[0.75,10.75,1.75,11.125],"rotation":0,"texture":"#0","tintindex":0},"up":{"uv":[13.0,11.125,12.0,11.0],"rotation":0,"texture":"#0","tintindex":0},"west":{"uv":[12.5,1.25,12.625,1.625],"rotation":0,"texture":"#0","tintindex":0}}},{"name":"cube","from":[1.2499998,-0.10000038,16.1],"to":[14.75,5.3,18.8],"rotation":{"angle":0.0,"axis":"x","origin":[8.0,-17.650002,8.0]},"faces":{"down":{"uv":[12.0,7.375,10.75,7.625],"rotation":0,"texture":"#0","tintindex":0},"east":{"uv":[2.0,5.75,2.25,6.25],"rotation":0,"texture":"#0","tintindex":0},"north":{"uv":[8.5,6.0,9.75,6.5],"rotation":0,"texture":"#0","tintindex":0},"south":{"uv":[8.5,6.5,9.75,7.0],"rotation":0,"texture":"#0","tintindex":0},"up":{"uv":[11.875,5.625,10.625,5.375],"rotation":0,"texture":"#0","tintindex":0},"west":{"uv":[0.75,8.25,1.0,8.75],"rotation":0,"texture":"#0","tintindex":0}}},{"name":"cube","from":[1.2499998,-8.200001,6.6499996],"to":[14.75,-2.8000002,16.1],"rotation":{"angle":0.0,"axis":"x","origin":[8.0,-17.650002,8.0]},"faces":{"down":{"uv":[7.5,2.75,6.25,3.625],"rotation":0,"texture":"#0","tintindex":0},"east":{"uv":[10.125,7.625,11.0,8.125],"rotation":0,"texture":"#0","tintindex":0},"north":{"uv":[8.625,0.625,9.875,1.125],"rotation":0,"texture":"#0","tintindex":0},"south":{"uv":[8.625,1.125,9.875,1.625],"rotation":0,"texture":"#0","tintindex":0},"up":{"uv":[7.0,2.75,5.75,1.875],"rotation":0,"texture":"#0","tintindex":0},"west":{"uv":[10.125,8.125,11.0,8.625],"rotation":0,"texture":"#0","tintindex":0}}},{"name":"cube","from":[1.2526994,-9.997301,14.7527],"to":[14.7473,-3.2527013,18.797298],"rotation":{"angle":-45.0,"axis":"x","origin":[8.0,-17.650002,8.0]},"faces":{"down":{"uv":[11.0,6.5,9.75,6.875],"rotation":0,"texture":"#0","tintindex":0},"east":{"uv":[7.25,11.625,7.625,12.25],"rotation":0,"texture":"#0","tintindex":0},"north":{"uv":[5.375,7.0,6.625,7.625],"rotation":0,"texture":"#0","tintindex":0},"south":{"uv":[6.625,7.0,7.875,7.625],"rotation":0,"texture":"#0","tintindex":0},"up":{"uv":[5.75,1.125,4.5,0.75],"rotation":0,"texture":"#0","tintindex":0},"west":{"uv":[11.625,8.25,12.0,8.875],"rotation":0,"texture":"#0","tintindex":0}}}],"display":{"head":{"translation":[0.0,-6.4,0.0],"rotation":[0.0,0.0,0.0],"scale":[3.8095,3.8095,3.8095]}}}