{"textures":{"0":"modelengine:entity/rocky","1":"modelengine:entity/hat"},"elements":[{"name":"cube","from":[17.6,18.2,3.7999997],"to":[20.600002,21.2,6.8],"rotation":{"angle":0.0,"axis":"x","origin":[8.0,8.0,8.0]},"faces":{"down":{"uv":[5.25,3.25,5.75,3.75],"rotation":0,"texture":"#1","tintindex":0},"east":{"uv":[1.25,3.25,1.75,3.75],"rotation":0,"texture":"#1","tintindex":0},"north":{"uv":[0.25,3.25,0.75,3.75],"rotation":0,"texture":"#1","tintindex":0},"south":{"uv":[2.25,3.25,2.75,3.75],"rotation":0,"texture":"#1","tintindex":0},"up":{"uv":[4.25,3.25,4.75,3.75],"rotation":0,"texture":"#1","tintindex":0},"west":{"uv":[3.25,3.25,3.75,3.75],"rotation":0,"texture":"#1","tintindex":0}}}],"display":{"head":{"translation":[0.0,-6.4,0.0],"rotation":[0.0,0.0,0.0],"scale":[3.8095,3.8095,3.8095]}}}