{"textures":{"0":"modelengine:entity/rocky","1":"modelengine:entity/hat"},"elements":[{"name":"cube","from":[4.3999996,17.6,1.9999998],"to":[10.4,20.600002,8.0],"rotation":{"angle":0.0,"axis":"x","origin":[8.0,8.0,8.0]},"faces":{"down":{"uv":[1.25,1.25,1.75,1.75],"rotation":0,"texture":"#1","tintindex":0},"east":{"uv":[13.25,0.25,13.75,0.75],"rotation":0,"texture":"#1","tintindex":0},"north":{"uv":[12.25,0.25,12.75,0.75],"rotation":0,"texture":"#1","tintindex":0},"south":{"uv":[14.25,0.25,14.75,0.75],"rotation":0,"texture":"#1","tintindex":0},"up":{"uv":[0.25,1.25,0.75,1.75],"rotation":0,"texture":"#1","tintindex":0},"west":{"uv":[15.25,0.25,15.75,0.75],"rotation":0,"texture":"#1","tintindex":0}}}],"display":{"head":{"translation":[0.0,-6.4,0.0],"rotation":[0.0,0.0,0.0],"scale":[3.8095,3.8095,3.8095]}}}