{"textures":{"0":"modelengine:entity/rocky","1":"modelengine:entity/hat"},"elements":[{"name":"cube","from":[5.521684,7.0948687,5.6],"to":[10.321684,10.094869,10.4],"rotation":{"angle":0.0,"axis":"x","origin":[9.7216835,-4.305132,11.0]},"faces":{"down":{"uv":[7.25,1.25,7.75,1.75],"rotation":0,"texture":"#1","tintindex":0},"east":{"uv":[3.25,1.25,3.75,1.75],"rotation":0,"texture":"#1","tintindex":0},"north":{"uv":[2.25,1.25,2.75,1.75],"rotation":0,"texture":"#1","tintindex":0},"south":{"uv":[4.25,1.25,4.75,1.75],"rotation":0,"texture":"#1","tintindex":0},"up":{"uv":[6.25,1.25,6.75,1.75],"rotation":0,"texture":"#1","tintindex":0},"west":{"uv":[5.25,1.25,5.75,1.75],"rotation":0,"texture":"#1","tintindex":0}}}],"display":{"head":{"translation":[0.0,-6.4,0.0],"rotation":[0.0,0.0,0.0],"scale":[3.8095,3.8095,3.8095]}}}