{"textures":{"0":"modelengine:entity/rocky","1":"modelengine:entity/hat"},"elements":[{"name":"cube","from":[7.2156415,7.5559144,7.4],"to":[10.215641,9.355915,8.6],"rotation":{"angle":0.0,"axis":"x","origin":[19.815643,-5.644086,11.0]},"faces":{"down":{"uv":[15.25,2.25,15.75,2.75],"rotation":0,"texture":"#1","tintindex":0},"east":{"uv":[11.25,2.25,11.75,2.75],"rotation":0,"texture":"#1","tintindex":0},"north":{"uv":[10.25,2.25,10.75,2.75],"rotation":0,"texture":"#1","tintindex":0},"south":{"uv":[12.25,2.25,12.75,2.75],"rotation":0,"texture":"#1","tintindex":0},"up":{"uv":[14.25,2.25,14.75,2.75],"rotation":0,"texture":"#1","tintindex":0},"west":{"uv":[13.25,2.25,13.75,2.75],"rotation":0,"texture":"#1","tintindex":0}}}],"display":{"head":{"translation":[0.0,-6.4,0.0],"rotation":[0.0,0.0,0.0],"scale":[3.8095,3.8095,3.8095]}}}