{"textures":{"0":"modelengine:entity/rocky","1":"modelengine:entity/hat"},"elements":[{"name":"cube","from":[5.9402723,7.6715546,6.2],"to":[9.540272,10.671555,9.8],"rotation":{"angle":0.0,"axis":"x","origin":[11.940272,-5.5284433,11.0]},"faces":{"down":{"uv":[13.25,1.25,13.75,1.75],"rotation":0,"texture":"#1","tintindex":0},"east":{"uv":[9.25,1.25,9.75,1.75],"rotation":0,"texture":"#1","tintindex":0},"north":{"uv":[8.25,1.25,8.75,1.75],"rotation":0,"texture":"#1","tintindex":0},"south":{"uv":[10.25,1.25,10.75,1.75],"rotation":0,"texture":"#1","tintindex":0},"up":{"uv":[12.25,1.25,12.75,1.75],"rotation":0,"texture":"#1","tintindex":0},"west":{"uv":[11.25,1.25,11.75,1.75],"rotation":0,"texture":"#1","tintindex":0}}}],"display":{"head":{"translation":[0.0,-6.4,0.0],"rotation":[0.0,0.0,0.0],"scale":[3.8095,3.8095,3.8095]}}}