{"textures":{"0":"modelengine:entity/rocky","1":"modelengine:entity/hat"},"elements":[{"name":"cube","from":[7.3551574,7.3092575,7.4],"to":[9.155157,10.3092575,8.6],"rotation":{"angle":0.0,"axis":"x","origin":[22.955158,-1.6907454,11.0]},"faces":{"down":{"uv":[9.25,2.25,9.75,2.75],"rotation":0,"texture":"#1","tintindex":0},"east":{"uv":[5.25,2.25,5.75,2.75],"rotation":0,"texture":"#1","tintindex":0},"north":{"uv":[4.25,2.25,4.75,2.75],"rotation":0,"texture":"#1","tintindex":0},"south":{"uv":[6.25,2.25,6.75,2.75],"rotation":0,"texture":"#1","tintindex":0},"up":{"uv":[8.25,2.25,8.75,2.75],"rotation":0,"texture":"#1","tintindex":0},"west":{"uv":[7.25,2.25,7.75,2.75],"rotation":0,"texture":"#1","tintindex":0}}}],"display":{"head":{"translation":[0.0,-6.4,0.0],"rotation":[0.0,0.0,0.0],"scale":[3.8095,3.8095,3.8095]}}}