{"textures":{"0":"modelengine:entity/rocky","1":"modelengine:entity/hat"},"elements":[{"name":"cube","from":[-2.2000003,20.600002,3.7999997],"to":[0.19999981,23.600002,6.2],"rotation":{"angle":0.0,"axis":"x","origin":[8.0,8.0,8.0]},"faces":{"down":{"uv":[3.25,2.25,3.75,2.75],"rotation":0,"texture":"#1","tintindex":0},"east":{"uv":[15.25,1.25,15.75,1.75],"rotation":0,"texture":"#1","tintindex":0},"north":{"uv":[14.25,1.25,14.75,1.75],"rotation":0,"texture":"#1","tintindex":0},"south":{"uv":[0.25,2.25,0.75,2.75],"rotation":0,"texture":"#1","tintindex":0},"up":{"uv":[2.25,2.25,2.75,2.75],"rotation":0,"texture":"#1","tintindex":0},"west":{"uv":[1.25,2.25,1.75,2.75],"rotation":0,"texture":"#1","tintindex":0}}}],"display":{"head":{"translation":[0.0,-6.4,0.0],"rotation":[0.0,0.0,0.0],"scale":[3.8095,3.8095,3.8095]}}}