{"textures":{"0":"modelengine:entity/rocky","1":"modelengine:entity/hat"},"elements":[{"name":"cube","from":[-7.6000004,17.0,4.3999996],"to":[-5.8,20.0,5.6],"rotation":{"angle":0.0,"axis":"x","origin":[8.0,8.0,8.0]},"faces":{"down":{"uv":[9.25,2.25,9.75,2.75],"rotation":0,"texture":"#1","tintindex":0},"east":{"uv":[5.25,2.25,5.75,2.75],"rotation":0,"texture":"#1","tintindex":0},"north":{"uv":[4.25,2.25,4.75,2.75],"rotation":0,"texture":"#1","tintindex":0},"south":{"uv":[6.25,2.25,6.75,2.75],"rotation":0,"texture":"#1","tintindex":0},"up":{"uv":[8.25,2.25,8.75,2.75],"rotation":0,"texture":"#1","tintindex":0},"west":{"uv":[7.25,2.25,7.75,2.75],"rotation":0,"texture":"#1","tintindex":0}}}],"display":{"head":{"translation":[0.0,-6.4,0.0],"rotation":[0.0,0.0,0.0],"scale":[3.8095,3.8095,3.8095]}}}