{"textures":{"0":"modelengine:entity/rocky","1":"modelengine:entity/hat"},"elements":[{"name":"cube","from":[2.6,8.0,-6.8500004],"to":[10.700001,17.45,1.2499998],"rotation":{"angle":22.5,"axis":"x","origin":[24.2,-21.7,1.2499998]},"faces":{"down":{"uv":[0.75,9.125,0.0,9.875],"rotation":0,"texture":"#0","tintindex":0},"east":{"uv":[8.125,3.625,8.875,4.5],"rotation":0,"texture":"#0","tintindex":0},"north":{"uv":[4.375,5.375,5.125,6.25],"rotation":0,"texture":"#0","tintindex":0},"south":{"uv":[4.25,8.125,5.0,9.0],"rotation":0,"texture":"#0","tintindex":0},"up":{"uv":[9.75,9.75,9.0,9.0],"rotation":0,"texture":"#0","tintindex":0},"west":{"uv":[0.0,8.25,0.75,9.125],"rotation":0,"texture":"#0","tintindex":0}}},{"name":"cube","from":[3.9499998,17.45,-5.500001],"to":[9.35,30.95,-0.10000038],"rotation":{"angle":22.5,"axis":"x","origin":[24.2,-21.7,1.2499998]},"faces":{"down":{"uv":[6.25,11.5,5.75,12.0],"rotation":0,"texture":"#0","tintindex":0},"east":{"uv":[7.75,8.75,8.25,10.0],"rotation":0,"texture":"#0","tintindex":0},"north":{"uv":[1.5,7.75,2.0,9.0],"rotation":0,"texture":"#0","tintindex":0},"south":{"uv":[2.5,8.875,3.0,10.125],"rotation":0,"texture":"#0","tintindex":0},"up":{"uv":[5.75,12.0,5.25,11.5],"rotation":0,"texture":"#0","tintindex":0},"west":{"uv":[8.875,3.375,9.375,4.625],"rotation":0,"texture":"#0","tintindex":0}}}],"display":{"head":{"translation":[0.0,-6.4,0.0],"rotation":[0.0,0.0,0.0],"scale":[3.8095,3.8095,3.8095]}}}