{"textures":{"0":"modelengine:entity/rocky","1":"modelengine:entity/hat"},"elements":[{"name":"cube","from":[5.3,5.3,-0.10000038],"to":[12.05,10.700001,8.0],"rotation":{"angle":22.5,"axis":"x","origin":[13.400001,-1.4500003,5.3]},"faces":{"down":{"uv":[7.625,10.125,7.0,10.875],"rotation":0,"texture":"#0","tintindex":0},"east":{"uv":[10.25,10.75,11.0,11.25],"rotation":0,"texture":"#0","tintindex":0},"north":{"uv":[2.0,11.25,2.625,11.75],"rotation":0,"texture":"#0","tintindex":0},"south":{"uv":[2.625,11.25,3.25,11.75],"rotation":0,"texture":"#0","tintindex":0},"up":{"uv":[10.75,7.625,10.125,6.875],"rotation":0,"texture":"#0","tintindex":0},"west":{"uv":[10.875,0.0,11.625,0.5],"rotation":0,"texture":"#0","tintindex":0}}},{"name":"cube","from":[6.6499996,2.6,3.9499998],"to":[10.700001,8.0,9.35],"rotation":{"angle":0.0,"axis":"x","origin":[8.0,6.6499996,5.3]},"faces":{"down":{"uv":[12.375,8.75,12.0,9.25],"rotation":0,"texture":"#0","tintindex":0},"east":{"uv":[3.25,11.625,3.75,12.125],"rotation":0,"texture":"#0","tintindex":0},"north":{"uv":[6.75,12.0,7.125,12.5],"rotation":0,"texture":"#0","tintindex":0},"south":{"uv":[12.0,6.875,12.375,7.375],"rotation":0,"texture":"#0","tintindex":0},"up":{"uv":[12.375,8.75,12.0,8.25],"rotation":0,"texture":"#0","tintindex":0},"west":{"uv":[3.75,11.625,4.25,12.125],"rotation":0,"texture":"#0","tintindex":0}}}],"display":{"head":{"translation":[0.0,-6.4,0.0],"rotation":[0.0,0.0,0.0],"scale":[3.8095,3.8095,3.8095]}}}