{"textures":{"0":"modelengine:entity/rocky","1":"modelengine:entity/hat"},"elements":[{"name":"cube","from":[6.6499996,2.6,2.6],"to":[17.45,14.75,13.400001],"rotation":{"angle":0.0,"axis":"x","origin":[8.0,8.0,8.0]},"faces":{"down":{"uv":[5.375,6.25,4.375,7.25],"rotation":0,"texture":"#0","tintindex":0},"east":{"uv":[0.0,5.5,1.0,6.625],"rotation":0,"texture":"#0","tintindex":0},"north":{"uv":[3.375,5.375,4.375,6.5],"rotation":0,"texture":"#0","tintindex":0},"south":{"uv":[5.75,0.75,6.75,1.875],"rotation":0,"texture":"#0","tintindex":0},"up":{"uv":[7.25,4.625,6.25,3.625],"rotation":0,"texture":"#0","tintindex":0},"west":{"uv":[1.0,5.75,2.0,6.875],"rotation":0,"texture":"#0","tintindex":0}}},{"name":"cube","from":[8.0,3.9499998,1.2499998],"to":[16.1,12.05,14.75],"rotation":{"angle":0.0,"axis":"x","origin":[8.0,8.0,8.0]},"faces":{"down":{"uv":[3.5,6.5,2.75,7.75],"rotation":0,"texture":"#0","tintindex":0},"east":{"uv":[5.375,6.25,6.625,7.0],"rotation":0,"texture":"#0","tintindex":0},"north":{"uv":[4.125,9.0,4.875,9.75],"rotation":0,"texture":"#0","tintindex":0},"south":{"uv":[8.25,9.0,9.0,9.75],"rotation":0,"texture":"#0","tintindex":0},"up":{"uv":[2.75,7.625,2.0,6.375],"rotation":0,"texture":"#0","tintindex":0},"west":{"uv":[6.25,5.375,7.5,6.125],"rotation":0,"texture":"#0","tintindex":0}}},{"name":"cube","from":[8.0,14.75,8.0],"to":[14.75,16.1,13.400001],"rotation":{"angle":45.0,"axis":"y","origin":[8.0,8.0,8.0]},"faces":{"down":{"uv":[6.0,11.0,5.375,11.5],"rotation":0,"texture":"#0","tintindex":0},"east":{"uv":[12.375,5.0,12.875,5.125],"rotation":0,"texture":"#0","tintindex":0},"north":{"uv":[12.25,2.625,12.875,2.75],"rotation":0,"texture":"#0","tintindex":0},"south":{"uv":[12.25,5.125,12.875,5.25],"rotation":0,"texture":"#0","tintindex":0},"up":{"uv":[4.875,11.5,4.25,11.0],"rotation":0,"texture":"#0","tintindex":0},"west":{"uv":[12.375,8.75,12.875,8.875],"rotation":0,"texture":"#0","tintindex":0}}},{"name":"cube","from":[12.05,5.3,5.3],"to":[18.8,12.05,9.35],"rotation":{"angle":22.5,"axis":"x","origin":[8.0,8.0,8.0]},"faces":{"down":{"uv":[12.25,5.0,11.625,5.375],"rotation":0,"texture":"#0","tintindex":0},"east":{"uv":[8.5,11.625,8.875,12.25],"rotation":0,"texture":"#0","tintindex":0},"north":{"uv":[6.125,10.375,6.75,11.0],"rotation":0,"texture":"#0","tintindex":0},"south":{"uv":[8.25,10.375,8.875,11.0],"rotation":0,"texture":"#0","tintindex":0},"up":{"uv":[10.5,2.25,9.875,1.875],"rotation":0,"texture":"#0","tintindex":0},"west":{"uv":[11.625,8.875,12.0,9.5],"rotation":0,"texture":"#0","tintindex":0}}}],"display":{"head":{"translation":[0.0,-6.4,0.0],"rotation":[0.0,0.0,0.0],"scale":[3.8095,3.8095,3.8095]}}}