{"textures":{"0":"modelengine:entity/rocky","1":"modelengine:entity/hat"},"elements":[{"name":"cube","from":[5.3,5.3,-0.10000038],"to":[12.05,10.700001,8.0],"rotation":{"angle":22.5,"axis":"x","origin":[13.400001,-1.4500003,5.3]},"faces":{"down":{"uv":[5.5,10.0,4.875,10.75],"rotation":0,"texture":"#0","tintindex":0},"east":{"uv":[10.75,6.875,11.5,7.375],"rotation":0,"texture":"#0","tintindex":0},"north":{"uv":[0.0,11.25,0.625,11.75],"rotation":0,"texture":"#0","tintindex":0},"south":{"uv":[1.375,11.25,2.0,11.75],"rotation":0,"texture":"#0","tintindex":0},"up":{"uv":[3.625,10.75,3.0,10.0],"rotation":0,"texture":"#0","tintindex":0},"west":{"uv":[9.5,10.75,10.25,11.25],"rotation":0,"texture":"#0","tintindex":0}}},{"name":"cube","from":[6.6499996,2.6,3.9499998],"to":[10.700001,8.0,9.35],"rotation":{"angle":0.0,"axis":"x","origin":[8.0,6.6499996,5.3]},"faces":{"down":{"uv":[6.0,12.0,5.625,12.5],"rotation":0,"texture":"#0","tintindex":0},"east":{"uv":[0.625,11.625,1.125,12.125],"rotation":0,"texture":"#0","tintindex":0},"north":{"uv":[2.875,11.75,3.25,12.25],"rotation":0,"texture":"#0","tintindex":0},"south":{"uv":[4.25,12.0,4.625,12.5],"rotation":0,"texture":"#0","tintindex":0},"up":{"uv":[5.625,12.5,5.25,12.0],"rotation":0,"texture":"#0","tintindex":0},"west":{"uv":[11.625,1.75,12.125,2.25],"rotation":0,"texture":"#0","tintindex":0}}}],"display":{"head":{"translation":[0.0,-6.4,0.0],"rotation":[0.0,0.0,0.0],"scale":[3.8095,3.8095,3.8095]}}}