{"textures":{"0":"modelengine:entity/wingen1","1":"modelengine:entity/woingen2","2":"modelengine:entity/wingen1a","3":"modelengine:entity/wing2a","4":"modelengine:entity/em_blackangel","5":"modelengine:entity/wing asset","6":"modelengine:entity/eyes"},"elements":[{"name":"cube","from":[4.6194487,6.4726257,7.484659],"to":[12.419449,7.6726255,8.08466],"rotation":{"angle":-22.5,"axis":"z","origin":[11.248482,8.15,7.835]},"faces":{"down":{"uv":[16.25,0.75,13.0,0.5],"rotation":180,"texture":"#5","tintindex":0},"east":{"uv":[0.86875,0.0,0.0,1.0],"rotation":0,"texture":"#0","tintindex":0},"north":{"uv":[16.0,1.0,13.0,0.5],"rotation":180,"texture":"#5","tintindex":0},"south":{"uv":[16.25,1.0,13.0,0.5],"rotation":180,"texture":"#5","tintindex":0},"up":{"uv":[0.625,0.0,0.0,0.86875],"rotation":0,"texture":"#0","tintindex":0},"west":{"uv":[13.25,0.5,13.0,0.0],"rotation":180,"texture":"#5","tintindex":0}}},{"name":"cube","from":[4.6194487,7.6726255,7.184659],"to":[12.419449,8.872625,8.38466],"rotation":{"angle":-22.5,"axis":"z","origin":[11.248482,8.15,7.835]},"faces":{"down":{"uv":[16.0,0.5,13.0,0.0],"rotation":180,"texture":"#5","tintindex":0},"east":{"uv":[0.86875,0.0,0.0,1.0],"rotation":0,"texture":"#0","tintindex":0},"north":{"uv":[16.0,0.5,13.0,0.0],"rotation":180,"texture":"#5","tintindex":0},"south":{"uv":[16.0,1.0,12.75,0.5],"rotation":180,"texture":"#5","tintindex":0},"up":{"uv":[16.0,0.5,13.0,0.0],"rotation":180,"texture":"#5","tintindex":0},"west":{"uv":[13.75,0.75,13.0,0.0],"rotation":180,"texture":"#5","tintindex":0}}},{"name":"cube","from":[11.219449,7.372626,6.8846593],"to":[13.019449,9.172626,8.68466],"rotation":{"angle":-22.5,"axis":"z","origin":[11.248482,8.15,7.835]},"faces":{"down":{"uv":[13.75,0.75,13.0,0.0],"rotation":180,"texture":"#5","tintindex":0},"east":{"uv":[13.75,0.75,13.0,0.0],"rotation":180,"texture":"#5","tintindex":0},"north":{"uv":[13.75,0.75,13.0,0.0],"rotation":180,"texture":"#5","tintindex":0},"south":{"uv":[14.5,0.75,13.75,0.0],"rotation":180,"texture":"#5","tintindex":0},"up":{"uv":[13.75,0.75,13.0,0.0],"rotation":180,"texture":"#5","tintindex":0},"west":{"uv":[13.75,0.75,13.0,0.0],"rotation":180,"texture":"#5","tintindex":0}}},{"name":"puntalum","from":[-16.0,-13.701947,7.8884335],"to":[14.600002,13.898054,7.7384334],"rotation":{"angle":0.0,"axis":"x","origin":[63.940376,-24.119576,-17.711227]},"faces":{"down":{"uv":[12.75,0.125,6.375,0.25],"rotation":0,"texture":"#1","tintindex":0},"east":{"uv":[6.375,0.25,6.5,6.0],"rotation":0,"texture":"#1","tintindex":0},"north":{"uv":[0.0,0.0,6.375,5.75],"rotation":0,"texture":"#1","tintindex":0},"south":{"uv":[6.375,0.0,0.0,5.75],"rotation":0,"texture":"#1","tintindex":0},"up":{"uv":[12.75,0.125,6.375,0.0],"rotation":0,"texture":"#1","tintindex":0},"west":{"uv":[6.375,6.0,6.5,11.75],"rotation":0,"texture":"#1","tintindex":0}}},{"name":"cube","from":[-3.1805515,9.457624,7.484659],"to":[5.2194486,10.657625,8.08466],"rotation":{"angle":-22.5,"axis":"z","origin":[4.04848,11.134999,7.835]},"faces":{"down":{"uv":[16.5,0.75,13.0,0.5],"rotation":180,"texture":"#5","tintindex":0},"east":{"uv":[0.86875,0.0,0.0,1.0],"rotation":0,"texture":"#0","tintindex":0},"north":{"uv":[16.0,1.0,13.0,0.5],"rotation":180,"texture":"#5","tintindex":0},"south":{"uv":[16.5,1.0,13.0,0.5],"rotation":180,"texture":"#5","tintindex":0},"up":{"uv":[0.625,0.0,0.0,0.86875],"rotation":0,"texture":"#0","tintindex":0},"west":{"uv":[16.0,1.0,13.0,0.5],"rotation":180,"texture":"#5","tintindex":0}}},{"name":"cube","from":[-3.780552,10.657625,7.184659],"to":[5.2194486,11.857625,8.38466],"rotation":{"angle":-22.5,"axis":"z","origin":[4.04848,11.134999,7.835]},"faces":{"down":{"uv":[16.0,0.5,13.0,0.0],"rotation":180,"texture":"#5","tintindex":0},"east":{"uv":[0.86875,0.0,0.0,1.0],"rotation":0,"texture":"#0","tintindex":0},"north":{"uv":[17.25,1.0,12.75,0.5],"rotation":180,"texture":"#5","tintindex":0},"south":{"uv":[16.0,1.0,12.75,0.5],"rotation":180,"texture":"#5","tintindex":0},"up":{"uv":[16.0,0.5,12.75,0.0],"rotation":180,"texture":"#5","tintindex":0},"west":{"uv":[13.5,0.5,13.0,0.0],"rotation":180,"texture":"#5","tintindex":0}}}],"display":{"head":{"translation":[-13.583663,-6.4,0.0],"rotation":[0.0,0.0,0.0],"scale":[3.8095,3.8095,3.8095]}}}