{"textures":{"0":"modelengine:entity/wingen1","1":"modelengine:entity/woingen2","2":"modelengine:entity/wingen1a","3":"modelengine:entity/wing2a","4":"modelengine:entity/em_blackangel","5":"modelengine:entity/wing asset","6":"modelengine:entity/eyes"},"elements":[{"name":"cube","from":[6.6125,6.2075005,6.3125],"to":[9.6125,7.4075003,9.9125],"rotation":{"angle":0.0,"axis":"x","origin":[7.8125,5.6075,8.1125]},"faces":{"down":{"uv":[1.8125,6.5,1.5,6.875],"rotation":0,"texture":"#4","tintindex":0},"east":{"uv":[7.9375,7.8125,8.3125,7.9375],"rotation":0,"texture":"#4","tintindex":0},"north":{"uv":[3.125,8.0625,3.4375,8.1875],"rotation":0,"texture":"#4","tintindex":0},"south":{"uv":[8.0625,8.0,8.375,8.125],"rotation":0,"texture":"#4","tintindex":0},"up":{"uv":[6.8125,0.8125,6.5,0.4375],"rotation":0,"texture":"#4","tintindex":0},"west":{"uv":[1.1875,8.0,1.5625,8.125],"rotation":0,"texture":"#4","tintindex":0}}},{"name":"cube","from":[6.7685003,7.5635004,6.4685],"to":[9.4565,7.8515005,9.7565],"rotation":{"angle":0.0,"axis":"x","origin":[7.8125,5.6075,8.1125]},"faces":{"down":{"uv":[5.625,6.5,5.3125,6.875],"rotation":0,"texture":"#4","tintindex":0},"east":{"uv":[8.5,1.25,8.875,1.3125],"rotation":0,"texture":"#4","tintindex":0},"north":{"uv":[6.8125,5.1875,7.125,5.25],"rotation":0,"texture":"#4","tintindex":0},"south":{"uv":[7.1875,4.125,7.5,4.1875],"rotation":0,"texture":"#4","tintindex":0},"up":{"uv":[5.25,6.875,4.9375,6.5],"rotation":0,"texture":"#4","tintindex":0},"west":{"uv":[8.5,1.375,8.875,1.4375],"rotation":0,"texture":"#4","tintindex":0}}},{"name":"cube","from":[6.6125,4.4075003,6.3125],"to":[7.8125,6.2075005,9.9125],"rotation":{"angle":0.0,"axis":"x","origin":[7.8125,5.6075,8.1125]},"faces":{"down":{"uv":[3.0625,7.9375,2.9375,8.3125],"rotation":0,"texture":"#4","tintindex":0},"east":{"uv":[7.5625,4.625,7.9375,4.8125],"rotation":0,"texture":"#4","tintindex":0},"north":{"uv":[8.5,1.5,8.625,1.6875],"rotation":0,"texture":"#4","tintindex":0},"south":{"uv":[8.5,2.25,8.625,2.4375],"rotation":0,"texture":"#4","tintindex":0},"up":{"uv":[2.875,8.3125,2.75,7.9375],"rotation":0,"texture":"#4","tintindex":0},"west":{"uv":[4.75,7.5625,5.125,7.75],"rotation":0,"texture":"#4","tintindex":0}}},{"name":"cube","from":[7.6924996,5.1275005,6.7925],"to":[9.3725,6.2075005,9.672501],"rotation":{"angle":0.0,"axis":"x","origin":[7.8125,5.6075,8.1125]},"faces":{"down":{"uv":[4.9375,7.8125,4.75,8.125],"rotation":0,"texture":"#4","tintindex":0},"east":{"uv":[8.125,2.3125,8.4375,2.4375],"rotation":0,"texture":"#4","tintindex":0},"north":{"uv":[8.5,2.5,8.6875,2.625],"rotation":0,"texture":"#4","tintindex":0},"south":{"uv":[4.125,8.5,4.3125,8.625],"rotation":0,"texture":"#4","tintindex":0},"up":{"uv":[1.125,8.125,0.9375,7.8125],"rotation":0,"texture":"#4","tintindex":0},"west":{"uv":[8.125,2.5,8.4375,2.625],"rotation":0,"texture":"#4","tintindex":0}}},{"name":"cube","from":[9.0125,4.4075003,6.3125],"to":[10.2125,6.2075005,7.5125],"rotation":{"angle":0.0,"axis":"x","origin":[7.8125,5.6075,8.1125]},"faces":{"down":{"uv":[6.9375,8.625,6.8125,8.75],"rotation":0,"texture":"#4","tintindex":0},"east":{"uv":[5.125,8.5,5.25,8.6875],"rotation":0,"texture":"#4","tintindex":0},"north":{"uv":[3.5,8.5,3.625,8.6875],"rotation":0,"texture":"#4","tintindex":0},"south":{"uv":[5.3125,8.5,5.4375,8.6875],"rotation":0,"texture":"#4","tintindex":0},"up":{"uv":[3.8125,8.75,3.6875,8.625],"rotation":0,"texture":"#4","tintindex":0},"west":{"uv":[6.5,8.5,6.625,8.6875],"rotation":0,"texture":"#4","tintindex":0}}},{"name":"cube","from":[6.7325,4.2875004,6.1925],"to":[9.372499,5.1275,7.0325],"rotation":{"angle":0.0,"axis":"x","origin":[7.8125,5.6075,8.1125]},"faces":{"down":{"uv":[8.9375,3.0625,8.6875,3.125],"rotation":0,"texture":"#4","tintindex":0},"east":{"uv":[6.5,7.3125,6.5625,7.375],"rotation":0,"texture":"#4","tintindex":0},"north":{"uv":[8.6875,2.25,8.9375,2.3125],"rotation":0,"texture":"#4","tintindex":0},"south":{"uv":[8.6875,2.375,8.9375,2.4375],"rotation":0,"texture":"#4","tintindex":0},"up":{"uv":[8.9375,3.0,8.6875,2.9375],"rotation":0,"texture":"#4","tintindex":0},"west":{"uv":[7.4375,2.6875,7.5,2.75],"rotation":0,"texture":"#4","tintindex":0}}},{"name":"cube","from":[6.7325,4.2875004,7.2425003],"to":[9.372499,5.1275,8.0825],"rotation":{"angle":0.0,"axis":"x","origin":[7.8125,5.6075,7.9625]},"faces":{"down":{"uv":[4.3125,8.6875,4.0625,8.75],"rotation":0,"texture":"#4","tintindex":0},"east":{"uv":[7.5625,2.6875,7.625,2.75],"rotation":0,"texture":"#4","tintindex":0},"north":{"uv":[3.125,8.6875,3.375,8.75],"rotation":0,"texture":"#4","tintindex":0},"south":{"uv":[8.6875,3.1875,8.9375,3.25],"rotation":0,"texture":"#4","tintindex":0},"up":{"uv":[8.9375,3.375,8.6875,3.3125],"rotation":0,"texture":"#4","tintindex":0},"west":{"uv":[3.5,7.5625,3.5625,7.625],"rotation":0,"texture":"#4","tintindex":0}}},{"name":"cube","from":[6.7325,4.2875004,8.2925],"to":[9.372499,5.1275,9.1325],"rotation":{"angle":0.0,"axis":"x","origin":[7.8125,5.6075,8.4125]},"faces":{"down":{"uv":[6.0625,8.6875,5.8125,8.75],"rotation":0,"texture":"#4","tintindex":0},"east":{"uv":[2.875,8.75,2.9375,8.8125],"rotation":0,"texture":"#4","tintindex":0},"north":{"uv":[4.375,8.6875,4.625,8.75],"rotation":0,"texture":"#4","tintindex":0},"south":{"uv":[4.6875,8.6875,4.9375,8.75],"rotation":0,"texture":"#4","tintindex":0},"up":{"uv":[5.75,8.75,5.5,8.6875],"rotation":0,"texture":"#4","tintindex":0},"west":{"uv":[5.375,8.75,5.4375,8.8125],"rotation":0,"texture":"#4","tintindex":0}}},{"name":"cube","from":[6.7325,4.2875004,9.1925],"to":[9.372499,5.1275,10.032499],"rotation":{"angle":0.0,"axis":"x","origin":[7.8125,5.6075,8.1125]},"faces":{"down":{"uv":[8.9375,6.5625,8.6875,6.625],"rotation":0,"texture":"#4","tintindex":0},"east":{"uv":[8.75,6.1875,8.8125,6.25],"rotation":0,"texture":"#4","tintindex":0},"north":{"uv":[8.6875,5.8125,8.9375,5.875],"rotation":0,"texture":"#4","tintindex":0},"south":{"uv":[8.6875,5.9375,8.9375,6.0],"rotation":0,"texture":"#4","tintindex":0},"up":{"uv":[8.9375,6.5,8.6875,6.4375],"rotation":0,"texture":"#4","tintindex":0},"west":{"uv":[6.3125,8.75,6.375,8.8125],"rotation":0,"texture":"#4","tintindex":0}}}],"display":{"head":{"translation":[0.0,-6.4,0.0],"rotation":[0.0,0.0,0.0],"scale":[3.8095,3.8095,3.8095]}}}