{"textures":{"0":"modelengine:entity/wingen1","1":"modelengine:entity/woingen2","2":"modelengine:entity/wingen1a","3":"modelengine:entity/wing2a","4":"modelengine:entity/em_blackangel","5":"modelengine:entity/wing asset","6":"modelengine:entity/eyes"},"elements":[{"name":"aluminio","from":[-7.0600004,-8.039287,7.745],"to":[7.94,9.360714,8.045],"rotation":{"angle":0.0,"axis":"x","origin":[15.14,-4.4392867,4.9249997]},"faces":{"down":{"uv":[13.75,7.5,7.5,7.75],"rotation":0,"texture":"#0","tintindex":0},"east":{"uv":[0.0,7.5,0.25,14.75],"rotation":0,"texture":"#0","tintindex":0},"north":{"uv":[0.0,0.0,6.25,7.25],"rotation":0,"texture":"#0","tintindex":0},"south":{"uv":[6.25,0.0,0.0,7.25],"rotation":0,"texture":"#0","tintindex":0},"up":{"uv":[7.25,7.75,1.0,7.5],"rotation":0,"texture":"#0","tintindex":0},"west":{"uv":[0.5,7.5,0.75,14.75],"rotation":0,"texture":"#0","tintindex":0}}},{"name":"cube","from":[-0.25000024,5.75,7.55],"to":[7.1,6.95,8.15],"rotation":{"angle":0.0,"axis":"x","origin":[10.4,2.1499996,9.365]},"faces":{"down":{"uv":[16.0,1.0,13.0,0.5],"rotation":180,"texture":"#5","tintindex":0},"east":{"uv":[13.75,0.5,13.5,0.0],"rotation":180,"texture":"#5","tintindex":0},"north":{"uv":[16.0,1.0,13.0,0.5],"rotation":180,"texture":"#5","tintindex":0},"south":{"uv":[8.5625,1.0,5.5,0.5],"rotation":180,"texture":"#5","tintindex":0},"up":{"uv":[0.625,0.0,0.0,0.86875],"rotation":0,"texture":"#0","tintindex":0},"west":{"uv":[13.5,1.0,13.0,0.5],"rotation":180,"texture":"#5","tintindex":0}}},{"name":"cube","from":[-0.09760046,6.9523997,7.2524],"to":[7.0976,8.1476,8.4476],"rotation":{"angle":0.0,"axis":"x","origin":[10.4,2.1499996,9.365]},"faces":{"down":{"uv":[16.0,0.5,13.0,0.0],"rotation":180,"texture":"#5","tintindex":0},"east":{"uv":[0.86875,0.0,0.0,1.0],"rotation":0,"texture":"#0","tintindex":0},"north":{"uv":[16.0,0.5,13.0,0.0],"rotation":180,"texture":"#5","tintindex":0},"south":{"uv":[15.75,1.0,12.75,0.5],"rotation":180,"texture":"#5","tintindex":0},"up":{"uv":[16.0,0.5,13.0,0.0],"rotation":180,"texture":"#5","tintindex":0},"west":{"uv":[16.0,0.5,13.0,0.0],"rotation":180,"texture":"#5","tintindex":0}}},{"name":"cube","from":[7.1,6.35,7.25],"to":[8.3,8.15,9.05],"rotation":{"angle":0.0,"axis":"x","origin":[11.6,2.1499996,9.365]},"faces":{"down":{"uv":[14.0,0.75,13.5,0.0],"rotation":180,"texture":"#5","tintindex":0},"east":{"uv":[14.5,0.75,13.75,0.0],"rotation":180,"texture":"#5","tintindex":0},"north":{"uv":[13.5,0.75,13.0,0.0],"rotation":180,"texture":"#5","tintindex":0},"south":{"uv":[14.0,0.75,13.5,0.0],"rotation":180,"texture":"#5","tintindex":0},"up":{"uv":[14.0,0.75,13.5,0.0],"rotation":180,"texture":"#5","tintindex":0},"west":{"uv":[14.5,0.75,13.75,0.0],"rotation":180,"texture":"#5","tintindex":0}}},{"name":"cube","from":[-5.500001,6.05,7.55],"to":[0.49999976,7.25,8.15],"rotation":{"angle":-22.5,"axis":"z","origin":[-0.10000038,7.55,7.85]},"faces":{"down":{"uv":[16.0,1.0,13.0,0.5],"rotation":180,"texture":"#5","tintindex":0},"east":{"uv":[13.5,1.0,13.0,0.5],"rotation":180,"texture":"#5","tintindex":0},"north":{"uv":[16.0,1.0,13.0,0.5],"rotation":180,"texture":"#5","tintindex":0},"south":{"uv":[15.5,1.0,13.0,0.5],"rotation":180,"texture":"#5","tintindex":0},"up":{"uv":[0.625,0.0,0.0,0.86875],"rotation":0,"texture":"#0","tintindex":0},"west":{"uv":[13.5,1.0,13.0,0.5],"rotation":180,"texture":"#5","tintindex":0}}},{"name":"cube","from":[-5.500001,7.25,7.25],"to":[0.49999976,8.45,8.45],"rotation":{"angle":-22.5,"axis":"z","origin":[-0.10000038,7.55,7.85]},"faces":{"down":{"uv":[16.0,0.5,13.0,0.0],"rotation":180,"texture":"#5","tintindex":0},"east":{"uv":[0.86875,0.0,0.0,1.0],"rotation":0,"texture":"#0","tintindex":0},"north":{"uv":[16.0,0.5,13.0,0.0],"rotation":180,"texture":"#5","tintindex":0},"south":{"uv":[15.25,1.0,12.75,0.5],"rotation":180,"texture":"#5","tintindex":0},"up":{"uv":[16.0,0.5,13.0,0.0],"rotation":180,"texture":"#5","tintindex":0},"west":{"uv":[0.86875,0.0,0.0,1.0],"rotation":0,"texture":"#0","tintindex":0}}}],"display":{"head":{"translation":[0.0,-6.4,0.0],"rotation":[0.0,0.0,0.0],"scale":[3.8095,3.8095,3.8095]}}}