{"textures":{"0":"modelengine:entity/wingen1","1":"modelengine:entity/woingen2","2":"modelengine:entity/wingen1a","3":"modelengine:entity/wing2a","4":"modelengine:entity/em_blackangel","5":"modelengine:entity/wing asset","6":"modelengine:entity/eyes"},"elements":[{"name":"cube","from":[7.4770875,6.9135556,8.06],"to":[9.517088,7.7535553,8.9],"rotation":{"angle":0.0,"axis":"x","origin":[9.8,-15.250001,10.4]},"faces":{"down":{"uv":[8.5625,6.6875,8.3125,6.8125],"rotation":0,"texture":"#4","tintindex":0},"east":{"uv":[0.625,8.75,0.75,8.875],"rotation":0,"texture":"#4","tintindex":0},"north":{"uv":[5.125,8.3125,5.375,8.4375],"rotation":0,"texture":"#4","tintindex":0},"south":{"uv":[8.3125,6.3125,8.5625,6.4375],"rotation":0,"texture":"#4","tintindex":0},"up":{"uv":[6.75,8.4375,6.5,8.3125],"rotation":0,"texture":"#4","tintindex":0},"west":{"uv":[0.8125,8.75,0.9375,8.875],"rotation":0,"texture":"#4","tintindex":0}}}],"display":{"head":{"translation":[0.0,-6.4,0.0],"rotation":[0.0,0.0,0.0],"scale":[3.8095,3.8095,3.8095]}}}