{"textures":{"0":"modelengine:entity/wingen1","1":"modelengine:entity/woingen2","2":"modelengine:entity/wingen1a","3":"modelengine:entity/wing2a","4":"modelengine:entity/em_blackangel","5":"modelengine:entity/wing asset","6":"modelengine:entity/eyes"},"elements":[{"name":"cube","from":[7.3849998,3.9125,5.8999996],"to":[10.985001,5.1124997,10.1],"rotation":{"angle":0.0,"axis":"x","origin":[8.0,1.3999997,8.0]},"faces":{"down":{"uv":[2.125,4.125,2.5,4.5625],"rotation":0,"texture":"#4","tintindex":0},"east":{"uv":[8.3125,7.4375,7.875,7.5625],"rotation":0,"texture":"#4","tintindex":0},"north":{"uv":[3.875,7.9375,3.5,8.0625],"rotation":0,"texture":"#4","tintindex":0},"south":{"uv":[8.3125,5.875,7.9375,6.0],"rotation":0,"texture":"#4","tintindex":0},"up":{"uv":[1.6875,4.5625,2.0625,4.125],"rotation":0,"texture":"#4","tintindex":0},"west":{"uv":[8.3125,7.25,7.875,7.375],"rotation":0,"texture":"#4","tintindex":0}}},{"name":"xd","from":[10.700001,0.049999714,7.7],"to":[14.900001,7.85,7.7],"rotation":{"angle":0.0,"axis":"x","origin":[24.8,-19.150002,0.49999976]},"faces":{"down":{"uv":[7.75,7.0625,7.3125,7.0625],"rotation":0,"texture":"#4","tintindex":0},"east":{"uv":[3.625,8.75,3.625,9.5625],"rotation":0,"texture":"#4","tintindex":0},"north":{"uv":[1.25,1.125,1.6875,1.9375],"rotation":0,"texture":"#4","tintindex":0},"south":{"uv":[1.75,0.0,2.1875,0.8125],"rotation":0,"texture":"#4","tintindex":0},"up":{"uv":[6.375,5.75,5.9375,5.75],"rotation":0,"texture":"#4","tintindex":0},"west":{"uv":[0.5625,8.8125,0.5625,9.625],"rotation":0,"texture":"#4","tintindex":0}}},{"name":"cube","from":[7.1,4.7,6.2],"to":[10.700001,7.7,9.8],"rotation":{"angle":0.0,"axis":"x","origin":[2.8999999,-10.300001,8.0]},"faces":{"down":{"uv":[5.375,0.875,5.0,1.25],"rotation":0,"texture":"#4","tintindex":0},"east":{"uv":[6.6875,4.125,6.3125,4.4375],"rotation":0,"texture":"#4","tintindex":0},"north":{"uv":[2.5,5.9375,2.875,6.25],"rotation":0,"texture":"#4","tintindex":0},"south":{"uv":[5.9375,3.0,6.3125,3.3125],"rotation":0,"texture":"#4","tintindex":0},"up":{"uv":[1.1875,5.3125,0.8125,4.9375],"rotation":0,"texture":"#4","tintindex":0},"west":{"uv":[3.5625,5.9375,3.9375,6.25],"rotation":0,"texture":"#4","tintindex":0}}},{"name":"cube","from":[7.7,7.7,6.2],"to":[10.1,8.3,9.8],"rotation":{"angle":0.0,"axis":"x","origin":[2.8999999,-10.300001,8.0]},"faces":{"down":{"uv":[1.375,6.875,1.125,7.25],"rotation":0,"texture":"#4","tintindex":0},"east":{"uv":[8.4375,4.625,8.8125,4.6875],"rotation":0,"texture":"#4","tintindex":0},"north":{"uv":[3.8125,1.0,4.0625,1.0625],"rotation":0,"texture":"#4","tintindex":0},"south":{"uv":[4.6875,3.8125,4.9375,3.875],"rotation":0,"texture":"#4","tintindex":0},"up":{"uv":[3.5,1.5,3.25,1.125],"rotation":0,"texture":"#4","tintindex":0},"west":{"uv":[8.4375,4.75,8.8125,4.8125],"rotation":0,"texture":"#4","tintindex":0}}},{"name":"cube","from":[7.52,0.9199996,6.0199995],"to":[10.88,4.88,9.98],"rotation":{"angle":0.0,"axis":"x","origin":[2.8999999,-10.300001,8.0]},"faces":{"down":{"uv":[6.25,4.5625,5.9375,4.9375],"rotation":0,"texture":"#4","tintindex":0},"east":{"uv":[5.4375,2.625,5.0625,3.0],"rotation":0,"texture":"#4","tintindex":0},"north":{"uv":[4.0,5.9375,4.3125,6.3125],"rotation":0,"texture":"#4","tintindex":0},"south":{"uv":[5.9375,4.125,6.25,4.5],"rotation":0,"texture":"#4","tintindex":0},"up":{"uv":[4.6875,6.3125,4.375,5.9375],"rotation":0,"texture":"#4","tintindex":0},"west":{"uv":[3.0,5.0,3.375,5.375],"rotation":0,"texture":"#4","tintindex":0}}}],"display":{"head":{"translation":[0.0,-6.4,0.0],"rotation":[0.0,0.0,0.0],"scale":[3.8095,3.8095,3.8095]}}}