{"textures":{"0":"modelengine:entity/wingen1","1":"modelengine:entity/woingen2","2":"modelengine:entity/wingen1a","3":"modelengine:entity/wing2a","4":"modelengine:entity/em_blackangel","5":"modelengine:entity/wing asset","6":"modelengine:entity/eyes"},"elements":[{"name":"aluminio","from":[8.500847,-7.8446407,7.7083683],"to":[23.50085,9.55536,8.0083685],"rotation":{"angle":0.0,"axis":"x","origin":[0.8599999,-3.8392863,4.9249997]},"faces":{"down":{"uv":[7.5,7.5,13.75,7.75],"rotation":0,"texture":"#2","tintindex":0},"east":{"uv":[0.75,7.5,0.5,14.75],"rotation":0,"texture":"#2","tintindex":0},"north":{"uv":[6.25,0.0,0.0,7.25],"rotation":0,"texture":"#2","tintindex":0},"south":{"uv":[12.75,0.0,6.5,7.25],"rotation":0,"texture":"#2","tintindex":0},"up":{"uv":[1.0,7.75,7.25,7.5],"rotation":0,"texture":"#2","tintindex":0},"west":{"uv":[0.25,7.5,0.0,14.75],"rotation":0,"texture":"#2","tintindex":0}}},{"name":"cube","from":[9.340847,5.944646,7.5133686],"to":[16.690847,7.1446457,8.113369],"rotation":{"angle":0.0,"axis":"x","origin":[5.6,2.7499998,9.365]},"faces":{"down":{"uv":[13.0,1.0,16.0,0.5],"rotation":180,"texture":"#5","tintindex":0},"east":{"uv":[13.0,1.0,13.5,0.5],"rotation":180,"texture":"#5","tintindex":0},"north":{"uv":[13.0,1.0,16.0,0.5],"rotation":180,"texture":"#5","tintindex":0},"south":{"uv":[5.5,1.0,8.5625,0.5],"rotation":180,"texture":"#5","tintindex":0},"up":{"uv":[0.0,0.0,0.625,0.86875],"rotation":0,"texture":"#0","tintindex":0},"west":{"uv":[13.5,0.5,13.75,0.0],"rotation":180,"texture":"#5","tintindex":0}}},{"name":"cube","from":[9.343246,7.147045,7.2157683],"to":[16.538448,8.342246,8.410969],"rotation":{"angle":0.0,"axis":"x","origin":[5.6,2.7499998,9.365]},"faces":{"down":{"uv":[13.0,0.5,16.0,0.0],"rotation":180,"texture":"#5","tintindex":0},"east":{"uv":[13.0,0.5,16.0,0.0],"rotation":180,"texture":"#5","tintindex":0},"north":{"uv":[13.0,0.5,16.0,0.0],"rotation":180,"texture":"#5","tintindex":0},"south":{"uv":[12.75,1.0,15.75,0.5],"rotation":180,"texture":"#5","tintindex":0},"up":{"uv":[13.0,0.5,16.0,0.0],"rotation":180,"texture":"#5","tintindex":0},"west":{"uv":[0.0,0.0,0.86875,1.0],"rotation":0,"texture":"#0","tintindex":0}}},{"name":"cube","from":[8.140847,6.5446453,7.2133684],"to":[9.340847,8.3446455,9.013369],"rotation":{"angle":0.0,"axis":"x","origin":[4.3999996,2.7499998,9.365]},"faces":{"down":{"uv":[13.5,0.75,14.0,0.0],"rotation":180,"texture":"#5","tintindex":0},"east":{"uv":[13.75,0.75,14.5,0.0],"rotation":180,"texture":"#5","tintindex":0},"north":{"uv":[13.0,0.75,13.5,0.0],"rotation":180,"texture":"#5","tintindex":0},"south":{"uv":[13.5,0.75,14.0,0.0],"rotation":180,"texture":"#5","tintindex":0},"up":{"uv":[13.5,0.75,14.0,0.0],"rotation":180,"texture":"#5","tintindex":0},"west":{"uv":[13.75,0.75,14.5,0.0],"rotation":180,"texture":"#5","tintindex":0}}},{"name":"cube","from":[15.752168,6.106797,7.5133686],"to":[21.752167,7.306797,8.113369],"rotation":{"angle":22.5,"axis":"z","origin":[16.1,8.15,7.85]},"faces":{"down":{"uv":[13.0,1.0,16.0,0.5],"rotation":180,"texture":"#5","tintindex":0},"east":{"uv":[13.0,1.0,13.5,0.5],"rotation":180,"texture":"#5","tintindex":0},"north":{"uv":[13.0,1.0,16.0,0.5],"rotation":180,"texture":"#5","tintindex":0},"south":{"uv":[13.0,1.0,15.5,0.5],"rotation":180,"texture":"#5","tintindex":0},"up":{"uv":[0.0,0.0,0.625,0.86875],"rotation":0,"texture":"#0","tintindex":0},"west":{"uv":[13.0,1.0,13.5,0.5],"rotation":180,"texture":"#5","tintindex":0}}},{"name":"cube","from":[15.752168,7.306797,7.2133684],"to":[21.752167,8.506797,8.413368],"rotation":{"angle":22.5,"axis":"z","origin":[16.1,8.15,7.85]},"faces":{"down":{"uv":[13.0,0.5,16.0,0.0],"rotation":180,"texture":"#5","tintindex":0},"east":{"uv":[0.0,0.0,0.86875,1.0],"rotation":0,"texture":"#0","tintindex":0},"north":{"uv":[13.0,0.5,16.0,0.0],"rotation":180,"texture":"#5","tintindex":0},"south":{"uv":[12.75,1.0,15.25,0.5],"rotation":180,"texture":"#5","tintindex":0},"up":{"uv":[13.0,0.5,16.0,0.0],"rotation":180,"texture":"#5","tintindex":0},"west":{"uv":[0.0,0.0,0.86875,1.0],"rotation":0,"texture":"#0","tintindex":0}}}],"display":{"head":{"translation":[0.0,-6.4,0.0],"rotation":[0.0,0.0,0.0],"scale":[3.8095,3.8095,3.8095]}}}