{"textures":{"0":"modelengine:entity/cerberus","1":"modelengine:entity/cerberus_e"},"elements":[{"name":"cube","from":[-2.8000002,-1.0000005,-6.4000006],"to":[18.8,15.2,6.2],"rotation":{"angle":0.0,"axis":"x","origin":[8.0,-20.8,8.0]},"faces":{"down":{"uv":[4.59375,1.3125,2.3125,2.625],"rotation":0,"texture":"#0","tintindex":0},"east":{"uv":[0.0,4.9375,1.3125,6.625],"rotation":0,"texture":"#0","tintindex":0},"north":{"uv":[0.0,0.0,2.28125,1.6875],"rotation":0,"texture":"#0","tintindex":0},"south":{"uv":[0.0,1.6875,2.28125,3.375],"rotation":0,"texture":"#0","tintindex":0},"up":{"uv":[4.59375,1.3125,2.3125,0.0],"rotation":0,"texture":"#0","tintindex":0},"west":{"uv":[1.3125,5.6875,2.625,7.375],"rotation":0,"texture":"#0","tintindex":0}}},{"name":"cube","from":[-0.8500004,4.3999996,4.3999996],"to":[16.85,14.75,18.8],"rotation":{"angle":0.0,"axis":"x","origin":[8.0,-20.8,8.0]},"faces":{"down":{"uv":[5.65625,4.1875,3.8125,5.6875],"rotation":0,"texture":"#0","tintindex":0},"east":{"uv":[7.4375,1.5,8.9375,2.59375],"rotation":0,"texture":"#0","tintindex":0},"north":{"uv":[6.0,7.0,7.84375,8.09375],"rotation":0,"texture":"#0","tintindex":0},"south":{"uv":[7.125,4.0,8.96875,5.09375],"rotation":0,"texture":"#0","tintindex":0},"up":{"uv":[3.78125,5.6875,1.9375,4.1875],"rotation":0,"texture":"#0","tintindex":0},"west":{"uv":[7.4375,2.625,8.9375,3.71875],"rotation":0,"texture":"#0","tintindex":0}}},{"name":"cube","from":[-0.5500004,2.6,2.1499996],"to":[16.55,9.8,15.2],"rotation":{"angle":-22.5,"axis":"x","origin":[8.0,8.9,12.5]},"faces":{"down":{"uv":[6.34375,0.0,4.625,1.375],"rotation":0,"texture":"#0","tintindex":0},"east":{"uv":[8.75,5.125,10.125,5.875],"rotation":0,"texture":"#0","tintindex":0},"north":{"uv":[8.0,0.0,9.71875,0.75],"rotation":0,"texture":"#0","tintindex":0},"south":{"uv":[8.0,0.75,9.71875,1.5],"rotation":0,"texture":"#0","tintindex":0},"up":{"uv":[5.96875,4.0,4.25,2.625],"rotation":0,"texture":"#0","tintindex":0},"west":{"uv":[8.9375,1.5,10.3125,2.25],"rotation":0,"texture":"#0","tintindex":0}}}],"display":{"head":{"translation":[0.0,-6.4,0.0],"rotation":[0.0,0.0,0.0],"scale":[3.8095,3.8095,3.8095]}}}