{"textures":{"0":"modelengine:entity/cerberus","1":"modelengine:entity/cerberus_e"},"elements":[{"name":"cube","from":[5.0,6.05,-1.3000002],"to":[11.0,7.85,8.45],"rotation":{"angle":0.0,"axis":"x","origin":[8.0,8.45,6.2]},"faces":{"down":{"uv":[2.25,10.5625,1.625,11.59375],"rotation":0,"texture":"#0","tintindex":0},"east":{"uv":[4.25,4.0,5.28125,4.1875],"rotation":0,"texture":"#0","tintindex":0},"north":{"uv":[12.0,1.0625,12.625,1.25],"rotation":0,"texture":"#0","tintindex":0},"south":{"uv":[12.0,4.8125,12.625,5.0],"rotation":0,"texture":"#0","tintindex":0},"up":{"uv":[6.5,11.40625,5.875,10.375],"rotation":0,"texture":"#0","tintindex":0},"west":{"uv":[11.5625,8.0625,12.59375,8.25],"rotation":0,"texture":"#0","tintindex":0}}},{"name":"cube","from":[10.25,7.85,-0.5500004],"to":[10.25,9.65,8.45],"rotation":{"angle":0.0,"axis":"x","origin":[8.0,8.45,6.2]},"faces":{"down":{"uv":[0.0,0.0,0.0,0.9375],"rotation":0,"texture":"#0","tintindex":0},"east":{"uv":[11.5625,8.25,12.5,8.4375],"rotation":0,"texture":"#0","tintindex":0},"north":{"uv":[0.0,0.0,0.0,0.1875],"rotation":0,"texture":"#0","tintindex":0},"south":{"uv":[0.0,0.0,0.0,0.1875],"rotation":0,"texture":"#0","tintindex":0},"up":{"uv":[0.0,0.9375,0.0,0.0],"rotation":0,"texture":"#0","tintindex":0},"west":{"uv":[11.4375,11.5625,12.375,11.75],"rotation":0,"texture":"#0","tintindex":0}}},{"name":"cube","from":[5.8999996,7.85,-0.5500004],"to":[5.8999996,9.65,8.45],"rotation":{"angle":0.0,"axis":"x","origin":[8.0,8.45,6.2]},"faces":{"down":{"uv":[0.0,0.0,0.0,0.9375],"rotation":0,"texture":"#0","tintindex":0},"east":{"uv":[1.5,11.6875,2.4375,11.875],"rotation":0,"texture":"#0","tintindex":0},"north":{"uv":[0.0,0.0,0.0,0.1875],"rotation":0,"texture":"#0","tintindex":0},"south":{"uv":[0.0,0.0,0.0,0.1875],"rotation":0,"texture":"#0","tintindex":0},"up":{"uv":[0.0,0.9375,0.0,0.0],"rotation":0,"texture":"#0","tintindex":0},"west":{"uv":[11.6875,9.0,12.625,9.1875],"rotation":0,"texture":"#0","tintindex":0}}},{"name":"cube","from":[5.45,7.85,-1.1500006],"to":[10.55,9.65,-1.1500006],"rotation":{"angle":0.0,"axis":"x","origin":[8.0,8.45,6.2]},"faces":{"down":{"uv":[0.53125,0.0,0.0,0.0],"rotation":0,"texture":"#0","tintindex":0},"east":{"uv":[0.0,0.0,0.0,0.1875],"rotation":0,"texture":"#0","tintindex":0},"north":{"uv":[9.75,1.3125,10.28125,1.5],"rotation":0,"texture":"#0","tintindex":0},"south":{"uv":[12.0625,3.875,12.59375,4.0625],"rotation":0,"texture":"#0","tintindex":0},"up":{"uv":[0.53125,0.0,0.0,0.0],"rotation":0,"texture":"#0","tintindex":0},"west":{"uv":[0.0,0.0,0.0,0.1875],"rotation":0,"texture":"#0","tintindex":0}}}],"display":{"head":{"translation":[0.0,-6.4,0.0],"rotation":[0.0,0.0,0.0],"scale":[3.8095,3.8095,3.8095]}}}