{"textures":{"0":"modelengine:entity/cerberus","1":"modelengine:entity/cerberus_e"},"elements":[{"name":"cube","from":[6.2,-2.8000002,-0.10000038],"to":[11.6,8.0,4.25],"rotation":{"angle":22.5,"axis":"x","origin":[9.35,-8.650001,4.3999996]},"faces":{"down":{"uv":[5.1875,8.75,4.625,9.21875],"rotation":0,"texture":"#0","tintindex":0},"east":{"uv":[2.0,8.4375,2.46875,9.5625],"rotation":0,"texture":"#0","tintindex":0},"north":{"uv":[2.25,10.5625,2.8125,11.6875],"rotation":0,"texture":"#0","tintindex":0},"south":{"uv":[10.375,10.5625,10.9375,11.6875],"rotation":0,"texture":"#0","tintindex":0},"up":{"uv":[1.875,5.40625,1.3125,4.9375],"rotation":0,"texture":"#0","tintindex":0},"west":{"uv":[8.0625,10.9375,8.53125,12.0625],"rotation":0,"texture":"#0","tintindex":0}}}],"display":{"head":{"translation":[0.0,-6.4,0.0],"rotation":[0.0,0.0,0.0],"scale":[3.8095,3.8095,3.8095]}}}