{"textures":{"0":"modelengine:entity/cerberus","1":"modelengine:entity/cerberus_e"},"elements":[{"name":"cube","from":[5.3,5.75,3.9499998],"to":[12.5,8.45,9.35],"rotation":{"angle":0.0,"axis":"x","origin":[8.9,1.2499998,19.7]},"faces":{"down":{"uv":[12.0625,2.625,11.3125,3.1875],"rotation":0,"texture":"#0","tintindex":0},"east":{"uv":[10.375,11.6875,10.9375,11.96875],"rotation":0,"texture":"#0","tintindex":0},"north":{"uv":[11.4375,11.25,12.1875,11.53125],"rotation":0,"texture":"#0","tintindex":0},"south":{"uv":[4.25,11.5,5.0,11.78125],"rotation":0,"texture":"#0","tintindex":0},"up":{"uv":[12.0625,2.625,11.3125,2.0625],"rotation":0,"texture":"#0","tintindex":0},"west":{"uv":[11.75,6.6875,12.3125,6.96875],"rotation":0,"texture":"#0","tintindex":0}}},{"name":"cube","from":[12.05,5.75,0.34999967],"to":[12.05,8.0,5.75],"rotation":{"angle":0.0,"axis":"x","origin":[8.9,1.2499998,19.7]},"faces":{"down":{"uv":[0.0,0.0,0.0,0.5625],"rotation":0,"texture":"#0","tintindex":0},"east":{"uv":[11.8125,8.4375,12.375,8.6875],"rotation":0,"texture":"#0","tintindex":0},"north":{"uv":[0.0,0.0,0.0,0.25],"rotation":0,"texture":"#0","tintindex":0},"south":{"uv":[0.0,0.0,0.0,0.25],"rotation":0,"texture":"#0","tintindex":0},"up":{"uv":[0.0,0.5625,0.0,0.0],"rotation":0,"texture":"#0","tintindex":0},"west":{"uv":[11.8125,8.6875,12.375,8.9375],"rotation":0,"texture":"#0","tintindex":0}}},{"name":"cube","from":[11.15,6.8,0.34999967],"to":[13.25,6.8,5.75],"rotation":{"angle":0.0,"axis":"x","origin":[8.9,1.2499998,19.7]},"faces":{"down":{"uv":[9.78125,11.8125,9.5625,12.375],"rotation":0,"texture":"#0","tintindex":0},"east":{"uv":[0.0,0.0,0.5625,0.0],"rotation":0,"texture":"#0","tintindex":0},"north":{"uv":[0.0,0.0,0.21875,0.0],"rotation":0,"texture":"#0","tintindex":0},"south":{"uv":[0.0,0.0,0.21875,0.0],"rotation":0,"texture":"#0","tintindex":0},"up":{"uv":[4.96875,12.375,4.75,11.8125],"rotation":0,"texture":"#0","tintindex":0},"west":{"uv":[0.0,0.0,0.5625,0.0],"rotation":0,"texture":"#0","tintindex":0}}},{"name":"cube","from":[5.1499996,6.8,0.34999967],"to":[7.25,6.8,5.75],"rotation":{"angle":0.0,"axis":"x","origin":[8.9,1.2499998,19.7]},"faces":{"down":{"uv":[9.78125,11.8125,9.5625,12.375],"rotation":0,"texture":"#0","tintindex":0},"east":{"uv":[0.0,0.0,0.5625,0.0],"rotation":0,"texture":"#0","tintindex":0},"north":{"uv":[0.0,0.0,0.21875,0.0],"rotation":0,"texture":"#0","tintindex":0},"south":{"uv":[0.0,0.0,0.21875,0.0],"rotation":0,"texture":"#0","tintindex":0},"up":{"uv":[4.96875,12.375,4.75,11.8125],"rotation":0,"texture":"#0","tintindex":0},"west":{"uv":[0.0,0.0,0.5625,0.0],"rotation":0,"texture":"#0","tintindex":0}}},{"name":"cube","from":[6.05,5.75,0.34999967],"to":[6.05,8.0,5.75],"rotation":{"angle":0.0,"axis":"x","origin":[8.9,1.2499998,19.7]},"faces":{"down":{"uv":[0.0,0.0,0.0,0.5625],"rotation":0,"texture":"#0","tintindex":0},"east":{"uv":[11.8125,8.4375,12.375,8.6875],"rotation":0,"texture":"#0","tintindex":0},"north":{"uv":[0.0,0.0,0.0,0.25],"rotation":0,"texture":"#0","tintindex":0},"south":{"uv":[0.0,0.0,0.0,0.25],"rotation":0,"texture":"#0","tintindex":0},"up":{"uv":[0.0,0.5625,0.0,0.0],"rotation":0,"texture":"#0","tintindex":0},"west":{"uv":[11.8125,8.6875,12.375,8.9375],"rotation":0,"texture":"#0","tintindex":0}}},{"name":"cube","from":[7.1,6.8,0.34999967],"to":[9.2,6.8,5.75],"rotation":{"angle":0.0,"axis":"x","origin":[8.9,1.2499998,19.7]},"faces":{"down":{"uv":[9.78125,11.8125,9.5625,12.375],"rotation":0,"texture":"#0","tintindex":0},"east":{"uv":[0.0,0.0,0.5625,0.0],"rotation":0,"texture":"#0","tintindex":0},"north":{"uv":[0.0,0.0,0.21875,0.0],"rotation":0,"texture":"#0","tintindex":0},"south":{"uv":[0.0,0.0,0.21875,0.0],"rotation":0,"texture":"#0","tintindex":0},"up":{"uv":[4.96875,12.375,4.75,11.8125],"rotation":0,"texture":"#0","tintindex":0},"west":{"uv":[0.0,0.0,0.5625,0.0],"rotation":0,"texture":"#0","tintindex":0}}},{"name":"cube","from":[8.0,5.75,0.34999967],"to":[8.0,8.0,5.75],"rotation":{"angle":0.0,"axis":"x","origin":[8.9,1.2499998,19.7]},"faces":{"down":{"uv":[0.0,0.0,0.0,0.5625],"rotation":0,"texture":"#0","tintindex":0},"east":{"uv":[11.8125,8.4375,12.375,8.6875],"rotation":0,"texture":"#0","tintindex":0},"north":{"uv":[0.0,0.0,0.0,0.25],"rotation":0,"texture":"#0","tintindex":0},"south":{"uv":[0.0,0.0,0.0,0.25],"rotation":0,"texture":"#0","tintindex":0},"up":{"uv":[0.0,0.5625,0.0,0.0],"rotation":0,"texture":"#0","tintindex":0},"west":{"uv":[11.8125,8.6875,12.375,8.9375],"rotation":0,"texture":"#0","tintindex":0}}},{"name":"cube","from":[9.2,6.8,0.34999967],"to":[11.3,6.8,5.75],"rotation":{"angle":0.0,"axis":"x","origin":[8.9,1.2499998,19.7]},"faces":{"down":{"uv":[9.78125,11.8125,9.5625,12.375],"rotation":0,"texture":"#0","tintindex":0},"east":{"uv":[0.0,0.0,0.5625,0.0],"rotation":0,"texture":"#0","tintindex":0},"north":{"uv":[0.0,0.0,0.21875,0.0],"rotation":0,"texture":"#0","tintindex":0},"south":{"uv":[0.0,0.0,0.21875,0.0],"rotation":0,"texture":"#0","tintindex":0},"up":{"uv":[4.96875,12.375,4.75,11.8125],"rotation":0,"texture":"#0","tintindex":0},"west":{"uv":[0.0,0.0,0.5625,0.0],"rotation":0,"texture":"#0","tintindex":0}}},{"name":"cube","from":[10.1,5.75,0.34999967],"to":[10.1,8.0,5.75],"rotation":{"angle":0.0,"axis":"x","origin":[8.9,1.2499998,19.7]},"faces":{"down":{"uv":[0.0,0.0,0.0,0.5625],"rotation":0,"texture":"#0","tintindex":0},"east":{"uv":[11.8125,8.4375,12.375,8.6875],"rotation":0,"texture":"#0","tintindex":0},"north":{"uv":[0.0,0.0,0.0,0.25],"rotation":0,"texture":"#0","tintindex":0},"south":{"uv":[0.0,0.0,0.0,0.25],"rotation":0,"texture":"#0","tintindex":0},"up":{"uv":[0.0,0.5625,0.0,0.0],"rotation":0,"texture":"#0","tintindex":0},"west":{"uv":[11.8125,8.6875,12.375,8.9375],"rotation":0,"texture":"#0","tintindex":0}}}],"display":{"head":{"translation":[0.0,-6.4,0.0],"rotation":[0.0,0.0,0.0],"scale":[3.8095,3.8095,3.8095]}}}