{"textures":{"0":"modelengine:entity/cerberus","1":"modelengine:entity/cerberus_e"},"elements":[{"name":"cube","from":[5.75,-1.4500003,5.3],"to":[12.05,11.15,11.900001],"rotation":{"angle":0.0,"axis":"x","origin":[8.9,-15.850001,16.1]},"faces":{"down":{"uv":[11.90625,4.1875,11.25,4.875],"rotation":0,"texture":"#0","tintindex":0},"east":{"uv":[9.75,0.0,10.4375,1.3125],"rotation":0,"texture":"#0","tintindex":0},"north":{"uv":[9.0,9.875,9.65625,11.1875],"rotation":0,"texture":"#0","tintindex":0},"south":{"uv":[9.6875,9.875,10.34375,11.1875],"rotation":0,"texture":"#0","tintindex":0},"up":{"uv":[11.90625,0.6875,11.25,0.0],"rotation":0,"texture":"#0","tintindex":0},"west":{"uv":[0.9375,9.8125,1.625,11.125],"rotation":0,"texture":"#0","tintindex":0}}}],"display":{"head":{"translation":[0.0,-6.4,0.0],"rotation":[0.0,0.0,0.0],"scale":[3.8095,3.8095,3.8095]}}}