{"textures":{"0":"modelengine:entity/cerberus","1":"modelengine:entity/cerberus_e"},"elements":[{"name":"cube","from":[11.15,6.8,-0.10000038],"to":[13.25,6.8,5.3],"rotation":{"angle":0.0,"axis":"x","origin":[6.6499996,1.2499998,-2.3500004]},"faces":{"down":{"uv":[9.78125,11.8125,9.5625,12.375],"rotation":0,"texture":"#0","tintindex":0},"east":{"uv":[0.0,0.0,0.5625,0.0],"rotation":0,"texture":"#0","tintindex":0},"north":{"uv":[0.0,0.0,0.21875,0.0],"rotation":0,"texture":"#0","tintindex":0},"south":{"uv":[0.0,0.0,0.21875,0.0],"rotation":0,"texture":"#0","tintindex":0},"up":{"uv":[4.96875,12.375,4.75,11.8125],"rotation":0,"texture":"#0","tintindex":0},"west":{"uv":[0.0,0.0,0.5625,0.0],"rotation":0,"texture":"#0","tintindex":0}}},{"name":"cube","from":[12.05,5.75,-0.10000038],"to":[12.05,8.0,5.3],"rotation":{"angle":0.0,"axis":"x","origin":[6.6499996,1.2499998,-2.3500004]},"faces":{"down":{"uv":[0.0,0.0,0.0,0.5625],"rotation":0,"texture":"#0","tintindex":0},"east":{"uv":[11.8125,8.4375,12.375,8.6875],"rotation":0,"texture":"#0","tintindex":0},"north":{"uv":[0.0,0.0,0.0,0.25],"rotation":0,"texture":"#0","tintindex":0},"south":{"uv":[0.0,0.0,0.0,0.25],"rotation":0,"texture":"#0","tintindex":0},"up":{"uv":[0.0,0.5625,0.0,0.0],"rotation":0,"texture":"#0","tintindex":0},"west":{"uv":[11.8125,8.6875,12.375,8.9375],"rotation":0,"texture":"#0","tintindex":0}}},{"name":"cube","from":[5.8999996,5.75,-0.10000038],"to":[5.8999996,8.0,5.3],"rotation":{"angle":0.0,"axis":"x","origin":[6.6499996,1.2499998,-2.3500004]},"faces":{"down":{"uv":[0.0,0.0,0.0,0.5625],"rotation":0,"texture":"#0","tintindex":0},"east":{"uv":[11.8125,8.4375,12.375,8.6875],"rotation":0,"texture":"#0","tintindex":0},"north":{"uv":[0.0,0.0,0.0,0.25],"rotation":0,"texture":"#0","tintindex":0},"south":{"uv":[0.0,0.0,0.0,0.25],"rotation":0,"texture":"#0","tintindex":0},"up":{"uv":[0.0,0.5625,0.0,0.0],"rotation":0,"texture":"#0","tintindex":0},"west":{"uv":[11.8125,8.6875,12.375,8.9375],"rotation":0,"texture":"#0","tintindex":0}}},{"name":"cube","from":[5.0,6.8,-0.10000038],"to":[7.1,6.8,5.3],"rotation":{"angle":0.0,"axis":"x","origin":[6.6499996,1.2499998,-2.3500004]},"faces":{"down":{"uv":[9.78125,11.8125,9.5625,12.375],"rotation":0,"texture":"#0","tintindex":0},"east":{"uv":[0.0,0.0,0.5625,0.0],"rotation":0,"texture":"#0","tintindex":0},"north":{"uv":[0.0,0.0,0.21875,0.0],"rotation":0,"texture":"#0","tintindex":0},"south":{"uv":[0.0,0.0,0.21875,0.0],"rotation":0,"texture":"#0","tintindex":0},"up":{"uv":[4.96875,12.375,4.75,11.8125],"rotation":0,"texture":"#0","tintindex":0},"west":{"uv":[0.0,0.0,0.5625,0.0],"rotation":0,"texture":"#0","tintindex":0}}},{"name":"cube","from":[7.85,5.75,-0.10000038],"to":[7.85,8.0,5.3],"rotation":{"angle":0.0,"axis":"x","origin":[6.6499996,1.2499998,-2.3500004]},"faces":{"down":{"uv":[0.0,0.0,0.0,0.5625],"rotation":0,"texture":"#0","tintindex":0},"east":{"uv":[11.8125,8.4375,12.375,8.6875],"rotation":0,"texture":"#0","tintindex":0},"north":{"uv":[0.0,0.0,0.0,0.25],"rotation":0,"texture":"#0","tintindex":0},"south":{"uv":[0.0,0.0,0.0,0.25],"rotation":0,"texture":"#0","tintindex":0},"up":{"uv":[0.0,0.5625,0.0,0.0],"rotation":0,"texture":"#0","tintindex":0},"west":{"uv":[11.8125,8.6875,12.375,8.9375],"rotation":0,"texture":"#0","tintindex":0}}},{"name":"cube","from":[6.95,6.8,-0.10000038],"to":[9.05,6.8,5.3],"rotation":{"angle":0.0,"axis":"x","origin":[6.6499996,1.2499998,-2.3500004]},"faces":{"down":{"uv":[9.78125,11.8125,9.5625,12.375],"rotation":0,"texture":"#0","tintindex":0},"east":{"uv":[0.0,0.0,0.5625,0.0],"rotation":0,"texture":"#0","tintindex":0},"north":{"uv":[0.0,0.0,0.21875,0.0],"rotation":0,"texture":"#0","tintindex":0},"south":{"uv":[0.0,0.0,0.21875,0.0],"rotation":0,"texture":"#0","tintindex":0},"up":{"uv":[4.96875,12.375,4.75,11.8125],"rotation":0,"texture":"#0","tintindex":0},"west":{"uv":[0.0,0.0,0.5625,0.0],"rotation":0,"texture":"#0","tintindex":0}}},{"name":"cube","from":[10.1,5.75,-0.10000038],"to":[10.1,8.0,5.3],"rotation":{"angle":0.0,"axis":"x","origin":[6.6499996,1.2499998,-2.3500004]},"faces":{"down":{"uv":[0.0,0.0,0.0,0.5625],"rotation":0,"texture":"#0","tintindex":0},"east":{"uv":[11.8125,8.4375,12.375,8.6875],"rotation":0,"texture":"#0","tintindex":0},"north":{"uv":[0.0,0.0,0.0,0.25],"rotation":0,"texture":"#0","tintindex":0},"south":{"uv":[0.0,0.0,0.0,0.25],"rotation":0,"texture":"#0","tintindex":0},"up":{"uv":[0.0,0.5625,0.0,0.0],"rotation":0,"texture":"#0","tintindex":0},"west":{"uv":[11.8125,8.6875,12.375,8.9375],"rotation":0,"texture":"#0","tintindex":0}}},{"name":"cube","from":[9.2,6.8,-0.10000038],"to":[11.3,6.8,5.3],"rotation":{"angle":0.0,"axis":"x","origin":[6.6499996,1.2499998,-2.3500004]},"faces":{"down":{"uv":[9.78125,11.8125,9.5625,12.375],"rotation":0,"texture":"#0","tintindex":0},"east":{"uv":[0.0,0.0,0.5625,0.0],"rotation":0,"texture":"#0","tintindex":0},"north":{"uv":[0.0,0.0,0.21875,0.0],"rotation":0,"texture":"#0","tintindex":0},"south":{"uv":[0.0,0.0,0.21875,0.0],"rotation":0,"texture":"#0","tintindex":0},"up":{"uv":[4.96875,12.375,4.75,11.8125],"rotation":0,"texture":"#0","tintindex":0},"west":{"uv":[0.0,0.0,0.5625,0.0],"rotation":0,"texture":"#0","tintindex":0}}},{"name":"cube","from":[5.3,5.75,3.4999998],"to":[12.5,8.45,8.9],"rotation":{"angle":0.0,"axis":"x","origin":[9.35,1.2499998,8.45]},"faces":{"down":{"uv":[12.0,0.6875,11.25,1.25],"rotation":0,"texture":"#0","tintindex":0},"east":{"uv":[11.6875,9.1875,12.25,9.46875],"rotation":0,"texture":"#0","tintindex":0},"north":{"uv":[11.25,4.875,12.0,5.15625],"rotation":0,"texture":"#0","tintindex":0},"south":{"uv":[11.4375,10.9375,12.1875,11.21875],"rotation":0,"texture":"#0","tintindex":0},"up":{"uv":[11.8125,9.0,11.0625,8.4375],"rotation":0,"texture":"#0","tintindex":0},"west":{"uv":[9.8125,11.6875,10.375,11.96875],"rotation":0,"texture":"#0","tintindex":0}}}],"display":{"head":{"translation":[0.0,-6.4,0.0],"rotation":[0.0,0.0,0.0],"scale":[3.8095,3.8095,3.8095]}}}