{"textures":{"0":"modelengine:entity/cerberus","1":"modelengine:entity/cerberus_e"},"elements":[{"name":"cube","from":[5.3,3.4999998,4.3999996],"to":[12.95,12.95,13.25],"rotation":{"angle":0.0,"axis":"x","origin":[8.9,-20.350002,15.650001]},"faces":{"down":{"uv":[11.1875,9.625,10.375,10.5625],"rotation":0,"texture":"#0","tintindex":0},"east":{"uv":[9.375,7.875,10.3125,8.875],"rotation":0,"texture":"#0","tintindex":0},"north":{"uv":[6.5625,1.5,7.375,2.5],"rotation":0,"texture":"#0","tintindex":0},"south":{"uv":[10.0,3.4375,10.8125,4.4375],"rotation":0,"texture":"#0","tintindex":0},"up":{"uv":[5.875,11.3125,5.0625,10.375],"rotation":0,"texture":"#0","tintindex":0},"west":{"uv":[9.375,8.875,10.3125,9.875],"rotation":0,"texture":"#0","tintindex":0}}}],"display":{"head":{"translation":[0.0,-6.4,0.0],"rotation":[0.0,0.0,0.0],"scale":[3.8095,3.8095,3.8095]}}}