{"textures":{"0":"modelengine:entity/cerberus","1":"modelengine:entity/cerberus_e"},"elements":[{"name":"cube","from":[3.0499997,3.4999998,4.3999996],"to":[10.700001,12.95,13.25],"rotation":{"angle":0.0,"axis":"x","origin":[7.1,-20.350002,15.650001]},"faces":{"down":{"uv":[10.375,9.625,11.1875,10.5625],"rotation":0,"texture":"#0","tintindex":0},"east":{"uv":[10.3125,8.875,9.375,9.875],"rotation":0,"texture":"#0","tintindex":0},"north":{"uv":[7.375,1.5,6.5625,2.5],"rotation":0,"texture":"#0","tintindex":0},"south":{"uv":[10.8125,3.4375,10.0,4.4375],"rotation":0,"texture":"#0","tintindex":0},"up":{"uv":[5.0625,11.3125,5.875,10.375],"rotation":0,"texture":"#0","tintindex":0},"west":{"uv":[10.3125,7.875,9.375,8.875],"rotation":0,"texture":"#0","tintindex":0}}}],"display":{"head":{"translation":[0.0,-6.4,0.0],"rotation":[0.0,0.0,0.0],"scale":[3.8095,3.8095,3.8095]}}}