{"textures":{"0":"modelengine:entity/cerberus","1":"modelengine:entity/cerberus_e"},"elements":[{"name":"cube","from":[4.85,2.6,3.9499998],"to":[12.5,12.05,12.8],"rotation":{"angle":0.0,"axis":"x","origin":[8.9,-21.7,7.55]},"faces":{"down":{"uv":[11.25,0.0,10.4375,0.9375],"rotation":0,"texture":"#0","tintindex":0},"east":{"uv":[0.0,9.4375,0.9375,10.4375],"rotation":0,"texture":"#0","tintindex":0},"north":{"uv":[10.0,5.875,10.8125,6.875],"rotation":0,"texture":"#0","tintindex":0},"south":{"uv":[10.0,6.875,10.8125,7.875],"rotation":0,"texture":"#0","tintindex":0},"up":{"uv":[0.8125,11.375,0.0,10.4375],"rotation":0,"texture":"#0","tintindex":0},"west":{"uv":[2.0,9.5625,2.9375,10.5625],"rotation":0,"texture":"#0","tintindex":0}}}],"display":{"head":{"translation":[0.0,-6.4,0.0],"rotation":[0.0,0.0,0.0],"scale":[3.8095,3.8095,3.8095]}}}