{"textures":{"0":"modelengine:entity/cerberus","1":"modelengine:entity/cerberus_e"},"elements":[{"name":"cube","from":[1.2499998,-0.10000038,2.4499998],"to":[14.75,14.3,16.25],"rotation":{"angle":22.5,"axis":"x","origin":[8.0,5.3,8.3]},"faces":{"down":{"uv":[4.03125,6.875,2.625,8.3125],"rotation":0,"texture":"#0","tintindex":0},"east":{"uv":[5.6875,4.0,7.125,5.5],"rotation":0,"texture":"#0","tintindex":0},"north":{"uv":[6.0,5.5,7.40625,7.0],"rotation":0,"texture":"#0","tintindex":0},"south":{"uv":[6.5625,0.0,7.96875,1.5],"rotation":0,"texture":"#0","tintindex":0},"up":{"uv":[7.40625,4.0,6.0,2.5625],"rotation":0,"texture":"#0","tintindex":0},"west":{"uv":[4.5625,5.6875,6.0,7.1875],"rotation":0,"texture":"#0","tintindex":0}}},{"name":"cube","from":[1.2499998,-1.3000002,5.8999996],"to":[14.75,-1.3000002,14.3],"rotation":{"angle":45.0,"axis":"x","origin":[8.0,5.3,8.3]},"faces":{"down":{"uv":[7.8125,7.1875,6.40625,8.0625],"rotation":0,"texture":"#0","tintindex":0},"east":{"uv":[0.0,0.0,0.875,0.0],"rotation":0,"texture":"#0","tintindex":0},"north":{"uv":[0.0,0.0,1.40625,0.0],"rotation":0,"texture":"#0","tintindex":0},"south":{"uv":[0.0,0.0,1.40625,0.0],"rotation":0,"texture":"#0","tintindex":0},"up":{"uv":[7.8125,8.0625,6.40625,7.1875],"rotation":0,"texture":"#0","tintindex":0},"west":{"uv":[0.0,0.0,0.875,0.0],"rotation":0,"texture":"#0","tintindex":0}}}],"display":{"head":{"translation":[0.0,-6.4,0.0],"rotation":[0.0,0.0,0.0],"scale":[3.8095,3.8095,3.8095]}}}