{"textures":{"0":"modelengine:entity/cerberus","1":"modelengine:entity/cerberus_e"},"elements":[{"name":"cube","from":[2.7499998,6.8,-0.10000038],"to":[4.85,6.8,5.3],"rotation":{"angle":0.0,"axis":"x","origin":[9.35,1.2499998,-2.3500004]},"faces":{"down":{"uv":[9.5625,11.8125,9.78125,12.375],"rotation":0,"texture":"#0","tintindex":0},"east":{"uv":[0.5625,0.0,0.0,0.0],"rotation":0,"texture":"#0","tintindex":0},"north":{"uv":[0.21875,0.0,0.0,0.0],"rotation":0,"texture":"#0","tintindex":0},"south":{"uv":[0.21875,0.0,0.0,0.0],"rotation":0,"texture":"#0","tintindex":0},"up":{"uv":[4.75,12.375,4.96875,11.8125],"rotation":0,"texture":"#0","tintindex":0},"west":{"uv":[0.5625,0.0,0.0,0.0],"rotation":0,"texture":"#0","tintindex":0}}},{"name":"cube","from":[3.9499998,5.75,-0.10000038],"to":[3.9499998,8.0,5.3],"rotation":{"angle":0.0,"axis":"x","origin":[9.35,1.2499998,-2.3500004]},"faces":{"down":{"uv":[0.0,0.0,0.0,0.5625],"rotation":0,"texture":"#0","tintindex":0},"east":{"uv":[12.375,8.6875,11.8125,8.9375],"rotation":0,"texture":"#0","tintindex":0},"north":{"uv":[0.0,0.0,0.0,0.25],"rotation":0,"texture":"#0","tintindex":0},"south":{"uv":[0.0,0.0,0.0,0.25],"rotation":0,"texture":"#0","tintindex":0},"up":{"uv":[0.0,0.5625,0.0,0.0],"rotation":0,"texture":"#0","tintindex":0},"west":{"uv":[12.375,8.4375,11.8125,8.6875],"rotation":0,"texture":"#0","tintindex":0}}},{"name":"cube","from":[10.1,5.75,-0.10000038],"to":[10.1,8.0,5.3],"rotation":{"angle":0.0,"axis":"x","origin":[9.35,1.2499998,-2.3500004]},"faces":{"down":{"uv":[0.0,0.0,0.0,0.5625],"rotation":0,"texture":"#0","tintindex":0},"east":{"uv":[12.375,8.6875,11.8125,8.9375],"rotation":0,"texture":"#0","tintindex":0},"north":{"uv":[0.0,0.0,0.0,0.25],"rotation":0,"texture":"#0","tintindex":0},"south":{"uv":[0.0,0.0,0.0,0.25],"rotation":0,"texture":"#0","tintindex":0},"up":{"uv":[0.0,0.5625,0.0,0.0],"rotation":0,"texture":"#0","tintindex":0},"west":{"uv":[12.375,8.4375,11.8125,8.6875],"rotation":0,"texture":"#0","tintindex":0}}},{"name":"cube","from":[8.9,6.8,-0.10000038],"to":[11.0,6.8,5.3],"rotation":{"angle":0.0,"axis":"x","origin":[9.35,1.2499998,-2.3500004]},"faces":{"down":{"uv":[9.5625,11.8125,9.78125,12.375],"rotation":0,"texture":"#0","tintindex":0},"east":{"uv":[0.5625,0.0,0.0,0.0],"rotation":0,"texture":"#0","tintindex":0},"north":{"uv":[0.21875,0.0,0.0,0.0],"rotation":0,"texture":"#0","tintindex":0},"south":{"uv":[0.21875,0.0,0.0,0.0],"rotation":0,"texture":"#0","tintindex":0},"up":{"uv":[4.75,12.375,4.96875,11.8125],"rotation":0,"texture":"#0","tintindex":0},"west":{"uv":[0.5625,0.0,0.0,0.0],"rotation":0,"texture":"#0","tintindex":0}}},{"name":"cube","from":[8.15,5.75,-0.10000038],"to":[8.15,8.0,5.3],"rotation":{"angle":0.0,"axis":"x","origin":[9.35,1.2499998,-2.3500004]},"faces":{"down":{"uv":[0.0,0.0,0.0,0.5625],"rotation":0,"texture":"#0","tintindex":0},"east":{"uv":[12.375,8.6875,11.8125,8.9375],"rotation":0,"texture":"#0","tintindex":0},"north":{"uv":[0.0,0.0,0.0,0.25],"rotation":0,"texture":"#0","tintindex":0},"south":{"uv":[0.0,0.0,0.0,0.25],"rotation":0,"texture":"#0","tintindex":0},"up":{"uv":[0.0,0.5625,0.0,0.0],"rotation":0,"texture":"#0","tintindex":0},"west":{"uv":[12.375,8.4375,11.8125,8.6875],"rotation":0,"texture":"#0","tintindex":0}}},{"name":"cube","from":[6.95,6.8,-0.10000038],"to":[9.05,6.8,5.3],"rotation":{"angle":0.0,"axis":"x","origin":[9.35,1.2499998,-2.3500004]},"faces":{"down":{"uv":[9.5625,11.8125,9.78125,12.375],"rotation":0,"texture":"#0","tintindex":0},"east":{"uv":[0.5625,0.0,0.0,0.0],"rotation":0,"texture":"#0","tintindex":0},"north":{"uv":[0.21875,0.0,0.0,0.0],"rotation":0,"texture":"#0","tintindex":0},"south":{"uv":[0.21875,0.0,0.0,0.0],"rotation":0,"texture":"#0","tintindex":0},"up":{"uv":[4.75,12.375,4.96875,11.8125],"rotation":0,"texture":"#0","tintindex":0},"west":{"uv":[0.5625,0.0,0.0,0.0],"rotation":0,"texture":"#0","tintindex":0}}},{"name":"cube","from":[5.8999996,5.75,-0.10000038],"to":[5.8999996,8.0,5.3],"rotation":{"angle":0.0,"axis":"x","origin":[9.35,1.2499998,-2.3500004]},"faces":{"down":{"uv":[0.0,0.0,0.0,0.5625],"rotation":0,"texture":"#0","tintindex":0},"east":{"uv":[12.375,8.6875,11.8125,8.9375],"rotation":0,"texture":"#0","tintindex":0},"north":{"uv":[0.0,0.0,0.0,0.25],"rotation":0,"texture":"#0","tintindex":0},"south":{"uv":[0.0,0.0,0.0,0.25],"rotation":0,"texture":"#0","tintindex":0},"up":{"uv":[0.0,0.5625,0.0,0.0],"rotation":0,"texture":"#0","tintindex":0},"west":{"uv":[12.375,8.4375,11.8125,8.6875],"rotation":0,"texture":"#0","tintindex":0}}},{"name":"cube","from":[4.7,6.8,-0.10000038],"to":[6.8,6.8,5.3],"rotation":{"angle":0.0,"axis":"x","origin":[9.35,1.2499998,-2.3500004]},"faces":{"down":{"uv":[9.5625,11.8125,9.78125,12.375],"rotation":0,"texture":"#0","tintindex":0},"east":{"uv":[0.5625,0.0,0.0,0.0],"rotation":0,"texture":"#0","tintindex":0},"north":{"uv":[0.21875,0.0,0.0,0.0],"rotation":0,"texture":"#0","tintindex":0},"south":{"uv":[0.21875,0.0,0.0,0.0],"rotation":0,"texture":"#0","tintindex":0},"up":{"uv":[4.75,12.375,4.96875,11.8125],"rotation":0,"texture":"#0","tintindex":0},"west":{"uv":[0.5625,0.0,0.0,0.0],"rotation":0,"texture":"#0","tintindex":0}}},{"name":"cube","from":[3.4999998,5.75,3.4999998],"to":[10.700001,8.45,8.9],"rotation":{"angle":0.0,"axis":"x","origin":[6.6499996,1.2499998,8.45]},"faces":{"down":{"uv":[11.25,0.6875,12.0,1.25],"rotation":0,"texture":"#0","tintindex":0},"east":{"uv":[10.375,11.6875,9.8125,11.96875],"rotation":0,"texture":"#0","tintindex":0},"north":{"uv":[12.0,4.875,11.25,5.15625],"rotation":0,"texture":"#0","tintindex":0},"south":{"uv":[12.1875,10.9375,11.4375,11.21875],"rotation":0,"texture":"#0","tintindex":0},"up":{"uv":[11.0625,9.0,11.8125,8.4375],"rotation":0,"texture":"#0","tintindex":0},"west":{"uv":[12.25,9.1875,11.6875,9.46875],"rotation":0,"texture":"#0","tintindex":0}}}],"display":{"head":{"translation":[0.0,-6.4,0.0],"rotation":[0.0,0.0,0.0],"scale":[3.8095,3.8095,3.8095]}}}