{"textures":{"0":"modelengine:entity/cerberus","1":"modelengine:entity/cerberus_e"},"elements":[{"name":"cube","from":[3.4999998,5.75,3.9499998],"to":[10.700001,8.45,9.35],"rotation":{"angle":0.0,"axis":"x","origin":[7.1,1.2499998,19.7]},"faces":{"down":{"uv":[11.3125,2.625,12.0625,3.1875],"rotation":0,"texture":"#0","tintindex":0},"east":{"uv":[12.3125,6.6875,11.75,6.96875],"rotation":0,"texture":"#0","tintindex":0},"north":{"uv":[12.1875,11.25,11.4375,11.53125],"rotation":0,"texture":"#0","tintindex":0},"south":{"uv":[5.0,11.5,4.25,11.78125],"rotation":0,"texture":"#0","tintindex":0},"up":{"uv":[11.3125,2.625,12.0625,2.0625],"rotation":0,"texture":"#0","tintindex":0},"west":{"uv":[10.9375,11.6875,10.375,11.96875],"rotation":0,"texture":"#0","tintindex":0}}},{"name":"cube","from":[3.9499998,5.75,0.34999967],"to":[3.9499998,8.0,5.75],"rotation":{"angle":0.0,"axis":"x","origin":[7.1,1.2499998,19.7]},"faces":{"down":{"uv":[0.0,0.0,0.0,0.5625],"rotation":0,"texture":"#0","tintindex":0},"east":{"uv":[12.375,8.6875,11.8125,8.9375],"rotation":0,"texture":"#0","tintindex":0},"north":{"uv":[0.0,0.0,0.0,0.25],"rotation":0,"texture":"#0","tintindex":0},"south":{"uv":[0.0,0.0,0.0,0.25],"rotation":0,"texture":"#0","tintindex":0},"up":{"uv":[0.0,0.5625,0.0,0.0],"rotation":0,"texture":"#0","tintindex":0},"west":{"uv":[12.375,8.4375,11.8125,8.6875],"rotation":0,"texture":"#0","tintindex":0}}},{"name":"cube","from":[2.7499998,6.8,0.34999967],"to":[4.85,6.8,5.75],"rotation":{"angle":0.0,"axis":"x","origin":[7.1,1.2499998,19.7]},"faces":{"down":{"uv":[9.5625,11.8125,9.78125,12.375],"rotation":0,"texture":"#0","tintindex":0},"east":{"uv":[0.5625,0.0,0.0,0.0],"rotation":0,"texture":"#0","tintindex":0},"north":{"uv":[0.21875,0.0,0.0,0.0],"rotation":0,"texture":"#0","tintindex":0},"south":{"uv":[0.21875,0.0,0.0,0.0],"rotation":0,"texture":"#0","tintindex":0},"up":{"uv":[4.75,12.375,4.96875,11.8125],"rotation":0,"texture":"#0","tintindex":0},"west":{"uv":[0.5625,0.0,0.0,0.0],"rotation":0,"texture":"#0","tintindex":0}}},{"name":"cube","from":[8.75,6.8,0.34999967],"to":[10.85,6.8,5.75],"rotation":{"angle":0.0,"axis":"x","origin":[7.1,1.2499998,19.7]},"faces":{"down":{"uv":[9.5625,11.8125,9.78125,12.375],"rotation":0,"texture":"#0","tintindex":0},"east":{"uv":[0.5625,0.0,0.0,0.0],"rotation":0,"texture":"#0","tintindex":0},"north":{"uv":[0.21875,0.0,0.0,0.0],"rotation":0,"texture":"#0","tintindex":0},"south":{"uv":[0.21875,0.0,0.0,0.0],"rotation":0,"texture":"#0","tintindex":0},"up":{"uv":[4.75,12.375,4.96875,11.8125],"rotation":0,"texture":"#0","tintindex":0},"west":{"uv":[0.5625,0.0,0.0,0.0],"rotation":0,"texture":"#0","tintindex":0}}},{"name":"cube","from":[9.950001,5.75,0.34999967],"to":[9.950001,8.0,5.75],"rotation":{"angle":0.0,"axis":"x","origin":[7.1,1.2499998,19.7]},"faces":{"down":{"uv":[0.0,0.0,0.0,0.5625],"rotation":0,"texture":"#0","tintindex":0},"east":{"uv":[12.375,8.6875,11.8125,8.9375],"rotation":0,"texture":"#0","tintindex":0},"north":{"uv":[0.0,0.0,0.0,0.25],"rotation":0,"texture":"#0","tintindex":0},"south":{"uv":[0.0,0.0,0.0,0.25],"rotation":0,"texture":"#0","tintindex":0},"up":{"uv":[0.0,0.5625,0.0,0.0],"rotation":0,"texture":"#0","tintindex":0},"west":{"uv":[12.375,8.4375,11.8125,8.6875],"rotation":0,"texture":"#0","tintindex":0}}},{"name":"cube","from":[6.8,6.8,0.34999967],"to":[8.9,6.8,5.75],"rotation":{"angle":0.0,"axis":"x","origin":[7.1,1.2499998,19.7]},"faces":{"down":{"uv":[9.5625,11.8125,9.78125,12.375],"rotation":0,"texture":"#0","tintindex":0},"east":{"uv":[0.5625,0.0,0.0,0.0],"rotation":0,"texture":"#0","tintindex":0},"north":{"uv":[0.21875,0.0,0.0,0.0],"rotation":0,"texture":"#0","tintindex":0},"south":{"uv":[0.21875,0.0,0.0,0.0],"rotation":0,"texture":"#0","tintindex":0},"up":{"uv":[4.75,12.375,4.96875,11.8125],"rotation":0,"texture":"#0","tintindex":0},"west":{"uv":[0.5625,0.0,0.0,0.0],"rotation":0,"texture":"#0","tintindex":0}}},{"name":"cube","from":[8.0,5.75,0.34999967],"to":[8.0,8.0,5.75],"rotation":{"angle":0.0,"axis":"x","origin":[7.1,1.2499998,19.7]},"faces":{"down":{"uv":[0.0,0.0,0.0,0.5625],"rotation":0,"texture":"#0","tintindex":0},"east":{"uv":[12.375,8.6875,11.8125,8.9375],"rotation":0,"texture":"#0","tintindex":0},"north":{"uv":[0.0,0.0,0.0,0.25],"rotation":0,"texture":"#0","tintindex":0},"south":{"uv":[0.0,0.0,0.0,0.25],"rotation":0,"texture":"#0","tintindex":0},"up":{"uv":[0.0,0.5625,0.0,0.0],"rotation":0,"texture":"#0","tintindex":0},"west":{"uv":[12.375,8.4375,11.8125,8.6875],"rotation":0,"texture":"#0","tintindex":0}}},{"name":"cube","from":[4.7,6.8,0.34999967],"to":[6.8,6.8,5.75],"rotation":{"angle":0.0,"axis":"x","origin":[7.1,1.2499998,19.7]},"faces":{"down":{"uv":[9.5625,11.8125,9.78125,12.375],"rotation":0,"texture":"#0","tintindex":0},"east":{"uv":[0.5625,0.0,0.0,0.0],"rotation":0,"texture":"#0","tintindex":0},"north":{"uv":[0.21875,0.0,0.0,0.0],"rotation":0,"texture":"#0","tintindex":0},"south":{"uv":[0.21875,0.0,0.0,0.0],"rotation":0,"texture":"#0","tintindex":0},"up":{"uv":[4.75,12.375,4.96875,11.8125],"rotation":0,"texture":"#0","tintindex":0},"west":{"uv":[0.5625,0.0,0.0,0.0],"rotation":0,"texture":"#0","tintindex":0}}},{"name":"cube","from":[5.8999996,5.75,0.34999967],"to":[5.8999996,8.0,5.75],"rotation":{"angle":0.0,"axis":"x","origin":[7.1,1.2499998,19.7]},"faces":{"down":{"uv":[0.0,0.0,0.0,0.5625],"rotation":0,"texture":"#0","tintindex":0},"east":{"uv":[12.375,8.6875,11.8125,8.9375],"rotation":0,"texture":"#0","tintindex":0},"north":{"uv":[0.0,0.0,0.0,0.25],"rotation":0,"texture":"#0","tintindex":0},"south":{"uv":[0.0,0.0,0.0,0.25],"rotation":0,"texture":"#0","tintindex":0},"up":{"uv":[0.0,0.5625,0.0,0.0],"rotation":0,"texture":"#0","tintindex":0},"west":{"uv":[12.375,8.4375,11.8125,8.6875],"rotation":0,"texture":"#0","tintindex":0}}}],"display":{"head":{"translation":[0.0,-6.4,0.0],"rotation":[0.0,0.0,0.0],"scale":[3.8095,3.8095,3.8095]}}}