{"textures":{"0":"modelengine:entity/cerberus","1":"modelengine:entity/cerberus_e"},"elements":[{"name":"cube","from":[3.9499998,-3.7000003,6.6499996],"to":[10.25,8.9,13.25],"rotation":{"angle":-22.5,"axis":"x","origin":[8.45,2.6,7.1]},"faces":{"down":{"uv":[11.1875,9.625,11.84375,10.3125],"rotation":0,"texture":"#0","tintindex":0},"east":{"uv":[9.0,9.625,8.3125,10.9375],"rotation":0,"texture":"#0","tintindex":0},"north":{"uv":[3.59375,9.8125,2.9375,11.125],"rotation":0,"texture":"#0","tintindex":0},"south":{"uv":[4.28125,9.8125,3.625,11.125],"rotation":0,"texture":"#0","tintindex":0},"up":{"uv":[5.25,7.875,5.90625,7.1875],"rotation":0,"texture":"#0","tintindex":0},"west":{"uv":[7.3125,9.375,6.625,10.6875],"rotation":0,"texture":"#0","tintindex":0}}}],"display":{"head":{"translation":[0.0,-6.4,0.0],"rotation":[0.0,0.0,0.0],"scale":[3.8095,3.8095,3.8095]}}}