{"textures":{"0":"modelengine:entity/cerberus","1":"modelengine:entity/cerberus_e"},"elements":[{"name":"cube","from":[3.9499998,-1.4500003,5.3],"to":[10.25,11.15,11.900001],"rotation":{"angle":0.0,"axis":"x","origin":[7.1,-15.850001,16.1]},"faces":{"down":{"uv":[11.25,4.1875,11.90625,4.875],"rotation":0,"texture":"#0","tintindex":0},"east":{"uv":[1.625,9.8125,0.9375,11.125],"rotation":0,"texture":"#0","tintindex":0},"north":{"uv":[9.65625,9.875,9.0,11.1875],"rotation":0,"texture":"#0","tintindex":0},"south":{"uv":[10.34375,9.875,9.6875,11.1875],"rotation":0,"texture":"#0","tintindex":0},"up":{"uv":[11.25,0.6875,11.90625,0.0],"rotation":0,"texture":"#0","tintindex":0},"west":{"uv":[10.4375,0.0,9.75,1.3125],"rotation":0,"texture":"#0","tintindex":0}}}],"display":{"head":{"translation":[0.0,-6.4,0.0],"rotation":[0.0,0.0,0.0],"scale":[3.8095,3.8095,3.8095]}}}