{"textures":{"0":"modelengine:entity/cerberus","1":"modelengine:entity/cerberus_e"},"elements":[{"name":"cube","from":[6.6499996,6.6499996,7.55],"to":[9.35,8.9,11.75],"rotation":{"angle":0.0,"axis":"x","origin":[8.0,2.1499996,-11.800001]},"faces":{"down":{"uv":[10.09375,12.0,9.8125,12.4375],"rotation":0,"texture":"#0","tintindex":0},"east":{"uv":[4.0625,6.875,4.5,7.125],"rotation":0,"texture":"#0","tintindex":0},"north":{"uv":[1.9375,3.9375,2.21875,4.1875],"rotation":0,"texture":"#0","tintindex":0},"south":{"uv":[9.0,9.625,9.28125,9.875],"rotation":0,"texture":"#0","tintindex":0},"up":{"uv":[12.28125,7.625,12.0,7.1875],"rotation":0,"texture":"#0","tintindex":0},"west":{"uv":[7.4375,6.6875,7.875,6.9375],"rotation":0,"texture":"#0","tintindex":0}}},{"name":"cube","from":[8.0,7.25,6.35],"to":[8.0,16.1,18.95],"rotation":{"angle":0.0,"axis":"x","origin":[8.0,2.1499996,-11.800001]},"faces":{"down":{"uv":[16.0,7.6875,16.0,9.0],"rotation":0,"texture":"#0","tintindex":0},"east":{"uv":[14.75,0.0,16.0625,0.9375],"rotation":0,"texture":"#0","tintindex":0},"north":{"uv":[16.0,6.5,16.0,7.4375],"rotation":0,"texture":"#0","tintindex":0},"south":{"uv":[16.0,7.9375,16.0,8.875],"rotation":0,"texture":"#0","tintindex":0},"up":{"uv":[16.0,8.5625,16.0,7.25],"rotation":0,"texture":"#0","tintindex":0},"west":{"uv":[14.75,1.1875,16.0625,2.125],"rotation":0,"texture":"#0","tintindex":0}}},{"name":"cube","from":[6.8,7.85,8.15],"to":[6.8,16.7,20.75],"rotation":{"angle":22.5,"axis":"z","origin":[6.8,8.075,8.45]},"faces":{"down":{"uv":[16.0,7.875,16.0,9.1875],"rotation":0,"texture":"#0","tintindex":0},"east":{"uv":[14.75,6.5,16.0625,7.4375],"rotation":0,"texture":"#0","tintindex":0},"north":{"uv":[16.0,7.0625,16.0,8.0],"rotation":0,"texture":"#0","tintindex":0},"south":{"uv":[16.0,7.3125,16.0,8.25],"rotation":0,"texture":"#0","tintindex":0},"up":{"uv":[16.0,9.5625,16.0,8.25],"rotation":0,"texture":"#0","tintindex":0},"west":{"uv":[14.75,4.25,16.0625,5.1875],"rotation":0,"texture":"#0","tintindex":0}}},{"name":"cube","from":[9.2,7.85,8.15],"to":[9.2,16.7,20.75],"rotation":{"angle":-22.5,"axis":"z","origin":[9.2,8.075,8.45]},"faces":{"down":{"uv":[16.0,7.4375,16.0,8.75],"rotation":0,"texture":"#0","tintindex":0},"east":{"uv":[16.0625,4.25,14.75,5.1875],"rotation":0,"texture":"#0","tintindex":0},"north":{"uv":[16.0,10.9375,16.0,11.875],"rotation":0,"texture":"#0","tintindex":0},"south":{"uv":[16.0,8.8125,16.0,9.75],"rotation":0,"texture":"#0","tintindex":0},"up":{"uv":[16.0,7.8125,16.0,6.5],"rotation":0,"texture":"#0","tintindex":0},"west":{"uv":[16.0625,6.5,14.75,7.4375],"rotation":0,"texture":"#0","tintindex":0}}}],"display":{"head":{"translation":[0.0,-6.4,0.0],"rotation":[0.0,0.0,0.0],"scale":[3.8095,3.8095,3.8095]}}}