{"textures":{"0":"modelengine:entity/cerberus","1":"modelengine:entity/cerberus_e"},"elements":[{"name":"cube","from":[6.05,7.4,8.0],"to":[9.950001,10.55,19.850002],"rotation":{"angle":0.0,"axis":"x","origin":[8.0,2.6,12.05]},"faces":{"down":{"uv":[1.21875,11.125,0.8125,12.375],"rotation":0,"texture":"#0","tintindex":0},"east":{"uv":[10.8125,3.1875,12.0625,3.6875],"rotation":0,"texture":"#0","tintindex":0},"north":{"uv":[11.5,5.1875,11.90625,5.6875],"rotation":0,"texture":"#0","tintindex":0},"south":{"uv":[11.5625,7.3125,11.96875,7.8125],"rotation":0,"texture":"#0","tintindex":0},"up":{"uv":[8.96875,12.1875,8.5625,10.9375],"rotation":0,"texture":"#0","tintindex":0},"west":{"uv":[10.8125,3.6875,12.0625,4.1875],"rotation":0,"texture":"#0","tintindex":0}}},{"name":"cube","from":[8.0,9.950001,8.0],"to":[8.0,14.6,19.850002],"rotation":{"angle":0.0,"axis":"x","origin":[8.0,2.6,12.05]},"faces":{"down":{"uv":[16.0,9.8125,16.0,11.0625],"rotation":0,"texture":"#0","tintindex":0},"east":{"uv":[14.6875,14.5625,15.9375,15.0625],"rotation":0,"texture":"#0","tintindex":0},"north":{"uv":[16.0,10.75,16.0,11.25],"rotation":0,"texture":"#0","tintindex":0},"south":{"uv":[16.0,6.375,16.0,6.875],"rotation":0,"texture":"#0","tintindex":0},"up":{"uv":[16.0,9.125,16.0,7.875],"rotation":0,"texture":"#0","tintindex":0},"west":{"uv":[6.9375,14.75,8.1875,15.25],"rotation":0,"texture":"#0","tintindex":0}}}],"display":{"head":{"translation":[0.0,-6.4,0.0],"rotation":[0.0,0.0,0.0],"scale":[3.8095,3.8095,3.8095]}}}