{"textures":{"0":"modelengine:entity/cerberus","1":"modelengine:entity/cerberus_e"},"elements":[{"name":"cube","from":[6.05,6.6499996,5.45],"to":[9.950001,9.8,10.25],"rotation":{"angle":0.0,"axis":"x","origin":[8.0,3.0499997,14.3]},"faces":{"down":{"uv":[0.65625,11.375,0.25,11.875],"rotation":0,"texture":"#0","tintindex":0},"east":{"uv":[3.6875,11.625,4.1875,11.96875],"rotation":0,"texture":"#0","tintindex":0},"north":{"uv":[6.625,11.8125,7.03125,12.15625],"rotation":0,"texture":"#0","tintindex":0},"south":{"uv":[11.9375,4.4375,12.34375,4.78125],"rotation":0,"texture":"#0","tintindex":0},"up":{"uv":[7.84375,6.6875,7.4375,6.1875],"rotation":0,"texture":"#0","tintindex":0},"west":{"uv":[5.0,11.6875,5.5,12.03125],"rotation":0,"texture":"#0","tintindex":0}}}],"display":{"head":{"translation":[0.0,-6.4,0.0],"rotation":[0.0,0.0,0.0],"scale":[3.8095,3.8095,3.8095]}}}