{"textures":{"0":"modelengine:entity/bird-fire","1":"modelengine:entity/bird-fire-1","2":"modelengine:entity/bird-fire-2"},"elements":[{"name":"cube","from":[6.8,4.7,6.2],"to":[9.2,11.3,9.8],"rotation":{"angle":0.0,"axis":"x","origin":[8.0,8.0,8.0]},"faces":{"down":{"uv":[10.0,1.75,9.0,3.25],"rotation":0,"texture":"#0","tintindex":0},"east":{"uv":[7.0,0.0,8.5,2.75],"rotation":0,"texture":"#0","tintindex":0},"north":{"uv":[1.5,7.25,2.5,10.0],"rotation":0,"texture":"#0","tintindex":0},"south":{"uv":[2.5,7.25,3.5,10.0],"rotation":0,"texture":"#0","tintindex":0},"up":{"uv":[9.0,10.0,8.0,8.5],"rotation":0,"texture":"#0","tintindex":0},"west":{"uv":[0.0,7.25,1.5,10.0],"rotation":0,"texture":"#0","tintindex":0}}},{"name":"cube","from":[9.2,3.7999997,9.2],"to":[11.6,11.0,9.2],"rotation":{"angle":0.0,"axis":"x","origin":[8.0,8.0,8.0]},"faces":{"down":{"uv":[2.0,0.0,0.0,0.0],"rotation":0,"texture":"#2","tintindex":0},"east":{"uv":[0.0,0.0,0.0,6.0],"rotation":0,"texture":"#2","tintindex":0},"north":{"uv":[0.0,7.0,2.0,13.0],"rotation":0,"texture":"#2","tintindex":0},"south":{"uv":[7.0,0.0,9.0,6.0],"rotation":0,"texture":"#2","tintindex":0},"up":{"uv":[2.0,0.0,0.0,0.0],"rotation":0,"texture":"#2","tintindex":0},"west":{"uv":[0.0,0.0,0.0,6.0],"rotation":0,"texture":"#2","tintindex":0}}},{"name":"cube","from":[9.2,3.7999997,6.8],"to":[11.6,11.0,6.8],"rotation":{"angle":0.0,"axis":"x","origin":[8.0,8.0,8.0]},"faces":{"down":{"uv":[2.0,0.0,0.0,0.0],"rotation":0,"texture":"#2","tintindex":0},"east":{"uv":[0.0,0.0,0.0,6.0],"rotation":0,"texture":"#2","tintindex":0},"north":{"uv":[5.0,0.0,7.0,6.0],"rotation":0,"texture":"#2","tintindex":0},"south":{"uv":[5.0,6.0,7.0,12.0],"rotation":0,"texture":"#2","tintindex":0},"up":{"uv":[2.0,0.0,0.0,0.0],"rotation":0,"texture":"#2","tintindex":0},"west":{"uv":[0.0,0.0,0.0,6.0],"rotation":0,"texture":"#2","tintindex":0}}},{"name":"cube","from":[9.2,2.6,8.0],"to":[12.2,11.0,8.0],"rotation":{"angle":0.0,"axis":"x","origin":[8.0,8.0,8.0]},"faces":{"down":{"uv":[2.5,0.0,0.0,0.0],"rotation":0,"texture":"#2","tintindex":0},"east":{"uv":[0.0,0.0,0.0,7.0],"rotation":0,"texture":"#2","tintindex":0},"north":{"uv":[0.0,0.0,2.5,7.0],"rotation":0,"texture":"#2","tintindex":0},"south":{"uv":[2.5,0.0,5.0,7.0],"rotation":0,"texture":"#2","tintindex":0},"up":{"uv":[2.5,0.0,0.0,0.0],"rotation":0,"texture":"#2","tintindex":0},"west":{"uv":[0.0,0.0,0.0,7.0],"rotation":0,"texture":"#2","tintindex":0}}}],"display":{"head":{"translation":[0.0,-6.4,0.0],"rotation":[0.0,0.0,0.0],"scale":[3.8095,3.8095,3.8095]}}}