{"textures":{"0":"modelengine:entity/bird-fire","1":"modelengine:entity/bird-fire-1","2":"modelengine:entity/bird-fire-2"},"elements":[{"name":"cube","from":[4.3999996,0.19999981,6.2],"to":[11.6,12.2,23.0],"rotation":{"angle":0.0,"axis":"x","origin":[8.0,8.0,8.0]},"faces":{"down":{"uv":[0.0,0.0,6.0,14.0],"rotation":0,"texture":"#0","tintindex":0},"east":{"uv":[0.0,0.0,14.0,10.0],"rotation":0,"texture":"#0","tintindex":0},"north":{"uv":[0.0,0.0,6.0,10.0],"rotation":0,"texture":"#0","tintindex":0},"south":{"uv":[0.0,0.0,6.0,10.0],"rotation":0,"texture":"#0","tintindex":0},"up":{"uv":[0.0,0.0,6.0,14.0],"rotation":0,"texture":"#0","tintindex":0},"west":{"uv":[0.0,0.0,14.0,10.0],"rotation":0,"texture":"#0","tintindex":0}}}],"display":{"head":{"translation":[0.0,-6.4,0.0],"rotation":[0.0,0.0,0.0],"scale":[3.8095,3.8095,3.8095]}}}