{"textures":{"0":"modelengine:entity/bird-fire","1":"modelengine:entity/bird-fire-1","2":"modelengine:entity/bird-fire-2"},"elements":[{"name":"cube","from":[6.8,6.8,6.8],"to":[9.2,9.8,9.2],"rotation":{"angle":0.0,"axis":"x","origin":[8.0,8.3,8.0]},"faces":{"down":{"uv":[6.5,9.0,5.5,10.0],"rotation":0,"texture":"#0","tintindex":0},"east":{"uv":[9.0,3.25,10.0,4.5],"rotation":0,"texture":"#0","tintindex":0},"north":{"uv":[7.0,2.75,8.0,4.0],"rotation":0,"texture":"#0","tintindex":0},"south":{"uv":[3.5,9.0,4.5,10.25],"rotation":0,"texture":"#0","tintindex":0},"up":{"uv":[10.0,5.5,9.0,4.5],"rotation":0,"texture":"#0","tintindex":0},"west":{"uv":[4.5,9.0,5.5,10.25],"rotation":0,"texture":"#0","tintindex":0}}},{"name":"cube","from":[7.4,9.8,7.4],"to":[8.6,11.6,8.6],"rotation":{"angle":0.0,"axis":"x","origin":[8.0,10.700001,8.0]},"faces":{"down":{"uv":[10.75,2.25,10.25,2.75],"rotation":0,"texture":"#0","tintindex":0},"east":{"uv":[10.0,5.75,10.5,6.5],"rotation":0,"texture":"#0","tintindex":0},"north":{"uv":[5.5,10.0,6.0,10.75],"rotation":0,"texture":"#0","tintindex":0},"south":{"uv":[6.0,10.0,6.5,10.75],"rotation":0,"texture":"#0","tintindex":0},"up":{"uv":[10.75,2.25,10.25,1.75],"rotation":0,"texture":"#0","tintindex":0},"west":{"uv":[10.0,6.5,10.5,7.25],"rotation":0,"texture":"#0","tintindex":0}}},{"name":"cube","from":[8.6,5.0,8.0],"to":[11.0,9.2,8.0],"rotation":{"angle":0.0,"axis":"x","origin":[8.0,8.0,8.0]},"faces":{"down":{"uv":[2.0,0.0,0.0,0.0],"rotation":0,"texture":"#2","tintindex":0},"east":{"uv":[0.0,0.0,0.0,3.5],"rotation":0,"texture":"#2","tintindex":0},"north":{"uv":[2.0,7.0,4.0,10.5],"rotation":0,"texture":"#2","tintindex":0},"south":{"uv":[7.0,6.0,9.0,9.5],"rotation":0,"texture":"#2","tintindex":0},"up":{"uv":[2.0,0.0,0.0,0.0],"rotation":0,"texture":"#2","tintindex":0},"west":{"uv":[0.0,0.0,0.0,3.5],"rotation":0,"texture":"#2","tintindex":0}}}],"display":{"head":{"translation":[0.0,-6.4,0.0],"rotation":[0.0,0.0,0.0],"scale":[3.8095,3.8095,3.8095]}}}