{"textures":{"0":"modelengine:entity/bird-fire","1":"modelengine:entity/bird-fire-1","2":"modelengine:entity/bird-fire-2"},"elements":[{"name":"cube","from":[7.4,8.0,7.4],"to":[8.0,9.8,8.6],"rotation":{"angle":0.0,"axis":"x","origin":[7.7,8.9,8.0]},"faces":{"down":{"uv":[10.25,10.25,10.0,10.75],"rotation":0,"texture":"#0","tintindex":0},"east":{"uv":[10.0,7.25,10.5,8.0],"rotation":0,"texture":"#0","tintindex":0},"north":{"uv":[2.25,10.25,2.5,11.0],"rotation":0,"texture":"#0","tintindex":0},"south":{"uv":[7.5,10.25,7.75,11.0],"rotation":0,"texture":"#0","tintindex":0},"up":{"uv":[8.0,10.75,7.75,10.25],"rotation":0,"texture":"#0","tintindex":0},"west":{"uv":[8.0,10.0,8.5,10.75],"rotation":0,"texture":"#0","tintindex":0}}}],"display":{"head":{"translation":[0.0,-6.4,0.0],"rotation":[0.0,0.0,0.0],"scale":[3.8095,3.8095,3.8095]}}}