{"textures":{"0":"modelengine:entity/bird-fire","1":"modelengine:entity/bird-fire-1","2":"modelengine:entity/bird-fire-2"},"elements":[{"name":"cube","from":[8.0,6.8,7.4],"to":[9.2,8.6,8.6],"rotation":{"angle":0.0,"axis":"x","origin":[8.6,7.7,8.0]},"faces":{"down":{"uv":[5.5,10.25,5.0,10.75],"rotation":0,"texture":"#0","tintindex":0},"east":{"uv":[0.75,10.25,1.25,11.0],"rotation":0,"texture":"#0","tintindex":0},"north":{"uv":[0.25,10.25,0.75,11.0],"rotation":0,"texture":"#0","tintindex":0},"south":{"uv":[1.25,10.25,1.75,11.0],"rotation":0,"texture":"#0","tintindex":0},"up":{"uv":[5.0,10.75,4.5,10.25],"rotation":0,"texture":"#0","tintindex":0},"west":{"uv":[1.75,10.25,2.25,11.0],"rotation":0,"texture":"#0","tintindex":0}}},{"name":"cube","from":[8.3,5.6,7.7],"to":[8.9,6.8,8.3],"rotation":{"angle":0.0,"axis":"x","origin":[8.6,6.2,8.0]},"faces":{"down":{"uv":[11.0,3.0,10.75,3.25],"rotation":0,"texture":"#0","tintindex":0},"east":{"uv":[10.5,7.5,10.75,8.0],"rotation":0,"texture":"#0","tintindex":0},"north":{"uv":[10.5,7.0,10.75,7.5],"rotation":0,"texture":"#0","tintindex":0},"south":{"uv":[10.5,8.0,10.75,8.5],"rotation":0,"texture":"#0","tintindex":0},"up":{"uv":[3.25,11.0,3.0,10.75],"rotation":0,"texture":"#0","tintindex":0},"west":{"uv":[10.5,8.5,10.75,9.0],"rotation":0,"texture":"#0","tintindex":0}}},{"name":"cube","from":[7.814805,5.0228367,7.4],"to":[9.014805,5.6228366,8.6],"rotation":{"angle":22.5,"axis":"z","origin":[8.414804,5.322837,8.0]},"faces":{"down":{"uv":[7.5,10.25,7.0,10.75],"rotation":0,"texture":"#0","tintindex":0},"east":{"uv":[10.5,9.25,11.0,9.5],"rotation":0,"texture":"#0","tintindex":0},"north":{"uv":[10.5,9.0,11.0,9.25],"rotation":0,"texture":"#0","tintindex":0},"south":{"uv":[9.5,10.5,10.0,10.75],"rotation":0,"texture":"#0","tintindex":0},"up":{"uv":[7.0,10.75,6.5,10.25],"rotation":0,"texture":"#0","tintindex":0},"west":{"uv":[10.5,9.5,11.0,9.75],"rotation":0,"texture":"#0","tintindex":0}}}],"display":{"head":{"translation":[0.0,-6.4,0.0],"rotation":[0.0,0.0,0.0],"scale":[3.8095,3.8095,3.8095]}}}