{"textures":{"0":"modelengine:entity/bird-fire","1":"modelengine:entity/bird-fire-1","2":"modelengine:entity/bird-fire-2"},"elements":[{"name":"cube","from":[7.4,7.4,7.4],"to":[8.0,8.0,12.8],"rotation":{"angle":0.0,"axis":"x","origin":[7.7,7.7,10.1]},"faces":{"down":{"uv":[2.75,10.0,2.5,12.25],"rotation":0,"texture":"#0","tintindex":0},"east":{"uv":[9.5,1.5,11.75,1.75],"rotation":0,"texture":"#0","tintindex":0},"north":{"uv":[10.75,1.75,11.0,2.0],"rotation":0,"texture":"#0","tintindex":0},"south":{"uv":[10.75,2.0,11.0,2.25],"rotation":0,"texture":"#0","tintindex":0},"up":{"uv":[10.25,4.0,10.0,1.75],"rotation":0,"texture":"#0","tintindex":0},"west":{"uv":[0.25,10.0,2.5,10.25],"rotation":0,"texture":"#0","tintindex":0}}},{"name":"cube","from":[8.0,1.3999997,7.4],"to":[8.0,7.4,12.2],"rotation":{"angle":0.0,"axis":"x","origin":[8.0,4.7,9.8]},"faces":{"down":{"uv":[0.0,0.0,0.0,2.0],"rotation":0,"texture":"#0","tintindex":0},"east":{"uv":[4.0,6.5,6.0,9.0],"rotation":0,"texture":"#0","tintindex":0},"north":{"uv":[0.0,0.0,0.0,2.5],"rotation":0,"texture":"#0","tintindex":0},"south":{"uv":[0.0,0.0,0.0,2.5],"rotation":0,"texture":"#0","tintindex":0},"up":{"uv":[0.0,2.0,0.0,0.0],"rotation":0,"texture":"#0","tintindex":0},"west":{"uv":[6.0,6.5,8.0,9.0],"rotation":0,"texture":"#0","tintindex":0}}}],"display":{"head":{"translation":[0.0,-6.4,0.0],"rotation":[0.0,0.0,0.0],"scale":[3.8095,3.8095,3.8095]}}}