{"textures":{"0":"modelengine:entity/bird-fire","1":"modelengine:entity/bird-fire-1","2":"modelengine:entity/bird-fire-2"},"elements":[{"name":"cube","from":[7.4,7.4,8.0],"to":[8.0,8.0,14.0],"rotation":{"angle":0.0,"axis":"x","origin":[7.7,7.7,11.0]},"faces":{"down":{"uv":[9.25,9.75,9.0,12.25],"rotation":0,"texture":"#0","tintindex":0},"east":{"uv":[9.5,0.5,12.0,0.75],"rotation":0,"texture":"#0","tintindex":0},"north":{"uv":[10.75,2.25,11.0,2.5],"rotation":0,"texture":"#0","tintindex":0},"south":{"uv":[10.75,2.5,11.0,2.75],"rotation":0,"texture":"#0","tintindex":0},"up":{"uv":[10.0,10.5,9.75,8.0],"rotation":0,"texture":"#0","tintindex":0},"west":{"uv":[9.5,0.75,12.0,1.0],"rotation":0,"texture":"#0","tintindex":0}}},{"name":"cube","from":[8.0,2.6,8.0],"to":[8.0,7.4,16.400002],"rotation":{"angle":0.0,"axis":"x","origin":[8.0,5.0,12.2]},"faces":{"down":{"uv":[0.0,0.0,0.0,3.5],"rotation":0,"texture":"#0","tintindex":0},"east":{"uv":[3.5,0.0,7.0,2.0],"rotation":0,"texture":"#0","tintindex":0},"north":{"uv":[0.0,0.0,0.0,2.0],"rotation":0,"texture":"#0","tintindex":0},"south":{"uv":[0.0,0.0,0.0,2.0],"rotation":0,"texture":"#0","tintindex":0},"up":{"uv":[0.0,3.5,0.0,0.0],"rotation":0,"texture":"#0","tintindex":0},"west":{"uv":[3.5,2.0,7.0,4.0],"rotation":0,"texture":"#0","tintindex":0}}}],"display":{"head":{"translation":[0.0,-6.4,0.0],"rotation":[0.0,0.0,0.0],"scale":[3.8095,3.8095,3.8095]}}}