{"textures":{"0":"modelengine:entity/bird-fire","1":"modelengine:entity/bird-fire-1","2":"modelengine:entity/bird-fire-2"},"elements":[{"name":"cube","from":[6.8,7.4,7.1],"to":[8.6,10.4,8.9],"rotation":{"angle":0.0,"axis":"x","origin":[7.7,8.9,8.0]},"faces":{"down":{"uv":[10.75,4.0,10.0,4.75],"rotation":0,"texture":"#0","tintindex":0},"east":{"uv":[6.5,9.0,7.25,10.25],"rotation":0,"texture":"#0","tintindex":0},"north":{"uv":[9.0,5.5,9.75,6.75],"rotation":0,"texture":"#0","tintindex":0},"south":{"uv":[9.0,6.75,9.75,8.0],"rotation":0,"texture":"#0","tintindex":0},"up":{"uv":[3.5,10.75,2.75,10.0],"rotation":0,"texture":"#0","tintindex":0},"west":{"uv":[7.25,9.0,8.0,10.25],"rotation":0,"texture":"#0","tintindex":0}}},{"name":"cube","from":[8.6,5.6,8.0],"to":[10.4,11.0,8.0],"rotation":{"angle":0.0,"axis":"x","origin":[8.0,8.0,8.0]},"faces":{"down":{"uv":[1.5,0.0,0.0,0.0],"rotation":0,"texture":"#2","tintindex":0},"east":{"uv":[0.0,0.0,0.0,4.5],"rotation":0,"texture":"#2","tintindex":0},"north":{"uv":[9.0,0.0,10.5,4.5],"rotation":0,"texture":"#2","tintindex":0},"south":{"uv":[9.0,4.5,10.5,9.0],"rotation":0,"texture":"#2","tintindex":0},"up":{"uv":[1.5,0.0,0.0,0.0],"rotation":0,"texture":"#2","tintindex":0},"west":{"uv":[0.0,0.0,0.0,4.5],"rotation":0,"texture":"#2","tintindex":0}}}],"display":{"head":{"translation":[0.0,-6.4,0.0],"rotation":[0.0,0.0,0.0],"scale":[3.8095,3.8095,3.8095]}}}