{"textures":{"0":"modelengine:entity/bird-fire","1":"modelengine:entity/bird-fire-1","2":"modelengine:entity/bird-fire-2"},"elements":[{"name":"cube","from":[7.4,7.4,1.9999998],"to":[8.0,8.0,8.0],"rotation":{"angle":0.0,"axis":"x","origin":[7.7,7.7,5.0]},"faces":{"down":{"uv":[10.0,5.5,9.75,8.0],"rotation":0,"texture":"#0","tintindex":0},"east":{"uv":[9.5,0.0,12.0,0.25],"rotation":0,"texture":"#0","tintindex":0},"north":{"uv":[10.5,10.25,10.75,10.5],"rotation":0,"texture":"#0","tintindex":0},"south":{"uv":[10.5,10.5,10.75,10.75],"rotation":0,"texture":"#0","tintindex":0},"up":{"uv":[9.75,10.5,9.5,8.0],"rotation":0,"texture":"#0","tintindex":0},"west":{"uv":[9.5,0.25,12.0,0.5],"rotation":0,"texture":"#0","tintindex":0}}},{"name":"cube","from":[8.0,2.6,-0.40000033],"to":[8.0,7.4,8.0],"rotation":{"angle":0.0,"axis":"x","origin":[8.0,5.0,3.7999997]},"faces":{"down":{"uv":[0.0,0.0,0.0,3.5],"rotation":0,"texture":"#0","tintindex":0},"east":{"uv":[0.0,0.0,3.5,2.0],"rotation":0,"texture":"#0","tintindex":0},"north":{"uv":[0.0,0.0,0.0,2.0],"rotation":0,"texture":"#0","tintindex":0},"south":{"uv":[0.0,0.0,0.0,2.0],"rotation":0,"texture":"#0","tintindex":0},"up":{"uv":[0.0,3.5,0.0,0.0],"rotation":0,"texture":"#0","tintindex":0},"west":{"uv":[0.0,2.0,3.5,4.0],"rotation":0,"texture":"#0","tintindex":0}}}],"display":{"head":{"translation":[0.0,-6.4,0.0],"rotation":[0.0,0.0,0.0],"scale":[3.8095,3.8095,3.8095]}}}