{"textures":{"0":"modelengine:entity/bird-fire","1":"modelengine:entity/bird-fire-1","2":"modelengine:entity/bird-fire-2"},"elements":[{"name":"cube","from":[7.4,7.4,3.1999998],"to":[8.0,8.0,8.6],"rotation":{"angle":0.0,"axis":"x","origin":[7.7,7.7,5.8999996]},"faces":{"down":{"uv":[0.25,10.0,0.0,12.25],"rotation":0,"texture":"#0","tintindex":0},"east":{"uv":[9.5,1.0,11.75,1.25],"rotation":0,"texture":"#0","tintindex":0},"north":{"uv":[10.5,9.75,10.75,10.0],"rotation":0,"texture":"#0","tintindex":0},"south":{"uv":[10.5,10.0,10.75,10.25],"rotation":0,"texture":"#0","tintindex":0},"up":{"uv":[9.5,12.0,9.25,9.75],"rotation":0,"texture":"#0","tintindex":0},"west":{"uv":[9.5,1.25,11.75,1.5],"rotation":0,"texture":"#0","tintindex":0}}},{"name":"cube","from":[8.0,1.3999997,3.7999997],"to":[8.0,7.4,8.6],"rotation":{"angle":0.0,"axis":"x","origin":[8.0,4.7,6.2]},"faces":{"down":{"uv":[0.0,0.0,0.0,2.0],"rotation":0,"texture":"#0","tintindex":0},"east":{"uv":[4.0,4.0,6.0,6.5],"rotation":0,"texture":"#0","tintindex":0},"north":{"uv":[0.0,0.0,0.0,2.5],"rotation":0,"texture":"#0","tintindex":0},"south":{"uv":[0.0,0.0,0.0,2.5],"rotation":0,"texture":"#0","tintindex":0},"up":{"uv":[0.0,2.0,0.0,0.0],"rotation":0,"texture":"#0","tintindex":0},"west":{"uv":[6.0,4.0,8.0,6.5],"rotation":0,"texture":"#0","tintindex":0}}}],"display":{"head":{"translation":[0.0,-6.4,0.0],"rotation":[0.0,0.0,0.0],"scale":[3.8095,3.8095,3.8095]}}}