{"textures":{"0":"modelengine:entity/bird-fire","1":"modelengine:entity/bird-fire-1","2":"modelengine:entity/bird-fire-2"},"elements":[{"name":"cube","from":[8.0,6.8,7.4],"to":[9.2,8.6,8.6],"rotation":{"angle":0.0,"axis":"x","origin":[8.6,7.7,8.0]},"faces":{"down":{"uv":[10.75,3.25,10.25,3.75],"rotation":0,"texture":"#0","tintindex":0},"east":{"uv":[8.5,10.0,9.0,10.75],"rotation":0,"texture":"#0","tintindex":0},"north":{"uv":[10.0,8.0,10.5,8.75],"rotation":0,"texture":"#0","tintindex":0},"south":{"uv":[10.0,8.75,10.5,9.5],"rotation":0,"texture":"#0","tintindex":0},"up":{"uv":[10.75,3.25,10.25,2.75],"rotation":0,"texture":"#0","tintindex":0},"west":{"uv":[10.0,9.5,10.5,10.25],"rotation":0,"texture":"#0","tintindex":0}}},{"name":"cube","from":[8.3,5.6,7.7],"to":[8.9,6.8,8.3],"rotation":{"angle":0.0,"axis":"x","origin":[8.6,6.2,8.0]},"faces":{"down":{"uv":[11.0,2.75,10.75,3.0],"rotation":0,"texture":"#0","tintindex":0},"east":{"uv":[10.5,4.75,10.75,5.25],"rotation":0,"texture":"#0","tintindex":0},"north":{"uv":[10.25,10.25,10.5,10.75],"rotation":0,"texture":"#0","tintindex":0},"south":{"uv":[10.5,5.25,10.75,5.75],"rotation":0,"texture":"#0","tintindex":0},"up":{"uv":[3.0,11.0,2.75,10.75],"rotation":0,"texture":"#0","tintindex":0},"west":{"uv":[10.5,5.75,10.75,6.25],"rotation":0,"texture":"#0","tintindex":0}}},{"name":"cube","from":[7.814805,5.0228367,7.4],"to":[9.014805,5.6228366,8.6],"rotation":{"angle":22.5,"axis":"z","origin":[8.414804,5.322837,8.0]},"faces":{"down":{"uv":[4.5,10.25,4.0,10.75],"rotation":0,"texture":"#0","tintindex":0},"east":{"uv":[10.5,6.25,11.0,6.5],"rotation":0,"texture":"#0","tintindex":0},"north":{"uv":[10.25,3.75,10.75,4.0],"rotation":0,"texture":"#0","tintindex":0},"south":{"uv":[10.5,6.5,11.0,6.75],"rotation":0,"texture":"#0","tintindex":0},"up":{"uv":[4.0,10.75,3.5,10.25],"rotation":0,"texture":"#0","tintindex":0},"west":{"uv":[10.5,6.75,11.0,7.0],"rotation":0,"texture":"#0","tintindex":0}}}],"display":{"head":{"translation":[0.0,-6.4,0.0],"rotation":[0.0,0.0,0.0],"scale":[3.8095,3.8095,3.8095]}}}