{"textures":{"0":"modelengine:entity/bird-fire","1":"modelengine:entity/bird-fire-1","2":"modelengine:entity/bird-fire-2"},"elements":[{"name":"cube","from":[6.8,5.0,6.8],"to":[8.0,9.2,9.2],"rotation":{"angle":0.0,"axis":"x","origin":[7.4,7.1,8.0]},"faces":{"down":{"uv":[10.5,4.75,10.0,5.75],"rotation":0,"texture":"#0","tintindex":0},"east":{"uv":[8.0,6.75,9.0,8.5],"rotation":0,"texture":"#0","tintindex":0},"north":{"uv":[3.5,7.25,4.0,9.0],"rotation":0,"texture":"#0","tintindex":0},"south":{"uv":[9.0,8.0,9.5,9.75],"rotation":0,"texture":"#0","tintindex":0},"up":{"uv":[9.0,2.75,8.5,1.75],"rotation":0,"texture":"#0","tintindex":0},"west":{"uv":[8.5,0.0,9.5,1.75],"rotation":0,"texture":"#0","tintindex":0}}},{"name":"cube","from":[8.0,1.9999998,5.6],"to":[8.0,9.8,10.4],"rotation":{"angle":0.0,"axis":"x","origin":[8.0,5.8999996,8.0]},"faces":{"down":{"uv":[0.0,0.0,0.0,2.0],"rotation":0,"texture":"#0","tintindex":0},"east":{"uv":[0.0,4.0,2.0,7.25],"rotation":0,"texture":"#0","tintindex":0},"north":{"uv":[0.0,0.0,0.0,3.25],"rotation":0,"texture":"#0","tintindex":0},"south":{"uv":[0.0,0.0,0.0,3.25],"rotation":0,"texture":"#0","tintindex":0},"up":{"uv":[0.0,2.0,0.0,0.0],"rotation":0,"texture":"#0","tintindex":0},"west":{"uv":[2.0,4.0,4.0,7.25],"rotation":0,"texture":"#0","tintindex":0}}},{"name":"cube","from":[7.4,0.19999981,6.8],"to":[7.4,5.0,9.2],"rotation":{"angle":0.0,"axis":"x","origin":[7.4,2.6,8.0]},"faces":{"down":{"uv":[0.0,0.0,0.0,1.0],"rotation":0,"texture":"#0","tintindex":0},"east":{"uv":[8.0,2.75,9.0,4.75],"rotation":0,"texture":"#0","tintindex":0},"north":{"uv":[0.0,0.0,0.0,2.0],"rotation":0,"texture":"#0","tintindex":0},"south":{"uv":[0.0,0.0,0.0,2.0],"rotation":0,"texture":"#0","tintindex":0},"up":{"uv":[0.0,1.0,0.0,0.0],"rotation":0,"texture":"#0","tintindex":0},"west":{"uv":[8.0,4.75,9.0,6.75],"rotation":0,"texture":"#0","tintindex":0}}},{"name":"cube","from":[7.4,0.19999981,9.2],"to":[7.4,8.6,9.8],"rotation":{"angle":0.0,"axis":"x","origin":[8.0,8.0,8.0]},"faces":{"down":{"uv":[0.0,0.0,0.0,1.0],"rotation":0,"texture":"#1","tintindex":0},"east":{"uv":[0.0,0.0,1.0,14.0],"rotation":0,"texture":"#1","tintindex":0},"north":{"uv":[0.0,0.0,0.0,14.0],"rotation":0,"texture":"#1","tintindex":0},"south":{"uv":[0.0,0.0,0.0,14.0],"rotation":0,"texture":"#1","tintindex":0},"up":{"uv":[0.0,1.0,0.0,0.0],"rotation":0,"texture":"#1","tintindex":0},"west":{"uv":[1.0,0.0,2.0,14.0],"rotation":0,"texture":"#1","tintindex":0}}},{"name":"cube","from":[7.4,0.19999981,6.2],"to":[7.4,8.6,6.8],"rotation":{"angle":0.0,"axis":"x","origin":[8.0,8.0,8.0]},"faces":{"down":{"uv":[0.0,0.0,0.0,1.0],"rotation":0,"texture":"#1","tintindex":0},"east":{"uv":[2.0,0.0,3.0,14.0],"rotation":0,"texture":"#1","tintindex":0},"north":{"uv":[0.0,0.0,0.0,14.0],"rotation":0,"texture":"#1","tintindex":0},"south":{"uv":[0.0,0.0,0.0,14.0],"rotation":0,"texture":"#1","tintindex":0},"up":{"uv":[0.0,1.0,0.0,0.0],"rotation":0,"texture":"#1","tintindex":0},"west":{"uv":[3.0,0.0,4.0,14.0],"rotation":0,"texture":"#1","tintindex":0}}}],"display":{"head":{"translation":[0.0,-6.4,0.0],"rotation":[0.0,0.0,0.0],"scale":[3.8095,3.8095,3.8095]}}}