{"textures":{"0":"modelengine:entity/frog"},"elements":[{"name":"bl_foot","from":[4.606517,6.2479987,7.089983],"to":[8.356518,8.857999,7.989983],"rotation":{"angle":0.0,"axis":"x","origin":[7.606517,8.197999,8.589983]},"faces":{"down":{"uv":[14.75,10.0,13.25,10.25],"rotation":0,"texture":"#0","tintindex":0},"east":{"uv":[4.25,13.75,4.5,14.75],"rotation":0,"texture":"#0","tintindex":0},"north":{"uv":[9.0,2.5,10.5,3.5],"rotation":0,"texture":"#0","tintindex":0},"south":{"uv":[9.0,8.5,10.5,9.5],"rotation":0,"texture":"#0","tintindex":0},"up":{"uv":[14.75,9.75,13.25,9.5],"rotation":0,"texture":"#0","tintindex":0},"west":{"uv":[4.75,13.75,5.0,14.75],"rotation":0,"texture":"#0","tintindex":0}}}],"display":{"head":{"translation":[0.0,-6.4,0.0],"rotation":[0.0,0.0,0.0],"scale":[3.8095,3.8095,3.8095]}}}