{"textures":{"0":"modelengine:entity/frog"},"elements":[{"name":"bl_leg","from":[5.723774,7.193137,6.7383776],"to":[9.6237755,8.993136,8.388377],"rotation":{"angle":0.0,"axis":"x","origin":[11.1237755,7.793137,7.7883773]},"faces":{"down":{"uv":[6.5,11.0,5.0,11.75],"rotation":0,"texture":"#0","tintindex":0},"east":{"uv":[9.0,12.5,9.75,13.25],"rotation":0,"texture":"#0","tintindex":0},"north":{"uv":[10.75,2.0,12.25,2.75],"rotation":0,"texture":"#0","tintindex":0},"south":{"uv":[10.75,8.5,12.25,9.25],"rotation":0,"texture":"#0","tintindex":0},"up":{"uv":[12.25,11.25,10.75,10.5],"rotation":0,"texture":"#0","tintindex":0},"west":{"uv":[10.0,12.5,10.75,13.25],"rotation":0,"texture":"#0","tintindex":0}}}],"display":{"head":{"translation":[0.0,-6.4,0.0],"rotation":[0.0,0.0,0.0],"scale":[3.8095,3.8095,3.8095]}}}