{"textures":{"0":"modelengine:entity/frog"},"elements":[{"name":"upper_body","from":[5.6,6.8,2.6],"to":[10.4,9.2,8.0],"rotation":{"angle":0.0,"axis":"x","origin":[8.0,8.0,5.6]},"faces":{"down":{"uv":[4.25,0.0,2.25,2.25],"rotation":0,"texture":"#0","tintindex":0},"east":{"uv":[2.75,6.5,5.0,7.5],"rotation":0,"texture":"#0","tintindex":0},"north":{"uv":[6.5,4.25,8.5,5.25],"rotation":0,"texture":"#0","tintindex":0},"south":{"uv":[5.25,6.5,7.25,7.5],"rotation":0,"texture":"#0","tintindex":0},"up":{"uv":[2.0,2.25,0.0,0.0],"rotation":0,"texture":"#0","tintindex":0},"west":{"uv":[6.5,3.0,8.75,4.0],"rotation":0,"texture":"#0","tintindex":0}}},{"name":"belly","from":[5.6,5.48,2.6],"to":[10.4,6.83,7.91],"rotation":{"angle":0.0,"axis":"x","origin":[8.0,6.41,5.495]},"faces":{"down":{"uv":[4.25,2.5,2.25,4.75],"rotation":0,"texture":"#0","tintindex":0},"east":{"uv":[9.0,9.75,11.25,10.25],"rotation":0,"texture":"#0","tintindex":0},"north":{"uv":[10.75,3.0,12.75,3.5],"rotation":0,"texture":"#0","tintindex":0},"south":{"uv":[11.25,5.75,13.25,6.25],"rotation":0,"texture":"#0","tintindex":0},"up":{"uv":[2.0,4.75,0.0,2.5],"rotation":0,"texture":"#0","tintindex":0},"west":{"uv":[10.0,1.25,12.25,1.75],"rotation":0,"texture":"#0","tintindex":0}}},{"name":"hips","from":[5.0,6.098403,6.8395405],"to":[11.0,8.798403,9.449541],"rotation":{"angle":45.0,"axis":"x","origin":[8.0,7.5984035,7.9045405]},"faces":{"down":{"uv":[2.5,6.25,0.0,7.25],"rotation":0,"texture":"#0","tintindex":0},"east":{"uv":[5.0,9.5,6.0,10.75],"rotation":0,"texture":"#0","tintindex":0},"north":{"uv":[4.5,0.0,7.0,1.25],"rotation":0,"texture":"#0","tintindex":0},"south":{"uv":[4.5,1.5,7.0,2.75],"rotation":0,"texture":"#0","tintindex":0},"up":{"uv":[2.5,6.0,0.0,5.0],"rotation":0,"texture":"#0","tintindex":0},"west":{"uv":[6.25,9.5,7.25,10.75],"rotation":0,"texture":"#0","tintindex":0}}}],"display":{"head":{"translation":[0.0,-6.4,0.0],"rotation":[0.0,0.0,0.0],"scale":[3.8095,3.8095,3.8095]}}}