{"textures":{"0":"modelengine:entity/frog"},"elements":[{"name":"br_foot","from":[7.643483,6.2479987,7.089983],"to":[11.393483,8.857999,7.989983],"rotation":{"angle":0.0,"axis":"x","origin":[8.393482,8.197999,8.589983]},"faces":{"down":{"uv":[5.75,13.25,4.25,13.5],"rotation":0,"texture":"#0","tintindex":0},"east":{"uv":[7.0,13.5,7.25,14.5],"rotation":0,"texture":"#0","tintindex":0},"north":{"uv":[8.75,4.25,10.25,5.25],"rotation":0,"texture":"#0","tintindex":0},"south":{"uv":[9.0,0.0,10.5,1.0],"rotation":0,"texture":"#0","tintindex":0},"up":{"uv":[1.5,13.5,0.0,13.25],"rotation":0,"texture":"#0","tintindex":0},"west":{"uv":[3.75,13.75,4.0,14.75],"rotation":0,"texture":"#0","tintindex":0}}}],"display":{"head":{"translation":[0.0,-6.4,0.0],"rotation":[0.0,0.0,0.0],"scale":[3.8095,3.8095,3.8095]}}}