{"textures":{"0":"modelengine:entity/frog"},"elements":[{"name":"br_knee","from":[2.2948854,6.187654,7.253769],"to":[7.9948864,7.987654,8.903769],"rotation":{"angle":0.0,"axis":"x","origin":[2.594886,7.237654,8.303768]},"faces":{"down":{"uv":[10.0,6.5,7.5,7.25],"rotation":0,"texture":"#0","tintindex":0},"east":{"uv":[6.5,12.5,7.25,13.25],"rotation":0,"texture":"#0","tintindex":0},"north":{"uv":[6.5,5.5,9.0,6.25],"rotation":0,"texture":"#0","tintindex":0},"south":{"uv":[7.25,1.5,9.75,2.25],"rotation":0,"texture":"#0","tintindex":0},"up":{"uv":[2.5,8.25,0.0,7.5],"rotation":0,"texture":"#0","tintindex":0},"west":{"uv":[12.5,8.0,13.25,8.75],"rotation":0,"texture":"#0","tintindex":0}}}],"display":{"head":{"translation":[0.0,-6.4,0.0],"rotation":[0.0,0.0,0.0],"scale":[3.8095,3.8095,3.8095]}}}