{"textures":{"0":"modelengine:entity/frog"},"elements":[{"name":"br_leg","from":[6.3762255,7.193137,6.7383776],"to":[10.276226,8.993136,8.388377],"rotation":{"angle":0.0,"axis":"x","origin":[4.8762255,7.793137,7.7883773]},"faces":{"down":{"uv":[12.25,0.0,10.75,0.75],"rotation":0,"texture":"#0","tintindex":0},"east":{"uv":[1.75,10.5,2.5,11.25],"rotation":0,"texture":"#0","tintindex":0},"north":{"uv":[0.0,10.5,1.5,11.25],"rotation":0,"texture":"#0","tintindex":0},"south":{"uv":[10.5,3.75,12.0,4.5],"rotation":0,"texture":"#0","tintindex":0},"up":{"uv":[10.5,11.25,9.0,10.5],"rotation":0,"texture":"#0","tintindex":0},"west":{"uv":[8.0,12.0,8.75,12.75],"rotation":0,"texture":"#0","tintindex":0}}}],"display":{"head":{"translation":[0.0,-6.4,0.0],"rotation":[0.0,0.0,0.0],"scale":[3.8095,3.8095,3.8095]}}}