{"textures":{"0":"modelengine:entity/frog"},"elements":[{"name":"fl_foot","from":[5.740946,7.1992574,7.083417],"to":[8.740946,8.009257,8.943417],"rotation":{"angle":0.0,"axis":"x","origin":[7.540946,7.6192575,8.043417]},"faces":{"down":{"uv":[4.5,12.0,3.25,12.75],"rotation":0,"texture":"#0","tintindex":0},"east":{"uv":[14.0,4.75,14.75,5.0],"rotation":0,"texture":"#0","tintindex":0},"north":{"uv":[13.5,11.0,14.75,11.25],"rotation":0,"texture":"#0","tintindex":0},"south":{"uv":[13.5,11.5,14.75,11.75],"rotation":0,"texture":"#0","tintindex":0},"up":{"uv":[3.0,12.75,1.75,12.0],"rotation":0,"texture":"#0","tintindex":0},"west":{"uv":[9.5,14.0,10.25,14.25],"rotation":0,"texture":"#0","tintindex":0}}}],"display":{"head":{"translation":[0.0,-6.4,0.0],"rotation":[0.0,0.0,0.0],"scale":[3.8095,3.8095,3.8095]}}}