{"textures":{"0":"modelengine:entity/frog"},"elements":[{"name":"fl_knee","from":[4.7206693,7.2779326,6.515922],"to":[8.020669,8.627933,8.015923],"rotation":{"angle":0.0,"axis":"x","origin":[7.3606696,7.5779324,7.265922]},"faces":{"down":{"uv":[13.0,9.5,11.5,10.25],"rotation":0,"texture":"#0","tintindex":0},"east":{"uv":[13.5,8.0,14.25,8.5],"rotation":0,"texture":"#0","tintindex":0},"north":{"uv":[12.5,2.0,14.0,2.5],"rotation":0,"texture":"#0","tintindex":0},"south":{"uv":[4.75,12.5,6.25,13.0],"rotation":0,"texture":"#0","tintindex":0},"up":{"uv":[10.5,12.25,9.0,11.5],"rotation":0,"texture":"#0","tintindex":0},"west":{"uv":[8.5,13.5,9.25,14.0],"rotation":0,"texture":"#0","tintindex":0}}}],"display":{"head":{"translation":[0.0,-6.4,0.0],"rotation":[0.0,0.0,0.0],"scale":[3.8095,3.8095,3.8095]}}}