{"textures":{"0":"modelengine:entity/frog"},"elements":[{"name":"fl_leg","from":[6.08,7.4,6.95],"to":[8.3,8.75,8.45],"rotation":{"angle":0.0,"axis":"x","origin":[8.0,7.7,7.7]},"faces":{"down":{"uv":[13.5,1.0,12.5,1.75],"rotation":0,"texture":"#0","tintindex":0},"east":{"uv":[13.5,5.5,14.25,6.0],"rotation":0,"texture":"#0","tintindex":0},"north":{"uv":[13.0,2.75,14.0,3.25],"rotation":0,"texture":"#0","tintindex":0},"south":{"uv":[3.0,13.0,4.0,13.5],"rotation":0,"texture":"#0","tintindex":0},"up":{"uv":[13.5,0.75,12.5,0.0],"rotation":0,"texture":"#0","tintindex":0},"west":{"uv":[6.0,13.5,6.75,14.0],"rotation":0,"texture":"#0","tintindex":0}}}],"display":{"head":{"translation":[0.0,-6.4,0.0],"rotation":[0.0,0.0,0.0],"scale":[3.8095,3.8095,3.8095]}}}