{"textures":{"0":"modelengine:entity/frog"},"elements":[{"name":"fr_foot","from":[7.259054,7.1992574,7.083417],"to":[10.259054,8.009257,8.943417],"rotation":{"angle":0.0,"axis":"x","origin":[8.459054,7.6192575,8.043417]},"faces":{"down":{"uv":[12.0,11.5,10.75,12.25],"rotation":0,"texture":"#0","tintindex":0},"east":{"uv":[13.75,1.5,14.5,1.75],"rotation":0,"texture":"#0","tintindex":0},"north":{"uv":[9.5,13.5,10.75,13.75],"rotation":0,"texture":"#0","tintindex":0},"south":{"uv":[13.5,10.5,14.75,10.75],"rotation":0,"texture":"#0","tintindex":0},"up":{"uv":[8.0,11.75,6.75,11.0],"rotation":0,"texture":"#0","tintindex":0},"west":{"uv":[7.5,13.75,8.25,14.0],"rotation":0,"texture":"#0","tintindex":0}}}],"display":{"head":{"translation":[0.0,-6.4,0.0],"rotation":[0.0,0.0,0.0],"scale":[3.8095,3.8095,3.8095]}}}