{"textures":{"0":"modelengine:entity/frog"},"elements":[{"name":"fr_knee","from":[7.9793305,7.2779326,6.515922],"to":[11.279331,8.627933,8.015923],"rotation":{"angle":0.0,"axis":"x","origin":[8.63933,7.5779324,7.265922]},"faces":{"down":{"uv":[1.5,11.5,0.0,12.25],"rotation":0,"texture":"#0","tintindex":0},"east":{"uv":[13.0,13.25,13.75,13.75],"rotation":0,"texture":"#0","tintindex":0},"north":{"uv":[5.5,7.75,7.0,8.25],"rotation":0,"texture":"#0","tintindex":0},"south":{"uv":[0.0,12.5,1.5,13.0],"rotation":0,"texture":"#0","tintindex":0},"up":{"uv":[12.75,5.5,11.25,4.75],"rotation":0,"texture":"#0","tintindex":0},"west":{"uv":[13.5,3.5,14.25,4.0],"rotation":0,"texture":"#0","tintindex":0}}}],"display":{"head":{"translation":[0.0,-6.4,0.0],"rotation":[0.0,0.0,0.0],"scale":[3.8095,3.8095,3.8095]}}}