{"textures":{"0":"modelengine:entity/frog"},"elements":[{"name":"fr_leg","from":[7.7,7.4,6.95],"to":[9.92,8.75,8.45],"rotation":{"angle":0.0,"axis":"x","origin":[8.0,7.7,7.7]},"faces":{"down":{"uv":[13.25,11.5,12.25,12.25],"rotation":0,"texture":"#0","tintindex":0},"east":{"uv":[12.0,13.25,12.75,13.75],"rotation":0,"texture":"#0","tintindex":0},"north":{"uv":[12.0,12.5,13.0,13.0],"rotation":0,"texture":"#0","tintindex":0},"south":{"uv":[1.75,13.0,2.75,13.5],"rotation":0,"texture":"#0","tintindex":0},"up":{"uv":[13.25,4.5,12.25,3.75],"rotation":0,"texture":"#0","tintindex":0},"west":{"uv":[13.25,12.5,14.0,13.0],"rotation":0,"texture":"#0","tintindex":0}}}],"display":{"head":{"translation":[0.0,-6.4,0.0],"rotation":[0.0,0.0,0.0],"scale":[3.8095,3.8095,3.8095]}}}