{"textures":{"0":"modelengine:entity/frog"},"elements":[{"name":"l_eye","from":[5.21,8.669044,5.9523025],"to":[6.56,10.019043,7.302303],"rotation":{"angle":0.0,"axis":"x","origin":[8.15,8.279043,10.542303]},"faces":{"down":{"uv":[0.5,13.75,0.0,14.25],"rotation":0,"texture":"#0","tintindex":0},"east":{"uv":[7.5,9.5,8.0,10.0],"rotation":0,"texture":"#0","tintindex":0},"north":{"uv":[2.0,9.5,2.5,10.0],"rotation":0,"texture":"#0","tintindex":0},"south":{"uv":[7.5,10.25,8.0,10.75],"rotation":0,"texture":"#0","tintindex":0},"up":{"uv":[11.5,14.0,11.0,13.5],"rotation":0,"texture":"#0","tintindex":0},"west":{"uv":[10.5,4.75,11.0,5.25],"rotation":0,"texture":"#0","tintindex":0}}},{"name":"r_eye","from":[9.440001,8.669044,5.9523025],"to":[10.79,10.019043,7.302303],"rotation":{"angle":0.0,"axis":"x","origin":[7.85,8.279043,10.542303]},"faces":{"down":{"uv":[3.5,13.75,3.0,14.25],"rotation":0,"texture":"#0","tintindex":0},"east":{"uv":[0.75,13.75,1.25,14.25],"rotation":0,"texture":"#0","tintindex":0},"north":{"uv":[13.75,0.0,14.25,0.5],"rotation":0,"texture":"#0","tintindex":0},"south":{"uv":[13.75,0.75,14.25,1.25],"rotation":0,"texture":"#0","tintindex":0},"up":{"uv":[2.75,14.25,2.25,13.75],"rotation":0,"texture":"#0","tintindex":0},"west":{"uv":[1.5,13.75,2.0,14.25],"rotation":0,"texture":"#0","tintindex":0}}},{"name":"upper_head","from":[5.8999996,7.618277,4.9023027],"to":[10.1,9.418277,8.322303],"rotation":{"angle":0.0,"axis":"x","origin":[7.85,8.279043,10.542303]},"faces":{"down":{"uv":[6.25,4.75,4.5,6.25],"rotation":0,"texture":"#0","tintindex":0},"east":{"uv":[10.25,6.5,11.75,7.25],"rotation":0,"texture":"#0","tintindex":0},"north":{"uv":[9.25,5.5,11.0,6.25],"rotation":0,"texture":"#0","tintindex":0},"south":{"uv":[0.0,9.5,1.75,10.25],"rotation":0,"texture":"#0","tintindex":0},"up":{"uv":[6.25,4.5,4.5,3.0],"rotation":0,"texture":"#0","tintindex":0},"west":{"uv":[10.25,7.5,11.75,8.25],"rotation":0,"texture":"#0","tintindex":0}}}],"display":{"head":{"translation":[0.0,-6.4,0.0],"rotation":[0.0,0.0,0.0],"scale":[3.8095,3.8095,3.8095]}}}