{"textures":{"0":"modelengine:entity/frog"},"elements":[{"name":"jaw","from":[6.35,7.1,4.9249997],"to":[9.65,7.9100003,8.195],"rotation":{"angle":0.0,"axis":"x","origin":[8.0,7.8050003,7.91]},"faces":{"down":{"uv":[8.75,0.0,7.25,1.25],"rotation":0,"texture":"#0","tintindex":0},"east":{"uv":[9.0,3.75,10.25,4.0],"rotation":0,"texture":"#0","tintindex":0},"north":{"uv":[7.25,2.5,8.75,2.75],"rotation":0,"texture":"#0","tintindex":0},"south":{"uv":[12.5,9.0,14.0,9.25],"rotation":0,"texture":"#0","tintindex":0},"up":{"uv":[4.25,6.25,2.75,5.0],"rotation":0,"texture":"#0","tintindex":0},"west":{"uv":[13.5,4.25,14.75,4.5],"rotation":0,"texture":"#0","tintindex":0}}}],"display":{"head":{"translation":[0.0,-6.4,0.0],"rotation":[0.0,0.0,0.0],"scale":[3.8095,3.8095,3.8095]}}}