{"textures":{"0":"modelengine:entity/frog"},"elements":[{"name":"tongue_base","from":[7.4,7.85,0.5449996],"to":[8.6,8.15,7.925],"rotation":{"angle":0.0,"axis":"x","origin":[8.0,8.6,4.7749996]},"faces":{"down":{"uv":[3.25,8.75,2.75,11.75],"rotation":0,"texture":"#0","tintindex":0},"east":{"uv":[4.75,12.0,7.75,12.25],"rotation":0,"texture":"#0","tintindex":0},"north":{"uv":[10.0,2.0,10.5,2.25],"rotation":0,"texture":"#0","tintindex":0},"south":{"uv":[5.25,13.75,5.75,14.0],"rotation":0,"texture":"#0","tintindex":0},"up":{"uv":[8.75,11.5,8.25,8.5],"rotation":0,"texture":"#0","tintindex":0},"west":{"uv":[12.0,6.5,15.0,6.75],"rotation":0,"texture":"#0","tintindex":0}}}],"display":{"head":{"translation":[0.0,-6.4,0.0],"rotation":[0.0,0.0,0.0],"scale":[3.8095,3.8095,3.8095]}}}