{"textures":{"0":"modelengine:entity/frog"},"elements":[{"name":"tongue_base_2","from":[7.4,7.85,0.59749985],"to":[8.6,8.15,7.9775004],"rotation":{"angle":0.0,"axis":"x","origin":[8.0,8.6,4.8275]},"faces":{"down":{"uv":[4.75,8.75,4.25,11.75],"rotation":0,"texture":"#0","tintindex":0},"east":{"uv":[12.0,7.0,15.0,7.25],"rotation":0,"texture":"#0","tintindex":0},"north":{"uv":[11.75,14.0,12.25,14.25],"rotation":0,"texture":"#0","tintindex":0},"south":{"uv":[12.5,14.0,13.0,14.25],"rotation":0,"texture":"#0","tintindex":0},"up":{"uv":[4.0,11.75,3.5,8.75],"rotation":0,"texture":"#0","tintindex":0},"west":{"uv":[12.0,7.5,15.0,7.75],"rotation":0,"texture":"#0","tintindex":0}}},{"name":"tongue_tip","from":[7.25,7.7,0.1474998],"to":[8.75,8.3,1.0774994],"rotation":{"angle":0.0,"axis":"x","origin":[8.0,8.6,4.8275]},"faces":{"down":{"uv":[8.25,13.0,7.5,13.5],"rotation":0,"texture":"#0","tintindex":0},"east":{"uv":[13.25,14.0,13.75,14.25],"rotation":0,"texture":"#0","tintindex":0},"north":{"uv":[1.75,11.5,2.5,11.75],"rotation":0,"texture":"#0","tintindex":0},"south":{"uv":[13.5,12.0,14.25,12.25],"rotation":0,"texture":"#0","tintindex":0},"up":{"uv":[13.75,5.25,13.0,4.75],"rotation":0,"texture":"#0","tintindex":0},"west":{"uv":[14.0,13.25,14.5,13.5],"rotation":0,"texture":"#0","tintindex":0}}}],"display":{"head":{"translation":[0.0,-6.4,0.0],"rotation":[0.0,0.0,0.0],"scale":[3.8095,3.8095,3.8095]}}}