{"textures":{"0":"modelengine:entity/robot"},"elements":[{"name":"cube","from":[6.2,6.8,6.2],"to":[9.8,9.2,9.8],"rotation":{"angle":0.0,"axis":"x","origin":[8.0,8.0,8.0]},"faces":{"down":{"uv":[7.75,0.75,7.0,1.5],"rotation":0,"texture":"#0","tintindex":0},"east":{"uv":[7.875,0.0,8.625,0.5],"rotation":0,"texture":"#0","tintindex":0},"north":{"uv":[7.75,3.375,8.5,3.875],"rotation":0,"texture":"#0","tintindex":0},"south":{"uv":[7.875,0.625,8.625,1.125],"rotation":0,"texture":"#0","tintindex":0},"up":{"uv":[2.625,7.625,1.875,6.875],"rotation":0,"texture":"#0","tintindex":0},"west":{"uv":[8.0,2.25,8.75,2.75],"rotation":0,"texture":"#0","tintindex":0}}},{"name":"cube","from":[6.2,9.2,8.0],"to":[9.8,11.0,9.8],"rotation":{"angle":0.0,"axis":"x","origin":[8.0,8.0,8.0]},"faces":{"down":{"uv":[1.375,9.5,0.625,9.875],"rotation":0,"texture":"#0","tintindex":0},"east":{"uv":[0.0,10.25,0.375,10.625],"rotation":0,"texture":"#0","tintindex":0},"north":{"uv":[9.0,1.25,9.75,1.625],"rotation":0,"texture":"#0","tintindex":0},"south":{"uv":[9.25,5.5,10.0,5.875],"rotation":0,"texture":"#0","tintindex":0},"up":{"uv":[10.0,8.875,9.25,8.5],"rotation":0,"texture":"#0","tintindex":0},"west":{"uv":[1.875,10.25,2.25,10.625],"rotation":0,"texture":"#0","tintindex":0}}},{"name":"cube","from":[6.2,9.32868,5.8786793],"to":[9.8,11.87868,7.6786795],"rotation":{"angle":45.0,"axis":"x","origin":[8.0,8.878679,5.8786793]},"faces":{"down":{"uv":[10.25,7.625,9.5,8.0],"rotation":0,"texture":"#0","tintindex":0},"east":{"uv":[2.375,9.0,2.75,9.5],"rotation":0,"texture":"#0","tintindex":0},"north":{"uv":[8.125,1.25,8.875,1.75],"rotation":0,"texture":"#0","tintindex":0},"south":{"uv":[8.125,4.0,8.875,4.5],"rotation":0,"texture":"#0","tintindex":0},"up":{"uv":[10.25,3.625,9.5,3.25],"rotation":0,"texture":"#0","tintindex":0},"west":{"uv":[0.625,10.0,1.0,10.5],"rotation":0,"texture":"#0","tintindex":0}}},{"name":"cube","from":[6.2,11.0,7.4],"to":[6.2,13.400001,9.8],"rotation":{"angle":0.0,"axis":"x","origin":[8.0,8.0,8.0]},"faces":{"down":{"uv":[6.0,11.375,6.0,11.875],"rotation":0,"texture":"#0","tintindex":0},"east":{"uv":[9.75,6.375,10.25,6.875],"rotation":0,"texture":"#0","tintindex":0},"north":{"uv":[0.625,6.25,0.625,6.75],"rotation":0,"texture":"#0","tintindex":0},"south":{"uv":[7.875,10.125,7.875,10.625],"rotation":0,"texture":"#0","tintindex":0},"up":{"uv":[11.375,6.375,11.375,5.875],"rotation":0,"texture":"#0","tintindex":0},"west":{"uv":[6.75,9.75,7.25,10.25],"rotation":0,"texture":"#0","tintindex":0}}},{"name":"cube","from":[9.8,11.0,7.4],"to":[9.8,13.400001,9.8],"rotation":{"angle":0.0,"axis":"x","origin":[8.0,8.0,8.0]},"faces":{"down":{"uv":[6.5,11.375,6.5,11.875],"rotation":0,"texture":"#0","tintindex":0},"east":{"uv":[9.75,7.0,10.25,7.5],"rotation":0,"texture":"#0","tintindex":0},"north":{"uv":[6.125,11.375,6.125,11.875],"rotation":0,"texture":"#0","tintindex":0},"south":{"uv":[6.25,11.375,6.25,11.875],"rotation":0,"texture":"#0","tintindex":0},"up":{"uv":[6.375,11.875,6.375,11.375],"rotation":0,"texture":"#0","tintindex":0},"west":{"uv":[9.875,1.0,10.375,1.5],"rotation":0,"texture":"#0","tintindex":0}}}],"display":{"head":{"translation":[0.0,-6.4,0.0],"rotation":[0.0,0.0,0.0],"scale":[3.8095,3.8095,3.8095]}}}