{"textures":{"0":"modelengine:entity/robot"},"elements":[{"name":"cube","from":[6.2,6.8,6.2],"to":[9.8,9.2,9.8],"rotation":{"angle":0.0,"axis":"x","origin":[8.0,8.0,8.0]},"faces":{"down":{"uv":[7.5,0.0,6.75,0.75],"rotation":0,"texture":"#0","tintindex":0},"east":{"uv":[7.625,4.375,8.375,4.875],"rotation":0,"texture":"#0","tintindex":0},"north":{"uv":[7.5,3.75,8.25,4.25],"rotation":0,"texture":"#0","tintindex":0},"south":{"uv":[7.625,5.0,8.375,5.5],"rotation":0,"texture":"#0","tintindex":0},"up":{"uv":[7.375,4.0,6.625,3.25],"rotation":0,"texture":"#0","tintindex":0},"west":{"uv":[7.625,5.625,8.375,6.125],"rotation":0,"texture":"#0","tintindex":0}}},{"name":"cube","from":[6.2,9.2,8.0],"to":[9.8,11.0,9.8],"rotation":{"angle":0.0,"axis":"x","origin":[8.0,8.0,8.0]},"faces":{"down":{"uv":[10.125,4.125,9.375,4.5],"rotation":0,"texture":"#0","tintindex":0},"east":{"uv":[4.25,6.5,4.625,6.875],"rotation":0,"texture":"#0","tintindex":0},"north":{"uv":[8.125,9.25,8.875,9.625],"rotation":0,"texture":"#0","tintindex":0},"south":{"uv":[9.0,9.25,9.75,9.625],"rotation":0,"texture":"#0","tintindex":0},"up":{"uv":[10.125,1.5,9.375,1.125],"rotation":0,"texture":"#0","tintindex":0},"west":{"uv":[3.75,7.625,4.125,8.0],"rotation":0,"texture":"#0","tintindex":0}}},{"name":"cube","from":[6.2,9.32868,5.8786793],"to":[9.8,11.87868,7.6786795],"rotation":{"angle":45.0,"axis":"x","origin":[8.0,8.878679,5.8786793]},"faces":{"down":{"uv":[10.125,5.125,9.375,5.5],"rotation":0,"texture":"#0","tintindex":0},"east":{"uv":[8.5,9.75,8.875,10.25],"rotation":0,"texture":"#0","tintindex":0},"north":{"uv":[7.75,0.75,8.5,1.25],"rotation":0,"texture":"#0","tintindex":0},"south":{"uv":[7.875,1.375,8.625,1.875],"rotation":0,"texture":"#0","tintindex":0},"up":{"uv":[10.125,5.0,9.375,4.625],"rotation":0,"texture":"#0","tintindex":0},"west":{"uv":[9.0,9.75,9.375,10.25],"rotation":0,"texture":"#0","tintindex":0}}},{"name":"cube","from":[6.2,11.0,7.4],"to":[6.2,13.400001,9.8],"rotation":{"angle":0.0,"axis":"x","origin":[8.0,8.0,8.0]},"faces":{"down":{"uv":[0.75,9.0,0.75,9.5],"rotation":0,"texture":"#0","tintindex":0},"east":{"uv":[9.625,6.0,10.125,6.5],"rotation":0,"texture":"#0","tintindex":0},"north":{"uv":[0.625,6.25,0.625,6.75],"rotation":0,"texture":"#0","tintindex":0},"south":{"uv":[8.75,6.75,8.75,7.25],"rotation":0,"texture":"#0","tintindex":0},"up":{"uv":[0.625,9.5,0.625,9.0],"rotation":0,"texture":"#0","tintindex":0},"west":{"uv":[6.875,9.625,7.375,10.125],"rotation":0,"texture":"#0","tintindex":0}}},{"name":"cube","from":[9.8,11.0,7.4],"to":[9.8,13.400001,9.8],"rotation":{"angle":0.0,"axis":"x","origin":[8.0,8.0,8.0]},"faces":{"down":{"uv":[10.375,6.5,10.375,7.0],"rotation":0,"texture":"#0","tintindex":0},"east":{"uv":[0.0,9.75,0.5,10.25],"rotation":0,"texture":"#0","tintindex":0},"north":{"uv":[6.125,10.125,6.125,10.625],"rotation":0,"texture":"#0","tintindex":0},"south":{"uv":[2.25,10.25,2.25,10.75],"rotation":0,"texture":"#0","tintindex":0},"up":{"uv":[5.125,10.75,5.125,10.25],"rotation":0,"texture":"#0","tintindex":0},"west":{"uv":[9.75,2.625,10.25,3.125],"rotation":0,"texture":"#0","tintindex":0}}}],"display":{"head":{"translation":[0.0,-6.4,0.0],"rotation":[0.0,0.0,0.0],"scale":[3.8095,3.8095,3.8095]}}}