{"textures":{"0":"modelengine:entity/robot"},"elements":[{"name":"cube","from":[3.7999997,6.8,6.8],"to":[8.6,8.6,8.6],"rotation":{"angle":0.0,"axis":"x","origin":[8.0,8.0,8.0]},"faces":{"down":{"uv":[5.5,8.5,4.5,8.875],"rotation":0,"texture":"#0","tintindex":0},"east":{"uv":[10.375,6.875,10.75,7.25],"rotation":0,"texture":"#0","tintindex":0},"north":{"uv":[3.375,8.375,4.375,8.75],"rotation":0,"texture":"#0","tintindex":0},"south":{"uv":[8.375,8.0,9.375,8.375],"rotation":0,"texture":"#0","tintindex":0},"up":{"uv":[2.75,8.875,1.75,8.5],"rotation":0,"texture":"#0","tintindex":0},"west":{"uv":[10.375,7.375,10.75,7.75],"rotation":0,"texture":"#0","tintindex":0}}},{"name":"cube","from":[4.3999996,8.9,6.5],"to":[8.0,8.9,8.9],"rotation":{"angle":0.0,"axis":"x","origin":[8.0,8.0,8.0]},"faces":{"down":{"uv":[9.375,3.375,8.625,3.875],"rotation":0,"texture":"#0","tintindex":0},"east":{"uv":[11.375,7.875,11.875,7.875],"rotation":0,"texture":"#0","tintindex":0},"north":{"uv":[11.375,7.75,12.125,7.75],"rotation":0,"texture":"#0","tintindex":0},"south":{"uv":[11.375,8.375,12.125,8.375],"rotation":0,"texture":"#0","tintindex":0},"up":{"uv":[9.125,9.0,8.375,8.5],"rotation":0,"texture":"#0","tintindex":0},"west":{"uv":[11.375,8.5,11.875,8.5],"rotation":0,"texture":"#0","tintindex":0}}},{"name":"cube","from":[4.3999996,6.5,6.5],"to":[8.0,6.5,8.9],"rotation":{"angle":0.0,"axis":"x","origin":[8.0,8.0,8.0]},"faces":{"down":{"uv":[9.5,0.625,8.75,1.125],"rotation":0,"texture":"#0","tintindex":0},"east":{"uv":[11.375,8.75,11.875,8.75],"rotation":0,"texture":"#0","tintindex":0},"north":{"uv":[11.375,8.625,12.125,8.625],"rotation":0,"texture":"#0","tintindex":0},"south":{"uv":[11.375,8.875,12.125,8.875],"rotation":0,"texture":"#0","tintindex":0},"up":{"uv":[9.5,0.5,8.75,0.0],"rotation":0,"texture":"#0","tintindex":0},"west":{"uv":[11.375,9.0,11.875,9.0],"rotation":0,"texture":"#0","tintindex":0}}},{"name":"cube","from":[4.3999996,6.5,6.5],"to":[8.0,8.9,6.5],"rotation":{"angle":0.0,"axis":"x","origin":[8.0,8.0,8.0]},"faces":{"down":{"uv":[12.125,9.25,11.375,9.25],"rotation":0,"texture":"#0","tintindex":0},"east":{"uv":[8.125,11.375,8.125,11.875],"rotation":0,"texture":"#0","tintindex":0},"north":{"uv":[7.375,8.75,8.125,9.25],"rotation":0,"texture":"#0","tintindex":0},"south":{"uv":[0.0,8.875,0.75,9.375],"rotation":0,"texture":"#0","tintindex":0},"up":{"uv":[12.125,9.125,11.375,9.125],"rotation":0,"texture":"#0","tintindex":0},"west":{"uv":[8.25,11.375,8.25,11.875],"rotation":0,"texture":"#0","tintindex":0}}},{"name":"cube","from":[4.3999996,6.5,8.9],"to":[8.0,8.9,8.9],"rotation":{"angle":0.0,"axis":"x","origin":[8.0,8.0,8.0]},"faces":{"down":{"uv":[12.125,9.5,11.375,9.5],"rotation":0,"texture":"#0","tintindex":0},"east":{"uv":[8.375,11.375,8.375,11.875],"rotation":0,"texture":"#0","tintindex":0},"north":{"uv":[0.875,8.875,1.625,9.375],"rotation":0,"texture":"#0","tintindex":0},"south":{"uv":[8.875,1.875,9.625,2.375],"rotation":0,"texture":"#0","tintindex":0},"up":{"uv":[12.125,9.375,11.375,9.375],"rotation":0,"texture":"#0","tintindex":0},"west":{"uv":[11.0,11.375,11.0,11.875],"rotation":0,"texture":"#0","tintindex":0}}}],"display":{"head":{"translation":[0.0,-6.4,0.0],"rotation":[0.0,0.0,0.0],"scale":[3.8095,3.8095,3.8095]}}}