{"textures":{"0":"modelengine:entity/robot"},"elements":[{"name":"cube","from":[4.3999996,7.1,6.2],"to":[8.0,8.9,8.0],"rotation":{"angle":0.0,"axis":"x","origin":[8.0,8.3,7.4]},"faces":{"down":{"uv":[10.25,8.25,9.5,8.625],"rotation":0,"texture":"#0","tintindex":0},"east":{"uv":[6.625,10.25,7.0,10.625],"rotation":0,"texture":"#0","tintindex":0},"north":{"uv":[9.5,6.75,10.25,7.125],"rotation":0,"texture":"#0","tintindex":0},"south":{"uv":[9.5,7.25,10.25,7.625],"rotation":0,"texture":"#0","tintindex":0},"up":{"uv":[10.25,8.125,9.5,7.75],"rotation":0,"texture":"#0","tintindex":0},"west":{"uv":[10.0,10.25,10.375,10.625],"rotation":0,"texture":"#0","tintindex":0}}}],"display":{"head":{"translation":[0.0,-6.4,0.0],"rotation":[0.0,0.0,0.0],"scale":[3.8095,3.8095,3.8095]}}}