{"textures":{"0":"modelengine:entity/robot"},"elements":[{"name":"cube","from":[7.7402725,3.171555,6.2],"to":[10.140272,9.1715555,9.2],"rotation":{"angle":0.0,"axis":"x","origin":[7.7402725,7.3715553,8.0]},"faces":{"down":{"uv":[5.125,9.0,4.625,9.625],"rotation":0,"texture":"#0","tintindex":0},"east":{"uv":[0.0,4.875,0.625,6.125],"rotation":0,"texture":"#0","tintindex":0},"north":{"uv":[6.0,6.625,6.5,7.875],"rotation":0,"texture":"#0","tintindex":0},"south":{"uv":[6.625,6.625,7.125,7.875],"rotation":0,"texture":"#0","tintindex":0},"up":{"uv":[9.5,2.625,9.0,2.0],"rotation":0,"texture":"#0","tintindex":0},"west":{"uv":[5.0,1.375,5.625,2.625],"rotation":0,"texture":"#0","tintindex":0}}},{"name":"cube","from":[7.4402723,3.171555,5.8999996],"to":[7.4402723,9.1715555,9.5],"rotation":{"angle":0.0,"axis":"x","origin":[7.7402725,7.3715553,8.0]},"faces":{"down":{"uv":[1.875,10.625,1.875,11.375],"rotation":0,"texture":"#0","tintindex":0},"east":{"uv":[1.625,4.0,0.875,5.25],"rotation":0,"texture":"#0","tintindex":0},"north":{"uv":[1.5,10.625,1.5,11.875],"rotation":0,"texture":"#0","tintindex":0},"south":{"uv":[1.625,10.625,1.625,11.875],"rotation":0,"texture":"#0","tintindex":0},"up":{"uv":[1.75,11.375,1.75,10.625],"rotation":0,"texture":"#0","tintindex":0},"west":{"uv":[0.875,4.0,1.625,5.25],"rotation":0,"texture":"#0","tintindex":0}}},{"name":"cube","from":[10.440272,3.171555,5.8999996],"to":[10.440272,7.3715553,9.5],"rotation":{"angle":0.0,"axis":"x","origin":[7.7402725,7.3715553,8.0]},"faces":{"down":{"uv":[2.875,10.625,2.875,11.375],"rotation":0,"texture":"#0","tintindex":0},"east":{"uv":[5.75,2.375,6.5,3.25],"rotation":0,"texture":"#0","tintindex":0},"north":{"uv":[2.0,10.625,2.0,11.5],"rotation":0,"texture":"#0","tintindex":0},"south":{"uv":[2.125,10.625,2.125,11.5],"rotation":0,"texture":"#0","tintindex":0},"up":{"uv":[2.75,11.375,2.75,10.625],"rotation":0,"texture":"#0","tintindex":0},"west":{"uv":[6.5,2.375,5.75,3.25],"rotation":0,"texture":"#0","tintindex":0}}},{"name":"cube","from":[7.4402723,3.171555,5.8999996],"to":[10.440272,9.1715555,5.8999996],"rotation":{"angle":0.0,"axis":"x","origin":[7.7402725,7.3715553,8.0]},"faces":{"down":{"uv":[11.125,8.0,10.5,8.0],"rotation":0,"texture":"#0","tintindex":0},"east":{"uv":[3.0,10.625,3.0,11.875],"rotation":0,"texture":"#0","tintindex":0},"north":{"uv":[5.0,2.75,5.625,4.0],"rotation":0,"texture":"#0","tintindex":0},"south":{"uv":[5.625,2.75,5.0,4.0],"rotation":0,"texture":"#0","tintindex":0},"up":{"uv":[11.125,5.875,10.5,5.875],"rotation":0,"texture":"#0","tintindex":0},"west":{"uv":[3.125,10.625,3.125,11.875],"rotation":0,"texture":"#0","tintindex":0}}},{"name":"cube","from":[7.4402723,3.171555,9.5],"to":[10.440272,9.1715555,9.5],"rotation":{"angle":0.0,"axis":"x","origin":[7.7402725,7.3715553,8.0]},"faces":{"down":{"uv":[11.125,8.25,10.5,8.25],"rotation":0,"texture":"#0","tintindex":0},"east":{"uv":[5.25,10.625,5.25,11.875],"rotation":0,"texture":"#0","tintindex":0},"north":{"uv":[5.875,0.0,5.25,1.25],"rotation":0,"texture":"#0","tintindex":0},"south":{"uv":[5.25,0.0,5.875,1.25],"rotation":0,"texture":"#0","tintindex":0},"up":{"uv":[11.125,8.125,10.5,8.125],"rotation":0,"texture":"#0","tintindex":0},"west":{"uv":[5.375,10.625,5.375,11.875],"rotation":0,"texture":"#0","tintindex":0}}}],"display":{"head":{"translation":[0.0,-6.4,0.0],"rotation":[0.0,0.0,0.0],"scale":[3.8095,3.8095,3.8095]}}}