{"textures":{"0":"modelengine:entity/robot"},"elements":[{"name":"cube","from":[3.7999997,6.8,6.8],"to":[8.6,8.6,8.6],"rotation":{"angle":0.0,"axis":"x","origin":[8.0,8.0,8.0]},"faces":{"down":{"uv":[9.375,3.625,8.375,4.0],"rotation":0,"texture":"#0","tintindex":0},"east":{"uv":[10.25,5.0,10.625,5.375],"rotation":0,"texture":"#0","tintindex":0},"north":{"uv":[8.375,0.0,9.375,0.375],"rotation":0,"texture":"#0","tintindex":0},"south":{"uv":[0.875,8.375,1.875,8.75],"rotation":0,"texture":"#0","tintindex":0},"up":{"uv":[3.0,8.75,2.0,8.375],"rotation":0,"texture":"#0","tintindex":0},"west":{"uv":[10.25,6.0,10.625,6.375],"rotation":0,"texture":"#0","tintindex":0}}},{"name":"cube","from":[4.3999996,8.9,6.5],"to":[8.0,8.9,8.9],"rotation":{"angle":0.0,"axis":"x","origin":[8.0,8.0,8.0]},"faces":{"down":{"uv":[9.25,4.125,8.5,4.625],"rotation":0,"texture":"#0","tintindex":0},"east":{"uv":[2.875,7.5,3.375,7.5],"rotation":0,"texture":"#0","tintindex":0},"north":{"uv":[10.375,3.5,11.125,3.5],"rotation":0,"texture":"#0","tintindex":0},"south":{"uv":[10.375,3.625,11.125,3.625],"rotation":0,"texture":"#0","tintindex":0},"up":{"uv":[5.375,8.875,4.625,8.375],"rotation":0,"texture":"#0","tintindex":0},"west":{"uv":[9.5,1.0,10.0,1.0],"rotation":0,"texture":"#0","tintindex":0}}},{"name":"cube","from":[4.3999996,6.5,6.5],"to":[8.0,6.5,8.9],"rotation":{"angle":0.0,"axis":"x","origin":[8.0,8.0,8.0]},"faces":{"down":{"uv":[9.25,5.375,8.5,5.875],"rotation":0,"texture":"#0","tintindex":0},"east":{"uv":[9.5,4.0,10.0,4.0],"rotation":0,"texture":"#0","tintindex":0},"north":{"uv":[10.375,3.75,11.125,3.75],"rotation":0,"texture":"#0","tintindex":0},"south":{"uv":[10.375,3.875,11.125,3.875],"rotation":0,"texture":"#0","tintindex":0},"up":{"uv":[9.25,5.25,8.5,4.75],"rotation":0,"texture":"#0","tintindex":0},"west":{"uv":[9.625,6.625,10.125,6.625],"rotation":0,"texture":"#0","tintindex":0}}},{"name":"cube","from":[4.3999996,6.5,6.5],"to":[8.0,8.9,6.5],"rotation":{"angle":0.0,"axis":"x","origin":[8.0,8.0,8.0]},"faces":{"down":{"uv":[11.125,8.5,10.375,8.5],"rotation":0,"texture":"#0","tintindex":0},"east":{"uv":[8.75,10.375,8.75,10.875],"rotation":0,"texture":"#0","tintindex":0},"north":{"uv":[8.625,0.5,9.375,1.0],"rotation":0,"texture":"#0","tintindex":0},"south":{"uv":[5.5,8.625,6.25,9.125],"rotation":0,"texture":"#0","tintindex":0},"up":{"uv":[11.125,8.375,10.375,8.375],"rotation":0,"texture":"#0","tintindex":0},"west":{"uv":[8.875,10.375,8.875,10.875],"rotation":0,"texture":"#0","tintindex":0}}},{"name":"cube","from":[4.3999996,6.5,8.9],"to":[8.0,8.9,8.9],"rotation":{"angle":0.0,"axis":"x","origin":[8.0,8.0,8.0]},"faces":{"down":{"uv":[11.25,1.625,10.5,1.625],"rotation":0,"texture":"#0","tintindex":0},"east":{"uv":[9.0,10.375,9.0,10.875],"rotation":0,"texture":"#0","tintindex":0},"north":{"uv":[7.75,8.625,8.5,9.125],"rotation":0,"texture":"#0","tintindex":0},"south":{"uv":[8.625,8.625,9.375,9.125],"rotation":0,"texture":"#0","tintindex":0},"up":{"uv":[11.125,8.625,10.375,8.625],"rotation":0,"texture":"#0","tintindex":0},"west":{"uv":[9.125,10.375,9.125,10.875],"rotation":0,"texture":"#0","tintindex":0}}}],"display":{"head":{"translation":[0.0,-6.4,0.0],"rotation":[0.0,0.0,0.0],"scale":[3.8095,3.8095,3.8095]}}}