{"textures":{"0":"modelengine:entity/robot"},"elements":[{"name":"cube","from":[7.1,3.7999997,8.0],"to":[8.9,8.6,10.4],"rotation":{"angle":0.0,"axis":"x","origin":[7.4,8.0,7.7]},"faces":{"down":{"uv":[4.625,10.125,4.25,10.625],"rotation":0,"texture":"#0","tintindex":0},"east":{"uv":[6.875,7.125,7.375,8.125],"rotation":0,"texture":"#0","tintindex":0},"north":{"uv":[3.875,8.875,4.25,9.875],"rotation":0,"texture":"#0","tintindex":0},"south":{"uv":[5.625,8.875,6.0,9.875],"rotation":0,"texture":"#0","tintindex":0},"up":{"uv":[5.875,10.5,5.5,10.0],"rotation":0,"texture":"#0","tintindex":0},"west":{"uv":[7.375,2.25,7.875,3.25],"rotation":0,"texture":"#0","tintindex":0}}},{"name":"cube","from":[6.8,3.1999998,7.1],"to":[9.2,4.3999996,10.700001],"rotation":{"angle":0.0,"axis":"x","origin":[7.4,8.0,7.7]},"faces":{"down":{"uv":[7.25,8.875,6.75,9.625],"rotation":0,"texture":"#0","tintindex":0},"east":{"uv":[10.125,5.25,10.875,5.5],"rotation":0,"texture":"#0","tintindex":0},"north":{"uv":[10.125,10.375,10.625,10.625],"rotation":0,"texture":"#0","tintindex":0},"south":{"uv":[10.5,0.0,11.0,0.25],"rotation":0,"texture":"#0","tintindex":0},"up":{"uv":[6.625,9.625,6.125,8.875],"rotation":0,"texture":"#0","tintindex":0},"west":{"uv":[10.125,5.625,10.875,5.875],"rotation":0,"texture":"#0","tintindex":0}}},{"name":"cube","from":[6.8,4.3999996,7.7],"to":[6.8,7.4,10.700001],"rotation":{"angle":0.0,"axis":"x","origin":[7.4,8.0,7.7]},"faces":{"down":{"uv":[7.5,11.5,7.5,12.125],"rotation":0,"texture":"#0","tintindex":0},"east":{"uv":[7.5,7.375,8.125,8.0],"rotation":0,"texture":"#0","tintindex":0},"north":{"uv":[11.5,4.875,11.5,5.5],"rotation":0,"texture":"#0","tintindex":0},"south":{"uv":[7.25,11.5,7.25,12.125],"rotation":0,"texture":"#0","tintindex":0},"up":{"uv":[7.375,12.125,7.375,11.5],"rotation":0,"texture":"#0","tintindex":0},"west":{"uv":[3.875,7.625,4.5,8.25],"rotation":0,"texture":"#0","tintindex":0}}},{"name":"cube","from":[9.2,4.3999996,7.7],"to":[9.2,7.4,10.700001],"rotation":{"angle":0.0,"axis":"x","origin":[7.4,8.0,7.7]},"faces":{"down":{"uv":[8.0,11.5,8.0,12.125],"rotation":0,"texture":"#0","tintindex":0},"east":{"uv":[1.875,7.75,2.5,8.375],"rotation":0,"texture":"#0","tintindex":0},"north":{"uv":[7.625,11.5,7.625,12.125],"rotation":0,"texture":"#0","tintindex":0},"south":{"uv":[7.75,11.5,7.75,12.125],"rotation":0,"texture":"#0","tintindex":0},"up":{"uv":[7.875,12.125,7.875,11.5],"rotation":0,"texture":"#0","tintindex":0},"west":{"uv":[2.625,7.75,3.25,8.375],"rotation":0,"texture":"#0","tintindex":0}}},{"name":"cube","from":[6.8,4.3999996,7.7],"to":[9.2,7.4,7.7],"rotation":{"angle":0.0,"axis":"x","origin":[7.4,8.0,7.7]},"faces":{"down":{"uv":[12.0,6.0,11.5,6.0],"rotation":0,"texture":"#0","tintindex":0},"east":{"uv":[8.5,11.5,8.5,12.125],"rotation":0,"texture":"#0","tintindex":0},"north":{"uv":[9.25,4.0,9.75,4.625],"rotation":0,"texture":"#0","tintindex":0},"south":{"uv":[9.25,4.75,9.75,5.375],"rotation":0,"texture":"#0","tintindex":0},"up":{"uv":[12.0,5.875,11.5,5.875],"rotation":0,"texture":"#0","tintindex":0},"west":{"uv":[8.625,11.5,8.625,12.125],"rotation":0,"texture":"#0","tintindex":0}}},{"name":"cube","from":[6.8,4.3999996,10.700001],"to":[9.2,7.4,10.700001],"rotation":{"angle":0.0,"axis":"x","origin":[7.4,8.0,7.7]},"faces":{"down":{"uv":[12.0,6.25,11.5,6.25],"rotation":0,"texture":"#0","tintindex":0},"east":{"uv":[8.75,11.5,8.75,12.125],"rotation":0,"texture":"#0","tintindex":0},"north":{"uv":[7.375,9.375,7.875,10.0],"rotation":0,"texture":"#0","tintindex":0},"south":{"uv":[0.0,9.5,0.5,10.125],"rotation":0,"texture":"#0","tintindex":0},"up":{"uv":[12.0,6.125,11.5,6.125],"rotation":0,"texture":"#0","tintindex":0},"west":{"uv":[8.875,11.5,8.875,12.125],"rotation":0,"texture":"#0","tintindex":0}}}],"display":{"head":{"translation":[0.0,-6.4,0.0],"rotation":[0.0,0.0,0.0],"scale":[3.8095,3.8095,3.8095]}}}