{"textures":{"0":"modelengine:entity/robot"},"elements":[{"name":"cube","from":[7.7402725,3.171555,6.2],"to":[10.140272,9.1715555,9.2],"rotation":{"angle":0.0,"axis":"x","origin":[7.7402725,7.3715553,8.0]},"faces":{"down":{"uv":[9.375,9.125,8.875,9.75],"rotation":0,"texture":"#0","tintindex":0},"east":{"uv":[0.0,4.875,0.625,6.125],"rotation":0,"texture":"#0","tintindex":0},"north":{"uv":[0.625,6.875,1.125,8.125],"rotation":0,"texture":"#0","tintindex":0},"south":{"uv":[1.25,6.875,1.75,8.125],"rotation":0,"texture":"#0","tintindex":0},"up":{"uv":[8.75,9.75,8.25,9.125],"rotation":0,"texture":"#0","tintindex":0},"west":{"uv":[5.0,1.375,5.625,2.625],"rotation":0,"texture":"#0","tintindex":0}}},{"name":"cube","from":[7.4402723,3.171555,5.8999996],"to":[7.4402723,9.1715555,9.5],"rotation":{"angle":0.0,"axis":"x","origin":[7.7402725,7.3715553,8.0]},"faces":{"down":{"uv":[4.25,11.5,4.25,12.25],"rotation":0,"texture":"#0","tintindex":0},"east":{"uv":[3.625,1.0,4.375,2.25],"rotation":0,"texture":"#0","tintindex":0},"north":{"uv":[3.875,11.5,3.875,12.75],"rotation":0,"texture":"#0","tintindex":0},"south":{"uv":[4.0,11.5,4.0,12.75],"rotation":0,"texture":"#0","tintindex":0},"up":{"uv":[4.125,12.25,4.125,11.5],"rotation":0,"texture":"#0","tintindex":0},"west":{"uv":[0.875,4.0,1.625,5.25],"rotation":0,"texture":"#0","tintindex":0}}},{"name":"cube","from":[10.440272,3.171555,5.8999996],"to":[10.440272,7.3715553,9.5],"rotation":{"angle":0.0,"axis":"x","origin":[7.7402725,7.3715553,8.0]},"faces":{"down":{"uv":[5.5,11.5,5.5,12.25],"rotation":0,"texture":"#0","tintindex":0},"east":{"uv":[1.375,5.875,2.125,6.75],"rotation":0,"texture":"#0","tintindex":0},"north":{"uv":[4.375,11.5,4.375,12.375],"rotation":0,"texture":"#0","tintindex":0},"south":{"uv":[4.5,11.5,4.5,12.375],"rotation":0,"texture":"#0","tintindex":0},"up":{"uv":[5.375,12.25,5.375,11.5],"rotation":0,"texture":"#0","tintindex":0},"west":{"uv":[2.25,5.875,3.0,6.75],"rotation":0,"texture":"#0","tintindex":0}}},{"name":"cube","from":[7.4402723,3.171555,5.8999996],"to":[10.440272,9.1715555,5.8999996],"rotation":{"angle":0.0,"axis":"x","origin":[7.7402725,7.3715553,8.0]},"faces":{"down":{"uv":[12.125,3.625,11.5,3.625],"rotation":0,"texture":"#0","tintindex":0},"east":{"uv":[5.625,11.5,5.625,12.75],"rotation":0,"texture":"#0","tintindex":0},"north":{"uv":[5.0,2.75,5.625,4.0],"rotation":0,"texture":"#0","tintindex":0},"south":{"uv":[5.0,4.125,5.625,5.375],"rotation":0,"texture":"#0","tintindex":0},"up":{"uv":[12.125,3.5,11.5,3.5],"rotation":0,"texture":"#0","tintindex":0},"west":{"uv":[5.75,11.5,5.75,12.75],"rotation":0,"texture":"#0","tintindex":0}}},{"name":"cube","from":[7.4402723,3.171555,9.5],"to":[10.440272,9.1715555,9.5],"rotation":{"angle":0.0,"axis":"x","origin":[7.7402725,7.3715553,8.0]},"faces":{"down":{"uv":[12.125,3.875,11.5,3.875],"rotation":0,"texture":"#0","tintindex":0},"east":{"uv":[7.0,11.5,7.0,12.75],"rotation":0,"texture":"#0","tintindex":0},"north":{"uv":[4.0,5.125,4.625,6.375],"rotation":0,"texture":"#0","tintindex":0},"south":{"uv":[5.25,0.0,5.875,1.25],"rotation":0,"texture":"#0","tintindex":0},"up":{"uv":[12.125,3.75,11.5,3.75],"rotation":0,"texture":"#0","tintindex":0},"west":{"uv":[7.125,11.5,7.125,12.75],"rotation":0,"texture":"#0","tintindex":0}}}],"display":{"head":{"translation":[0.0,-6.4,0.0],"rotation":[0.0,0.0,0.0],"scale":[3.8095,3.8095,3.8095]}}}