{"textures":{"0":"modelengine:entity/robot"},"elements":[{"name":"cube","from":[4.3999996,7.1,6.2],"to":[8.0,8.9,8.0],"rotation":{"angle":0.0,"axis":"x","origin":[8.0,8.3,7.4]},"faces":{"down":{"uv":[10.5,2.25,9.75,2.625],"rotation":0,"texture":"#0","tintindex":0},"east":{"uv":[10.375,8.875,10.75,9.25],"rotation":0,"texture":"#0","tintindex":0},"north":{"uv":[2.375,9.625,3.125,10.0],"rotation":0,"texture":"#0","tintindex":0},"south":{"uv":[1.5,9.75,2.25,10.125],"rotation":0,"texture":"#0","tintindex":0},"up":{"uv":[10.5,2.125,9.75,1.75],"rotation":0,"texture":"#0","tintindex":0},"west":{"uv":[10.375,9.375,10.75,9.75],"rotation":0,"texture":"#0","tintindex":0}}}],"display":{"head":{"translation":[0.0,-6.4,0.0],"rotation":[0.0,0.0,0.0],"scale":[3.8095,3.8095,3.8095]}}}