{"textures":{"0":"modelengine:entity/robot"},"elements":[{"name":"cube","from":[7.1,3.7999997,8.0],"to":[8.9,8.6,10.4],"rotation":{"angle":0.0,"axis":"x","origin":[7.4,8.0,7.7]},"faces":{"down":{"uv":[3.125,10.0,2.75,10.5],"rotation":0,"texture":"#0","tintindex":0},"east":{"uv":[7.25,1.875,7.75,2.875],"rotation":0,"texture":"#0","tintindex":0},"north":{"uv":[3.625,8.75,4.0,9.75],"rotation":0,"texture":"#0","tintindex":0},"south":{"uv":[4.125,8.75,4.5,9.75],"rotation":0,"texture":"#0","tintindex":0},"up":{"uv":[4.5,10.375,4.125,9.875],"rotation":0,"texture":"#0","tintindex":0},"west":{"uv":[7.25,6.25,7.75,7.25],"rotation":0,"texture":"#0","tintindex":0}}},{"name":"cube","from":[6.8,3.1999998,7.1],"to":[9.2,4.3999996,10.700001],"rotation":{"angle":0.0,"axis":"x","origin":[7.4,8.0,7.7]},"faces":{"down":{"uv":[7.375,8.75,6.875,9.5],"rotation":0,"texture":"#0","tintindex":0},"east":{"uv":[10.0,9.5,10.75,9.75],"rotation":0,"texture":"#0","tintindex":0},"north":{"uv":[10.375,0.0,10.875,0.25],"rotation":0,"texture":"#0","tintindex":0},"south":{"uv":[10.375,0.375,10.875,0.625],"rotation":0,"texture":"#0","tintindex":0},"up":{"uv":[9.25,1.875,8.75,1.125],"rotation":0,"texture":"#0","tintindex":0},"west":{"uv":[10.0,9.875,10.75,10.125],"rotation":0,"texture":"#0","tintindex":0}}},{"name":"cube","from":[6.8,4.3999996,7.7],"to":[6.8,7.4,10.700001],"rotation":{"angle":0.0,"axis":"x","origin":[7.4,8.0,7.7]},"faces":{"down":{"uv":[5.875,10.625,5.875,11.25],"rotation":0,"texture":"#0","tintindex":0},"east":{"uv":[0.75,7.625,1.375,8.25],"rotation":0,"texture":"#0","tintindex":0},"north":{"uv":[5.5,10.625,5.5,11.25],"rotation":0,"texture":"#0","tintindex":0},"south":{"uv":[5.625,10.625,5.625,11.25],"rotation":0,"texture":"#0","tintindex":0},"up":{"uv":[5.75,11.25,5.75,10.625],"rotation":0,"texture":"#0","tintindex":0},"west":{"uv":[1.375,7.625,0.75,8.25],"rotation":0,"texture":"#0","tintindex":0}}},{"name":"cube","from":[9.2,4.3999996,7.7],"to":[9.2,7.4,10.700001],"rotation":{"angle":0.0,"axis":"x","origin":[7.4,8.0,7.7]},"faces":{"down":{"uv":[10.625,6.5,10.625,7.125],"rotation":0,"texture":"#0","tintindex":0},"east":{"uv":[2.25,7.625,2.875,8.25],"rotation":0,"texture":"#0","tintindex":0},"north":{"uv":[6.25,10.625,6.25,11.25],"rotation":0,"texture":"#0","tintindex":0},"south":{"uv":[6.375,10.625,6.375,11.25],"rotation":0,"texture":"#0","tintindex":0},"up":{"uv":[6.5,11.25,6.5,10.625],"rotation":0,"texture":"#0","tintindex":0},"west":{"uv":[2.875,7.625,2.25,8.25],"rotation":0,"texture":"#0","tintindex":0}}},{"name":"cube","from":[6.8,4.3999996,7.7],"to":[9.2,7.4,7.7],"rotation":{"angle":0.0,"axis":"x","origin":[7.4,8.0,7.7]},"faces":{"down":{"uv":[11.125,7.375,10.625,7.375],"rotation":0,"texture":"#0","tintindex":0},"east":{"uv":[7.125,10.625,7.125,11.25],"rotation":0,"texture":"#0","tintindex":0},"north":{"uv":[9.0,6.0,9.5,6.625],"rotation":0,"texture":"#0","tintindex":0},"south":{"uv":[9.5,6.0,9.0,6.625],"rotation":0,"texture":"#0","tintindex":0},"up":{"uv":[11.125,7.25,10.625,7.25],"rotation":0,"texture":"#0","tintindex":0},"west":{"uv":[7.25,10.625,7.25,11.25],"rotation":0,"texture":"#0","tintindex":0}}},{"name":"cube","from":[6.8,4.3999996,10.700001],"to":[9.2,7.4,10.700001],"rotation":{"angle":0.0,"axis":"x","origin":[7.4,8.0,7.7]},"faces":{"down":{"uv":[11.125,7.625,10.625,7.625],"rotation":0,"texture":"#0","tintindex":0},"east":{"uv":[7.375,10.625,7.375,11.25],"rotation":0,"texture":"#0","tintindex":0},"north":{"uv":[8.0,9.25,7.5,9.875],"rotation":0,"texture":"#0","tintindex":0},"south":{"uv":[7.5,9.25,8.0,9.875],"rotation":0,"texture":"#0","tintindex":0},"up":{"uv":[11.125,7.5,10.625,7.5],"rotation":0,"texture":"#0","tintindex":0},"west":{"uv":[8.125,10.625,8.125,11.25],"rotation":0,"texture":"#0","tintindex":0}}}],"display":{"head":{"translation":[0.0,-6.4,0.0],"rotation":[0.0,0.0,0.0],"scale":[3.8095,3.8095,3.8095]}}}