{"textures":{"0":"modelengine:entity/robot"},"elements":[{"name":"cube","from":[5.6,4.3999996,6.2],"to":[10.4,9.2,9.2],"rotation":{"angle":0.0,"axis":"x","origin":[8.0,8.0,8.0]},"faces":{"down":{"uv":[7.625,1.125,6.625,1.75],"rotation":0,"texture":"#0","tintindex":0},"east":{"uv":[6.25,5.5,6.875,6.5],"rotation":0,"texture":"#0","tintindex":0},"north":{"uv":[2.5,1.0,3.5,2.0],"rotation":0,"texture":"#0","tintindex":0},"south":{"uv":[2.5,2.125,3.5,3.125],"rotation":0,"texture":"#0","tintindex":0},"up":{"uv":[7.5,5.0,6.5,4.375],"rotation":0,"texture":"#0","tintindex":0},"west":{"uv":[3.5,6.5,4.125,7.5],"rotation":0,"texture":"#0","tintindex":0}}}],"display":{"head":{"translation":[0.0,-6.4,0.0],"rotation":[0.0,0.0,0.0],"scale":[3.8095,3.8095,3.8095]}}}