{"textures":{"0":"modelengine:entity/robot"},"elements":[{"name":"cube","from":[5.859728,3.171555,6.2],"to":[8.2597275,9.1715555,9.2],"rotation":{"angle":0.0,"axis":"x","origin":[8.2597275,7.3715553,8.0]},"faces":{"down":{"uv":[2.0,8.875,1.5,9.5],"rotation":0,"texture":"#0","tintindex":0},"east":{"uv":[4.25,2.375,4.875,3.625],"rotation":0,"texture":"#0","tintindex":0},"north":{"uv":[5.375,6.5,5.875,7.75],"rotation":0,"texture":"#0","tintindex":0},"south":{"uv":[6.625,1.875,7.125,3.125],"rotation":0,"texture":"#0","tintindex":0},"up":{"uv":[1.375,9.5,0.875,8.875],"rotation":0,"texture":"#0","tintindex":0},"west":{"uv":[4.25,3.75,4.875,5.0],"rotation":0,"texture":"#0","tintindex":0}}},{"name":"cube","from":[8.559728,3.171555,5.8999996],"to":[8.559728,9.1715555,9.5],"rotation":{"angle":0.0,"axis":"x","origin":[8.2597275,7.3715553,8.0]},"faces":{"down":{"uv":[9.625,10.375,9.625,11.125],"rotation":0,"texture":"#0","tintindex":0},"east":{"uv":[3.375,3.25,4.125,4.5],"rotation":0,"texture":"#0","tintindex":0},"north":{"uv":[9.25,10.375,9.25,11.625],"rotation":0,"texture":"#0","tintindex":0},"south":{"uv":[9.375,10.375,9.375,11.625],"rotation":0,"texture":"#0","tintindex":0},"up":{"uv":[9.5,11.125,9.5,10.375],"rotation":0,"texture":"#0","tintindex":0},"west":{"uv":[4.125,3.25,3.375,4.5],"rotation":0,"texture":"#0","tintindex":0}}},{"name":"cube","from":[5.5597277,3.171555,5.8999996],"to":[5.5597277,7.3715553,9.5],"rotation":{"angle":0.0,"axis":"x","origin":[8.2597275,7.3715553,8.0]},"faces":{"down":{"uv":[2.5,10.5,2.5,11.25],"rotation":0,"texture":"#0","tintindex":0},"east":{"uv":[6.5,1.375,5.75,2.25],"rotation":0,"texture":"#0","tintindex":0},"north":{"uv":[9.75,10.375,9.75,11.25],"rotation":0,"texture":"#0","tintindex":0},"south":{"uv":[9.875,10.375,9.875,11.25],"rotation":0,"texture":"#0","tintindex":0},"up":{"uv":[2.375,11.25,2.375,10.5],"rotation":0,"texture":"#0","tintindex":0},"west":{"uv":[5.75,1.375,6.5,2.25],"rotation":0,"texture":"#0","tintindex":0}}},{"name":"cube","from":[5.5597277,3.171555,5.8999996],"to":[8.559728,9.1715555,5.8999996],"rotation":{"angle":0.0,"axis":"x","origin":[8.2597275,7.3715553,8.0]},"faces":{"down":{"uv":[11.125,1.875,10.5,1.875],"rotation":0,"texture":"#0","tintindex":0},"east":{"uv":[2.625,10.5,2.625,11.75],"rotation":0,"texture":"#0","tintindex":0},"north":{"uv":[2.375,4.5,1.75,5.75],"rotation":0,"texture":"#0","tintindex":0},"south":{"uv":[1.75,4.5,2.375,5.75],"rotation":0,"texture":"#0","tintindex":0},"up":{"uv":[11.125,1.75,10.5,1.75],"rotation":0,"texture":"#0","tintindex":0},"west":{"uv":[3.625,10.5,3.625,11.75],"rotation":0,"texture":"#0","tintindex":0}}},{"name":"cube","from":[5.5597277,3.171555,9.5],"to":[8.559728,9.1715555,9.5],"rotation":{"angle":0.0,"axis":"x","origin":[8.2597275,7.3715553,8.0]},"faces":{"down":{"uv":[11.125,5.625,10.5,5.625],"rotation":0,"texture":"#0","tintindex":0},"east":{"uv":[3.75,10.5,3.75,11.75],"rotation":0,"texture":"#0","tintindex":0},"north":{"uv":[3.875,4.625,3.25,5.875],"rotation":0,"texture":"#0","tintindex":0},"south":{"uv":[3.25,4.625,3.875,5.875],"rotation":0,"texture":"#0","tintindex":0},"up":{"uv":[5.875,10.5,5.25,10.5],"rotation":0,"texture":"#0","tintindex":0},"west":{"uv":[3.875,10.5,3.875,11.75],"rotation":0,"texture":"#0","tintindex":0}}}],"display":{"head":{"translation":[0.0,-6.4,0.0],"rotation":[0.0,0.0,0.0],"scale":[3.8095,3.8095,3.8095]}}}