{"textures":{"0":"modelengine:entity/robot"},"elements":[{"name":"cube","from":[7.1,3.7999997,8.0],"to":[8.9,8.6,10.4],"rotation":{"angle":0.0,"axis":"x","origin":[8.6,8.0,7.7]},"faces":{"down":{"uv":[4.0,9.875,3.625,10.375],"rotation":0,"texture":"#0","tintindex":0},"east":{"uv":[4.25,7.0,4.75,8.0],"rotation":0,"texture":"#0","tintindex":0},"north":{"uv":[3.125,8.375,3.5,9.375],"rotation":0,"texture":"#0","tintindex":0},"south":{"uv":[6.375,8.625,6.75,9.625],"rotation":0,"texture":"#0","tintindex":0},"up":{"uv":[9.875,10.25,9.5,9.75],"rotation":0,"texture":"#0","tintindex":0},"west":{"uv":[7.0,5.125,7.5,6.125],"rotation":0,"texture":"#0","tintindex":0}}},{"name":"cube","from":[6.8,3.1999998,7.1],"to":[9.2,4.3999996,10.700001],"rotation":{"angle":0.0,"axis":"x","origin":[8.6,8.0,7.7]},"faces":{"down":{"uv":[4.375,0.0,3.875,0.75],"rotation":0,"texture":"#0","tintindex":0},"east":{"uv":[9.875,9.125,10.625,9.375],"rotation":0,"texture":"#0","tintindex":0},"north":{"uv":[8.875,8.25,9.375,8.5],"rotation":0,"texture":"#0","tintindex":0},"south":{"uv":[0.0,10.375,0.5,10.625],"rotation":0,"texture":"#0","tintindex":0},"up":{"uv":[4.125,3.125,3.625,2.375],"rotation":0,"texture":"#0","tintindex":0},"west":{"uv":[0.625,10.0,1.375,10.25],"rotation":0,"texture":"#0","tintindex":0}}},{"name":"cube","from":[9.2,4.3999996,7.7],"to":[9.2,7.4,10.700001],"rotation":{"angle":0.0,"axis":"x","origin":[8.6,8.0,7.7]},"faces":{"down":{"uv":[4.375,10.5,4.375,11.125],"rotation":0,"texture":"#0","tintindex":0},"east":{"uv":[7.25,7.375,7.875,8.0],"rotation":0,"texture":"#0","tintindex":0},"north":{"uv":[4.0,10.5,4.0,11.125],"rotation":0,"texture":"#0","tintindex":0},"south":{"uv":[4.125,10.5,4.125,11.125],"rotation":0,"texture":"#0","tintindex":0},"up":{"uv":[4.25,11.125,4.25,10.5],"rotation":0,"texture":"#0","tintindex":0},"west":{"uv":[7.875,7.375,7.25,8.0],"rotation":0,"texture":"#0","tintindex":0}}},{"name":"cube","from":[6.8,4.3999996,7.7],"to":[6.8,7.4,10.700001],"rotation":{"angle":0.0,"axis":"x","origin":[8.6,8.0,7.7]},"faces":{"down":{"uv":[7.5,10.5,7.5,11.125],"rotation":0,"texture":"#0","tintindex":0},"east":{"uv":[0.0,7.625,0.625,8.25],"rotation":0,"texture":"#0","tintindex":0},"north":{"uv":[4.5,10.5,4.5,11.125],"rotation":0,"texture":"#0","tintindex":0},"south":{"uv":[10.5,6.5,10.5,7.125],"rotation":0,"texture":"#0","tintindex":0},"up":{"uv":[10.5,7.875,10.5,7.25],"rotation":0,"texture":"#0","tintindex":0},"west":{"uv":[0.625,7.625,0.0,8.25],"rotation":0,"texture":"#0","tintindex":0}}},{"name":"cube","from":[6.8,4.3999996,7.7],"to":[9.2,7.4,7.7],"rotation":{"angle":0.0,"axis":"x","origin":[8.6,8.0,7.7]},"faces":{"down":{"uv":[10.25,3.375,9.75,3.375],"rotation":0,"texture":"#0","tintindex":0},"east":{"uv":[7.625,10.5,7.625,11.125],"rotation":0,"texture":"#0","tintindex":0},"north":{"uv":[2.125,8.875,2.625,9.5],"rotation":0,"texture":"#0","tintindex":0},"south":{"uv":[2.625,8.875,2.125,9.5],"rotation":0,"texture":"#0","tintindex":0},"up":{"uv":[10.25,3.25,9.75,3.25],"rotation":0,"texture":"#0","tintindex":0},"west":{"uv":[7.75,10.5,7.75,11.125],"rotation":0,"texture":"#0","tintindex":0}}},{"name":"cube","from":[6.8,4.3999996,10.700001],"to":[9.2,7.4,10.700001],"rotation":{"angle":0.0,"axis":"x","origin":[8.6,8.0,7.7]},"faces":{"down":{"uv":[11.0,5.75,10.5,5.75],"rotation":0,"texture":"#0","tintindex":0},"east":{"uv":[7.875,10.5,7.875,11.125],"rotation":0,"texture":"#0","tintindex":0},"north":{"uv":[0.5,9.0,0.0,9.625],"rotation":0,"texture":"#0","tintindex":0},"south":{"uv":[0.0,9.0,0.5,9.625],"rotation":0,"texture":"#0","tintindex":0},"up":{"uv":[5.75,10.0,5.25,10.0],"rotation":0,"texture":"#0","tintindex":0},"west":{"uv":[10.5,10.25,10.5,10.875],"rotation":0,"texture":"#0","tintindex":0}}}],"display":{"head":{"translation":[0.0,-6.4,0.0],"rotation":[0.0,0.0,0.0],"scale":[3.8095,3.8095,3.8095]}}}