{"textures":{"0":"modelengine:entity/robot"},"elements":[{"name":"cube","from":[8.0,7.1,6.2],"to":[11.6,8.9,8.0],"rotation":{"angle":0.0,"axis":"x","origin":[8.0,8.3,7.4]},"faces":{"down":{"uv":[10.375,0.5,9.625,0.875],"rotation":0,"texture":"#0","tintindex":0},"east":{"uv":[10.375,6.375,10.75,6.75],"rotation":0,"texture":"#0","tintindex":0},"north":{"uv":[9.5,9.0,10.25,9.375],"rotation":0,"texture":"#0","tintindex":0},"south":{"uv":[9.5,9.5,10.25,9.875],"rotation":0,"texture":"#0","tintindex":0},"up":{"uv":[10.375,0.375,9.625,0.0],"rotation":0,"texture":"#0","tintindex":0},"west":{"uv":[6.5,10.375,6.875,10.75],"rotation":0,"texture":"#0","tintindex":0}}}],"display":{"head":{"translation":[0.0,-6.4,0.0],"rotation":[0.0,0.0,0.0],"scale":[3.8095,3.8095,3.8095]}}}