{"textures":{"0":"modelengine:entity/robot"},"elements":[{"name":"cube","from":[5.859728,3.171555,6.2],"to":[8.2597275,9.1715555,9.2],"rotation":{"angle":0.0,"axis":"x","origin":[8.2597275,7.3715553,8.0]},"faces":{"down":{"uv":[4.875,9.0,4.375,9.625],"rotation":0,"texture":"#0","tintindex":0},"east":{"uv":[4.25,2.375,4.875,3.625],"rotation":0,"texture":"#0","tintindex":0},"north":{"uv":[6.75,4.375,7.25,5.625],"rotation":0,"texture":"#0","tintindex":0},"south":{"uv":[6.75,5.75,7.25,7.0],"rotation":0,"texture":"#0","tintindex":0},"up":{"uv":[2.25,9.625,1.75,9.0],"rotation":0,"texture":"#0","tintindex":0},"west":{"uv":[4.25,3.75,4.875,5.0],"rotation":0,"texture":"#0","tintindex":0}}},{"name":"cube","from":[8.559728,3.171555,5.8999996],"to":[8.559728,9.1715555,9.5],"rotation":{"angle":0.0,"axis":"x","origin":[8.2597275,7.3715553,8.0]},"faces":{"down":{"uv":[0.0,11.5,0.0,12.25],"rotation":0,"texture":"#0","tintindex":0},"east":{"uv":[3.375,3.25,4.125,4.5],"rotation":0,"texture":"#0","tintindex":0},"north":{"uv":[11.125,11.375,11.125,12.625],"rotation":0,"texture":"#0","tintindex":0},"south":{"uv":[11.25,11.375,11.25,12.625],"rotation":0,"texture":"#0","tintindex":0},"up":{"uv":[11.375,12.125,11.375,11.375],"rotation":0,"texture":"#0","tintindex":0},"west":{"uv":[0.0,3.5,0.75,4.75],"rotation":0,"texture":"#0","tintindex":0}}},{"name":"cube","from":[5.5597277,3.171555,5.8999996],"to":[5.5597277,7.3715553,9.5],"rotation":{"angle":0.0,"axis":"x","origin":[8.2597275,7.3715553,8.0]},"faces":{"down":{"uv":[11.5,0.375,11.5,1.125],"rotation":0,"texture":"#0","tintindex":0},"east":{"uv":[5.75,2.875,6.5,3.75],"rotation":0,"texture":"#0","tintindex":0},"north":{"uv":[0.125,11.5,0.125,12.375],"rotation":0,"texture":"#0","tintindex":0},"south":{"uv":[0.25,11.5,0.25,12.375],"rotation":0,"texture":"#0","tintindex":0},"up":{"uv":[0.375,12.25,0.375,11.5],"rotation":0,"texture":"#0","tintindex":0},"west":{"uv":[5.75,3.875,6.5,4.75],"rotation":0,"texture":"#0","tintindex":0}}},{"name":"cube","from":[5.5597277,3.171555,5.8999996],"to":[8.559728,9.1715555,5.8999996],"rotation":{"angle":0.0,"axis":"x","origin":[8.2597275,7.3715553,8.0]},"faces":{"down":{"uv":[12.0,9.75,11.375,9.75],"rotation":0,"texture":"#0","tintindex":0},"east":{"uv":[0.5,11.5,0.5,12.75],"rotation":0,"texture":"#0","tintindex":0},"north":{"uv":[4.5,0.0,5.125,1.25],"rotation":0,"texture":"#0","tintindex":0},"south":{"uv":[1.75,4.5,2.375,5.75],"rotation":0,"texture":"#0","tintindex":0},"up":{"uv":[12.0,9.625,11.375,9.625],"rotation":0,"texture":"#0","tintindex":0},"west":{"uv":[0.625,11.5,0.625,12.75],"rotation":0,"texture":"#0","tintindex":0}}},{"name":"cube","from":[5.5597277,3.171555,9.5],"to":[8.559728,9.1715555,9.5],"rotation":{"angle":0.0,"axis":"x","origin":[8.2597275,7.3715553,8.0]},"faces":{"down":{"uv":[12.125,1.375,11.5,1.375],"rotation":0,"texture":"#0","tintindex":0},"east":{"uv":[0.75,11.5,0.75,12.75],"rotation":0,"texture":"#0","tintindex":0},"north":{"uv":[2.5,4.5,3.125,5.75],"rotation":0,"texture":"#0","tintindex":0},"south":{"uv":[3.25,4.625,3.875,5.875],"rotation":0,"texture":"#0","tintindex":0},"up":{"uv":[12.125,1.25,11.5,1.25],"rotation":0,"texture":"#0","tintindex":0},"west":{"uv":[0.875,11.5,0.875,12.75],"rotation":0,"texture":"#0","tintindex":0}}}],"display":{"head":{"translation":[0.0,-6.4,0.0],"rotation":[0.0,0.0,0.0],"scale":[3.8095,3.8095,3.8095]}}}