{"textures":{"0":"modelengine:entity/robot"},"elements":[{"name":"cube","from":[7.4,6.8,6.8],"to":[12.2,8.6,8.6],"rotation":{"angle":0.0,"axis":"x","origin":[8.0,8.0,8.0]},"faces":{"down":{"uv":[8.875,6.25,7.875,6.625],"rotation":0,"texture":"#0","tintindex":0},"east":{"uv":[7.5,10.0,7.875,10.375],"rotation":0,"texture":"#0","tintindex":0},"north":{"uv":[7.875,2.0,8.875,2.375],"rotation":0,"texture":"#0","tintindex":0},"south":{"uv":[7.875,2.5,8.875,2.875],"rotation":0,"texture":"#0","tintindex":0},"up":{"uv":[5.875,8.25,4.875,7.875],"rotation":0,"texture":"#0","tintindex":0},"west":{"uv":[10.25,4.0,10.625,4.375],"rotation":0,"texture":"#0","tintindex":0}}},{"name":"cube","from":[8.0,8.9,6.5],"to":[11.6,8.9,8.9],"rotation":{"angle":0.0,"axis":"x","origin":[8.0,8.0,8.0]},"faces":{"down":{"uv":[6.75,8.0,6.0,8.5],"rotation":0,"texture":"#0","tintindex":0},"east":{"uv":[6.0,1.25,6.5,1.25],"rotation":0,"texture":"#0","tintindex":0},"north":{"uv":[6.625,4.125,7.375,4.125],"rotation":0,"texture":"#0","tintindex":0},"south":{"uv":[6.625,4.25,7.375,4.25],"rotation":0,"texture":"#0","tintindex":0},"up":{"uv":[8.625,7.25,7.875,6.75],"rotation":0,"texture":"#0","tintindex":0},"west":{"uv":[6.75,0.875,7.25,0.875],"rotation":0,"texture":"#0","tintindex":0}}},{"name":"cube","from":[8.0,6.5,6.5],"to":[11.6,6.5,8.9],"rotation":{"angle":0.0,"axis":"x","origin":[8.0,8.0,8.0]},"faces":{"down":{"uv":[8.75,8.0,8.0,8.5],"rotation":0,"texture":"#0","tintindex":0},"east":{"uv":[0.625,6.875,1.125,6.875],"rotation":0,"texture":"#0","tintindex":0},"north":{"uv":[6.75,1.0,7.5,1.0],"rotation":0,"texture":"#0","tintindex":0},"south":{"uv":[10.25,1.375,11.0,1.375],"rotation":0,"texture":"#0","tintindex":0},"up":{"uv":[8.75,7.875,8.0,7.375],"rotation":0,"texture":"#0","tintindex":0},"west":{"uv":[2.875,7.375,3.375,7.375],"rotation":0,"texture":"#0","tintindex":0}}},{"name":"cube","from":[8.0,6.5,6.5],"to":[11.6,8.9,6.5],"rotation":{"angle":0.0,"axis":"x","origin":[8.0,8.0,8.0]},"faces":{"down":{"uv":[11.0,5.5,10.25,5.5],"rotation":0,"texture":"#0","tintindex":0},"east":{"uv":[10.375,7.125,10.375,7.625],"rotation":0,"texture":"#0","tintindex":0},"north":{"uv":[3.75,8.125,4.5,8.625],"rotation":0,"texture":"#0","tintindex":0},"south":{"uv":[6.875,8.125,7.625,8.625],"rotation":0,"texture":"#0","tintindex":0},"up":{"uv":[11.0,1.5,10.25,1.5],"rotation":0,"texture":"#0","tintindex":0},"west":{"uv":[10.375,7.75,10.375,8.25],"rotation":0,"texture":"#0","tintindex":0}}},{"name":"cube","from":[8.0,6.5,8.9],"to":[11.6,8.9,8.9],"rotation":{"angle":0.0,"axis":"x","origin":[8.0,8.0,8.0]},"faces":{"down":{"uv":[11.125,0.875,10.375,0.875],"rotation":0,"texture":"#0","tintindex":0},"east":{"uv":[8.5,10.375,8.5,10.875],"rotation":0,"texture":"#0","tintindex":0},"north":{"uv":[8.25,3.0,9.0,3.5],"rotation":0,"texture":"#0","tintindex":0},"south":{"uv":[0.0,8.375,0.75,8.875],"rotation":0,"texture":"#0","tintindex":0},"up":{"uv":[11.125,0.75,10.375,0.75],"rotation":0,"texture":"#0","tintindex":0},"west":{"uv":[8.625,10.375,8.625,10.875],"rotation":0,"texture":"#0","tintindex":0}}}],"display":{"head":{"translation":[0.0,-6.4,0.0],"rotation":[0.0,0.0,0.0],"scale":[3.8095,3.8095,3.8095]}}}