{"textures":{"0":"modelengine:entity/robot"},"elements":[{"name":"cube","from":[7.4,6.8,6.8],"to":[12.2,8.6,8.6],"rotation":{"angle":0.0,"axis":"x","origin":[8.0,8.0,8.0]},"faces":{"down":{"uv":[9.125,5.625,8.125,6.0],"rotation":0,"texture":"#0","tintindex":0},"east":{"uv":[10.375,3.125,10.75,3.5],"rotation":0,"texture":"#0","tintindex":0},"north":{"uv":[8.0,2.875,9.0,3.25],"rotation":0,"texture":"#0","tintindex":0},"south":{"uv":[8.125,4.625,9.125,5.0],"rotation":0,"texture":"#0","tintindex":0},"up":{"uv":[9.125,5.5,8.125,5.125],"rotation":0,"texture":"#0","tintindex":0},"west":{"uv":[6.0,10.375,6.375,10.75],"rotation":0,"texture":"#0","tintindex":0}}},{"name":"cube","from":[8.0,8.9,6.5],"to":[11.6,8.9,8.9],"rotation":{"angle":0.0,"axis":"x","origin":[8.0,8.0,8.0]},"faces":{"down":{"uv":[0.75,8.25,0.0,8.75],"rotation":0,"texture":"#0","tintindex":0},"east":{"uv":[9.75,3.125,10.25,3.125],"rotation":0,"texture":"#0","tintindex":0},"north":{"uv":[11.25,8.25,12.0,8.25],"rotation":0,"texture":"#0","tintindex":0},"south":{"uv":[11.375,0.25,12.125,0.25],"rotation":0,"texture":"#0","tintindex":0},"up":{"uv":[8.25,8.625,7.5,8.125],"rotation":0,"texture":"#0","tintindex":0},"west":{"uv":[9.875,1.625,10.375,1.625],"rotation":0,"texture":"#0","tintindex":0}}},{"name":"cube","from":[8.0,6.5,6.5],"to":[11.6,6.5,8.9],"rotation":{"angle":0.0,"axis":"x","origin":[8.0,8.0,8.0]},"faces":{"down":{"uv":[6.375,8.25,5.625,8.75],"rotation":0,"texture":"#0","tintindex":0},"east":{"uv":[11.375,4.75,11.875,4.75],"rotation":0,"texture":"#0","tintindex":0},"north":{"uv":[11.375,3.375,12.125,3.375],"rotation":0,"texture":"#0","tintindex":0},"south":{"uv":[11.375,6.5,12.125,6.5],"rotation":0,"texture":"#0","tintindex":0},"up":{"uv":[1.625,8.75,0.875,8.25],"rotation":0,"texture":"#0","tintindex":0},"west":{"uv":[11.375,6.625,11.875,6.625],"rotation":0,"texture":"#0","tintindex":0}}},{"name":"cube","from":[8.0,6.5,6.5],"to":[11.6,8.9,6.5],"rotation":{"angle":0.0,"axis":"x","origin":[8.0,8.0,8.0]},"faces":{"down":{"uv":[12.125,6.875,11.375,6.875],"rotation":0,"texture":"#0","tintindex":0},"east":{"uv":[6.625,11.375,6.625,11.875],"rotation":0,"texture":"#0","tintindex":0},"north":{"uv":[8.25,6.125,9.0,6.625],"rotation":0,"texture":"#0","tintindex":0},"south":{"uv":[6.5,8.25,7.25,8.75],"rotation":0,"texture":"#0","tintindex":0},"up":{"uv":[12.125,6.75,11.375,6.75],"rotation":0,"texture":"#0","tintindex":0},"west":{"uv":[6.75,11.375,6.75,11.875],"rotation":0,"texture":"#0","tintindex":0}}},{"name":"cube","from":[8.0,6.5,8.9],"to":[11.6,8.9,8.9],"rotation":{"angle":0.0,"axis":"x","origin":[8.0,8.0,8.0]},"faces":{"down":{"uv":[12.125,7.625,11.375,7.625],"rotation":0,"texture":"#0","tintindex":0},"east":{"uv":[6.875,11.375,6.875,11.875],"rotation":0,"texture":"#0","tintindex":0},"north":{"uv":[8.25,6.75,9.0,7.25],"rotation":0,"texture":"#0","tintindex":0},"south":{"uv":[8.25,7.375,9.0,7.875],"rotation":0,"texture":"#0","tintindex":0},"up":{"uv":[8.0,11.375,7.25,11.375],"rotation":0,"texture":"#0","tintindex":0},"west":{"uv":[11.375,7.0,11.375,7.5],"rotation":0,"texture":"#0","tintindex":0}}}],"display":{"head":{"translation":[0.0,-6.4,0.0],"rotation":[0.0,0.0,0.0],"scale":[3.8095,3.8095,3.8095]}}}