{"textures":{"0":"modelengine:entity/robot"},"elements":[{"name":"cube","from":[8.0,7.1,6.2],"to":[11.6,8.9,8.0],"rotation":{"angle":0.0,"axis":"x","origin":[8.0,8.3,7.4]},"faces":{"down":{"uv":[10.25,3.5,9.5,3.875],"rotation":0,"texture":"#0","tintindex":0},"east":{"uv":[10.25,4.5,10.625,4.875],"rotation":0,"texture":"#0","tintindex":0},"north":{"uv":[9.5,0.0,10.25,0.375],"rotation":0,"texture":"#0","tintindex":0},"south":{"uv":[9.5,0.5,10.25,0.875],"rotation":0,"texture":"#0","tintindex":0},"up":{"uv":[3.5,9.875,2.75,9.5],"rotation":0,"texture":"#0","tintindex":0},"west":{"uv":[4.625,10.25,5.0,10.625],"rotation":0,"texture":"#0","tintindex":0}}}],"display":{"head":{"translation":[0.0,-6.4,0.0],"rotation":[0.0,0.0,0.0],"scale":[3.8095,3.8095,3.8095]}}}