{"textures":{"0":"modelengine:entity/robot"},"elements":[{"name":"cube","from":[7.1,3.7999997,8.0],"to":[8.9,8.6,10.4],"rotation":{"angle":0.0,"axis":"x","origin":[8.6,8.0,7.7]},"faces":{"down":{"uv":[4.125,10.0,3.75,10.5],"rotation":0,"texture":"#0","tintindex":0},"east":{"uv":[5.625,7.125,6.125,8.125],"rotation":0,"texture":"#0","tintindex":0},"north":{"uv":[2.875,8.5,3.25,9.5],"rotation":0,"texture":"#0","tintindex":0},"south":{"uv":[3.375,8.875,3.75,9.875],"rotation":0,"texture":"#0","tintindex":0},"up":{"uv":[3.625,10.5,3.25,10.0],"rotation":0,"texture":"#0","tintindex":0},"west":{"uv":[6.25,7.125,6.75,8.125],"rotation":0,"texture":"#0","tintindex":0}}},{"name":"cube","from":[6.8,3.1999998,7.1],"to":[9.2,4.3999996,10.700001],"rotation":{"angle":0.0,"axis":"x","origin":[8.6,8.0,7.7]},"faces":{"down":{"uv":[4.375,0.0,3.875,0.75],"rotation":0,"texture":"#0","tintindex":0},"east":{"uv":[9.5,10.0,10.25,10.25],"rotation":0,"texture":"#0","tintindex":0},"north":{"uv":[9.5,10.375,10.0,10.625],"rotation":0,"texture":"#0","tintindex":0},"south":{"uv":[10.375,9.875,10.875,10.125],"rotation":0,"texture":"#0","tintindex":0},"up":{"uv":[4.125,3.125,3.625,2.375],"rotation":0,"texture":"#0","tintindex":0},"west":{"uv":[2.375,10.125,3.125,10.375],"rotation":0,"texture":"#0","tintindex":0}}},{"name":"cube","from":[9.2,4.3999996,7.7],"to":[9.2,7.4,10.700001],"rotation":{"angle":0.0,"axis":"x","origin":[8.6,8.0,7.7]},"faces":{"down":{"uv":[1.375,11.5,1.375,12.125],"rotation":0,"texture":"#0","tintindex":0},"east":{"uv":[7.375,4.375,8.0,5.0],"rotation":0,"texture":"#0","tintindex":0},"north":{"uv":[1.0,11.5,1.0,12.125],"rotation":0,"texture":"#0","tintindex":0},"south":{"uv":[1.125,11.5,1.125,12.125],"rotation":0,"texture":"#0","tintindex":0},"up":{"uv":[1.25,12.125,1.25,11.5],"rotation":0,"texture":"#0","tintindex":0},"west":{"uv":[7.375,5.125,8.0,5.75],"rotation":0,"texture":"#0","tintindex":0}}},{"name":"cube","from":[6.8,4.3999996,7.7],"to":[6.8,7.4,10.700001],"rotation":{"angle":0.0,"axis":"x","origin":[8.6,8.0,7.7]},"faces":{"down":{"uv":[2.0,11.5,2.0,12.125],"rotation":0,"texture":"#0","tintindex":0},"east":{"uv":[7.375,5.875,8.0,6.5],"rotation":0,"texture":"#0","tintindex":0},"north":{"uv":[11.5,1.5,11.5,2.125],"rotation":0,"texture":"#0","tintindex":0},"south":{"uv":[1.75,11.5,1.75,12.125],"rotation":0,"texture":"#0","tintindex":0},"up":{"uv":[1.875,12.125,1.875,11.5],"rotation":0,"texture":"#0","tintindex":0},"west":{"uv":[7.5,6.625,8.125,7.25],"rotation":0,"texture":"#0","tintindex":0}}},{"name":"cube","from":[6.8,4.3999996,7.7],"to":[9.2,7.4,7.7],"rotation":{"angle":0.0,"axis":"x","origin":[8.6,8.0,7.7]},"faces":{"down":{"uv":[2.875,11.5,2.375,11.5],"rotation":0,"texture":"#0","tintindex":0},"east":{"uv":[2.125,11.5,2.125,12.125],"rotation":0,"texture":"#0","tintindex":0},"north":{"uv":[5.0,9.0,5.5,9.625],"rotation":0,"texture":"#0","tintindex":0},"south":{"uv":[9.125,2.5,9.625,3.125],"rotation":0,"texture":"#0","tintindex":0},"up":{"uv":[12.0,2.25,11.5,2.25],"rotation":0,"texture":"#0","tintindex":0},"west":{"uv":[2.25,11.5,2.25,12.125],"rotation":0,"texture":"#0","tintindex":0}}},{"name":"cube","from":[6.8,4.3999996,10.700001],"to":[9.2,7.4,10.700001],"rotation":{"angle":0.0,"axis":"x","origin":[8.6,8.0,7.7]},"faces":{"down":{"uv":[12.0,2.5,11.5,2.5],"rotation":0,"texture":"#0","tintindex":0},"east":{"uv":[3.625,11.5,3.625,12.125],"rotation":0,"texture":"#0","tintindex":0},"north":{"uv":[9.125,6.125,9.625,6.75],"rotation":0,"texture":"#0","tintindex":0},"south":{"uv":[9.125,6.875,9.625,7.5],"rotation":0,"texture":"#0","tintindex":0},"up":{"uv":[12.0,2.375,11.5,2.375],"rotation":0,"texture":"#0","tintindex":0},"west":{"uv":[3.75,11.5,3.75,12.125],"rotation":0,"texture":"#0","tintindex":0}}}],"display":{"head":{"translation":[0.0,-6.4,0.0],"rotation":[0.0,0.0,0.0],"scale":[3.8095,3.8095,3.8095]}}}