{"textures":{"0":"modelengine:entity/robot"},"elements":[{"name":"cube","from":[5.0,6.8,5.0],"to":[11.0,12.2,9.2],"rotation":{"angle":0.0,"axis":"x","origin":[8.0,9.2,7.4]},"faces":{"down":{"uv":[3.75,0.0,2.5,0.875],"rotation":0,"texture":"#0","tintindex":0},"east":{"uv":[1.375,2.75,2.25,3.875],"rotation":0,"texture":"#0","tintindex":0},"north":{"uv":[0.0,0.0,1.25,1.125],"rotation":0,"texture":"#0","tintindex":0},"south":{"uv":[0.0,1.25,1.25,2.375],"rotation":0,"texture":"#0","tintindex":0},"up":{"uv":[1.25,3.375,0.0,2.5],"rotation":0,"texture":"#0","tintindex":0},"west":{"uv":[2.375,3.25,3.25,4.375],"rotation":0,"texture":"#0","tintindex":0}}},{"name":"cube","from":[6.8,6.2,8.0],"to":[9.2,12.8,9.8],"rotation":{"angle":0.0,"axis":"x","origin":[8.0,9.2,7.4]},"faces":{"down":{"uv":[10.375,3.75,9.875,4.125],"rotation":0,"texture":"#0","tintindex":0},"east":{"uv":[4.625,7.0,5.0,8.375],"rotation":0,"texture":"#0","tintindex":0},"north":{"uv":[0.75,5.375,1.25,6.75],"rotation":0,"texture":"#0","tintindex":0},"south":{"uv":[4.75,5.5,5.25,6.875],"rotation":0,"texture":"#0","tintindex":0},"up":{"uv":[2.25,4.375,1.75,4.0],"rotation":0,"texture":"#0","tintindex":0},"west":{"uv":[5.125,7.0,5.5,8.375],"rotation":0,"texture":"#0","tintindex":0}}},{"name":"cube","from":[6.8,6.2,4.7],"to":[9.2,12.8,4.7],"rotation":{"angle":0.0,"axis":"x","origin":[8.0,9.2,7.4]},"faces":{"down":{"uv":[9.5,1.75,9.0,1.75],"rotation":0,"texture":"#0","tintindex":0},"east":{"uv":[5.875,11.25,5.875,12.625],"rotation":0,"texture":"#0","tintindex":0},"north":{"uv":[5.375,5.5,5.875,6.875],"rotation":0,"texture":"#0","tintindex":0},"south":{"uv":[5.75,1.375,6.25,2.75],"rotation":0,"texture":"#0","tintindex":0},"up":{"uv":[4.375,0.875,3.875,0.875],"rotation":0,"texture":"#0","tintindex":0},"west":{"uv":[3.5,11.375,3.5,12.75],"rotation":0,"texture":"#0","tintindex":0}}},{"name":"cube","from":[8.645672,11.2296095,4.7],"to":[11.645673,12.42961,9.5],"rotation":{"angle":-22.5,"axis":"z","origin":[10.445673,12.42961,7.4]},"faces":{"down":{"uv":[3.75,6.0,3.125,7.0],"rotation":0,"texture":"#0","tintindex":0},"east":{"uv":[9.5,8.125,10.5,8.375],"rotation":0,"texture":"#0","tintindex":0},"north":{"uv":[8.125,1.875,8.75,2.125],"rotation":0,"texture":"#0","tintindex":0},"south":{"uv":[4.75,10.125,5.375,10.375],"rotation":0,"texture":"#0","tintindex":0},"up":{"uv":[6.625,1.0,6.0,0.0],"rotation":0,"texture":"#0","tintindex":0},"west":{"uv":[9.75,2.75,10.75,3.0],"rotation":0,"texture":"#0","tintindex":0}}},{"name":"cube","from":[4.3543277,11.2296095,4.7],"to":[7.3543277,12.42961,9.5],"rotation":{"angle":22.5,"axis":"z","origin":[5.554328,12.42961,7.4]},"faces":{"down":{"uv":[6.625,6.0,6.0,7.0],"rotation":0,"texture":"#0","tintindex":0},"east":{"uv":[4.375,9.75,5.375,10.0],"rotation":0,"texture":"#0","tintindex":0},"north":{"uv":[10.125,8.5,10.75,8.75],"rotation":0,"texture":"#0","tintindex":0},"south":{"uv":[1.125,10.25,1.75,10.5],"rotation":0,"texture":"#0","tintindex":0},"up":{"uv":[6.625,5.875,6.0,4.875],"rotation":0,"texture":"#0","tintindex":0},"west":{"uv":[9.75,6.0,10.75,6.25],"rotation":0,"texture":"#0","tintindex":0}}},{"name":"cube","from":[6.8,12.2,6.2],"to":[9.2,14.6,8.0],"rotation":{"angle":0.0,"axis":"x","origin":[8.0,9.8,7.4]},"faces":{"down":{"uv":[10.375,4.75,9.875,5.125],"rotation":0,"texture":"#0","tintindex":0},"east":{"uv":[4.5,1.375,4.875,1.875],"rotation":0,"texture":"#0","tintindex":0},"north":{"uv":[0.0,7.625,0.5,8.125],"rotation":0,"texture":"#0","tintindex":0},"south":{"uv":[6.125,9.75,6.625,10.25],"rotation":0,"texture":"#0","tintindex":0},"up":{"uv":[10.375,4.625,9.875,4.25],"rotation":0,"texture":"#0","tintindex":0},"west":{"uv":[3.375,7.75,3.75,8.25],"rotation":0,"texture":"#0","tintindex":0}}},{"name":"cube","from":[5.6,7.4,8.6],"to":[10.4,13.400001,11.0],"rotation":{"angle":0.0,"axis":"x","origin":[8.0,8.6,8.6]},"faces":{"down":{"uv":[3.75,7.125,2.75,7.625],"rotation":0,"texture":"#0","tintindex":0},"east":{"uv":[0.0,6.25,0.5,7.5],"rotation":0,"texture":"#0","tintindex":0},"north":{"uv":[1.375,0.0,2.375,1.25],"rotation":0,"texture":"#0","tintindex":0},"south":{"uv":[1.375,1.375,2.375,2.625],"rotation":0,"texture":"#0","tintindex":0},"up":{"uv":[8.0,2.125,7.0,1.625],"rotation":0,"texture":"#0","tintindex":0},"west":{"uv":[6.375,1.125,6.875,2.375],"rotation":0,"texture":"#0","tintindex":0}}},{"name":"cube","from":[5.8999996,14.6,8.9],"to":[7.7,15.8,10.700001],"rotation":{"angle":0.0,"axis":"x","origin":[8.0,8.6,8.6]},"faces":{"down":{"uv":[7.75,10.125,7.375,10.5],"rotation":0,"texture":"#0","tintindex":0},"east":{"uv":[10.5,0.375,10.875,0.625],"rotation":0,"texture":"#0","tintindex":0},"north":{"uv":[4.5,2.0,4.875,2.25],"rotation":0,"texture":"#0","tintindex":0},"south":{"uv":[10.5,0.75,10.875,1.0],"rotation":0,"texture":"#0","tintindex":0},"up":{"uv":[1.25,3.875,0.875,3.5],"rotation":0,"texture":"#0","tintindex":0},"west":{"uv":[10.5,1.125,10.875,1.375],"rotation":0,"texture":"#0","tintindex":0}}},{"name":"cube","from":[6.2,13.400001,9.2],"to":[7.4,14.6,10.4],"rotation":{"angle":0.0,"axis":"x","origin":[8.0,8.6,8.6]},"faces":{"down":{"uv":[5.0,10.5,4.75,10.75],"rotation":0,"texture":"#0","tintindex":0},"east":{"uv":[7.75,4.0,8.0,4.25],"rotation":0,"texture":"#0","tintindex":0},"north":{"uv":[1.375,5.375,1.625,5.625],"rotation":0,"texture":"#0","tintindex":0},"south":{"uv":[9.125,7.625,9.375,7.875],"rotation":0,"texture":"#0","tintindex":0},"up":{"uv":[10.75,4.75,10.5,4.5],"rotation":0,"texture":"#0","tintindex":0},"west":{"uv":[10.5,4.125,10.75,4.375],"rotation":0,"texture":"#0","tintindex":0}}},{"name":"cube","from":[8.75,13.400001,9.35],"to":[9.950001,17.0,10.55],"rotation":{"angle":0.0,"axis":"x","origin":[8.0,8.6,8.6]},"faces":{"down":{"uv":[5.375,10.5,5.125,10.75],"rotation":0,"texture":"#0","tintindex":0},"east":{"uv":[8.375,9.875,8.625,10.625],"rotation":0,"texture":"#0","tintindex":0},"north":{"uv":[8.0,9.875,8.25,10.625],"rotation":0,"texture":"#0","tintindex":0},"south":{"uv":[8.75,9.875,9.0,10.625],"rotation":0,"texture":"#0","tintindex":0},"up":{"uv":[10.75,5.125,10.5,4.875],"rotation":0,"texture":"#0","tintindex":0},"west":{"uv":[9.125,9.875,9.375,10.625],"rotation":0,"texture":"#0","tintindex":0}}},{"name":"cube","from":[9.8,12.2,5.6],"to":[10.4,14.0,6.2],"rotation":{"angle":-45.0,"axis":"z","origin":[9.8,12.2,5.6]},"faces":{"down":{"uv":[9.625,3.75,9.5,3.875],"rotation":0,"texture":"#0","tintindex":0},"east":{"uv":[8.0,9.375,8.125,9.75],"rotation":0,"texture":"#0","tintindex":0},"north":{"uv":[4.0,4.625,4.125,5.0],"rotation":0,"texture":"#0","tintindex":0},"south":{"uv":[0.0,10.75,0.125,11.125],"rotation":0,"texture":"#0","tintindex":0},"up":{"uv":[1.625,9.625,1.5,9.5],"rotation":0,"texture":"#0","tintindex":0},"west":{"uv":[0.25,10.75,0.375,11.125],"rotation":0,"texture":"#0","tintindex":0}}},{"name":"cube","from":[9.8,12.2,7.7],"to":[10.4,14.0,8.3],"rotation":{"angle":-45.0,"axis":"z","origin":[9.8,12.2,5.6]},"faces":{"down":{"uv":[10.0,5.25,9.875,5.375],"rotation":0,"texture":"#0","tintindex":0},"east":{"uv":[8.5,10.75,8.625,11.125],"rotation":0,"texture":"#0","tintindex":0},"north":{"uv":[4.375,10.75,4.5,11.125],"rotation":0,"texture":"#0","tintindex":0},"south":{"uv":[8.75,10.75,8.875,11.125],"rotation":0,"texture":"#0","tintindex":0},"up":{"uv":[9.75,1.125,9.625,1.0],"rotation":0,"texture":"#0","tintindex":0},"west":{"uv":[9.0,10.75,9.125,11.125],"rotation":0,"texture":"#0","tintindex":0}}},{"name":"cube","from":[9.8,12.2,9.8],"to":[10.4,14.0,10.4],"rotation":{"angle":-45.0,"axis":"z","origin":[9.8,12.2,5.6]},"faces":{"down":{"uv":[11.25,8.375,11.125,8.5],"rotation":0,"texture":"#0","tintindex":0},"east":{"uv":[9.5,10.75,9.625,11.125],"rotation":0,"texture":"#0","tintindex":0},"north":{"uv":[9.25,10.75,9.375,11.125],"rotation":0,"texture":"#0","tintindex":0},"south":{"uv":[9.75,10.75,9.875,11.125],"rotation":0,"texture":"#0","tintindex":0},"up":{"uv":[1.25,10.125,1.125,10.0],"rotation":0,"texture":"#0","tintindex":0},"west":{"uv":[10.0,10.75,10.125,11.125],"rotation":0,"texture":"#0","tintindex":0}}},{"name":"cube","from":[10.897057,13.048528,5.6],"to":[11.497057,13.648528,6.2],"rotation":{"angle":0.0,"axis":"x","origin":[11.497057,13.048528,5.6]},"faces":{"down":{"uv":[0.125,11.25,0.0,11.375],"rotation":0,"texture":"#0","tintindex":0},"east":{"uv":[11.125,8.875,11.25,9.0],"rotation":0,"texture":"#0","tintindex":0},"north":{"uv":[11.125,8.625,11.25,8.75],"rotation":0,"texture":"#0","tintindex":0},"south":{"uv":[11.125,9.125,11.25,9.25],"rotation":0,"texture":"#0","tintindex":0},"up":{"uv":[11.25,9.75,11.125,9.625],"rotation":0,"texture":"#0","tintindex":0},"west":{"uv":[11.125,9.375,11.25,9.5],"rotation":0,"texture":"#0","tintindex":0}}},{"name":"cube","from":[10.897057,13.048528,7.7],"to":[11.497057,14.248529,8.3],"rotation":{"angle":0.0,"axis":"x","origin":[11.497057,13.048528,5.6]},"faces":{"down":{"uv":[11.375,0.375,11.25,0.5],"rotation":0,"texture":"#0","tintindex":0},"east":{"uv":[6.375,2.5,6.5,2.75],"rotation":0,"texture":"#0","tintindex":0},"north":{"uv":[4.75,5.125,4.875,5.375],"rotation":0,"texture":"#0","tintindex":0},"south":{"uv":[6.75,0.75,6.875,1.0],"rotation":0,"texture":"#0","tintindex":0},"up":{"uv":[0.375,11.375,0.25,11.25],"rotation":0,"texture":"#0","tintindex":0},"west":{"uv":[7.875,1.25,8.0,1.5],"rotation":0,"texture":"#0","tintindex":0}}},{"name":"cube","from":[10.897057,13.048528,9.8],"to":[11.497057,14.248529,10.4],"rotation":{"angle":0.0,"axis":"x","origin":[11.497057,13.048528,5.6]},"faces":{"down":{"uv":[11.375,0.875,11.25,1.0],"rotation":0,"texture":"#0","tintindex":0},"east":{"uv":[10.875,7.5,11.0,7.75],"rotation":0,"texture":"#0","tintindex":0},"north":{"uv":[8.875,2.5,9.0,2.75],"rotation":0,"texture":"#0","tintindex":0},"south":{"uv":[11.0,5.375,11.125,5.625],"rotation":0,"texture":"#0","tintindex":0},"up":{"uv":[11.375,0.75,11.25,0.625],"rotation":0,"texture":"#0","tintindex":0},"west":{"uv":[7.75,11.0,7.875,11.25],"rotation":0,"texture":"#0","tintindex":0}}},{"name":"cube","from":[10.897057,13.048528,5.6],"to":[11.497057,13.648528,8.6],"rotation":{"angle":-22.5,"axis":"x","origin":[11.497057,13.648528,5.6]},"faces":{"down":{"uv":[2.5,10.5,2.375,11.125],"rotation":0,"texture":"#0","tintindex":0},"east":{"uv":[10.375,7.875,11.0,8.0],"rotation":0,"texture":"#0","tintindex":0},"north":{"uv":[11.25,1.125,11.375,1.25],"rotation":0,"texture":"#0","tintindex":0},"south":{"uv":[11.25,1.375,11.375,1.5],"rotation":0,"texture":"#0","tintindex":0},"up":{"uv":[7.125,11.0,7.0,10.375],"rotation":0,"texture":"#0","tintindex":0},"west":{"uv":[10.5,1.5,11.125,1.625],"rotation":0,"texture":"#0","tintindex":0}}},{"name":"cube","from":[10.897057,14.196578,8.371639],"to":[11.497057,14.796577,10.771639],"rotation":{"angle":0.0,"axis":"x","origin":[11.497057,14.744628,8.143277]},"faces":{"down":{"uv":[9.125,4.0,9.0,4.5],"rotation":0,"texture":"#0","tintindex":0},"east":{"uv":[0.5,10.625,1.0,10.75],"rotation":0,"texture":"#0","tintindex":0},"north":{"uv":[11.25,1.625,11.375,1.75],"rotation":0,"texture":"#0","tintindex":0},"south":{"uv":[11.25,1.875,11.375,2.0],"rotation":0,"texture":"#0","tintindex":0},"up":{"uv":[5.875,5.375,5.75,4.875],"rotation":0,"texture":"#0","tintindex":0},"west":{"uv":[1.125,10.625,1.625,10.75],"rotation":0,"texture":"#0","tintindex":0}}},{"name":"cube","from":[10.897057,11.428702,11.739514],"to":[11.497057,13.228703,12.339515],"rotation":{"angle":0.0,"axis":"x","origin":[11.497057,14.976753,7.911153]},"faces":{"down":{"uv":[2.375,11.25,2.25,11.375],"rotation":0,"texture":"#0","tintindex":0},"east":{"uv":[10.75,10.25,10.875,10.625],"rotation":0,"texture":"#0","tintindex":0},"north":{"uv":[10.25,10.75,10.375,11.125],"rotation":0,"texture":"#0","tintindex":0},"south":{"uv":[10.5,10.75,10.625,11.125],"rotation":0,"texture":"#0","tintindex":0},"up":{"uv":[11.375,2.25,11.25,2.125],"rotation":0,"texture":"#0","tintindex":0},"west":{"uv":[10.75,10.75,10.875,11.125],"rotation":0,"texture":"#0","tintindex":0}}},{"name":"cube","from":[7.824264,10.1559105,11.739514],"to":[10.224264,10.755911,12.339515],"rotation":{"angle":0.0,"axis":"x","origin":[11.424264,14.903962,7.911153]},"faces":{"down":{"uv":[11.125,2.5,10.625,2.625],"rotation":0,"texture":"#0","tintindex":0},"east":{"uv":[11.25,2.375,11.375,2.5],"rotation":0,"texture":"#0","tintindex":0},"north":{"uv":[10.625,1.75,11.125,1.875],"rotation":0,"texture":"#0","tintindex":0},"south":{"uv":[10.625,2.0,11.125,2.125],"rotation":0,"texture":"#0","tintindex":0},"up":{"uv":[11.125,2.375,10.625,2.25],"rotation":0,"texture":"#0","tintindex":0},"west":{"uv":[2.5,11.25,2.625,11.375],"rotation":0,"texture":"#0","tintindex":0}}},{"name":"cube","from":[9.024263,9.788659,10.493217],"to":[9.624264,10.388659,12.293218],"rotation":{"angle":-22.5,"axis":"x","origin":[10.524263,10.088659,11.393218]},"faces":{"down":{"uv":[11.0,2.75,10.875,3.125],"rotation":0,"texture":"#0","tintindex":0},"east":{"uv":[0.5,10.875,0.875,11.0],"rotation":0,"texture":"#0","tintindex":0},"north":{"uv":[2.75,11.25,2.875,11.375],"rotation":0,"texture":"#0","tintindex":0},"south":{"uv":[11.25,3.5,11.375,3.625],"rotation":0,"texture":"#0","tintindex":0},"up":{"uv":[1.625,11.25,1.5,10.875],"rotation":0,"texture":"#0","tintindex":0},"west":{"uv":[1.0,10.875,1.375,11.0],"rotation":0,"texture":"#0","tintindex":0}}},{"name":"cube","from":[10.348528,10.104439,11.739514],"to":[10.948528,11.904439,12.339515],"rotation":{"angle":-45.0,"axis":"z","origin":[10.648528,11.004439,12.039514]},"faces":{"down":{"uv":[4.5,11.25,4.375,11.375],"rotation":0,"texture":"#0","tintindex":0},"east":{"uv":[3.375,10.875,3.5,11.25],"rotation":0,"texture":"#0","tintindex":0},"north":{"uv":[3.125,10.875,3.25,11.25],"rotation":0,"texture":"#0","tintindex":0},"south":{"uv":[10.875,4.125,11.0,4.5],"rotation":0,"texture":"#0","tintindex":0},"up":{"uv":[11.375,3.875,11.25,3.75],"rotation":0,"texture":"#0","tintindex":0},"west":{"uv":[4.625,10.875,4.75,11.25],"rotation":0,"texture":"#0","tintindex":0}}},{"name":"cube","from":[10.897057,13.113898,11.762351],"to":[11.497057,14.313898,12.36235],"rotation":{"angle":-22.5,"axis":"x","origin":[11.197056,13.113898,12.06235]},"faces":{"down":{"uv":[11.375,5.125,11.25,5.25],"rotation":0,"texture":"#0","tintindex":0},"east":{"uv":[8.25,11.0,8.375,11.25],"rotation":0,"texture":"#0","tintindex":0},"north":{"uv":[8.0,11.0,8.125,11.25],"rotation":0,"texture":"#0","tintindex":0},"south":{"uv":[11.0,9.875,11.125,10.125],"rotation":0,"texture":"#0","tintindex":0},"up":{"uv":[11.375,5.0,11.25,4.875],"rotation":0,"texture":"#0","tintindex":0},"west":{"uv":[11.0,10.25,11.125,10.5],"rotation":0,"texture":"#0","tintindex":0}}},{"name":"cube","from":[10.897057,14.196578,10.771639],"to":[11.497057,14.796577,11.971639],"rotation":{"angle":22.5,"axis":"x","origin":[11.197056,14.796577,10.771639]},"faces":{"down":{"uv":[11.125,11.0,11.0,11.25],"rotation":0,"texture":"#0","tintindex":0},"east":{"uv":[6.0,1.125,6.25,1.25],"rotation":0,"texture":"#0","tintindex":0},"north":{"uv":[5.375,11.25,5.5,11.375],"rotation":0,"texture":"#0","tintindex":0},"south":{"uv":[11.25,5.375,11.375,5.5],"rotation":0,"texture":"#0","tintindex":0},"up":{"uv":[11.125,10.875,11.0,10.625],"rotation":0,"texture":"#0","tintindex":0},"west":{"uv":[2.75,6.875,3.0,7.0],"rotation":0,"texture":"#0","tintindex":0}}},{"name":"cube","from":[5.775736,10.1559105,11.739514],"to":[8.175735,10.755911,12.339515],"rotation":{"angle":0.0,"axis":"x","origin":[4.575736,14.903962,7.911153]},"faces":{"down":{"uv":[2.25,10.75,1.75,10.875],"rotation":0,"texture":"#0","tintindex":0},"east":{"uv":[5.625,11.25,5.75,11.375],"rotation":0,"texture":"#0","tintindex":0},"north":{"uv":[3.125,10.625,3.625,10.75],"rotation":0,"texture":"#0","tintindex":0},"south":{"uv":[7.25,10.625,7.75,10.75],"rotation":0,"texture":"#0","tintindex":0},"up":{"uv":[11.125,8.25,10.625,8.125],"rotation":0,"texture":"#0","tintindex":0},"west":{"uv":[11.25,8.0,11.375,8.125],"rotation":0,"texture":"#0","tintindex":0}}},{"name":"cube","from":[6.375736,9.788659,10.493217],"to":[6.9757357,10.388659,12.293218],"rotation":{"angle":-22.5,"axis":"x","origin":[6.075736,10.088659,11.393218]},"faces":{"down":{"uv":[5.25,10.875,5.125,11.25],"rotation":0,"texture":"#0","tintindex":0},"east":{"uv":[10.875,3.25,11.25,3.375],"rotation":0,"texture":"#0","tintindex":0},"north":{"uv":[8.5,11.25,8.625,11.375],"rotation":0,"texture":"#0","tintindex":0},"south":{"uv":[8.75,11.25,8.875,11.375],"rotation":0,"texture":"#0","tintindex":0},"up":{"uv":[5.0,11.25,4.875,10.875],"rotation":0,"texture":"#0","tintindex":0},"west":{"uv":[10.875,4.625,11.25,4.75],"rotation":0,"texture":"#0","tintindex":0}}},{"name":"cube","from":[5.0514717,10.104439,11.739514],"to":[5.6514716,11.904439,12.339515],"rotation":{"angle":45.0,"axis":"z","origin":[5.351472,11.004439,12.039514]},"faces":{"down":{"uv":[9.375,11.25,9.25,11.375],"rotation":0,"texture":"#0","tintindex":0},"east":{"uv":[10.875,6.0,11.0,6.375],"rotation":0,"texture":"#0","tintindex":0},"north":{"uv":[6.0,10.875,6.125,11.25],"rotation":0,"texture":"#0","tintindex":0},"south":{"uv":[6.25,10.875,6.375,11.25],"rotation":0,"texture":"#0","tintindex":0},"up":{"uv":[9.125,11.375,9.0,11.25],"rotation":0,"texture":"#0","tintindex":0},"west":{"uv":[6.5,10.875,6.625,11.25],"rotation":0,"texture":"#0","tintindex":0}}},{"name":"cube","from":[4.5029435,11.428702,11.739514],"to":[5.1029434,13.228703,12.339515],"rotation":{"angle":0.0,"axis":"x","origin":[4.5029435,14.976753,7.911153]},"faces":{"down":{"uv":[9.875,11.25,9.75,11.375],"rotation":0,"texture":"#0","tintindex":0},"east":{"uv":[6.75,10.875,6.875,11.25],"rotation":0,"texture":"#0","tintindex":0},"north":{"uv":[10.875,6.5,11.0,6.875],"rotation":0,"texture":"#0","tintindex":0},"south":{"uv":[10.875,7.0,11.0,7.375],"rotation":0,"texture":"#0","tintindex":0},"up":{"uv":[9.625,11.375,9.5,11.25],"rotation":0,"texture":"#0","tintindex":0},"west":{"uv":[7.25,10.875,7.375,11.25],"rotation":0,"texture":"#0","tintindex":0}}},{"name":"cube","from":[4.5029435,13.113898,11.762351],"to":[5.1029434,14.313898,12.36235],"rotation":{"angle":-22.5,"axis":"x","origin":[4.802943,13.113898,12.06235]},"faces":{"down":{"uv":[10.125,11.25,10.0,11.375],"rotation":0,"texture":"#0","tintindex":0},"east":{"uv":[0.5,11.125,0.625,11.375],"rotation":0,"texture":"#0","tintindex":0},"north":{"uv":[11.125,0.0,11.25,0.25],"rotation":0,"texture":"#0","tintindex":0},"south":{"uv":[0.75,11.125,0.875,11.375],"rotation":0,"texture":"#0","tintindex":0},"up":{"uv":[11.375,10.0,11.25,9.875],"rotation":0,"texture":"#0","tintindex":0},"west":{"uv":[1.0,11.125,1.125,11.375],"rotation":0,"texture":"#0","tintindex":0}}},{"name":"cube","from":[4.5029435,14.196578,8.371639],"to":[5.1029434,14.796577,10.771639],"rotation":{"angle":0.0,"axis":"x","origin":[4.5029435,14.744628,8.143277]},"faces":{"down":{"uv":[5.875,10.625,5.75,11.125],"rotation":0,"texture":"#0","tintindex":0},"east":{"uv":[3.75,10.75,4.25,10.875],"rotation":0,"texture":"#0","tintindex":0},"north":{"uv":[11.25,10.125,11.375,10.25],"rotation":0,"texture":"#0","tintindex":0},"south":{"uv":[10.25,11.25,10.375,11.375],"rotation":0,"texture":"#0","tintindex":0},"up":{"uv":[5.625,11.125,5.5,10.625],"rotation":0,"texture":"#0","tintindex":0},"west":{"uv":[7.875,10.75,8.375,10.875],"rotation":0,"texture":"#0","tintindex":0}}},{"name":"cube","from":[4.5029435,13.048528,5.6],"to":[5.1029434,13.648528,8.6],"rotation":{"angle":-22.5,"axis":"x","origin":[4.5029435,13.648528,5.6]},"faces":{"down":{"uv":[3.0,10.5,2.875,11.125],"rotation":0,"texture":"#0","tintindex":0},"east":{"uv":[10.5,3.625,11.125,3.75],"rotation":0,"texture":"#0","tintindex":0},"north":{"uv":[11.25,10.375,11.375,10.5],"rotation":0,"texture":"#0","tintindex":0},"south":{"uv":[10.5,11.25,10.625,11.375],"rotation":0,"texture":"#0","tintindex":0},"up":{"uv":[2.75,11.125,2.625,10.5],"rotation":0,"texture":"#0","tintindex":0},"west":{"uv":[10.5,3.875,11.125,4.0],"rotation":0,"texture":"#0","tintindex":0}}},{"name":"cube","from":[4.5029435,14.196578,10.771639],"to":[5.1029434,14.796577,11.971639],"rotation":{"angle":22.5,"axis":"x","origin":[4.802943,14.796577,10.771639]},"faces":{"down":{"uv":[11.25,2.75,11.125,3.0],"rotation":0,"texture":"#0","tintindex":0},"east":{"uv":[7.0,2.25,7.25,2.375],"rotation":0,"texture":"#0","tintindex":0},"north":{"uv":[11.25,10.625,11.375,10.75],"rotation":0,"texture":"#0","tintindex":0},"south":{"uv":[10.75,11.25,10.875,11.375],"rotation":0,"texture":"#0","tintindex":0},"up":{"uv":[1.375,11.375,1.25,11.125],"rotation":0,"texture":"#0","tintindex":0},"west":{"uv":[7.375,3.375,7.625,3.5],"rotation":0,"texture":"#0","tintindex":0}}},{"name":"cube","from":[4.5029435,13.048528,9.8],"to":[5.1029434,14.248529,10.4],"rotation":{"angle":0.0,"axis":"x","origin":[4.5029435,13.048528,5.6]},"faces":{"down":{"uv":[11.375,11.125,11.25,11.25],"rotation":0,"texture":"#0","tintindex":0},"east":{"uv":[11.125,5.75,11.25,6.0],"rotation":0,"texture":"#0","tintindex":0},"north":{"uv":[11.125,4.125,11.25,4.375],"rotation":0,"texture":"#0","tintindex":0},"south":{"uv":[11.125,6.125,11.25,6.375],"rotation":0,"texture":"#0","tintindex":0},"up":{"uv":[11.375,11.0,11.25,10.875],"rotation":0,"texture":"#0","tintindex":0},"west":{"uv":[11.125,6.5,11.25,6.75],"rotation":0,"texture":"#0","tintindex":0}}},{"name":"cube","from":[5.6,12.2,9.8],"to":[6.2,14.0,10.4],"rotation":{"angle":45.0,"axis":"z","origin":[6.2,12.2,5.6]},"faces":{"down":{"uv":[1.625,11.375,1.5,11.5],"rotation":0,"texture":"#0","tintindex":0},"east":{"uv":[10.875,8.375,11.0,8.75],"rotation":0,"texture":"#0","tintindex":0},"north":{"uv":[7.5,10.875,7.625,11.25],"rotation":0,"texture":"#0","tintindex":0},"south":{"uv":[10.875,8.875,11.0,9.25],"rotation":0,"texture":"#0","tintindex":0},"up":{"uv":[11.5,0.125,11.375,0.0],"rotation":0,"texture":"#0","tintindex":0},"west":{"uv":[10.875,9.375,11.0,9.75],"rotation":0,"texture":"#0","tintindex":0}}},{"name":"cube","from":[4.5029435,13.048528,7.7],"to":[5.1029434,14.248529,8.3],"rotation":{"angle":0.0,"axis":"x","origin":[4.5029435,13.048528,5.6]},"faces":{"down":{"uv":[11.5,2.875,11.375,3.0],"rotation":0,"texture":"#0","tintindex":0},"east":{"uv":[7.0,11.125,7.125,11.375],"rotation":0,"texture":"#0","tintindex":0},"north":{"uv":[11.125,6.875,11.25,7.125],"rotation":0,"texture":"#0","tintindex":0},"south":{"uv":[11.125,7.25,11.25,7.5],"rotation":0,"texture":"#0","tintindex":0},"up":{"uv":[11.5,2.75,11.375,2.625],"rotation":0,"texture":"#0","tintindex":0},"west":{"uv":[11.125,7.625,11.25,7.875],"rotation":0,"texture":"#0","tintindex":0}}},{"name":"cube","from":[5.6,12.2,7.7],"to":[6.2,14.0,8.3],"rotation":{"angle":45.0,"axis":"z","origin":[6.2,12.2,5.6]},"faces":{"down":{"uv":[11.5,3.125,11.375,3.25],"rotation":0,"texture":"#0","tintindex":0},"east":{"uv":[11.0,0.875,11.125,1.25],"rotation":0,"texture":"#0","tintindex":0},"north":{"uv":[11.0,0.375,11.125,0.75],"rotation":0,"texture":"#0","tintindex":0},"south":{"uv":[1.75,11.0,1.875,11.375],"rotation":0,"texture":"#0","tintindex":0},"up":{"uv":[3.125,11.5,3.0,11.375],"rotation":0,"texture":"#0","tintindex":0},"west":{"uv":[2.0,11.0,2.125,11.375],"rotation":0,"texture":"#0","tintindex":0}}},{"name":"cube","from":[4.5029435,13.048528,5.6],"to":[5.1029434,13.648528,6.2],"rotation":{"angle":0.0,"axis":"x","origin":[4.5029435,13.048528,5.6]},"faces":{"down":{"uv":[5.0,11.375,4.875,11.5],"rotation":0,"texture":"#0","tintindex":0},"east":{"uv":[11.375,4.0,11.5,4.125],"rotation":0,"texture":"#0","tintindex":0},"north":{"uv":[3.25,11.375,3.375,11.5],"rotation":0,"texture":"#0","tintindex":0},"south":{"uv":[11.375,4.25,11.5,4.375],"rotation":0,"texture":"#0","tintindex":0},"up":{"uv":[4.75,11.5,4.625,11.375],"rotation":0,"texture":"#0","tintindex":0},"west":{"uv":[11.375,4.5,11.5,4.625],"rotation":0,"texture":"#0","tintindex":0}}},{"name":"cube","from":[5.6,12.2,5.6],"to":[6.2,14.0,6.2],"rotation":{"angle":45.0,"axis":"z","origin":[6.2,12.2,5.6]},"faces":{"down":{"uv":[11.5,5.625,11.375,5.75],"rotation":0,"texture":"#0","tintindex":0},"east":{"uv":[3.875,11.0,4.0,11.375],"rotation":0,"texture":"#0","tintindex":0},"north":{"uv":[3.625,11.0,3.75,11.375],"rotation":0,"texture":"#0","tintindex":0},"south":{"uv":[4.125,11.0,4.25,11.375],"rotation":0,"texture":"#0","tintindex":0},"up":{"uv":[5.25,11.5,5.125,11.375],"rotation":0,"texture":"#0","tintindex":0},"west":{"uv":[11.0,4.875,11.125,5.25],"rotation":0,"texture":"#0","tintindex":0}}}],"display":{"head":{"translation":[0.0,-6.4,0.0],"rotation":[0.0,0.0,0.0],"scale":[3.8095,3.8095,3.8095]}}}