{"textures":{"0":"modelengine:entity/robot"},"elements":[{"name":"cube","from":[5.0,6.8,5.0],"to":[11.0,12.2,9.2],"rotation":{"angle":0.0,"axis":"x","origin":[8.0,9.2,7.4]},"faces":{"down":{"uv":[3.75,0.0,2.5,0.875],"rotation":0,"texture":"#0","tintindex":0},"east":{"uv":[1.375,2.75,2.25,3.875],"rotation":0,"texture":"#0","tintindex":0},"north":{"uv":[0.0,0.0,1.25,1.125],"rotation":0,"texture":"#0","tintindex":0},"south":{"uv":[0.0,1.25,1.25,2.375],"rotation":0,"texture":"#0","tintindex":0},"up":{"uv":[1.25,3.375,0.0,2.5],"rotation":0,"texture":"#0","tintindex":0},"west":{"uv":[2.375,3.25,3.25,4.375],"rotation":0,"texture":"#0","tintindex":0}}},{"name":"cube","from":[6.8,6.2,4.7],"to":[9.2,12.8,4.7],"rotation":{"angle":0.0,"axis":"x","origin":[8.0,9.2,7.4]},"faces":{"down":{"uv":[6.5,1.125,6.0,1.125],"rotation":0,"texture":"#0","tintindex":0},"east":{"uv":[8.0,10.0,8.0,11.375],"rotation":0,"texture":"#0","tintindex":0},"north":{"uv":[0.75,5.375,1.25,6.75],"rotation":0,"texture":"#0","tintindex":0},"south":{"uv":[4.75,5.5,5.25,6.875],"rotation":0,"texture":"#0","tintindex":0},"up":{"uv":[4.375,0.875,3.875,0.875],"rotation":0,"texture":"#0","tintindex":0},"west":{"uv":[6.0,10.125,6.0,11.5],"rotation":0,"texture":"#0","tintindex":0}}},{"name":"cube","from":[8.645672,11.2296095,4.7],"to":[11.645673,12.42961,9.5],"rotation":{"angle":-22.5,"axis":"z","origin":[10.445673,12.42961,7.4]},"faces":{"down":{"uv":[2.0,5.875,1.375,6.875],"rotation":0,"texture":"#0","tintindex":0},"east":{"uv":[9.375,1.625,10.375,1.875],"rotation":0,"texture":"#0","tintindex":0},"north":{"uv":[5.25,10.125,5.875,10.375],"rotation":0,"texture":"#0","tintindex":0},"south":{"uv":[10.25,1.0,10.875,1.25],"rotation":0,"texture":"#0","tintindex":0},"up":{"uv":[6.375,5.375,5.75,4.375],"rotation":0,"texture":"#0","tintindex":0},"west":{"uv":[9.375,5.625,10.375,5.875],"rotation":0,"texture":"#0","tintindex":0}}},{"name":"cube","from":[4.3543277,11.2296095,4.7],"to":[7.3543277,12.42961,9.5],"rotation":{"angle":22.5,"axis":"z","origin":[5.554328,12.42961,7.4]},"faces":{"down":{"uv":[6.625,0.0,6.0,1.0],"rotation":0,"texture":"#0","tintindex":0},"east":{"uv":[9.5,8.75,10.5,9.0],"rotation":0,"texture":"#0","tintindex":0},"north":{"uv":[1.5,10.25,2.125,10.5],"rotation":0,"texture":"#0","tintindex":0},"south":{"uv":[10.25,2.0,10.875,2.25],"rotation":0,"texture":"#0","tintindex":0},"up":{"uv":[2.75,6.875,2.125,5.875],"rotation":0,"texture":"#0","tintindex":0},"west":{"uv":[0.625,9.625,1.625,9.875],"rotation":0,"texture":"#0","tintindex":0}}},{"name":"cube","from":[6.8,12.2,6.2],"to":[9.2,14.6,8.0],"rotation":{"angle":0.0,"axis":"x","origin":[8.0,9.8,7.4]},"faces":{"down":{"uv":[5.125,9.75,4.625,10.125],"rotation":0,"texture":"#0","tintindex":0},"east":{"uv":[4.5,1.375,4.875,1.875],"rotation":0,"texture":"#0","tintindex":0},"north":{"uv":[1.75,9.625,2.25,10.125],"rotation":0,"texture":"#0","tintindex":0},"south":{"uv":[9.625,2.0,10.125,2.5],"rotation":0,"texture":"#0","tintindex":0},"up":{"uv":[2.25,4.375,1.75,4.0],"rotation":0,"texture":"#0","tintindex":0},"west":{"uv":[4.875,7.0,5.25,7.5],"rotation":0,"texture":"#0","tintindex":0}}},{"name":"cube","from":[5.6,7.4,8.6],"to":[10.4,13.400001,11.0],"rotation":{"angle":0.0,"axis":"x","origin":[8.0,8.6,8.6]},"faces":{"down":{"uv":[2.75,7.0,1.75,7.5],"rotation":0,"texture":"#0","tintindex":0},"east":{"uv":[2.875,6.0,3.375,7.25],"rotation":0,"texture":"#0","tintindex":0},"north":{"uv":[1.375,0.0,2.375,1.25],"rotation":0,"texture":"#0","tintindex":0},"south":{"uv":[1.375,1.375,2.375,2.625],"rotation":0,"texture":"#0","tintindex":0},"up":{"uv":[1.625,7.5,0.625,7.0],"rotation":0,"texture":"#0","tintindex":0},"west":{"uv":[0.0,6.25,0.5,7.5],"rotation":0,"texture":"#0","tintindex":0}}},{"name":"cube","from":[5.8999996,14.6,8.9],"to":[7.7,15.8,10.700001],"rotation":{"angle":0.0,"axis":"x","origin":[8.0,8.6,8.6]},"faces":{"down":{"uv":[3.875,6.0,3.5,6.375],"rotation":0,"texture":"#0","tintindex":0},"east":{"uv":[6.5,5.125,6.875,5.375],"rotation":0,"texture":"#0","tintindex":0},"north":{"uv":[4.5,2.0,4.875,2.25],"rotation":0,"texture":"#0","tintindex":0},"south":{"uv":[0.625,10.375,1.0,10.625],"rotation":0,"texture":"#0","tintindex":0},"up":{"uv":[1.25,3.875,0.875,3.5],"rotation":0,"texture":"#0","tintindex":0},"west":{"uv":[10.375,2.375,10.75,2.625],"rotation":0,"texture":"#0","tintindex":0}}},{"name":"cube","from":[6.2,13.400001,9.2],"to":[7.4,14.6,10.4],"rotation":{"angle":0.0,"axis":"x","origin":[8.0,8.6,8.6]},"faces":{"down":{"uv":[10.625,2.75,10.375,3.0],"rotation":0,"texture":"#0","tintindex":0},"east":{"uv":[2.75,8.875,3.0,9.125],"rotation":0,"texture":"#0","tintindex":0},"north":{"uv":[1.375,5.375,1.625,5.625],"rotation":0,"texture":"#0","tintindex":0},"south":{"uv":[3.25,10.0,3.5,10.25],"rotation":0,"texture":"#0","tintindex":0},"up":{"uv":[1.375,10.625,1.125,10.375],"rotation":0,"texture":"#0","tintindex":0},"west":{"uv":[7.125,10.25,7.375,10.5],"rotation":0,"texture":"#0","tintindex":0}}},{"name":"cube","from":[8.75,13.400001,9.35],"to":[9.950001,17.0,10.55],"rotation":{"angle":0.0,"axis":"x","origin":[8.0,8.6,8.6]},"faces":{"down":{"uv":[3.5,10.375,3.25,10.625],"rotation":0,"texture":"#0","tintindex":0},"east":{"uv":[2.375,9.625,2.625,10.375],"rotation":0,"texture":"#0","tintindex":0},"north":{"uv":[5.875,9.25,6.125,10.0],"rotation":0,"texture":"#0","tintindex":0},"south":{"uv":[6.25,9.75,6.5,10.5],"rotation":0,"texture":"#0","tintindex":0},"up":{"uv":[10.625,3.375,10.375,3.125],"rotation":0,"texture":"#0","tintindex":0},"west":{"uv":[8.125,9.75,8.375,10.5],"rotation":0,"texture":"#0","tintindex":0}}}],"display":{"head":{"translation":[0.0,-6.4,0.0],"rotation":[0.0,0.0,0.0],"scale":[3.8095,3.8095,3.8095]}}}