{"textures":{"0":"modelengine:entity/end_beast"},"elements":[{"name":"cube","from":[1.7797513,6.963293,1.7814131],"to":[14.220248,9.036707,14.221906],"rotation":{"angle":0.0,"axis":"x","origin":[8.0,6.963293,10.075075]},"faces":{"down":{"uv":[10.4375,15.0,10.75,14.6875],"rotation":0,"texture":"#0","tintindex":0},"east":{"uv":[1.0625,7.8125,1.375,7.875],"rotation":0,"texture":"#0","tintindex":0},"north":{"uv":[5.125,6.9375,5.4375,7.0],"rotation":0,"texture":"#0","tintindex":0},"south":{"uv":[6.4375,1.15625,6.75,1.21875],"rotation":0,"texture":"#0","tintindex":0},"up":{"uv":[14.6875,5.1875,15.0,5.5],"rotation":0,"texture":"#0","tintindex":0},"west":{"uv":[4.8125,6.9375,5.125,7.0],"rotation":0,"texture":"#0","tintindex":0}}},{"name":"cube","from":[-1.3303728,-9.62403,14.221906],"to":[22.513912,25.624031,14.221906],"rotation":{"angle":45.0,"axis":"y","origin":[1.7797513,15.256947,14.221906]},"faces":{"down":{"uv":[0.0,0.0,0.625,0.0],"rotation":0,"texture":"#0","tintindex":0},"east":{"uv":[0.0,0.0,0.0,0.9375],"rotation":0,"texture":"#0","tintindex":0},"north":{"uv":[6.21875,7.09375,5.59375,8.03125],"rotation":0,"texture":"#0","tintindex":0},"south":{"uv":[5.59375,7.09375,6.21875,8.03125],"rotation":0,"texture":"#0","tintindex":0},"up":{"uv":[0.0,0.0,0.625,0.0],"rotation":0,"texture":"#0","tintindex":0},"west":{"uv":[0.0,0.0,0.0,0.9375],"rotation":0,"texture":"#0","tintindex":0}}},{"name":"cube","from":[-6.5139103,-9.62403,14.221906],"to":[17.330372,25.624031,14.221906],"rotation":{"angle":-45.0,"axis":"y","origin":[14.220248,15.256947,14.221906]},"faces":{"down":{"uv":[0.0,0.0,0.625,0.0],"rotation":0,"texture":"#0","tintindex":0},"east":{"uv":[0.0,0.0,0.0,0.9375],"rotation":0,"texture":"#0","tintindex":0},"north":{"uv":[3.875,7.5625,3.25,8.5],"rotation":0,"texture":"#0","tintindex":0},"south":{"uv":[3.25,7.5625,3.875,8.5],"rotation":0,"texture":"#0","tintindex":0},"up":{"uv":[0.0,0.0,0.625,0.0],"rotation":0,"texture":"#0","tintindex":0},"west":{"uv":[0.0,0.0,0.0,0.9375],"rotation":0,"texture":"#0","tintindex":0}}},{"name":"cube","from":[2.8164625,9.036707,2.8181243],"to":[13.1835375,12.665179,13.185199],"rotation":{"angle":0.0,"axis":"x","origin":[8.0,9.036707,10.075075]},"faces":{"down":{"uv":[9.6875,7.625,9.96875,7.34375],"rotation":0,"texture":"#0","tintindex":0},"east":{"uv":[10.71875,7.25,11.0,7.34375],"rotation":0,"texture":"#0","tintindex":0},"north":{"uv":[9.0625,7.65625,9.34375,7.75],"rotation":0,"texture":"#0","tintindex":0},"south":{"uv":[3.5625,1.28125,3.84375,1.375],"rotation":0,"texture":"#0","tintindex":0},"up":{"uv":[9.125,0.78125,9.40625,1.0625],"rotation":0,"texture":"#0","tintindex":0},"west":{"uv":[8.25,6.53125,8.53125,6.625],"rotation":0,"texture":"#0","tintindex":0}}},{"name":"cube","from":[3.8531737,12.665179,3.8548307],"to":[12.146827,15.775318,12.148493],"rotation":{"angle":0.0,"axis":"x","origin":[8.0,12.665179,10.075075]},"faces":{"down":{"uv":[13.9375,15.25,14.15625,15.03125],"rotation":0,"texture":"#0","tintindex":0},"east":{"uv":[0.6875,11.3125,0.90625,11.40625],"rotation":0,"texture":"#0","tintindex":0},"north":{"uv":[1.625,11.1875,1.84375,11.28125],"rotation":0,"texture":"#0","tintindex":0},"south":{"uv":[8.59375,8.4375,8.8125,8.53125],"rotation":0,"texture":"#0","tintindex":0},"up":{"uv":[13.71875,15.03125,13.9375,15.25],"rotation":0,"texture":"#0","tintindex":0},"west":{"uv":[8.5,10.5625,8.71875,10.65625],"rotation":0,"texture":"#0","tintindex":0}}},{"name":"cube","from":[4.8898754,15.775318,4.891537],"to":[11.110125,18.367085,11.111786],"rotation":{"angle":0.0,"axis":"x","origin":[8.0,15.775318,10.075075]},"faces":{"down":{"uv":[5.8125,10.84375,5.96875,10.6875],"rotation":0,"texture":"#0","tintindex":0},"east":{"uv":[8.625,1.0625,8.78125,1.125],"rotation":0,"texture":"#0","tintindex":0},"north":{"uv":[7.59375,1.46875,7.75,1.53125],"rotation":0,"texture":"#0","tintindex":0},"south":{"uv":[4.6875,1.21875,4.84375,1.28125],"rotation":0,"texture":"#0","tintindex":0},"up":{"uv":[5.3125,9.875,5.46875,10.03125],"rotation":0,"texture":"#0","tintindex":0},"west":{"uv":[5.4375,6.9375,5.59375,7.0],"rotation":0,"texture":"#0","tintindex":0}}},{"name":"cube","from":[5.926587,18.367085,5.9282436],"to":[10.073414,20.95885,10.075075],"rotation":{"angle":0.0,"axis":"x","origin":[8.0,18.367085,10.075075]},"faces":{"down":{"uv":[12.71875,5.3125,12.8125,5.21875],"rotation":0,"texture":"#0","tintindex":0},"east":{"uv":[5.65625,9.1875,5.75,9.25],"rotation":0,"texture":"#0","tintindex":0},"north":{"uv":[8.78125,1.0625,8.875,1.125],"rotation":0,"texture":"#0","tintindex":0},"south":{"uv":[2.84375,1.625,2.9375,1.6875],"rotation":0,"texture":"#0","tintindex":0},"up":{"uv":[9.375,12.65625,9.46875,12.75],"rotation":0,"texture":"#0","tintindex":0},"west":{"uv":[5.59375,2.4375,5.6875,2.5],"rotation":0,"texture":"#0","tintindex":0}}},{"name":"cube","from":[6.963289,20.95885,6.9649553],"to":[9.036711,23.032265,9.038368],"rotation":{"angle":0.0,"axis":"x","origin":[8.0,20.95885,10.075075]},"faces":{"down":{"uv":[6.6875,2.0625,6.75,2.0],"rotation":0,"texture":"#0","tintindex":0},"east":{"uv":[2.625,6.59375,2.6875,6.65625],"rotation":0,"texture":"#0","tintindex":0},"north":{"uv":[2.875,5.34375,2.9375,5.40625],"rotation":0,"texture":"#0","tintindex":0},"south":{"uv":[2.875,5.21875,2.9375,5.28125],"rotation":0,"texture":"#0","tintindex":0},"up":{"uv":[2.625,6.65625,2.6875,6.71875],"rotation":0,"texture":"#0","tintindex":0},"west":{"uv":[2.875,5.28125,2.9375,5.34375],"rotation":0,"texture":"#0","tintindex":0}}},{"name":"cube","from":[6.963289,-7.0322638,6.9649553],"to":[9.036711,-4.958851,9.038368],"rotation":{"angle":0.0,"axis":"x","origin":[8.0,-4.958851,10.075075]},"faces":{"down":{"uv":[6.6875,2.4375,6.75,2.375],"rotation":0,"texture":"#0","tintindex":0},"east":{"uv":[6.6875,2.25,6.75,2.3125],"rotation":0,"texture":"#0","tintindex":0},"north":{"uv":[6.6875,2.1875,6.75,2.25],"rotation":0,"texture":"#0","tintindex":0},"south":{"uv":[6.6875,2.0625,6.75,2.125],"rotation":0,"texture":"#0","tintindex":0},"up":{"uv":[6.6875,2.3125,6.75,2.375],"rotation":0,"texture":"#0","tintindex":0},"west":{"uv":[6.6875,2.125,6.75,2.1875],"rotation":0,"texture":"#0","tintindex":0}}},{"name":"cube","from":[5.926587,-4.958851,5.9282436],"to":[10.073414,-2.367084,10.075075],"rotation":{"angle":0.0,"axis":"x","origin":[8.0,-2.367084,10.075075]},"faces":{"down":{"uv":[10.1875,13.40625,10.28125,13.3125],"rotation":0,"texture":"#0","tintindex":0},"east":{"uv":[11.34375,5.90625,11.4375,5.96875],"rotation":0,"texture":"#0","tintindex":0},"north":{"uv":[9.8125,11.3125,9.90625,11.375],"rotation":0,"texture":"#0","tintindex":0},"south":{"uv":[11.15625,5.90625,11.25,5.96875],"rotation":0,"texture":"#0","tintindex":0},"up":{"uv":[4.1875,12.75,4.28125,12.84375],"rotation":0,"texture":"#0","tintindex":0},"west":{"uv":[11.25,5.90625,11.34375,5.96875],"rotation":0,"texture":"#0","tintindex":0}}},{"name":"cube","from":[4.8898754,-2.367084,4.891537],"to":[11.110125,0.22468233,11.111786],"rotation":{"angle":0.0,"axis":"x","origin":[8.0,0.22468233,10.075075]},"faces":{"down":{"uv":[9.21875,12.8125,9.375,12.65625],"rotation":0,"texture":"#0","tintindex":0},"east":{"uv":[11.0,5.90625,11.15625,5.96875],"rotation":0,"texture":"#0","tintindex":0},"north":{"uv":[3.75,10.9375,3.90625,11.0],"rotation":0,"texture":"#0","tintindex":0},"south":{"uv":[5.5,9.1875,5.65625,9.25],"rotation":0,"texture":"#0","tintindex":0},"up":{"uv":[4.9375,12.3125,5.09375,12.46875],"rotation":0,"texture":"#0","tintindex":0},"west":{"uv":[10.78125,5.21875,10.9375,5.28125],"rotation":0,"texture":"#0","tintindex":0}}},{"name":"cube","from":[3.8531737,0.22468233,3.8548307],"to":[12.146827,3.3348203,12.148493],"rotation":{"angle":0.0,"axis":"x","origin":[8.0,3.3348203,10.075075]},"faces":{"down":{"uv":[14.15625,15.25,14.375,15.03125],"rotation":0,"texture":"#0","tintindex":0},"east":{"uv":[13.46875,8.5,13.6875,8.59375],"rotation":0,"texture":"#0","tintindex":0},"north":{"uv":[0.34375,12.4375,0.5625,12.53125],"rotation":0,"texture":"#0","tintindex":0},"south":{"uv":[11.90625,5.09375,12.125,5.1875],"rotation":0,"texture":"#0","tintindex":0},"up":{"uv":[15.03125,13.9375,15.25,14.15625],"rotation":0,"texture":"#0","tintindex":0},"west":{"uv":[1.9375,12.40625,2.15625,12.5],"rotation":0,"texture":"#0","tintindex":0}}},{"name":"cube","from":[2.8164625,3.3348203,2.8181243],"to":[13.1835375,6.963293,13.185199],"rotation":{"angle":0.0,"axis":"x","origin":[8.0,6.963293,10.075075]},"faces":{"down":{"uv":[14.90625,4.8125,15.1875,4.53125],"rotation":0,"texture":"#0","tintindex":0},"east":{"uv":[1.65625,12.40625,1.9375,12.5],"rotation":0,"texture":"#0","tintindex":0},"north":{"uv":[1.375,12.40625,1.65625,12.5],"rotation":0,"texture":"#0","tintindex":0},"south":{"uv":[11.15625,0.34375,11.4375,0.4375],"rotation":0,"texture":"#0","tintindex":0},"up":{"uv":[10.15625,14.875,10.4375,15.15625],"rotation":0,"texture":"#0","tintindex":0},"west":{"uv":[12.15625,4.3125,12.4375,4.40625],"rotation":0,"texture":"#0","tintindex":0}}}],"display":{"head":{"translation":[0.0,-6.4,0.0],"rotation":[0.0,0.0,0.0],"scale":[3.8095,3.8095,3.8095]}}}