{"textures":{"0":"modelengine:entity/end_beast"},"elements":[{"name":"cube","from":[4.3965435,4.053363,-11.495199],"to":[11.6034565,11.946637,8.295195],"rotation":{"angle":0.0,"axis":"x","origin":[8.171594,38.200367,8.295195]},"faces":{"down":{"uv":[6.40625,7.09375,6.21875,7.625],"rotation":0,"texture":"#0","tintindex":0},"east":{"uv":[14.46875,1.625,15.0,1.84375],"rotation":0,"texture":"#0","tintindex":0},"north":{"uv":[2.4375,7.875,2.625,8.09375],"rotation":0,"texture":"#0","tintindex":0},"south":{"uv":[0.5,9.5,0.6875,9.71875],"rotation":0,"texture":"#0","tintindex":0},"up":{"uv":[2.875,6.34375,2.6875,5.8125],"rotation":0,"texture":"#0","tintindex":0},"west":{"uv":[1.15625,14.5,1.6875,14.71875],"rotation":0,"texture":"#0","tintindex":0}}}],"display":{"head":{"translation":[0.0,-6.4,0.0],"rotation":[0.0,0.0,0.0],"scale":[3.8095,3.8095,3.8095]}}}