{"textures":{"0":"modelengine:entity/end_beast"},"elements":[{"name":"cube","from":[4.3965435,4.053363,-11.495199],"to":[11.6034565,11.946637,8.295195],"rotation":{"angle":0.0,"axis":"x","origin":[7.8284063,38.200367,8.295195]},"faces":{"down":{"uv":[6.21875,7.09375,6.40625,7.625],"rotation":0,"texture":"#0","tintindex":0},"east":{"uv":[1.6875,14.5,1.15625,14.71875],"rotation":0,"texture":"#0","tintindex":0},"north":{"uv":[2.625,7.875,2.4375,8.09375],"rotation":0,"texture":"#0","tintindex":0},"south":{"uv":[0.6875,9.5,0.5,9.71875],"rotation":0,"texture":"#0","tintindex":0},"up":{"uv":[2.6875,6.34375,2.875,5.8125],"rotation":0,"texture":"#0","tintindex":0},"west":{"uv":[15.0,1.625,14.46875,1.84375],"rotation":0,"texture":"#0","tintindex":0}}}],"display":{"head":{"translation":[0.0,-6.4,0.0],"rotation":[0.0,0.0,0.0],"scale":[3.8095,3.8095,3.8095]}}}