{"textures":{"0":"modelengine:entity/end_beast"},"elements":[{"name":"cube","from":[26.12703,21.438148,-6.4270897],"to":[32.0,26.332596,19.873621],"rotation":{"angle":-45.0,"axis":"z","origin":[16.6792,40.711975,6.7232685]},"faces":{"down":{"uv":[10.21875,13.90625,10.0,14.875],"rotation":0,"texture":"#0","tintindex":0},"east":{"uv":[1.15625,14.1875,2.125,14.375],"rotation":0,"texture":"#0","tintindex":0},"north":{"uv":[11.03125,7.59375,11.25,7.78125],"rotation":0,"texture":"#0","tintindex":0},"south":{"uv":[13.21875,7.5,13.4375,7.6875],"rotation":0,"texture":"#0","tintindex":0},"up":{"uv":[10.0,14.875,9.78125,13.90625],"rotation":0,"texture":"#0","tintindex":0},"west":{"uv":[14.1875,1.90625,15.15625,2.09375],"rotation":0,"texture":"#0","tintindex":0}}},{"name":"cube","from":[-6.544237,18.308493,-8.342193],"to":[1.116169,32.0,21.788725],"rotation":{"angle":-45.0,"axis":"z","origin":[-7.5656204,-3.1406326,8.0]},"faces":{"down":{"uv":[10.59375,12.8125,10.3125,13.90625],"rotation":0,"texture":"#0","tintindex":0},"east":{"uv":[7.4375,5.5625,8.53125,6.0625],"rotation":0,"texture":"#0","tintindex":0},"north":{"uv":[6.90625,11.4375,7.1875,11.9375],"rotation":0,"texture":"#0","tintindex":0},"south":{"uv":[7.84375,14.28125,8.125,14.78125],"rotation":0,"texture":"#0","tintindex":0},"up":{"uv":[8.84375,13.875,8.5625,12.78125],"rotation":0,"texture":"#0","tintindex":0},"west":{"uv":[7.8125,1.6875,8.90625,2.1875],"rotation":0,"texture":"#0","tintindex":0}}},{"name":"cube","from":[12.381643,10.01095,-8.59754],"to":[21.574127,20.340094,22.044071],"rotation":{"angle":-22.5,"axis":"z","origin":[16.977886,41.433075,6.7232685]},"faces":{"down":{"uv":[7.53125,10.875,7.1875,12.0],"rotation":0,"texture":"#0","tintindex":0},"east":{"uv":[10.375,6.875,11.5,7.25],"rotation":0,"texture":"#0","tintindex":0},"north":{"uv":[1.0625,7.4375,1.40625,7.8125],"rotation":0,"texture":"#0","tintindex":0},"south":{"uv":[10.4375,14.3125,10.78125,14.6875],"rotation":0,"texture":"#0","tintindex":0},"up":{"uv":[0.34375,11.875,0.0,10.75],"rotation":0,"texture":"#0","tintindex":0},"west":{"uv":[9.90625,10.40625,11.03125,10.78125],"rotation":0,"texture":"#0","tintindex":0}}},{"name":"cube","from":[12.381643,20.340094,-8.59754],"to":[21.574127,29.585152,22.044071],"rotation":{"angle":-22.5,"axis":"z","origin":[16.977886,41.433075,6.7232685]},"faces":{"down":{"uv":[8.21875,10.875,7.875,12.0],"rotation":0,"texture":"#0","tintindex":0},"east":{"uv":[10.78125,4.875,11.90625,5.21875],"rotation":0,"texture":"#0","tintindex":0},"north":{"uv":[7.25,9.84375,7.59375,10.1875],"rotation":0,"texture":"#0","tintindex":0},"south":{"uv":[14.40625,14.1875,14.75,14.53125],"rotation":0,"texture":"#0","tintindex":0},"up":{"uv":[7.875,12.0,7.53125,10.875],"rotation":0,"texture":"#0","tintindex":0},"west":{"uv":[10.8125,0.0,11.9375,0.34375],"rotation":0,"texture":"#0","tintindex":0}}}],"display":{"head":{"translation":[58.11165,35.191692,0.0],"rotation":[0.0,0.0,0.0],"scale":[3.7333333,3.7333333,3.7333333]}}}