{"textures":{"0":"modelengine:entity/end_beast"},"elements":[{"name":"cube","from":[4.493498,4.8736296,-16.0],"to":[11.506502,11.966376,11.323895],"rotation":{"angle":0.0,"axis":"x","origin":[8.229932,48.4685,-58.51536]},"faces":{"down":{"uv":[0.6875,8.78125,0.5,9.5],"rotation":0,"texture":"#0","tintindex":0},"east":{"uv":[7.8125,4.75,8.53125,4.96875],"rotation":0,"texture":"#0","tintindex":0},"north":{"uv":[3.75,10.71875,3.9375,10.9375],"rotation":0,"texture":"#0","tintindex":0},"south":{"uv":[15.0625,1.0,15.25,1.21875],"rotation":0,"texture":"#0","tintindex":0},"up":{"uv":[0.6875,9.5,0.5,8.78125],"rotation":0,"texture":"#0","tintindex":0},"west":{"uv":[14.25,8.5,14.96875,8.71875],"rotation":0,"texture":"#0","tintindex":0}}}],"display":{"head":{"translation":[0.0,-6.4,-8.444605],"rotation":[0.0,0.0,0.0],"scale":[3.8095,3.8095,3.8095]}}}