{"textures":{"0":"modelengine:entity/end_beast"},"elements":[{"name":"cube","from":[4.052786,4.432913,-16.0],"to":[11.947214,12.407074,13.240026],"rotation":{"angle":0.0,"axis":"x","origin":[8.229932,48.4685,-56.599236]},"faces":{"down":{"uv":[0.21875,14.0625,0.0,14.84375],"rotation":0,"texture":"#0","tintindex":0},"east":{"uv":[2.03125,4.375,2.8125,4.59375],"rotation":0,"texture":"#0","tintindex":0},"north":{"uv":[12.53125,2.0,12.75,2.21875],"rotation":0,"texture":"#0","tintindex":0},"south":{"uv":[13.5,15.03125,13.71875,15.25],"rotation":0,"texture":"#0","tintindex":0},"up":{"uv":[0.21875,14.84375,0.0,14.0625],"rotation":0,"texture":"#0","tintindex":0},"west":{"uv":[14.1875,2.625,14.96875,2.84375],"rotation":0,"texture":"#0","tintindex":0}}}],"display":{"head":{"translation":[0.0,-6.4,-18.741392],"rotation":[0.0,0.0,0.0],"scale":[3.8095,3.8095,3.8095]}}}