{"textures":{"0":"modelengine:entity/end_beast"},"elements":[{"name":"cube","from":[6.170102,6.550235,-13.5877695],"to":[9.829898,10.289762,7.9877596],"rotation":{"angle":0.0,"axis":"x","origin":[8.229932,48.4685,-61.851498]},"faces":{"down":{"uv":[4.8125,6.21875,4.71875,6.78125],"rotation":0,"texture":"#0","tintindex":0},"east":{"uv":[3.0,1.28125,3.5625,1.40625],"rotation":0,"texture":"#0","tintindex":0},"north":{"uv":[8.75,9.71875,8.84375,9.84375],"rotation":0,"texture":"#0","tintindex":0},"south":{"uv":[12.125,5.78125,12.21875,5.90625],"rotation":0,"texture":"#0","tintindex":0},"up":{"uv":[4.8125,6.78125,4.71875,6.21875],"rotation":0,"texture":"#0","tintindex":0},"west":{"uv":[8.75,9.875,9.3125,10.0],"rotation":0,"texture":"#0","tintindex":0}}}],"display":{"head":{"translation":[0.0,-6.4,0.0],"rotation":[0.0,0.0,0.0],"scale":[3.8095,3.8095,3.8095]}}}