{"textures":{"0":"modelengine:entity/end_beast"},"elements":[{"name":"cube","from":[24.339594,25.029696,-7.06546],"to":[32.0,31.011791,23.065454],"rotation":{"angle":-45.0,"axis":"z","origin":[11.538269,10.547361,8.0]},"faces":{"down":{"uv":[5.59375,12.90625,5.3125,14.0],"rotation":0,"texture":"#0","tintindex":0},"east":{"uv":[13.71875,5.71875,14.8125,5.9375],"rotation":0,"texture":"#0","tintindex":0},"north":{"uv":[14.9375,13.5,15.21875,13.71875],"rotation":0,"texture":"#0","tintindex":0},"south":{"uv":[14.9375,13.71875,15.21875,13.9375],"rotation":0,"texture":"#0","tintindex":0},"up":{"uv":[5.3125,14.0,5.03125,12.90625],"rotation":0,"texture":"#0","tintindex":0},"west":{"uv":[13.71875,5.9375,14.8125,6.15625],"rotation":0,"texture":"#0","tintindex":0}}},{"name":"cube","from":[18.90124,22.90681,-5.150359],"to":[24.774218,29.976562,21.150354],"rotation":{"angle":-45.0,"axis":"z","origin":[11.538269,10.547361,8.0]},"faces":{"down":{"uv":[9.34375,13.90625,9.125,14.875],"rotation":0,"texture":"#0","tintindex":0},"east":{"uv":[13.53125,6.84375,14.5,7.09375],"rotation":0,"texture":"#0","tintindex":0},"north":{"uv":[15.0,6.78125,15.21875,7.03125],"rotation":0,"texture":"#0","tintindex":0},"south":{"uv":[15.0,7.375,15.21875,7.625],"rotation":0,"texture":"#0","tintindex":0},"up":{"uv":[7.46875,14.875,7.25,13.90625],"rotation":0,"texture":"#0","tintindex":0},"west":{"uv":[13.53125,7.09375,14.5,7.34375],"rotation":0,"texture":"#0","tintindex":0}}},{"name":"cube","from":[9.198066,27.351957,-7.06546],"to":[18.90124,31.15876,23.065454],"rotation":{"angle":-45.0,"axis":"z","origin":[11.538269,10.547361,8.0]},"faces":{"down":{"uv":[11.53125,11.75,11.1875,12.84375],"rotation":0,"texture":"#0","tintindex":0},"east":{"uv":[13.53125,7.34375,14.625,7.46875],"rotation":0,"texture":"#0","tintindex":0},"north":{"uv":[0.5625,6.5625,0.90625,6.6875],"rotation":0,"texture":"#0","tintindex":0},"south":{"uv":[12.15625,1.03125,12.5,1.15625],"rotation":0,"texture":"#0","tintindex":0},"up":{"uv":[11.96875,12.46875,11.625,11.375],"rotation":0,"texture":"#0","tintindex":0},"west":{"uv":[13.84375,0.71875,14.9375,0.84375],"rotation":0,"texture":"#0","tintindex":0}}},{"name":"cube","from":[9.198066,20.282215,-7.06546],"to":[18.90124,27.351957,23.065454],"rotation":{"angle":-45.0,"axis":"z","origin":[11.538269,10.547361,8.0]},"faces":{"down":{"uv":[11.96875,10.28125,11.625,11.375],"rotation":0,"texture":"#0","tintindex":0},"east":{"uv":[13.40625,12.0625,14.5,12.3125],"rotation":0,"texture":"#0","tintindex":0},"north":{"uv":[7.0625,14.875,7.40625,15.125],"rotation":0,"texture":"#0","tintindex":0},"south":{"uv":[14.875,8.84375,15.21875,9.09375],"rotation":0,"texture":"#0","tintindex":0},"up":{"uv":[11.96875,10.28125,11.625,9.1875],"rotation":0,"texture":"#0","tintindex":0},"west":{"uv":[13.40625,12.3125,14.5,12.5625],"rotation":0,"texture":"#0","tintindex":0}}},{"name":"cube","from":[18.90124,16.380878,-5.150359],"to":[24.774218,22.90681,21.150354],"rotation":{"angle":-45.0,"axis":"z","origin":[11.538269,10.547361,8.0]},"faces":{"down":{"uv":[7.25,13.90625,7.03125,14.875],"rotation":0,"texture":"#0","tintindex":0},"east":{"uv":[13.53125,4.375,14.5,4.625],"rotation":0,"texture":"#0","tintindex":0},"north":{"uv":[15.0,5.0625,15.21875,5.3125],"rotation":0,"texture":"#0","tintindex":0},"south":{"uv":[15.0,6.53125,15.21875,6.78125],"rotation":0,"texture":"#0","tintindex":0},"up":{"uv":[7.03125,14.875,6.8125,13.90625],"rotation":0,"texture":"#0","tintindex":0},"west":{"uv":[13.53125,6.59375,14.5,6.84375],"rotation":0,"texture":"#0","tintindex":0}}},{"name":"cube","from":[24.339594,17.959942,-7.06546],"to":[32.0,25.029696,23.065454],"rotation":{"angle":-45.0,"axis":"z","origin":[11.538269,10.547361,8.0]},"faces":{"down":{"uv":[5.03125,12.90625,4.75,14.0],"rotation":0,"texture":"#0","tintindex":0},"east":{"uv":[9.21875,13.40625,10.3125,13.65625],"rotation":0,"texture":"#0","tintindex":0},"north":{"uv":[0.15625,14.9375,0.4375,15.1875],"rotation":0,"texture":"#0","tintindex":0},"south":{"uv":[14.9375,0.1875,15.21875,0.4375],"rotation":0,"texture":"#0","tintindex":0},"up":{"uv":[4.75,14.0,4.46875,12.90625],"rotation":0,"texture":"#0","tintindex":0},"west":{"uv":[13.40625,11.8125,14.5,12.0625],"rotation":0,"texture":"#0","tintindex":0}}},{"name":"cube","from":[9.198066,12.124802,-7.06546],"to":[18.90124,20.282215,23.065454],"rotation":{"angle":-45.0,"axis":"z","origin":[11.538269,10.547361,8.0]},"faces":{"down":{"uv":[11.96875,8.09375,11.625,9.1875],"rotation":0,"texture":"#0","tintindex":0},"east":{"uv":[12.3125,12.4375,13.40625,12.75],"rotation":0,"texture":"#0","tintindex":0},"north":{"uv":[14.5,12.4375,14.84375,12.75],"rotation":0,"texture":"#0","tintindex":0},"south":{"uv":[14.53125,8.84375,14.875,9.15625],"rotation":0,"texture":"#0","tintindex":0},"up":{"uv":[11.96875,8.09375,11.625,7.0],"rotation":0,"texture":"#0","tintindex":0},"west":{"uv":[1.375,12.5,2.46875,12.8125],"rotation":0,"texture":"#0","tintindex":0}}},{"name":"cube","from":[9.198066,3.4235773,-7.06546],"to":[18.90124,12.124802,23.065454],"rotation":{"angle":-45.0,"axis":"z","origin":[11.538269,10.547361,8.0]},"faces":{"down":{"uv":[11.875,5.90625,11.53125,7.0],"rotation":0,"texture":"#0","tintindex":0},"east":{"uv":[12.3125,11.8125,13.40625,12.125],"rotation":0,"texture":"#0","tintindex":0},"north":{"uv":[14.5,11.8125,14.84375,12.125],"rotation":0,"texture":"#0","tintindex":0},"south":{"uv":[14.5,12.125,14.84375,12.4375],"rotation":0,"texture":"#0","tintindex":0},"up":{"uv":[11.8125,4.40625,11.46875,3.3125],"rotation":0,"texture":"#0","tintindex":0},"west":{"uv":[12.3125,12.125,13.40625,12.4375],"rotation":0,"texture":"#0","tintindex":0}}},{"name":"cube","from":[18.90124,9.311137,-5.150359],"to":[24.774218,16.380878,21.150354],"rotation":{"angle":-45.0,"axis":"z","origin":[11.538269,10.547361,8.0]},"faces":{"down":{"uv":[6.8125,13.90625,6.59375,14.875],"rotation":0,"texture":"#0","tintindex":0},"east":{"uv":[13.5,13.28125,14.46875,13.53125],"rotation":0,"texture":"#0","tintindex":0},"north":{"uv":[15.0,3.59375,15.21875,3.84375],"rotation":0,"texture":"#0","tintindex":0},"south":{"uv":[15.0,4.09375,15.21875,4.34375],"rotation":0,"texture":"#0","tintindex":0},"up":{"uv":[4.15625,14.75,3.9375,13.78125],"rotation":0,"texture":"#0","tintindex":0},"west":{"uv":[13.53125,4.125,14.5,4.375],"rotation":0,"texture":"#0","tintindex":0}}},{"name":"cube","from":[24.339594,8.171057,-7.06546],"to":[32.0,17.959942,23.065454],"rotation":{"angle":-45.0,"axis":"z","origin":[11.538269,10.547361,8.0]},"faces":{"down":{"uv":[4.46875,12.90625,4.1875,14.0],"rotation":0,"texture":"#0","tintindex":0},"east":{"uv":[11.4375,1.875,12.53125,2.21875],"rotation":0,"texture":"#0","tintindex":0},"north":{"uv":[1.78125,14.71875,2.0625,15.0625],"rotation":0,"texture":"#0","tintindex":0},"south":{"uv":[11.28125,14.71875,11.5625,15.0625],"rotation":0,"texture":"#0","tintindex":0},"up":{"uv":[1.1875,13.96875,0.90625,12.875],"rotation":0,"texture":"#0","tintindex":0},"west":{"uv":[5.8125,11.4375,6.90625,11.78125],"rotation":0,"texture":"#0","tintindex":0}}},{"name":"cube","from":[18.90124,2.7852058,-5.150359],"to":[24.774218,9.311137,21.150354],"rotation":{"angle":-45.0,"axis":"z","origin":[11.538269,10.547361,8.0]},"faces":{"down":{"uv":[6.28125,13.75,6.0625,14.71875],"rotation":0,"texture":"#0","tintindex":0},"east":{"uv":[13.5,1.65625,14.46875,1.90625],"rotation":0,"texture":"#0","tintindex":0},"north":{"uv":[1.15625,15.0,1.375,15.25],"rotation":0,"texture":"#0","tintindex":0},"south":{"uv":[15.0,1.53125,15.21875,1.78125],"rotation":0,"texture":"#0","tintindex":0},"up":{"uv":[10.8125,13.46875,10.59375,12.5],"rotation":0,"texture":"#0","tintindex":0},"west":{"uv":[13.5,13.03125,14.46875,13.28125],"rotation":0,"texture":"#0","tintindex":0}}},{"name":"cube","from":[24.339594,-1.0740032,-7.06546],"to":[32.0,8.171057,23.065454],"rotation":{"angle":-45.0,"axis":"z","origin":[11.538269,10.547361,8.0]},"faces":{"down":{"uv":[0.90625,12.875,0.625,13.96875],"rotation":0,"texture":"#0","tintindex":0},"east":{"uv":[11.4375,1.1875,12.53125,1.53125],"rotation":0,"texture":"#0","tintindex":0},"north":{"uv":[7.5625,14.65625,7.84375,15.0],"rotation":0,"texture":"#0","tintindex":0},"south":{"uv":[1.5,14.71875,1.78125,15.0625],"rotation":0,"texture":"#0","tintindex":0},"up":{"uv":[0.625,13.96875,0.34375,12.875],"rotation":0,"texture":"#0","tintindex":0},"west":{"uv":[11.4375,1.53125,12.53125,1.875],"rotation":0,"texture":"#0","tintindex":0}}},{"name":"cube","from":[9.198066,-4.1900005,-7.06546],"to":[18.90124,3.4235773,23.065454],"rotation":{"angle":-45.0,"axis":"z","origin":[11.538269,10.547361,8.0]},"faces":{"down":{"uv":[11.8125,2.21875,11.46875,3.3125],"rotation":0,"texture":"#0","tintindex":0},"east":{"uv":[12.90625,12.75,14.0,13.03125],"rotation":0,"texture":"#0","tintindex":0},"north":{"uv":[11.5625,14.71875,11.90625,15.0],"rotation":0,"texture":"#0","tintindex":0},"south":{"uv":[2.0625,14.75,2.40625,15.03125],"rotation":0,"texture":"#0","tintindex":0},"up":{"uv":[1.375,12.53125,1.03125,11.4375],"rotation":0,"texture":"#0","tintindex":0},"west":{"uv":[12.9375,6.3125,14.03125,6.59375],"rotation":0,"texture":"#0","tintindex":0}}},{"name":"cube","from":[18.90124,-6.2486553,-5.150359],"to":[24.774218,2.7852058,21.150354],"rotation":{"angle":-45.0,"axis":"z","origin":[11.538269,10.547361,8.0]},"faces":{"down":{"uv":[1.59375,11.4375,1.375,12.40625],"rotation":0,"texture":"#0","tintindex":0},"east":{"uv":[7.9375,12.4375,8.90625,12.78125],"rotation":0,"texture":"#0","tintindex":0},"north":{"uv":[1.625,10.84375,1.84375,11.1875],"rotation":0,"texture":"#0","tintindex":0},"south":{"uv":[11.03125,7.25,11.25,7.59375],"rotation":0,"texture":"#0","tintindex":0},"up":{"uv":[7.90625,9.75,7.6875,8.78125],"rotation":0,"texture":"#0","tintindex":0},"west":{"uv":[0.34375,12.53125,1.3125,12.875],"rotation":0,"texture":"#0","tintindex":0}}},{"name":"cube","from":[24.339594,-13.038193,-7.06546],"to":[32.0,-1.0740032,23.065454],"rotation":{"angle":-45.0,"axis":"z","origin":[11.538269,10.547361,8.0]},"faces":{"down":{"uv":[11.4375,12.84375,11.15625,13.9375],"rotation":0,"texture":"#0","tintindex":0},"east":{"uv":[9.40625,0.78125,10.5,1.21875],"rotation":0,"texture":"#0","tintindex":0},"north":{"uv":[7.1875,6.625,7.46875,7.0625],"rotation":0,"texture":"#0","tintindex":0},"south":{"uv":[8.21875,10.875,8.5,11.3125],"rotation":0,"texture":"#0","tintindex":0},"up":{"uv":[13.125,6.3125,12.84375,5.21875],"rotation":0,"texture":"#0","tintindex":0},"west":{"uv":[9.40625,1.21875,10.5,1.65625],"rotation":0,"texture":"#0","tintindex":0}}},{"name":"cube","from":[9.198066,-12.127387,-7.06546],"to":[18.90124,-4.1900005,23.065454],"rotation":{"angle":-45.0,"axis":"z","origin":[11.538269,10.547361,8.0]},"faces":{"down":{"uv":[1.03125,11.4375,0.6875,12.53125],"rotation":0,"texture":"#0","tintindex":0},"east":{"uv":[2.4375,12.8125,3.53125,13.09375],"rotation":0,"texture":"#0","tintindex":0},"north":{"uv":[14.6875,11.46875,15.03125,11.75],"rotation":0,"texture":"#0","tintindex":0},"south":{"uv":[1.15625,14.71875,1.5,15.0],"rotation":0,"texture":"#0","tintindex":0},"up":{"uv":[11.1875,12.46875,10.84375,11.375],"rotation":0,"texture":"#0","tintindex":0},"west":{"uv":[9.21875,12.8125,10.3125,13.09375],"rotation":0,"texture":"#0","tintindex":0}}},{"name":"cube","from":[18.90124,-14.406056,-5.150359],"to":[24.774218,-6.2486553,21.150354],"rotation":{"angle":-45.0,"axis":"z","origin":[11.538269,10.547361,8.0]},"faces":{"down":{"uv":[9.78125,13.90625,9.5625,14.875],"rotation":0,"texture":"#0","tintindex":0},"east":{"uv":[6.75,13.09375,7.71875,13.40625],"rotation":0,"texture":"#0","tintindex":0},"north":{"uv":[13.15625,14.90625,13.375,15.21875],"rotation":0,"texture":"#0","tintindex":0},"south":{"uv":[14.9375,0.6875,15.15625,1.0],"rotation":0,"texture":"#0","tintindex":0},"up":{"uv":[9.5625,14.875,9.34375,13.90625],"rotation":0,"texture":"#0","tintindex":0},"west":{"uv":[9.21875,13.09375,10.1875,13.40625],"rotation":0,"texture":"#0","tintindex":0}}},{"name":"cube","from":[9.268128,23.493023,-5.9164],"to":[17.439224,28.931293,21.916395],"rotation":{"angle":-22.5,"axis":"z","origin":[11.538269,10.547361,8.0]},"faces":{"down":{"uv":[3.875,12.75,3.5625,13.78125],"rotation":0,"texture":"#0","tintindex":0},"east":{"uv":[14.0625,11.28125,15.09375,11.46875],"rotation":0,"texture":"#0","tintindex":0},"north":{"uv":[14.96875,3.21875,15.28125,3.40625],"rotation":0,"texture":"#0","tintindex":0},"south":{"uv":[14.96875,3.40625,15.28125,3.59375],"rotation":0,"texture":"#0","tintindex":0},"up":{"uv":[6.3125,13.75,6.0,12.71875],"rotation":0,"texture":"#0","tintindex":0},"west":{"uv":[7.46875,14.09375,8.5,14.28125],"rotation":0,"texture":"#0","tintindex":0}}},{"name":"cube","from":[9.268128,11.366732,-5.9164],"to":[17.439224,18.05475,21.916395],"rotation":{"angle":-22.5,"axis":"z","origin":[11.538269,10.547361,8.0]},"faces":{"down":{"uv":[11.15625,12.46875,10.84375,13.5],"rotation":0,"texture":"#0","tintindex":0},"east":{"uv":[13.46875,7.5,14.5,7.75],"rotation":0,"texture":"#0","tintindex":0},"north":{"uv":[1.875,9.71875,2.1875,9.96875],"rotation":0,"texture":"#0","tintindex":0},"south":{"uv":[9.125,10.65625,9.4375,10.90625],"rotation":0,"texture":"#0","tintindex":0},"up":{"uv":[6.75,13.15625,6.4375,12.125],"rotation":0,"texture":"#0","tintindex":0},"west":{"uv":[13.46875,7.75,14.5,8.0],"rotation":0,"texture":"#0","tintindex":0}}},{"name":"cube","from":[0.9693618,22.594446,-7.3208075],"to":[10.161841,30.208023,23.320803],"rotation":{"angle":-22.5,"axis":"z","origin":[11.538269,10.547361,8.0]},"faces":{"down":{"uv":[11.625,8.375,11.28125,9.5],"rotation":0,"texture":"#0","tintindex":0},"east":{"uv":[12.71875,4.65625,13.84375,4.9375],"rotation":0,"texture":"#0","tintindex":0},"north":{"uv":[14.75,10.6875,15.09375,10.96875],"rotation":0,"texture":"#0","tintindex":0},"south":{"uv":[14.75,14.1875,15.09375,14.46875],"rotation":0,"texture":"#0","tintindex":0},"up":{"uv":[11.625,8.375,11.28125,7.25],"rotation":0,"texture":"#0","tintindex":0},"west":{"uv":[12.71875,4.9375,13.84375,5.21875],"rotation":0,"texture":"#0","tintindex":0}}},{"name":"cube","from":[0.9693618,15.524691,-7.3208075],"to":[10.161841,22.594446,23.320803],"rotation":{"angle":-22.5,"axis":"z","origin":[11.538269,10.547361,8.0]},"faces":{"down":{"uv":[2.3125,11.28125,1.96875,12.40625],"rotation":0,"texture":"#0","tintindex":0},"east":{"uv":[13.09375,11.5625,14.21875,11.8125],"rotation":0,"texture":"#0","tintindex":0},"north":{"uv":[14.875,9.09375,15.21875,9.34375],"rotation":0,"texture":"#0","tintindex":0},"south":{"uv":[9.125,14.875,9.46875,15.125],"rotation":0,"texture":"#0","tintindex":0},"up":{"uv":[1.96875,12.40625,1.625,11.28125],"rotation":0,"texture":"#0","tintindex":0},"west":{"uv":[13.125,8.59375,14.25,8.84375],"rotation":0,"texture":"#0","tintindex":0}}},{"name":"cube","from":[9.268128,18.05475,-5.9164],"to":[17.439224,23.493023,21.916395],"rotation":{"angle":-22.5,"axis":"z","origin":[11.538269,10.547361,8.0]},"faces":{"down":{"uv":[6.0,12.71875,5.6875,13.75],"rotation":0,"texture":"#0","tintindex":0},"east":{"uv":[14.03125,6.34375,15.0625,6.53125],"rotation":0,"texture":"#0","tintindex":0},"north":{"uv":[8.84375,13.6875,9.15625,13.875],"rotation":0,"texture":"#0","tintindex":0},"south":{"uv":[14.96875,3.03125,15.28125,3.21875],"rotation":0,"texture":"#0","tintindex":0},"up":{"uv":[9.21875,13.6875,8.90625,12.65625],"rotation":0,"texture":"#0","tintindex":0},"west":{"uv":[14.0625,11.09375,15.09375,11.28125],"rotation":0,"texture":"#0","tintindex":0}}},{"name":"cube","from":[-4.038821,28.193209,-6.682437],"to":[10.005251,32.0,22.682436],"rotation":{"angle":0.0,"axis":"x","origin":[11.538269,10.547361,8.0]},"faces":{"down":{"uv":[7.1875,8.65625,6.6875,9.71875],"rotation":0,"texture":"#0","tintindex":0},"east":{"uv":[14.25,8.71875,15.3125,8.84375],"rotation":0,"texture":"#0","tintindex":0},"north":{"uv":[8.34375,9.59375,8.84375,9.71875],"rotation":0,"texture":"#0","tintindex":0},"south":{"uv":[12.78125,3.875,13.28125,4.0],"rotation":0,"texture":"#0","tintindex":0},"up":{"uv":[6.6875,9.71875,6.1875,8.65625],"rotation":0,"texture":"#0","tintindex":0},"west":{"uv":[1.15625,14.375,2.21875,14.5],"rotation":0,"texture":"#0","tintindex":0}}},{"name":"cube","from":[-4.038821,23.298761,-6.682437],"to":[10.005251,28.193209,22.682436],"rotation":{"angle":0.0,"axis":"x","origin":[11.538269,10.547361,8.0]},"faces":{"down":{"uv":[2.1875,8.65625,1.6875,9.71875],"rotation":0,"texture":"#0","tintindex":0},"east":{"uv":[13.40625,12.5625,14.46875,12.75],"rotation":0,"texture":"#0","tintindex":0},"north":{"uv":[14.84375,12.5625,15.34375,12.75],"rotation":0,"texture":"#0","tintindex":0},"south":{"uv":[13.40625,14.84375,13.90625,15.03125],"rotation":0,"texture":"#0","tintindex":0},"up":{"uv":[1.6875,9.71875,1.1875,8.65625],"rotation":0,"texture":"#0","tintindex":0},"west":{"uv":[14.0,12.75,15.0625,12.9375],"rotation":0,"texture":"#0","tintindex":0}}},{"name":"cube","from":[-4.038821,17.316666,-6.682437],"to":[10.005251,23.298761,22.682436],"rotation":{"angle":0.0,"axis":"x","origin":[11.538269,10.547361,8.0]},"faces":{"down":{"uv":[1.1875,8.65625,0.6875,9.71875],"rotation":0,"texture":"#0","tintindex":0},"east":{"uv":[13.84375,4.84375,14.90625,5.0625],"rotation":0,"texture":"#0","tintindex":0},"north":{"uv":[14.5,4.3125,15.0,4.53125],"rotation":0,"texture":"#0","tintindex":0},"south":{"uv":[14.5,6.53125,15.0,6.75],"rotation":0,"texture":"#0","tintindex":0},"up":{"uv":[9.125,1.0625,8.625,0.0],"rotation":0,"texture":"#0","tintindex":0},"west":{"uv":[7.5625,13.875,8.625,14.09375],"rotation":0,"texture":"#0","tintindex":0}}},{"name":"cube","from":[-4.038821,11.334571,-6.682437],"to":[10.005251,17.316666,22.682436],"rotation":{"angle":0.0,"axis":"x","origin":[11.538269,10.547361,8.0]},"faces":{"down":{"uv":[5.0,8.59375,4.5,9.65625],"rotation":0,"texture":"#0","tintindex":0},"east":{"uv":[13.84375,0.5,14.90625,0.71875],"rotation":0,"texture":"#0","tintindex":0},"north":{"uv":[1.6875,14.5,2.1875,14.71875],"rotation":0,"texture":"#0","tintindex":0},"south":{"uv":[14.5,4.09375,15.0,4.3125],"rotation":0,"texture":"#0","tintindex":0},"up":{"uv":[9.0625,7.75,8.5625,6.6875],"rotation":0,"texture":"#0","tintindex":0},"west":{"uv":[13.84375,4.625,14.90625,4.84375],"rotation":0,"texture":"#0","tintindex":0}}},{"name":"cube","from":[-4.038821,-0.7506521,-6.682437],"to":[10.005251,11.334571,22.682436],"rotation":{"angle":0.0,"axis":"x","origin":[11.538269,10.547361,8.0]},"faces":{"down":{"uv":[9.0625,5.625,8.5625,6.6875],"rotation":0,"texture":"#0","tintindex":0},"east":{"uv":[6.125,9.71875,7.1875,10.15625],"rotation":0,"texture":"#0","tintindex":0},"north":{"uv":[5.0625,7.5625,5.5625,8.0],"rotation":0,"texture":"#0","tintindex":0},"south":{"uv":[3.4375,13.78125,3.9375,14.21875],"rotation":0,"texture":"#0","tintindex":0},"up":{"uv":[8.84375,9.59375,8.34375,8.53125],"rotation":0,"texture":"#0","tintindex":0},"west":{"uv":[9.75,0.0,10.8125,0.4375],"rotation":0,"texture":"#0","tintindex":0}}},{"name":"cube","from":[-9.052752,-2.47306,-6.5547667],"to":[-4.702134,12.84774,22.554762],"rotation":{"angle":-45.0,"axis":"z","origin":[11.538269,10.547361,8.0]},"faces":{"down":{"uv":[6.4375,14.1875,6.28125,15.25],"rotation":0,"texture":"#0","tintindex":0},"east":{"uv":[6.75,2.65625,7.8125,3.21875],"rotation":0,"texture":"#0","tintindex":0},"north":{"uv":[0.0,14.84375,0.15625,15.40625],"rotation":0,"texture":"#0","tintindex":0},"south":{"uv":[14.40625,14.84375,14.5625,15.40625],"rotation":0,"texture":"#0","tintindex":0},"up":{"uv":[13.15625,15.1875,13.0,14.125],"rotation":0,"texture":"#0","tintindex":0},"west":{"uv":[6.75,4.4375,7.8125,5.0],"rotation":0,"texture":"#0","tintindex":0}}},{"name":"cube","from":[-11.771887,-2.47306,-6.5547667],"to":[-9.052752,12.84774,22.554762],"rotation":{"angle":-45.0,"axis":"z","origin":[11.538269,10.547361,8.0]},"faces":{"down":{"uv":[9.125,14.3125,9.03125,15.375],"rotation":0,"texture":"#0","tintindex":0},"east":{"uv":[3.46875,7.0,4.53125,7.5625],"rotation":0,"texture":"#0","tintindex":0},"north":{"uv":[0.96875,8.0,1.0625,8.5625],"rotation":0,"texture":"#0","tintindex":0},"south":{"uv":[8.53125,0.0,8.625,0.5625],"rotation":0,"texture":"#0","tintindex":0},"up":{"uv":[9.03125,15.375,8.9375,14.3125],"rotation":0,"texture":"#0","tintindex":0},"west":{"uv":[4.53125,7.0,5.59375,7.5625],"rotation":0,"texture":"#0","tintindex":0}}},{"name":"cube","from":[-4.702134,-2.47306,-6.5547667],"to":[-0.3515172,12.84774,22.554762],"rotation":{"angle":-45.0,"axis":"z","origin":[11.538269,10.547361,8.0]},"faces":{"down":{"uv":[3.75,14.21875,3.59375,15.28125],"rotation":0,"texture":"#0","tintindex":0},"east":{"uv":[6.78125,3.21875,7.84375,3.78125],"rotation":0,"texture":"#0","tintindex":0},"north":{"uv":[14.5625,14.84375,14.71875,15.40625],"rotation":0,"texture":"#0","tintindex":0},"south":{"uv":[3.25,14.875,3.40625,15.4375],"rotation":0,"texture":"#0","tintindex":0},"up":{"uv":[6.59375,15.25,6.4375,14.1875],"rotation":0,"texture":"#0","tintindex":0},"west":{"uv":[6.78125,3.78125,7.84375,4.34375],"rotation":0,"texture":"#0","tintindex":0}}},{"name":"cube","from":[-0.3515172,-2.47306,-6.5547667],"to":[3.0713587,12.84774,22.554762],"rotation":{"angle":-45.0,"axis":"z","origin":[11.538269,10.547361,8.0]},"faces":{"down":{"uv":[12.03125,14.25,11.90625,15.3125],"rotation":0,"texture":"#0","tintindex":0},"east":{"uv":[6.75,1.53125,7.8125,2.09375],"rotation":0,"texture":"#0","tintindex":0},"north":{"uv":[0.8125,5.875,0.9375,6.4375],"rotation":0,"texture":"#0","tintindex":0},"south":{"uv":[3.75,6.34375,3.875,6.90625],"rotation":0,"texture":"#0","tintindex":0},"up":{"uv":[6.0625,15.3125,5.9375,14.25],"rotation":0,"texture":"#0","tintindex":0},"west":{"uv":[6.75,2.09375,7.8125,2.65625],"rotation":0,"texture":"#0","tintindex":0}}},{"name":"cube","from":[0.9693618,-0.7901113,-7.3208075],"to":[10.161841,6.8234663,23.320803],"rotation":{"angle":-22.5,"axis":"z","origin":[11.538269,10.547361,8.0]},"faces":{"down":{"uv":[4.4375,11.03125,4.09375,12.15625],"rotation":0,"texture":"#0","tintindex":0},"east":{"uv":[12.71875,0.3125,13.84375,0.59375],"rotation":0,"texture":"#0","tintindex":0},"north":{"uv":[2.40625,14.75,2.75,15.03125],"rotation":0,"texture":"#0","tintindex":0},"south":{"uv":[14.75,10.40625,15.09375,10.6875],"rotation":0,"texture":"#0","tintindex":0},"up":{"uv":[4.09375,12.15625,3.75,11.03125],"rotation":0,"texture":"#0","tintindex":0},"west":{"uv":[12.71875,0.59375,13.84375,0.875],"rotation":0,"texture":"#0","tintindex":0}}},{"name":"cube","from":[0.9693618,-9.491348,-7.3208075],"to":[10.161841,-0.7901113,23.320803],"rotation":{"angle":-22.5,"axis":"z","origin":[11.538269,10.547361,8.0]},"faces":{"down":{"uv":[9.8125,10.90625,9.46875,12.03125],"rotation":0,"texture":"#0","tintindex":0},"east":{"uv":[11.9375,0.0,13.0625,0.3125],"rotation":0,"texture":"#0","tintindex":0},"north":{"uv":[14.53125,9.15625,14.875,9.46875],"rotation":0,"texture":"#0","tintindex":0},"south":{"uv":[14.53125,9.46875,14.875,9.78125],"rotation":0,"texture":"#0","tintindex":0},"up":{"uv":[9.46875,12.03125,9.125,10.90625],"rotation":0,"texture":"#0","tintindex":0},"west":{"uv":[12.15625,4.0,13.28125,4.3125],"rotation":0,"texture":"#0","tintindex":0}}},{"name":"cube","from":[0.9693618,6.8234663,-7.3208075],"to":[10.161841,15.524691,23.320803],"rotation":{"angle":-22.5,"axis":"z","origin":[11.538269,10.547361,8.0]},"faces":{"down":{"uv":[5.125,11.1875,4.78125,12.3125],"rotation":0,"texture":"#0","tintindex":0},"east":{"uv":[12.3125,9.0625,13.4375,9.375],"rotation":0,"texture":"#0","tintindex":0},"north":{"uv":[13.40625,14.53125,13.75,14.84375],"rotation":0,"texture":"#0","tintindex":0},"south":{"uv":[13.75,14.53125,14.09375,14.84375],"rotation":0,"texture":"#0","tintindex":0},"up":{"uv":[4.78125,12.3125,4.4375,11.1875],"rotation":0,"texture":"#0","tintindex":0},"west":{"uv":[12.3125,9.375,13.4375,9.6875],"rotation":0,"texture":"#0","tintindex":0}}}],"display":{"head":{"translation":[20.208256,6.500155,0.0],"rotation":[0.0,0.0,0.0],"scale":[3.7333333,3.7333333,3.7333333]}}}