{"textures":{"0":"modelengine:entity/end_beast"},"elements":[{"name":"cube","from":[-16.0,21.438148,-6.4270897],"to":[-10.1270275,26.332596,19.873621],"rotation":{"angle":45.0,"axis":"z","origin":[-0.6791973,40.711975,6.7232685]},"faces":{"down":{"uv":[10.0,13.90625,10.21875,14.875],"rotation":0,"texture":"#0","tintindex":0},"east":{"uv":[15.15625,1.90625,14.1875,2.09375],"rotation":0,"texture":"#0","tintindex":0},"north":{"uv":[11.25,7.59375,11.03125,7.78125],"rotation":0,"texture":"#0","tintindex":0},"south":{"uv":[13.4375,7.5,13.21875,7.6875],"rotation":0,"texture":"#0","tintindex":0},"up":{"uv":[9.78125,14.875,10.0,13.90625],"rotation":0,"texture":"#0","tintindex":0},"west":{"uv":[2.125,14.1875,1.15625,14.375],"rotation":0,"texture":"#0","tintindex":0}}},{"name":"cube","from":[14.883833,18.308493,-8.342193],"to":[22.544239,32.0,21.788725],"rotation":{"angle":45.0,"axis":"z","origin":[23.565622,-3.1406326,8.0]},"faces":{"down":{"uv":[10.3125,12.8125,10.59375,13.90625],"rotation":0,"texture":"#0","tintindex":0},"east":{"uv":[8.90625,1.6875,7.8125,2.1875],"rotation":0,"texture":"#0","tintindex":0},"north":{"uv":[7.1875,11.4375,6.90625,11.9375],"rotation":0,"texture":"#0","tintindex":0},"south":{"uv":[8.125,14.28125,7.84375,14.78125],"rotation":0,"texture":"#0","tintindex":0},"up":{"uv":[8.5625,13.875,8.84375,12.78125],"rotation":0,"texture":"#0","tintindex":0},"west":{"uv":[8.53125,5.5625,7.4375,6.0625],"rotation":0,"texture":"#0","tintindex":0}}},{"name":"cube","from":[-5.574129,10.01095,-8.59754],"to":[3.6183567,20.340094,22.044071],"rotation":{"angle":22.5,"axis":"z","origin":[-0.9778843,41.433075,6.7232685]},"faces":{"down":{"uv":[7.1875,10.875,7.53125,12.0],"rotation":0,"texture":"#0","tintindex":0},"east":{"uv":[11.03125,10.40625,9.90625,10.78125],"rotation":0,"texture":"#0","tintindex":0},"north":{"uv":[1.40625,7.4375,1.0625,7.8125],"rotation":0,"texture":"#0","tintindex":0},"south":{"uv":[10.78125,14.3125,10.4375,14.6875],"rotation":0,"texture":"#0","tintindex":0},"up":{"uv":[0.0,11.875,0.34375,10.75],"rotation":0,"texture":"#0","tintindex":0},"west":{"uv":[11.5,6.875,10.375,7.25],"rotation":0,"texture":"#0","tintindex":0}}},{"name":"cube","from":[-5.574129,20.340094,-8.59754],"to":[3.6183567,29.585152,22.044071],"rotation":{"angle":22.5,"axis":"z","origin":[-0.9778843,41.433075,6.7232685]},"faces":{"down":{"uv":[7.875,10.875,8.21875,12.0],"rotation":0,"texture":"#0","tintindex":0},"east":{"uv":[11.9375,0.0,10.8125,0.34375],"rotation":0,"texture":"#0","tintindex":0},"north":{"uv":[7.59375,9.84375,7.25,10.1875],"rotation":0,"texture":"#0","tintindex":0},"south":{"uv":[14.75,14.1875,14.40625,14.53125],"rotation":0,"texture":"#0","tintindex":0},"up":{"uv":[7.53125,12.0,7.875,10.875],"rotation":0,"texture":"#0","tintindex":0},"west":{"uv":[11.90625,4.875,10.78125,5.21875],"rotation":0,"texture":"#0","tintindex":0}}}],"display":{"head":{"translation":[-58.111656,35.191692,0.0],"rotation":[0.0,0.0,0.0],"scale":[3.7333333,3.7333333,3.7333333]}}}