{"textures":{"0":"modelengine:entity/end_beast"},"elements":[{"name":"cube","from":[4.7254343,4.382248,-13.710454],"to":[11.274567,11.617752,8.110454],"rotation":{"angle":0.0,"axis":"x","origin":[7.8284063,38.200367,35.050556]},"faces":{"down":{"uv":[3.90625,14.75,4.0625,15.3125],"rotation":0,"texture":"#0","tintindex":0},"east":{"uv":[15.0625,8.25,14.5,8.4375],"rotation":0,"texture":"#0","tintindex":0},"north":{"uv":[3.0625,14.375,2.90625,14.5625],"rotation":0,"texture":"#0","tintindex":0},"south":{"uv":[15.15625,4.34375,15.0,4.53125],"rotation":0,"texture":"#0","tintindex":0},"up":{"uv":[6.0625,15.28125,6.21875,14.71875],"rotation":0,"texture":"#0","tintindex":0},"west":{"uv":[15.03125,14.0,14.46875,14.1875],"rotation":0,"texture":"#0","tintindex":0}}}],"display":{"head":{"translation":[0.0,-6.4,0.0],"rotation":[0.0,0.0,0.0],"scale":[3.8095,3.8095,3.8095]}}}