{"textures":{"0":"modelengine:entity/end_beast"},"elements":[{"name":"cube","from":[5.054318,4.7111325,-13.710464],"to":[10.945683,11.288867,8.110454],"rotation":{"angle":0.0,"axis":"x","origin":[7.8284063,38.200367,35.050556]},"faces":{"down":{"uv":[6.75,12.125,6.90625,12.6875],"rotation":0,"texture":"#0","tintindex":0},"east":{"uv":[13.65625,2.84375,13.09375,3.03125],"rotation":0,"texture":"#0","tintindex":0},"north":{"uv":[6.75,13.15625,6.59375,13.34375],"rotation":0,"texture":"#0","tintindex":0},"south":{"uv":[7.71875,13.65625,7.5625,13.84375],"rotation":0,"texture":"#0","tintindex":0},"up":{"uv":[2.46875,7.875,2.625,7.3125],"rotation":0,"texture":"#0","tintindex":0},"west":{"uv":[7.15625,6.0625,6.59375,6.25],"rotation":0,"texture":"#0","tintindex":0}}}],"display":{"head":{"translation":[0.0,-6.4,0.0],"rotation":[0.0,0.0,0.0],"scale":[3.8095,3.8095,3.8095]}}}