{"textures":{"0":"modelengine:entity/end_beast"},"elements":[{"name":"cube","from":[3.6120799,3.9922147,-16.0],"to":[12.38792,12.847791,13.240023],"rotation":{"angle":0.0,"axis":"x","origin":[8.229932,48.4685,-56.599236]},"faces":{"down":{"uv":[7.9375,13.09375,7.71875,13.875],"rotation":0,"texture":"#0","tintindex":0},"east":{"uv":[2.0625,1.40625,2.84375,1.65625],"rotation":0,"texture":"#0","tintindex":0},"north":{"uv":[2.1875,8.65625,2.40625,8.90625],"rotation":0,"texture":"#0","tintindex":0},"south":{"uv":[14.96875,8.4375,15.1875,8.6875],"rotation":0,"texture":"#0","tintindex":0},"up":{"uv":[7.9375,13.875,7.71875,13.09375],"rotation":0,"texture":"#0","tintindex":0},"west":{"uv":[11.28125,14.0,12.0625,14.25],"rotation":0,"texture":"#0","tintindex":0}}}],"display":{"head":{"translation":[0.0,-6.4,-18.741364],"rotation":[0.0,0.0,0.0],"scale":[3.8095,3.8095,3.8095]}}}