{"textures":{"0":"modelengine:entity/end_beast"},"elements":[{"name":"cube","from":[6.838172,6.6594296,-5.213482],"to":[9.161828,9.340589,8.013481],"rotation":{"angle":0.0,"axis":"x","origin":[7.91063,23.729366,22.04478]},"faces":{"down":{"uv":[0.9375,5.09375,1.0,5.4375],"rotation":0,"texture":"#0","tintindex":0},"east":{"uv":[4.6875,1.21875,4.34375,1.28125],"rotation":0,"texture":"#0","tintindex":0},"north":{"uv":[4.90625,1.21875,4.84375,1.28125],"rotation":0,"texture":"#0","tintindex":0},"south":{"uv":[2.9375,5.15625,2.875,5.21875],"rotation":0,"texture":"#0","tintindex":0},"up":{"uv":[2.875,5.15625,2.9375,4.8125],"rotation":0,"texture":"#0","tintindex":0},"west":{"uv":[4.34375,1.21875,4.0,1.28125],"rotation":0,"texture":"#0","tintindex":0}}}],"display":{"head":{"translation":[0.0,-6.4,0.0],"rotation":[0.0,0.0,0.0],"scale":[3.8095,3.8095,3.8095]}}}