{"textures":{"0":"modelengine:entity/end_beast"},"elements":[{"name":"cube","from":[6.4806857,6.3019533,-5.1534758],"to":[9.519314,9.698065,8.0734825],"rotation":{"angle":0.0,"axis":"x","origin":[7.9106297,23.729366,22.10479]},"faces":{"down":{"uv":[10.375,0.4375,10.46875,0.78125],"rotation":0,"texture":"#0","tintindex":0},"east":{"uv":[11.15625,0.34375,10.8125,0.4375],"rotation":0,"texture":"#0","tintindex":0},"north":{"uv":[12.53125,4.3125,12.4375,4.40625],"rotation":0,"texture":"#0","tintindex":0},"south":{"uv":[12.65625,4.65625,12.5625,4.75],"rotation":0,"texture":"#0","tintindex":0},"up":{"uv":[7.59375,10.1875,7.6875,9.84375],"rotation":0,"texture":"#0","tintindex":0},"west":{"uv":[10.71875,7.25,10.375,7.34375],"rotation":0,"texture":"#0","tintindex":0}}}],"display":{"head":{"translation":[0.0,-6.4,0.0],"rotation":[0.0,0.0,0.0],"scale":[3.8095,3.8095,3.8095]}}}