{"textures":{"0":"modelengine:entity/end_beast"},"elements":[{"name":"cube","from":[5.740694,5.3975124,-7.85058],"to":[10.259306,10.602497,8.25057],"rotation":{"angle":0.0,"axis":"x","origin":[8.171594,38.200375,35.190674]},"faces":{"down":{"uv":[5.4375,14.96875,5.3125,15.40625],"rotation":0,"texture":"#0","tintindex":0},"east":{"uv":[11.46875,4.75,11.90625,4.875],"rotation":0,"texture":"#0","tintindex":0},"north":{"uv":[0.8125,6.4375,0.9375,6.5625],"rotation":0,"texture":"#0","tintindex":0},"south":{"uv":[7.34375,7.625,7.46875,7.75],"rotation":0,"texture":"#0","tintindex":0},"up":{"uv":[6.4375,13.15625,6.3125,12.71875],"rotation":0,"texture":"#0","tintindex":0},"west":{"uv":[14.75,10.96875,15.1875,11.09375],"rotation":0,"texture":"#0","tintindex":0}}}],"display":{"head":{"translation":[0.0,-6.4,0.0],"rotation":[0.0,0.0,0.0],"scale":[3.8095,3.8095,3.8095]}}}