{"textures":{"0":"modelengine:entity/end_beast"},"elements":[{"name":"cube","from":[5.3832073,5.0400267,-11.795483],"to":[10.616792,10.959973,8.595487],"rotation":{"angle":0.0,"axis":"x","origin":[7.8284063,38.200367,35.535595]},"faces":{"down":{"uv":[14.9375,1.0,15.0625,1.53125],"rotation":0,"texture":"#0","tintindex":0},"east":{"uv":[13.25,0.875,12.71875,1.03125],"rotation":0,"texture":"#0","tintindex":0},"north":{"uv":[5.3125,10.53125,5.1875,10.6875],"rotation":0,"texture":"#0","tintindex":0},"south":{"uv":[4.5625,11.03125,4.4375,11.1875],"rotation":0,"texture":"#0","tintindex":0},"up":{"uv":[8.5625,15.34375,8.6875,14.8125],"rotation":0,"texture":"#0","tintindex":0},"west":{"uv":[12.15625,1.03125,11.625,1.1875],"rotation":0,"texture":"#0","tintindex":0}}}],"display":{"head":{"translation":[0.0,-6.4,0.0],"rotation":[0.0,0.0,0.0],"scale":[3.8095,3.8095,3.8095]}}}