{"textures":{"0":"modelengine:entity/end_beast"},"elements":[{"name":"cube","from":[4.972526,5.3526516,-13.58776],"to":[11.027473,11.487335,7.9877687],"rotation":{"angle":0.0,"axis":"x","origin":[8.229932,48.4685,-61.851482]},"faces":{"down":{"uv":[12.1875,14.78125,12.03125,15.34375],"rotation":0,"texture":"#0","tintindex":0},"east":{"uv":[14.625,7.1875,15.1875,7.375],"rotation":0,"texture":"#0","tintindex":0},"north":{"uv":[15.0,5.3125,15.15625,5.5],"rotation":0,"texture":"#0","tintindex":0},"south":{"uv":[15.0625,1.21875,15.21875,1.40625],"rotation":0,"texture":"#0","tintindex":0},"up":{"uv":[12.1875,15.34375,12.03125,14.78125],"rotation":0,"texture":"#0","tintindex":0},"west":{"uv":[14.6875,2.28125,15.25,2.46875],"rotation":0,"texture":"#0","tintindex":0}}}],"display":{"head":{"translation":[0.0,-6.4,0.0],"rotation":[0.0,0.0,0.0],"scale":[3.8095,3.8095,3.8095]}}}