{"textures":{"0":"modelengine:entity/end_beast"},"elements":[{"name":"cube","from":[4.725434,4.382248,-13.710454],"to":[11.274566,11.617752,8.110454],"rotation":{"angle":0.0,"axis":"x","origin":[8.171594,38.200367,35.050556]},"faces":{"down":{"uv":[4.0625,14.75,3.90625,15.3125],"rotation":0,"texture":"#0","tintindex":0},"east":{"uv":[14.46875,14.0,15.03125,14.1875],"rotation":0,"texture":"#0","tintindex":0},"north":{"uv":[2.90625,14.375,3.0625,14.5625],"rotation":0,"texture":"#0","tintindex":0},"south":{"uv":[15.0,4.34375,15.15625,4.53125],"rotation":0,"texture":"#0","tintindex":0},"up":{"uv":[6.21875,15.28125,6.0625,14.71875],"rotation":0,"texture":"#0","tintindex":0},"west":{"uv":[14.5,8.25,15.0625,8.4375],"rotation":0,"texture":"#0","tintindex":0}}}],"display":{"head":{"translation":[0.0,-6.4,0.0],"rotation":[0.0,0.0,0.0],"scale":[3.8095,3.8095,3.8095]}}}