{"textures":{"0":"modelengine:entity/end_beast"},"elements":[{"name":"cube","from":[6.634406,6.291223,-8.450571],"to":[9.365594,9.708776,7.650571],"rotation":{"angle":0.0,"axis":"x","origin":[8.171594,38.200367,34.590668]},"faces":{"down":{"uv":[1.0,4.65625,0.9375,5.09375],"rotation":0,"texture":"#0","tintindex":0},"east":{"uv":[6.78125,4.34375,7.21875,4.4375],"rotation":0,"texture":"#0","tintindex":0},"north":{"uv":[2.8125,4.375,2.875,4.46875],"rotation":0,"texture":"#0","tintindex":0},"south":{"uv":[2.8125,4.46875,2.875,4.5625],"rotation":0,"texture":"#0","tintindex":0},"up":{"uv":[2.9375,4.8125,2.875,4.375],"rotation":0,"texture":"#0","tintindex":0},"west":{"uv":[7.21875,4.34375,7.65625,4.4375],"rotation":0,"texture":"#0","tintindex":0}}}],"display":{"head":{"translation":[0.0,-6.4,0.0],"rotation":[0.0,0.0,0.0],"scale":[3.8095,3.8095,3.8095]}}}