{"textures":{"0":"modelengine:entity/end_beast"},"elements":[{"name":"cube","from":[7.1956577,7.016925,-4.8534737],"to":[8.804342,8.983093,8.373485],"rotation":{"angle":0.0,"axis":"x","origin":[8.089371,23.729366,22.404789]},"faces":{"down":{"uv":[1.0,5.4375,0.96875,5.78125],"rotation":0,"texture":"#0","tintindex":0},"east":{"uv":[4.90625,2.4375,5.25,2.5],"rotation":0,"texture":"#0","tintindex":0},"north":{"uv":[2.0,3.09375,2.03125,3.15625],"rotation":0,"texture":"#0","tintindex":0},"south":{"uv":[2.0,3.15625,2.03125,3.21875],"rotation":0,"texture":"#0","tintindex":0},"up":{"uv":[0.96875,5.78125,0.9375,5.4375],"rotation":0,"texture":"#0","tintindex":0},"west":{"uv":[5.25,2.4375,5.59375,2.5],"rotation":0,"texture":"#0","tintindex":0}}}],"display":{"head":{"translation":[0.0,-6.4,0.0],"rotation":[0.0,0.0,0.0],"scale":[3.8095,3.8095,3.8095]}}}