{"textures":{"0":"modelengine:entity/end_beast"},"elements":[{"name":"cube","from":[9.538134,1.7405853,-14.978613],"to":[9.538134,22.911959,1.8749399],"rotation":{"angle":-22.5,"axis":"y","origin":[8.516749,17.358162,21.02193]},"faces":{"down":{"uv":[0.0,0.0,0.0,0.625],"rotation":0,"texture":"#0","tintindex":0},"east":{"uv":[9.96875,9.21875,9.34375,10.0],"rotation":0,"texture":"#0","tintindex":0},"north":{"uv":[0.0,0.0,0.0,0.78125],"rotation":0,"texture":"#0","tintindex":0},"south":{"uv":[0.0,0.0,0.0,0.78125],"rotation":0,"texture":"#0","tintindex":0},"up":{"uv":[0.0,0.625,0.0,0.0],"rotation":0,"texture":"#0","tintindex":0},"west":{"uv":[9.34375,9.21875,9.96875,10.0],"rotation":0,"texture":"#0","tintindex":0}}},{"name":"cube","from":[9.538134,1.7405853,1.8749399],"to":[9.538134,22.911959,21.02193],"rotation":{"angle":-22.5,"axis":"y","origin":[8.516749,17.358162,21.02193]},"faces":{"down":{"uv":[0.0,0.0,0.0,0.6875],"rotation":0,"texture":"#0","tintindex":0},"east":{"uv":[0.6875,8.0,0.0,8.78125],"rotation":0,"texture":"#0","tintindex":0},"north":{"uv":[0.0,0.0,0.0,0.78125],"rotation":0,"texture":"#0","tintindex":0},"south":{"uv":[0.0,0.0,0.0,0.78125],"rotation":0,"texture":"#0","tintindex":0},"up":{"uv":[0.0,0.6875,0.0,0.0],"rotation":0,"texture":"#0","tintindex":0},"west":{"uv":[0.0,8.0,0.6875,8.78125],"rotation":0,"texture":"#0","tintindex":0}}},{"name":"cube","from":[7.4953613,1.7405853,0.85355663],"to":[7.4953613,22.911959,20.000546],"rotation":{"angle":0.0,"axis":"x","origin":[6.4739723,17.358162,20.000546]},"faces":{"down":{"uv":[0.0,0.0,0.0,0.6875],"rotation":0,"texture":"#0","tintindex":0},"east":{"uv":[7.84375,3.1875,8.53125,3.96875],"rotation":0,"texture":"#0","tintindex":0},"north":{"uv":[0.0,0.0,0.0,0.78125],"rotation":0,"texture":"#0","tintindex":0},"south":{"uv":[0.0,0.0,0.0,0.78125],"rotation":0,"texture":"#0","tintindex":0},"up":{"uv":[0.0,0.6875,0.0,0.0],"rotation":0,"texture":"#0","tintindex":0},"west":{"uv":[7.84375,3.96875,8.53125,4.75],"rotation":0,"texture":"#0","tintindex":0}}},{"name":"cube","from":[5.452588,1.7405853,1.8749399],"to":[5.452588,22.911959,21.02193],"rotation":{"angle":22.5,"axis":"y","origin":[6.4739723,17.358162,21.02193]},"faces":{"down":{"uv":[0.0,0.0,0.0,0.6875],"rotation":0,"texture":"#0","tintindex":0},"east":{"uv":[0.6875,8.0,0.0,8.78125],"rotation":0,"texture":"#0","tintindex":0},"north":{"uv":[0.0,0.0,0.0,0.78125],"rotation":0,"texture":"#0","tintindex":0},"south":{"uv":[0.0,0.0,0.0,0.78125],"rotation":0,"texture":"#0","tintindex":0},"up":{"uv":[0.0,0.6875,0.0,0.0],"rotation":0,"texture":"#0","tintindex":0},"west":{"uv":[0.0,8.0,0.6875,8.78125],"rotation":0,"texture":"#0","tintindex":0}}},{"name":"cube","from":[5.452588,1.7405853,-14.978613],"to":[5.452588,22.911959,1.8749399],"rotation":{"angle":22.5,"axis":"y","origin":[6.4739723,17.358162,21.02193]},"faces":{"down":{"uv":[0.0,0.0,0.0,0.625],"rotation":0,"texture":"#0","tintindex":0},"east":{"uv":[9.96875,9.21875,9.34375,10.0],"rotation":0,"texture":"#0","tintindex":0},"north":{"uv":[0.0,0.0,0.0,0.78125],"rotation":0,"texture":"#0","tintindex":0},"south":{"uv":[0.0,0.0,0.0,0.78125],"rotation":0,"texture":"#0","tintindex":0},"up":{"uv":[0.0,0.625,0.0,0.0],"rotation":0,"texture":"#0","tintindex":0},"west":{"uv":[9.34375,9.21875,9.96875,10.0],"rotation":0,"texture":"#0","tintindex":0}}},{"name":"cube","from":[7.4953613,-16.0,0.85355663],"to":[7.4953613,1.7405853,20.000546],"rotation":{"angle":0.0,"axis":"x","origin":[6.4739723,17.358162,20.000546]},"faces":{"down":{"uv":[0.0,0.0,0.0,0.6875],"rotation":0,"texture":"#0","tintindex":0},"east":{"uv":[9.96875,9.09375,10.65625,9.75],"rotation":0,"texture":"#0","tintindex":0},"north":{"uv":[0.0,0.0,0.0,0.65625],"rotation":0,"texture":"#0","tintindex":0},"south":{"uv":[0.0,0.0,0.0,0.65625],"rotation":0,"texture":"#0","tintindex":0},"up":{"uv":[0.0,0.6875,0.0,0.0],"rotation":0,"texture":"#0","tintindex":0},"west":{"uv":[9.96875,9.75,10.65625,10.40625],"rotation":0,"texture":"#0","tintindex":0}}},{"name":"cube","from":[7.4953613,-16.0,-16.0],"to":[7.4953613,1.7405853,0.85355663],"rotation":{"angle":0.0,"axis":"x","origin":[6.4739723,17.358162,20.000546]},"faces":{"down":{"uv":[0.0,0.0,0.0,0.625],"rotation":0,"texture":"#0","tintindex":0},"east":{"uv":[10.65625,9.75,11.28125,10.40625],"rotation":0,"texture":"#0","tintindex":0},"north":{"uv":[0.0,0.0,0.0,0.65625],"rotation":0,"texture":"#0","tintindex":0},"south":{"uv":[0.0,0.0,0.0,0.65625],"rotation":0,"texture":"#0","tintindex":0},"up":{"uv":[0.0,0.625,0.0,0.0],"rotation":0,"texture":"#0","tintindex":0},"west":{"uv":[5.1875,10.6875,5.8125,11.34375],"rotation":0,"texture":"#0","tintindex":0}}},{"name":"cube","from":[5.452588,-16.0,1.8749399],"to":[5.452588,1.7405853,21.02193],"rotation":{"angle":22.5,"axis":"y","origin":[6.4739723,17.358162,21.02193]},"faces":{"down":{"uv":[0.0,0.0,0.0,0.6875],"rotation":0,"texture":"#0","tintindex":0},"east":{"uv":[10.65625,8.4375,9.96875,9.09375],"rotation":0,"texture":"#0","tintindex":0},"north":{"uv":[0.0,0.0,0.0,0.65625],"rotation":0,"texture":"#0","tintindex":0},"south":{"uv":[0.0,0.0,0.0,0.65625],"rotation":0,"texture":"#0","tintindex":0},"up":{"uv":[0.0,0.6875,0.0,0.0],"rotation":0,"texture":"#0","tintindex":0},"west":{"uv":[9.96875,8.4375,10.65625,9.09375],"rotation":0,"texture":"#0","tintindex":0}}},{"name":"cube","from":[5.452588,-16.0,-14.978613],"to":[5.452588,1.7405853,1.8749399],"rotation":{"angle":22.5,"axis":"y","origin":[6.4739723,17.358162,21.02193]},"faces":{"down":{"uv":[0.0,0.0,0.0,0.625],"rotation":0,"texture":"#0","tintindex":0},"east":{"uv":[3.75,10.71875,3.125,11.375],"rotation":0,"texture":"#0","tintindex":0},"north":{"uv":[0.0,0.0,0.0,0.65625],"rotation":0,"texture":"#0","tintindex":0},"south":{"uv":[0.0,0.0,0.0,0.65625],"rotation":0,"texture":"#0","tintindex":0},"up":{"uv":[0.0,0.625,0.0,0.0],"rotation":0,"texture":"#0","tintindex":0},"west":{"uv":[3.125,10.71875,3.75,11.375],"rotation":0,"texture":"#0","tintindex":0}}},{"name":"cube","from":[9.538134,-16.0,1.8749399],"to":[9.538134,1.7405853,21.02193],"rotation":{"angle":-22.5,"axis":"y","origin":[8.516749,17.358162,21.02193]},"faces":{"down":{"uv":[0.0,0.0,0.0,0.6875],"rotation":0,"texture":"#0","tintindex":0},"east":{"uv":[10.65625,8.4375,9.96875,9.09375],"rotation":0,"texture":"#0","tintindex":0},"north":{"uv":[0.0,0.0,0.0,0.65625],"rotation":0,"texture":"#0","tintindex":0},"south":{"uv":[0.0,0.0,0.0,0.65625],"rotation":0,"texture":"#0","tintindex":0},"up":{"uv":[0.0,0.6875,0.0,0.0],"rotation":0,"texture":"#0","tintindex":0},"west":{"uv":[9.96875,8.4375,10.65625,9.09375],"rotation":0,"texture":"#0","tintindex":0}}},{"name":"cube","from":[9.538134,-16.0,-14.978613],"to":[9.538134,1.7405853,1.8749399],"rotation":{"angle":-22.5,"axis":"y","origin":[8.516749,17.358162,21.02193]},"faces":{"down":{"uv":[0.0,0.0,0.0,0.625],"rotation":0,"texture":"#0","tintindex":0},"east":{"uv":[3.75,10.71875,3.125,11.375],"rotation":0,"texture":"#0","tintindex":0},"north":{"uv":[0.0,0.0,0.0,0.65625],"rotation":0,"texture":"#0","tintindex":0},"south":{"uv":[0.0,0.0,0.0,0.65625],"rotation":0,"texture":"#0","tintindex":0},"up":{"uv":[0.0,0.625,0.0,0.0],"rotation":0,"texture":"#0","tintindex":0},"west":{"uv":[3.125,10.71875,3.75,11.375],"rotation":0,"texture":"#0","tintindex":0}}}],"display":{"head":{"translation":[0.0,-27.8719,-45.15388],"rotation":[0.0,0.0,0.0],"scale":[3.7333333,3.7333333,3.7333333]}}}