{"textures":{"0":"modelengine:entity/end_beast"},"elements":[{"name":"cube","from":[11.064161,-16.0,1.8749418],"to":[11.064161,3.0711365,21.021933],"rotation":{"angle":-22.5,"axis":"y","origin":[10.042776,36.4293,21.021933]},"faces":{"down":{"uv":[0.0,0.0,0.0,0.6875],"rotation":0,"texture":"#0","tintindex":0},"east":{"uv":[10.15625,4.59375,9.46875,5.28125],"rotation":0,"texture":"#0","tintindex":0},"north":{"uv":[0.0,0.0,0.0,0.6875],"rotation":0,"texture":"#0","tintindex":0},"south":{"uv":[0.0,0.0,0.0,0.6875],"rotation":0,"texture":"#0","tintindex":0},"up":{"uv":[0.0,0.6875,0.0,0.0],"rotation":0,"texture":"#0","tintindex":0},"west":{"uv":[9.46875,4.59375,10.15625,5.28125],"rotation":0,"texture":"#0","tintindex":0}}},{"name":"cube","from":[11.064161,-16.0,-14.978611],"to":[11.064161,3.0711365,1.8749418],"rotation":{"angle":-22.5,"axis":"y","origin":[10.042776,36.4293,21.021933]},"faces":{"down":{"uv":[0.0,0.0,0.0,0.625],"rotation":0,"texture":"#0","tintindex":0},"east":{"uv":[11.0,5.28125,10.375,5.96875],"rotation":0,"texture":"#0","tintindex":0},"north":{"uv":[0.0,0.0,0.0,0.6875],"rotation":0,"texture":"#0","tintindex":0},"south":{"uv":[0.0,0.0,0.0,0.6875],"rotation":0,"texture":"#0","tintindex":0},"up":{"uv":[0.0,0.625,0.0,0.0],"rotation":0,"texture":"#0","tintindex":0},"west":{"uv":[10.375,5.28125,11.0,5.96875],"rotation":0,"texture":"#0","tintindex":0}}},{"name":"cube","from":[9.021388,-16.0,0.8535576],"to":[9.021388,3.0711365,20.000547],"rotation":{"angle":0.0,"axis":"x","origin":[8.0,36.4293,20.000547]},"faces":{"down":{"uv":[0.0,0.0,0.0,0.6875],"rotation":0,"texture":"#0","tintindex":0},"east":{"uv":[3.9375,9.65625,4.625,10.34375],"rotation":0,"texture":"#0","tintindex":0},"north":{"uv":[0.0,0.0,0.0,0.6875],"rotation":0,"texture":"#0","tintindex":0},"south":{"uv":[0.0,0.0,0.0,0.6875],"rotation":0,"texture":"#0","tintindex":0},"up":{"uv":[0.0,0.6875,0.0,0.0],"rotation":0,"texture":"#0","tintindex":0},"west":{"uv":[9.6875,5.28125,10.375,5.96875],"rotation":0,"texture":"#0","tintindex":0}}},{"name":"cube","from":[9.021388,-16.0,-16.0],"to":[9.021388,3.0711365,0.8535576],"rotation":{"angle":0.0,"axis":"x","origin":[8.0,36.4293,20.000547]},"faces":{"down":{"uv":[0.0,0.0,0.0,0.625],"rotation":0,"texture":"#0","tintindex":0},"east":{"uv":[7.25,10.1875,7.875,10.875],"rotation":0,"texture":"#0","tintindex":0},"north":{"uv":[0.0,0.0,0.0,0.6875],"rotation":0,"texture":"#0","tintindex":0},"south":{"uv":[0.0,0.0,0.0,0.6875],"rotation":0,"texture":"#0","tintindex":0},"up":{"uv":[0.0,0.625,0.0,0.0],"rotation":0,"texture":"#0","tintindex":0},"west":{"uv":[7.875,10.1875,8.5,10.875],"rotation":0,"texture":"#0","tintindex":0}}},{"name":"cube","from":[6.9786153,-16.0,1.8749418],"to":[6.9786153,3.0711365,21.021933],"rotation":{"angle":22.5,"axis":"y","origin":[8.0,36.4293,21.021933]},"faces":{"down":{"uv":[0.0,0.0,0.0,0.6875],"rotation":0,"texture":"#0","tintindex":0},"east":{"uv":[10.15625,4.59375,9.46875,5.28125],"rotation":0,"texture":"#0","tintindex":0},"north":{"uv":[0.0,0.0,0.0,0.6875],"rotation":0,"texture":"#0","tintindex":0},"south":{"uv":[0.0,0.0,0.0,0.6875],"rotation":0,"texture":"#0","tintindex":0},"up":{"uv":[0.0,0.6875,0.0,0.0],"rotation":0,"texture":"#0","tintindex":0},"west":{"uv":[9.46875,4.59375,10.15625,5.28125],"rotation":0,"texture":"#0","tintindex":0}}},{"name":"cube","from":[6.9786153,-16.0,-14.978611],"to":[6.9786153,3.0711365,1.8749418],"rotation":{"angle":22.5,"axis":"y","origin":[8.0,36.4293,21.021933]},"faces":{"down":{"uv":[0.0,0.0,0.0,0.625],"rotation":0,"texture":"#0","tintindex":0},"east":{"uv":[11.0,5.28125,10.375,5.96875],"rotation":0,"texture":"#0","tintindex":0},"north":{"uv":[0.0,0.0,0.0,0.6875],"rotation":0,"texture":"#0","tintindex":0},"south":{"uv":[0.0,0.0,0.0,0.6875],"rotation":0,"texture":"#0","tintindex":0},"up":{"uv":[0.0,0.625,0.0,0.0],"rotation":0,"texture":"#0","tintindex":0},"west":{"uv":[10.375,5.28125,11.0,5.96875],"rotation":0,"texture":"#0","tintindex":0}}}],"display":{"head":{"translation":[0.0,-112.53605,-48.615215],"rotation":[0.0,0.0,0.0],"scale":[3.7333333,3.7333333,3.7333333]}}}