{"textures":{"0":"modelengine:entity/end_beast"},"elements":[{"name":"cube","from":[3.1713736,3.5515075,-16.0],"to":[12.828627,13.288498,10.519128],"rotation":{"angle":0.0,"axis":"x","origin":[8.229932,48.4685,-95.41987]},"faces":{"down":{"uv":[0.8125,5.875,0.5625,6.5625],"rotation":0,"texture":"#0","tintindex":0},"east":{"uv":[10.84375,6.5625,11.53125,6.84375],"rotation":0,"texture":"#0","tintindex":0},"north":{"uv":[11.03125,14.90625,11.28125,15.1875],"rotation":0,"texture":"#0","tintindex":0},"south":{"uv":[12.75,14.90625,13.0,15.1875],"rotation":0,"texture":"#0","tintindex":0},"up":{"uv":[0.8125,6.5625,0.5625,5.875],"rotation":0,"texture":"#0","tintindex":0},"west":{"uv":[14.0625,10.8125,14.75,11.09375],"rotation":0,"texture":"#0","tintindex":0}}}],"display":{"head":{"translation":[0.0,-6.4,-6.942379],"rotation":[0.0,0.0,0.0],"scale":[3.8095,3.8095,3.8095]}}}