{"textures":{"0":"modelengine:entity/end_beast"},"elements":[{"name":"cube","from":[1.0290315,-16.0,-3.2895103],"to":[14.970968,-1.8793273,6.1838474],"rotation":{"angle":22.5,"axis":"x","origin":[8.0,21.893349,44.527153]},"faces":{"down":{"uv":[15.21875,12.3125,14.84375,12.5625],"rotation":0,"texture":"#0","tintindex":0},"east":{"uv":[5.5,8.8125,5.75,9.1875],"rotation":0,"texture":"#0","tintindex":0},"north":{"uv":[2.6875,8.90625,3.0625,9.28125],"rotation":0,"texture":"#0","tintindex":0},"south":{"uv":[7.46875,14.28125,7.84375,14.65625],"rotation":0,"texture":"#0","tintindex":0},"up":{"uv":[7.5625,0.8125,7.1875,0.5625],"rotation":0,"texture":"#0","tintindex":0},"west":{"uv":[8.5,10.1875,8.75,10.5625],"rotation":0,"texture":"#0","tintindex":0}}},{"name":"cube","from":[1.744004,1.4275212,-11.873831],"to":[14.255996,14.118269,-3.1154385],"rotation":{"angle":22.5,"axis":"x","origin":[8.0,7.772895,-1.9536104]},"faces":{"down":{"uv":[13.4375,8.84375,13.125,9.0625],"rotation":0,"texture":"#0","tintindex":0},"east":{"uv":[3.25,7.1875,3.46875,7.53125],"rotation":0,"texture":"#0","tintindex":0},"north":{"uv":[6.4375,0.8125,6.75,1.15625],"rotation":0,"texture":"#0","tintindex":0},"south":{"uv":[14.5,7.90625,14.8125,8.25],"rotation":0,"texture":"#0","tintindex":0},"up":{"uv":[4.9375,9.875,4.625,9.65625],"rotation":0,"texture":"#0","tintindex":0},"west":{"uv":[7.59375,1.125,7.8125,1.46875],"rotation":0,"texture":"#0","tintindex":0}}}],"display":{"head":{"translation":[0.0,-11.68972,0.0],"rotation":[0.0,0.0,0.0],"scale":[3.8095,3.8095,3.8095]}}}