{"textures":{"0":"modelengine:entity/end_beast"},"elements":[{"name":"cube","from":[-8.195908,-6.685034,8.0],"to":[17.338764,32.0,8.0],"rotation":{"angle":0.0,"axis":"x","origin":[13.508561,15.210941,-7.831499]},"faces":{"down":{"uv":[0.0,0.0,0.9375,0.0],"rotation":0,"texture":"#0","tintindex":0},"east":{"uv":[0.0,0.0,0.0,1.40625],"rotation":0,"texture":"#0","tintindex":0},"north":{"uv":[2.9375,1.6875,2.0,3.09375],"rotation":0,"texture":"#0","tintindex":0},"south":{"uv":[2.0,1.6875,2.9375,3.09375],"rotation":0,"texture":"#0","tintindex":0},"up":{"uv":[0.0,0.0,0.9375,0.0],"rotation":0,"texture":"#0","tintindex":0},"west":{"uv":[0.0,0.0,0.0,1.40625],"rotation":0,"texture":"#0","tintindex":0}}}],"display":{"head":{"translation":[0.0,6.612065,0.0],"rotation":[0.0,0.0,0.0],"scale":[3.7333333,3.7333333,3.7333333]}}}