{"textures":{"0":"modelengine:entity/end_beast"},"elements":[{"name":"cube","from":[-6.2994165,-7.6902714,-7.2824993],"to":[22.299416,9.29028,23.282505],"rotation":{"angle":0.0,"axis":"x","origin":[8.0,5.3579435,6.4806914]},"faces":{"down":{"uv":[7.1875,6.25,6.4375,7.0625],"rotation":0,"texture":"#0","tintindex":0},"east":{"uv":[12.3125,8.1875,13.125,8.625],"rotation":0,"texture":"#0","tintindex":0},"north":{"uv":[4.9375,12.46875,5.6875,12.90625],"rotation":0,"texture":"#0","tintindex":0},"south":{"uv":[11.53125,12.46875,12.28125,12.90625],"rotation":0,"texture":"#0","tintindex":0},"up":{"uv":[7.1875,0.8125,6.4375,0.0],"rotation":0,"texture":"#0","tintindex":0},"west":{"uv":[12.3125,8.625,13.125,9.0625],"rotation":0,"texture":"#0","tintindex":0}}},{"name":"cube","from":[-3.6182747,-14.839982,-3.707645],"to":[19.618275,-2.6854863,19.70765],"rotation":{"angle":0.0,"axis":"x","origin":[8.0,-3.5791965,6.4806914]},"faces":{"down":{"uv":[12.71875,4.75,12.125,5.375],"rotation":0,"texture":"#0","tintindex":0},"east":{"uv":[6.75,5.0,7.375,5.3125],"rotation":0,"texture":"#0","tintindex":0},"north":{"uv":[10.4375,14.0,11.03125,14.3125],"rotation":0,"texture":"#0","tintindex":0},"south":{"uv":[14.15625,10.40625,14.75,10.71875],"rotation":0,"texture":"#0","tintindex":0},"up":{"uv":[9.5,12.65625,8.90625,12.03125],"rotation":0,"texture":"#0","tintindex":0},"west":{"uv":[9.75,0.4375,10.375,0.75],"rotation":0,"texture":"#0","tintindex":0}}}],"display":{"head":{"translation":[0.0,-6.4,0.0],"rotation":[0.0,0.0,0.0],"scale":[3.8095,3.8095,3.8095]}}}