{"textures":{"0":"modelengine:entity/end_beast"},"elements":[{"name":"cube","from":[-7.1931286,-5.2754393,-8.17621],"to":[23.19313,11.705122,24.176216],"rotation":{"angle":0.0,"axis":"x","origin":[8.0,7.772785,6.4806914]},"faces":{"down":{"uv":[3.46875,6.34375,2.6875,7.1875],"rotation":0,"texture":"#0","tintindex":0},"east":{"uv":[5.84375,2.0,6.6875,2.4375],"rotation":0,"texture":"#0","tintindex":0},"north":{"uv":[12.3125,10.9375,13.09375,11.375],"rotation":0,"texture":"#0","tintindex":0},"south":{"uv":[13.09375,10.9375,12.3125,11.375],"rotation":0,"texture":"#0","tintindex":0},"up":{"uv":[6.4375,7.09375,5.65625,6.25],"rotation":0,"texture":"#0","tintindex":0},"west":{"uv":[12.3125,7.75,13.15625,8.1875],"rotation":0,"texture":"#0","tintindex":0}}},{"name":"cube","from":[23.19313,-16.0,-8.17621],"to":[23.19313,11.705122,24.176216],"rotation":{"angle":22.5,"axis":"z","origin":[23.19313,8.9346075,8.0]},"faces":{"down":{"uv":[0.0,0.0,0.0,0.84375],"rotation":0,"texture":"#0","tintindex":0},"east":{"uv":[1.78125,6.59375,2.625,7.3125],"rotation":0,"texture":"#0","tintindex":0},"north":{"uv":[0.0,0.0,0.0,0.71875],"rotation":0,"texture":"#0","tintindex":0},"south":{"uv":[0.0,0.0,0.0,0.71875],"rotation":0,"texture":"#0","tintindex":0},"up":{"uv":[0.0,0.84375,0.0,0.0],"rotation":0,"texture":"#0","tintindex":0},"west":{"uv":[2.625,6.5625,1.78125,7.28125],"rotation":0,"texture":"#0","tintindex":0}}},{"name":"cube","from":[-7.1931286,-16.0,-8.17621],"to":[-7.1931286,11.705122,24.176216],"rotation":{"angle":-22.5,"axis":"z","origin":[-7.1931286,8.9346075,8.0]},"faces":{"down":{"uv":[0.0,0.0,0.0,0.84375],"rotation":0,"texture":"#0","tintindex":0},"east":{"uv":[1.78125,6.59375,2.625,7.3125],"rotation":0,"texture":"#0","tintindex":0},"north":{"uv":[0.0,0.0,0.0,0.71875],"rotation":0,"texture":"#0","tintindex":0},"south":{"uv":[0.0,0.0,0.0,0.71875],"rotation":0,"texture":"#0","tintindex":0},"up":{"uv":[0.0,0.84375,0.0,0.0],"rotation":0,"texture":"#0","tintindex":0},"west":{"uv":[2.625,6.59375,1.78125,7.3125],"rotation":0,"texture":"#0","tintindex":0}}}],"display":{"head":{"translation":[0.0,-13.128856,0.0],"rotation":[0.0,0.0,0.0],"scale":[3.8095,3.8095,3.8095]}}}