{"textures":{"0":"modelengine:entity/end_beast"},"elements":[{"name":"cube","from":[-8.086847,-6.7462807,-9.069929],"to":[24.086845,22.746273,25.069935],"rotation":{"angle":0.0,"axis":"x","origin":[8.0,20.601357,6.4806914]},"faces":{"down":{"uv":[1.78125,5.8125,0.9375,6.71875],"rotation":0,"texture":"#0","tintindex":0},"east":{"uv":[1.78125,5.8125,2.6875,6.59375],"rotation":0,"texture":"#0","tintindex":0},"north":{"uv":[4.8125,6.15625,5.65625,6.9375],"rotation":0,"texture":"#0","tintindex":0},"south":{"uv":[3.875,6.21875,4.71875,7.0],"rotation":0,"texture":"#0","tintindex":0},"up":{"uv":[6.59375,6.25,5.75,5.34375],"rotation":0,"texture":"#0","tintindex":0},"west":{"uv":[5.84375,1.21875,6.75,2.0],"rotation":0,"texture":"#0","tintindex":0}}}],"display":{"head":{"translation":[0.0,-6.4,0.0],"rotation":[0.0,0.0,0.0],"scale":[3.8095,3.8095,3.8095]}}}