{"textures":{"0":"modelengine:entity/end_beast"},"elements":[{"name":"cube","from":[6.1231995,5.944458,-4.5956507],"to":[9.876801,10.055561,9.435656],"rotation":{"angle":0.0,"axis":"x","origin":[7.91063,23.729366,9.435656]},"faces":{"down":{"uv":[11.1875,11.375,11.28125,11.75],"rotation":0,"texture":"#0","tintindex":0},"east":{"uv":[1.0625,8.5625,0.6875,8.65625],"rotation":0,"texture":"#0","tintindex":0},"north":{"uv":[2.25,12.40625,2.15625,12.5],"rotation":0,"texture":"#0","tintindex":0},"south":{"uv":[0.65625,12.4375,0.5625,12.53125],"rotation":0,"texture":"#0","tintindex":0},"up":{"uv":[3.125,8.5,3.21875,8.125],"rotation":0,"texture":"#0","tintindex":0},"west":{"uv":[3.84375,6.90625,3.46875,7.0],"rotation":0,"texture":"#0","tintindex":0}}}],"display":{"head":{"translation":[0.0,-6.4,0.0],"rotation":[0.0,0.0,0.0],"scale":[3.8095,3.8095,3.8095]}}}