{"textures":{"0":"modelengine:entity/phoenix-fire"},"elements":[{"name":"cube","from":[7.4,7.4,7.4],"to":[8.0,8.0,12.8],"rotation":{"angle":0.0,"axis":"x","origin":[7.7,7.7,10.1]},"faces":{"down":{"uv":[7.75,13.25,7.5,15.5],"rotation":0,"texture":"#0","tintindex":0},"east":{"uv":[13.25,2.5,15.5,2.75],"rotation":0,"texture":"#0","tintindex":0},"north":{"uv":[13.75,10.75,14.0,11.0],"rotation":0,"texture":"#0","tintindex":0},"south":{"uv":[13.75,11.0,14.0,11.25],"rotation":0,"texture":"#0","tintindex":0},"up":{"uv":[13.5,9.25,13.25,7.0],"rotation":0,"texture":"#0","tintindex":0},"west":{"uv":[13.25,2.75,15.5,3.0],"rotation":0,"texture":"#0","tintindex":0}}},{"name":"cube","from":[8.0,-2.8000002,7.4],"to":[8.0,7.4,12.2],"rotation":{"angle":0.0,"axis":"x","origin":[8.0,4.7,9.8]},"faces":{"down":{"uv":[0.0,0.0,0.0,2.0],"rotation":0,"texture":"#0","tintindex":0},"east":{"uv":[4.0,6.5,6.0,10.75],"rotation":0,"texture":"#0","tintindex":0},"north":{"uv":[0.0,0.0,0.0,4.25],"rotation":0,"texture":"#0","tintindex":0},"south":{"uv":[0.0,0.0,0.0,4.25],"rotation":0,"texture":"#0","tintindex":0},"up":{"uv":[0.0,2.0,0.0,0.0],"rotation":0,"texture":"#0","tintindex":0},"west":{"uv":[6.0,6.5,8.0,10.75],"rotation":0,"texture":"#0","tintindex":0}}}],"display":{"head":{"translation":[0.0,-6.4,0.0],"rotation":[0.0,0.0,0.0],"scale":[3.8095,3.8095,3.8095]}}}