{"textures":{"0":"modelengine:entity/phoenix-fire"},"elements":[{"name":"cube","from":[7.4,7.4,3.1999998],"to":[8.0,8.0,8.6],"rotation":{"angle":0.0,"axis":"x","origin":[7.7,7.7,5.8999996]},"faces":{"down":{"uv":[13.5,4.75,13.25,7.0],"rotation":0,"texture":"#0","tintindex":0},"east":{"uv":[12.5,10.25,14.75,10.5],"rotation":0,"texture":"#0","tintindex":0},"north":{"uv":[10.0,13.75,10.25,14.0],"rotation":0,"texture":"#0","tintindex":0},"south":{"uv":[13.75,10.0,14.0,10.25],"rotation":0,"texture":"#0","tintindex":0},"up":{"uv":[13.5,2.5,13.25,0.25],"rotation":0,"texture":"#0","tintindex":0},"west":{"uv":[13.25,0.0,15.5,0.25],"rotation":0,"texture":"#0","tintindex":0}}},{"name":"cube","from":[8.0,-2.8000002,3.7999997],"to":[8.0,7.4,8.6],"rotation":{"angle":0.0,"axis":"x","origin":[8.0,4.7,6.2]},"faces":{"down":{"uv":[0.0,0.0,0.0,2.0],"rotation":0,"texture":"#0","tintindex":0},"east":{"uv":[0.0,6.5,2.0,10.75],"rotation":0,"texture":"#0","tintindex":0},"north":{"uv":[0.0,0.0,0.0,4.25],"rotation":0,"texture":"#0","tintindex":0},"south":{"uv":[0.0,0.0,0.0,4.25],"rotation":0,"texture":"#0","tintindex":0},"up":{"uv":[0.0,2.0,0.0,0.0],"rotation":0,"texture":"#0","tintindex":0},"west":{"uv":[2.0,6.5,4.0,10.75],"rotation":0,"texture":"#0","tintindex":0}}}],"display":{"head":{"translation":[0.0,-6.4,0.0],"rotation":[0.0,0.0,0.0],"scale":[3.8095,3.8095,3.8095]}}}