{"textures":{"0":"modelengine:entity/tank"},"elements":[{"name":"b1","from":[8.0,8.0,8.0],"to":[10.4,14.6,21.2],"rotation":{"angle":0.0,"axis":"x","origin":[22.400002,-8.200001,20.0]},"faces":{"down":{"uv":[1.3636364,1.5,1.1818182,2.5],"rotation":0,"texture":"#0","tintindex":0},"east":{"uv":[0.0,2.5,1.0,3.0],"rotation":0,"texture":"#0","tintindex":0},"north":{"uv":[1.0,2.5,1.1818182,3.0],"rotation":0,"texture":"#0","tintindex":0},"south":{"uv":[2.1818182,2.5,2.3636365,3.0],"rotation":0,"texture":"#0","tintindex":0},"up":{"uv":[1.1818182,2.5,1.0,1.5],"rotation":0,"texture":"#0","tintindex":0},"west":{"uv":[1.1818182,2.5,2.1818182,3.0],"rotation":0,"texture":"#0","tintindex":0}}}],"display":{"head":{"translation":[0.0,-6.4,0.0],"rotation":[0.0,0.0,0.0],"scale":[3.8095,3.8095,3.8095]}}}