{"textures":{"0":"modelengine:entity/tank"},"elements":[{"name":"bb5","from":[8.0,8.0,3.7999997],"to":[8.6,11.6,8.0],"rotation":{"angle":0.0,"axis":"x","origin":[22.400002,-8.200001,-14.200002]},"faces":{"down":{"uv":[6.227273,10.136364,6.1818185,10.454546],"rotation":0,"texture":"#0","tintindex":0},"east":{"uv":[5.818182,10.454546,6.136364,10.727273],"rotation":0,"texture":"#0","tintindex":0},"north":{"uv":[6.136364,10.454546,6.1818185,10.727273],"rotation":0,"texture":"#0","tintindex":0},"south":{"uv":[6.5,10.454546,6.545455,10.727273],"rotation":0,"texture":"#0","tintindex":0},"up":{"uv":[6.1818185,10.454546,6.136364,10.136364],"rotation":0,"texture":"#0","tintindex":0},"west":{"uv":[6.1818185,10.454546,6.5,10.727273],"rotation":0,"texture":"#0","tintindex":0}}}],"display":{"head":{"translation":[0.0,-6.4,0.0],"rotation":[0.0,0.0,0.0],"scale":[3.8095,3.8095,3.8095]}}}