{"textures":{"0":"modelengine:entity/mimic2"},"elements":[{"name":"base","from":[3.7999997,3.1999998,3.7999997],"to":[12.2,9.2,12.2],"rotation":{"angle":0.0,"axis":"x","origin":[8.0,8.0,8.0]},"faces":{"down":{"uv":[7.0,4.75,3.5,8.25],"rotation":0,"texture":"#0","tintindex":0},"east":{"uv":[0.0,8.25,3.5,10.75],"rotation":0,"texture":"#0","tintindex":0},"north":{"uv":[10.5,8.25,14.0,10.75],"rotation":0,"texture":"#0","tintindex":0},"south":{"uv":[7.0,8.25,10.5,10.75],"rotation":0,"texture":"#0","tintindex":0},"up":{"uv":[7.0,4.75,10.5,8.25],"rotation":180,"texture":"#0","tintindex":0},"west":{"uv":[7.0,8.25,10.5,10.75],"rotation":0,"texture":"#0","tintindex":0}}},{"name":"cube","from":[4.3999996,9.2,4.3999996],"to":[4.85,9.950001,5.0],"rotation":{"angle":0.0,"axis":"x","origin":[9.2,14.0,9.2]},"faces":{"down":{"uv":[0.0,2.0,1.0,3.0],"rotation":0,"texture":"#0","tintindex":0},"east":{"uv":[0.0,2.0,1.0,3.0],"rotation":0,"texture":"#0","tintindex":0},"north":{"uv":[0.0,2.0,1.0,3.0],"rotation":0,"texture":"#0","tintindex":0},"south":{"uv":[0.0,2.0,1.0,3.0],"rotation":0,"texture":"#0","tintindex":0},"up":{"uv":[0.0,2.0,1.0,3.0],"rotation":0,"texture":"#0","tintindex":0},"west":{"uv":[0.0,2.0,1.0,3.0],"rotation":0,"texture":"#0","tintindex":0}}},{"name":"cube","from":[11.15,9.2,4.3999996],"to":[11.6,9.950001,5.0],"rotation":{"angle":0.0,"axis":"x","origin":[15.950001,14.0,9.2]},"faces":{"down":{"uv":[0.0,2.0,1.0,3.0],"rotation":0,"texture":"#0","tintindex":0},"east":{"uv":[0.0,2.0,1.0,3.0],"rotation":0,"texture":"#0","tintindex":0},"north":{"uv":[0.0,2.0,1.0,3.0],"rotation":0,"texture":"#0","tintindex":0},"south":{"uv":[0.0,2.0,1.0,3.0],"rotation":0,"texture":"#0","tintindex":0},"up":{"uv":[0.0,2.0,1.0,3.0],"rotation":0,"texture":"#0","tintindex":0},"west":{"uv":[0.0,2.0,1.0,3.0],"rotation":0,"texture":"#0","tintindex":0}}},{"name":"cube","from":[5.6,9.2,4.3999996],"to":[6.2,9.8,4.85],"rotation":{"angle":0.0,"axis":"x","origin":[10.4,14.0,9.2]},"faces":{"down":{"uv":[0.0,2.0,1.0,3.0],"rotation":0,"texture":"#0","tintindex":0},"east":{"uv":[0.0,2.0,1.0,3.0],"rotation":0,"texture":"#0","tintindex":0},"north":{"uv":[0.0,2.0,1.0,3.0],"rotation":0,"texture":"#0","tintindex":0},"south":{"uv":[0.0,2.0,1.0,3.0],"rotation":0,"texture":"#0","tintindex":0},"up":{"uv":[0.0,2.0,1.0,3.0],"rotation":0,"texture":"#0","tintindex":0},"west":{"uv":[0.0,2.0,1.0,3.0],"rotation":0,"texture":"#0","tintindex":0}}},{"name":"cube","from":[9.8,9.2,4.3999996],"to":[10.4,9.8,4.85],"rotation":{"angle":0.0,"axis":"x","origin":[14.6,14.0,9.2]},"faces":{"down":{"uv":[0.0,2.0,1.0,3.0],"rotation":0,"texture":"#0","tintindex":0},"east":{"uv":[0.0,2.0,1.0,3.0],"rotation":0,"texture":"#0","tintindex":0},"north":{"uv":[0.0,2.0,1.0,3.0],"rotation":0,"texture":"#0","tintindex":0},"south":{"uv":[0.0,2.0,1.0,3.0],"rotation":0,"texture":"#0","tintindex":0},"up":{"uv":[0.0,2.0,1.0,3.0],"rotation":0,"texture":"#0","tintindex":0},"west":{"uv":[0.0,2.0,1.0,3.0],"rotation":0,"texture":"#0","tintindex":0}}},{"name":"cube","from":[4.3999996,9.2,6.2],"to":[4.85,9.8,6.8],"rotation":{"angle":0.0,"axis":"x","origin":[9.2,14.0,11.0]},"faces":{"down":{"uv":[0.0,2.0,1.0,3.0],"rotation":0,"texture":"#0","tintindex":0},"east":{"uv":[0.0,2.0,1.0,3.0],"rotation":0,"texture":"#0","tintindex":0},"north":{"uv":[0.0,2.0,1.0,3.0],"rotation":0,"texture":"#0","tintindex":0},"south":{"uv":[0.0,2.0,1.0,3.0],"rotation":0,"texture":"#0","tintindex":0},"up":{"uv":[0.0,2.0,1.0,3.0],"rotation":0,"texture":"#0","tintindex":0},"west":{"uv":[0.0,2.0,1.0,3.0],"rotation":0,"texture":"#0","tintindex":0}}},{"name":"cube","from":[11.15,9.2,6.2],"to":[11.6,9.8,6.8],"rotation":{"angle":0.0,"axis":"x","origin":[15.950001,14.0,11.0]},"faces":{"down":{"uv":[0.0,2.0,1.0,3.0],"rotation":0,"texture":"#0","tintindex":0},"east":{"uv":[0.0,2.0,1.0,3.0],"rotation":0,"texture":"#0","tintindex":0},"north":{"uv":[0.0,2.0,1.0,3.0],"rotation":0,"texture":"#0","tintindex":0},"south":{"uv":[0.0,2.0,1.0,3.0],"rotation":0,"texture":"#0","tintindex":0},"up":{"uv":[0.0,2.0,1.0,3.0],"rotation":0,"texture":"#0","tintindex":0},"west":{"uv":[0.0,2.0,1.0,3.0],"rotation":0,"texture":"#0","tintindex":0}}},{"name":"cube","from":[4.3999996,9.2,8.0],"to":[4.85,9.74,8.6],"rotation":{"angle":0.0,"axis":"x","origin":[9.2,14.0,12.8]},"faces":{"down":{"uv":[0.0,2.0,1.0,3.0],"rotation":0,"texture":"#0","tintindex":0},"east":{"uv":[0.0,2.0,1.0,3.0],"rotation":0,"texture":"#0","tintindex":0},"north":{"uv":[0.0,2.0,1.0,3.0],"rotation":0,"texture":"#0","tintindex":0},"south":{"uv":[0.0,2.0,1.0,3.0],"rotation":0,"texture":"#0","tintindex":0},"up":{"uv":[0.0,2.0,1.0,3.0],"rotation":0,"texture":"#0","tintindex":0},"west":{"uv":[0.0,2.0,1.0,3.0],"rotation":0,"texture":"#0","tintindex":0}}},{"name":"cube","from":[11.15,9.2,8.0],"to":[11.6,9.74,8.6],"rotation":{"angle":0.0,"axis":"x","origin":[15.950001,14.0,12.8]},"faces":{"down":{"uv":[0.0,2.0,1.0,3.0],"rotation":0,"texture":"#0","tintindex":0},"east":{"uv":[0.0,2.0,1.0,3.0],"rotation":0,"texture":"#0","tintindex":0},"north":{"uv":[0.0,2.0,1.0,3.0],"rotation":0,"texture":"#0","tintindex":0},"south":{"uv":[0.0,2.0,1.0,3.0],"rotation":0,"texture":"#0","tintindex":0},"up":{"uv":[0.0,2.0,1.0,3.0],"rotation":0,"texture":"#0","tintindex":0},"west":{"uv":[0.0,2.0,1.0,3.0],"rotation":0,"texture":"#0","tintindex":0}}},{"name":"cube","from":[4.3999996,9.2,9.8],"to":[4.85,9.74,10.4],"rotation":{"angle":0.0,"axis":"x","origin":[9.2,14.0,14.6]},"faces":{"down":{"uv":[0.0,2.0,1.0,3.0],"rotation":0,"texture":"#0","tintindex":0},"east":{"uv":[0.0,2.0,1.0,3.0],"rotation":0,"texture":"#0","tintindex":0},"north":{"uv":[0.0,2.0,1.0,3.0],"rotation":0,"texture":"#0","tintindex":0},"south":{"uv":[0.0,2.0,1.0,3.0],"rotation":0,"texture":"#0","tintindex":0},"up":{"uv":[0.0,2.0,1.0,3.0],"rotation":0,"texture":"#0","tintindex":0},"west":{"uv":[0.0,2.0,1.0,3.0],"rotation":0,"texture":"#0","tintindex":0}}},{"name":"cube","from":[11.15,9.2,9.8],"to":[11.6,9.74,10.4],"rotation":{"angle":0.0,"axis":"x","origin":[15.950001,14.0,14.6]},"faces":{"down":{"uv":[0.0,2.0,1.0,3.0],"rotation":0,"texture":"#0","tintindex":0},"east":{"uv":[0.0,2.0,1.0,3.0],"rotation":0,"texture":"#0","tintindex":0},"north":{"uv":[0.0,2.0,1.0,3.0],"rotation":0,"texture":"#0","tintindex":0},"south":{"uv":[0.0,2.0,1.0,3.0],"rotation":0,"texture":"#0","tintindex":0},"up":{"uv":[0.0,2.0,1.0,3.0],"rotation":0,"texture":"#0","tintindex":0},"west":{"uv":[0.0,2.0,1.0,3.0],"rotation":0,"texture":"#0","tintindex":0}}}],"display":{"head":{"translation":[0.0,-6.4,0.0],"rotation":[0.0,0.0,0.0],"scale":[3.8095,3.8095,3.8095]}}}