{"textures":{"0":"modelengine:entity/mimic2"},"elements":[{"name":"knob","from":[7.4,16.1,7.1],"to":[8.6,16.7,9.5],"rotation":{"angle":0.0,"axis":"x","origin":[8.0,8.3,7.7]},"faces":{"down":{"uv":[1.0,0.25,1.5,1.25],"rotation":0,"texture":"#0","tintindex":0},"east":{"uv":[0.0,0.25,0.25,1.25],"rotation":270,"texture":"#0","tintindex":0},"north":{"uv":[1.25,0.0,0.75,0.25],"rotation":180,"texture":"#0","tintindex":0},"south":{"uv":[0.75,0.0,0.25,0.25],"rotation":0,"texture":"#0","tintindex":0},"up":{"uv":[0.25,0.25,0.75,1.25],"rotation":180,"texture":"#0","tintindex":0},"west":{"uv":[0.75,0.25,1.0,1.25],"rotation":90,"texture":"#0","tintindex":0}}},{"name":"lid","from":[3.7999997,7.7,7.7],"to":[12.2,16.1,10.700001],"rotation":{"angle":0.0,"axis":"x","origin":[8.0,8.3,7.7]},"faces":{"down":{"uv":[7.0,3.5,10.5,4.75],"rotation":0,"texture":"#0","tintindex":0},"east":{"uv":[0.0,3.5,3.5,4.75],"rotation":270,"texture":"#0","tintindex":0},"north":{"uv":[7.0,0.0,3.5,3.5],"rotation":180,"texture":"#0","tintindex":0},"south":{"uv":[7.0,0.0,10.5,3.5],"rotation":180,"texture":"#0","tintindex":0},"up":{"uv":[10.5,3.5,14.0,4.75],"rotation":180,"texture":"#0","tintindex":0},"west":{"uv":[7.0,3.5,10.5,4.75],"rotation":90,"texture":"#0","tintindex":0}}},{"name":"cube","from":[11.15,14.90375,6.94625],"to":[11.6,15.503751,7.69625],"rotation":{"angle":0.0,"axis":"x","origin":[11.375,12.503751,7.25]},"faces":{"down":{"uv":[0.0,2.0,1.0,3.0],"rotation":0,"texture":"#0","tintindex":0},"east":{"uv":[0.0,2.0,1.0,3.0],"rotation":270,"texture":"#0","tintindex":0},"north":{"uv":[0.0,2.0,1.0,3.0],"rotation":180,"texture":"#0","tintindex":0},"south":{"uv":[0.0,2.0,1.0,3.0],"rotation":0,"texture":"#0","tintindex":0},"up":{"uv":[0.0,2.0,1.0,3.0],"rotation":180,"texture":"#0","tintindex":0},"west":{"uv":[0.0,2.0,1.0,3.0],"rotation":90,"texture":"#0","tintindex":0}}},{"name":"cube","from":[11.15,13.10375,7.09625],"to":[11.6,13.703751,7.69625],"rotation":{"angle":0.0,"axis":"x","origin":[11.375,12.503751,7.4]},"faces":{"down":{"uv":[0.0,2.0,1.0,3.0],"rotation":0,"texture":"#0","tintindex":0},"east":{"uv":[0.0,2.0,1.0,3.0],"rotation":270,"texture":"#0","tintindex":0},"north":{"uv":[0.0,2.0,1.0,3.0],"rotation":180,"texture":"#0","tintindex":0},"south":{"uv":[0.0,2.0,1.0,3.0],"rotation":0,"texture":"#0","tintindex":0},"up":{"uv":[0.0,2.0,1.0,3.0],"rotation":180,"texture":"#0","tintindex":0},"west":{"uv":[0.0,2.0,1.0,3.0],"rotation":90,"texture":"#0","tintindex":0}}},{"name":"cube","from":[11.15,11.30375,7.09625],"to":[11.6,11.90375,7.63625],"rotation":{"angle":0.0,"axis":"x","origin":[11.375,12.503751,7.4]},"faces":{"down":{"uv":[0.0,2.0,1.0,3.0],"rotation":0,"texture":"#0","tintindex":0},"east":{"uv":[0.0,2.0,1.0,3.0],"rotation":270,"texture":"#0","tintindex":0},"north":{"uv":[0.0,2.0,1.0,3.0],"rotation":180,"texture":"#0","tintindex":0},"south":{"uv":[0.0,2.0,1.0,3.0],"rotation":0,"texture":"#0","tintindex":0},"up":{"uv":[0.0,2.0,1.0,3.0],"rotation":180,"texture":"#0","tintindex":0},"west":{"uv":[0.0,2.0,1.0,3.0],"rotation":90,"texture":"#0","tintindex":0}}},{"name":"cube","from":[11.15,9.50375,7.09625],"to":[11.6,10.10375,7.63625],"rotation":{"angle":0.0,"axis":"x","origin":[11.375,12.503751,7.4]},"faces":{"down":{"uv":[0.0,2.0,1.0,3.0],"rotation":0,"texture":"#0","tintindex":0},"east":{"uv":[0.0,2.0,1.0,3.0],"rotation":270,"texture":"#0","tintindex":0},"north":{"uv":[0.0,2.0,1.0,3.0],"rotation":180,"texture":"#0","tintindex":0},"south":{"uv":[0.0,2.0,1.0,3.0],"rotation":0,"texture":"#0","tintindex":0},"up":{"uv":[0.0,2.0,1.0,3.0],"rotation":180,"texture":"#0","tintindex":0},"west":{"uv":[0.0,2.0,1.0,3.0],"rotation":90,"texture":"#0","tintindex":0}}},{"name":"cube","from":[4.3999996,9.50375,7.09625],"to":[4.85,10.10375,7.63625],"rotation":{"angle":0.0,"axis":"x","origin":[4.625,12.503751,7.4]},"faces":{"down":{"uv":[0.0,2.0,1.0,3.0],"rotation":0,"texture":"#0","tintindex":0},"east":{"uv":[0.0,2.0,1.0,3.0],"rotation":270,"texture":"#0","tintindex":0},"north":{"uv":[0.0,2.0,1.0,3.0],"rotation":180,"texture":"#0","tintindex":0},"south":{"uv":[0.0,2.0,1.0,3.0],"rotation":0,"texture":"#0","tintindex":0},"up":{"uv":[0.0,2.0,1.0,3.0],"rotation":180,"texture":"#0","tintindex":0},"west":{"uv":[0.0,2.0,1.0,3.0],"rotation":90,"texture":"#0","tintindex":0}}},{"name":"cube","from":[4.3999996,11.30375,7.09625],"to":[4.85,11.90375,7.63625],"rotation":{"angle":0.0,"axis":"x","origin":[4.625,12.503751,7.4]},"faces":{"down":{"uv":[0.0,2.0,1.0,3.0],"rotation":0,"texture":"#0","tintindex":0},"east":{"uv":[0.0,2.0,1.0,3.0],"rotation":270,"texture":"#0","tintindex":0},"north":{"uv":[0.0,2.0,1.0,3.0],"rotation":180,"texture":"#0","tintindex":0},"south":{"uv":[0.0,2.0,1.0,3.0],"rotation":0,"texture":"#0","tintindex":0},"up":{"uv":[0.0,2.0,1.0,3.0],"rotation":180,"texture":"#0","tintindex":0},"west":{"uv":[0.0,2.0,1.0,3.0],"rotation":90,"texture":"#0","tintindex":0}}},{"name":"cube","from":[4.3999996,13.10375,7.09625],"to":[4.85,13.703751,7.69625],"rotation":{"angle":0.0,"axis":"x","origin":[4.625,12.503751,7.4]},"faces":{"down":{"uv":[0.0,2.0,1.0,3.0],"rotation":0,"texture":"#0","tintindex":0},"east":{"uv":[0.0,2.0,1.0,3.0],"rotation":270,"texture":"#0","tintindex":0},"north":{"uv":[0.0,2.0,1.0,3.0],"rotation":180,"texture":"#0","tintindex":0},"south":{"uv":[0.0,2.0,1.0,3.0],"rotation":0,"texture":"#0","tintindex":0},"up":{"uv":[0.0,2.0,1.0,3.0],"rotation":180,"texture":"#0","tintindex":0},"west":{"uv":[0.0,2.0,1.0,3.0],"rotation":90,"texture":"#0","tintindex":0}}},{"name":"cube","from":[4.3999996,14.90375,6.94625],"to":[4.85,15.503751,7.69625],"rotation":{"angle":0.0,"axis":"x","origin":[4.625,12.503751,7.25]},"faces":{"down":{"uv":[0.0,2.0,1.0,3.0],"rotation":0,"texture":"#0","tintindex":0},"east":{"uv":[0.0,2.0,1.0,3.0],"rotation":270,"texture":"#0","tintindex":0},"north":{"uv":[0.0,2.0,1.0,3.0],"rotation":180,"texture":"#0","tintindex":0},"south":{"uv":[0.0,2.0,1.0,3.0],"rotation":0,"texture":"#0","tintindex":0},"up":{"uv":[0.0,2.0,1.0,3.0],"rotation":180,"texture":"#0","tintindex":0},"west":{"uv":[0.0,2.0,1.0,3.0],"rotation":90,"texture":"#0","tintindex":0}}},{"name":"cube","from":[6.2,15.05375,6.64625],"to":[7.1,15.503751,7.69625],"rotation":{"angle":0.0,"axis":"x","origin":[6.425,12.65375,7.25]},"faces":{"down":{"uv":[0.0,2.0,1.0,3.0],"rotation":0,"texture":"#0","tintindex":0},"east":{"uv":[0.0,2.0,1.0,3.0],"rotation":270,"texture":"#0","tintindex":0},"north":{"uv":[0.0,2.0,1.0,3.0],"rotation":180,"texture":"#0","tintindex":0},"south":{"uv":[0.0,2.0,1.0,3.0],"rotation":0,"texture":"#0","tintindex":0},"up":{"uv":[0.0,2.0,1.0,3.0],"rotation":180,"texture":"#0","tintindex":0},"west":{"uv":[0.0,2.0,1.0,3.0],"rotation":90,"texture":"#0","tintindex":0}}},{"name":"cube","from":[8.9,15.05375,6.64625],"to":[9.8,15.503751,7.69625],"rotation":{"angle":0.0,"axis":"x","origin":[9.125,12.65375,7.25]},"faces":{"down":{"uv":[0.0,2.0,1.0,3.0],"rotation":0,"texture":"#0","tintindex":0},"east":{"uv":[0.0,2.0,1.0,3.0],"rotation":270,"texture":"#0","tintindex":0},"north":{"uv":[0.0,2.0,1.0,3.0],"rotation":180,"texture":"#0","tintindex":0},"south":{"uv":[0.0,2.0,1.0,3.0],"rotation":0,"texture":"#0","tintindex":0},"up":{"uv":[0.0,2.0,1.0,3.0],"rotation":180,"texture":"#0","tintindex":0},"west":{"uv":[0.0,2.0,1.0,3.0],"rotation":90,"texture":"#0","tintindex":0}}}],"display":{"head":{"translation":[0.0,-6.4,0.0],"rotation":[0.0,0.0,0.0],"scale":[3.8095,3.8095,3.8095]}}}