{"textures":{"0":"modelengine:entity/mimic2"},"elements":[{"name":"cube","from":[6.8,9.2,5.0],"to":[9.2,9.26,8.6],"rotation":{"angle":0.0,"axis":"x","origin":[8.0,9.2,8.6]},"faces":{"down":{"uv":[2.0,5.0,3.0,6.0],"rotation":0,"texture":"#0","tintindex":0},"east":{"uv":[2.0,5.0,3.0,6.0],"rotation":0,"texture":"#0","tintindex":0},"north":{"uv":[2.0,5.0,3.0,6.0],"rotation":0,"texture":"#0","tintindex":0},"south":{"uv":[2.0,5.0,3.0,6.0],"rotation":0,"texture":"#0","tintindex":0},"up":{"uv":[2.0,5.0,3.0,6.0],"rotation":0,"texture":"#0","tintindex":0},"west":{"uv":[2.0,5.0,3.0,6.0],"rotation":0,"texture":"#0","tintindex":0}}},{"name":"cube","from":[7.25,9.2,4.3999996],"to":[8.75,9.26,5.0],"rotation":{"angle":0.0,"axis":"x","origin":[8.0,9.2,8.6]},"faces":{"down":{"uv":[0.0,5.0,1.0,6.0],"rotation":0,"texture":"#0","tintindex":0},"east":{"uv":[0.0,5.0,1.0,6.0],"rotation":0,"texture":"#0","tintindex":0},"north":{"uv":[0.0,0.0,1.0,1.0],"rotation":0,"texture":"#0","tintindex":0},"south":{"uv":[0.0,5.0,1.0,6.0],"rotation":0,"texture":"#0","tintindex":0},"up":{"uv":[0.0,5.0,1.0,6.0],"rotation":0,"texture":"#0","tintindex":0},"west":{"uv":[0.0,5.0,1.0,6.0],"rotation":0,"texture":"#0","tintindex":0}}}],"display":{"head":{"translation":[0.0,-6.4,0.0],"rotation":[0.0,0.0,0.0],"scale":[3.8095,3.8095,3.8095]}}}